2025-11-01 19:43:11,034 - INFO - ==================================================
2025-11-01 19:43:11,034 - INFO - EXPERIMENT CONFIGURATION
2025-11-01 19:43:11,034 - INFO - ==================================================
2025-11-01 19:43:11,034 - INFO - Model Name          : mobilenet_V1
2025-11-01 19:43:11,034 - INFO - Config File         : configs/mobilenet_V1_config.yaml
2025-11-01 19:43:11,034 - INFO - Train Data          : /scratch/ehdmenezes//tiny-imagenet-200/train
2025-11-01 19:43:11,034 - INFO - Validation Data     : /scratch/ehdmenezes//tiny-imagenet-200/val
2025-11-01 19:43:11,034 - INFO - model_params        : {'num_classes': 200}
2025-11-01 19:43:11,034 - INFO - train_params        : {'epochs': 100, 'batch_size': 1024, 'learning_rate': 0.1}
2025-11-01 19:43:11,034 - INFO - inference_params    : {'batch_size': 1024}
2025-11-01 19:43:11,034 - INFO - scheduler_params    : {'type': 'StepLR', 'step_size': 30, 'gamma': 0.1}
2025-11-01 19:43:11,034 - INFO - ==================================================
2025-11-01 19:43:11,047 - INFO - Semente aleatória para esta execução foi fixada em: 62
2025-11-01 19:43:11,047 - INFO - Configuração de treinamento: {'model_params': {'num_classes': 200}, 'train_params': {'epochs': 100, 'batch_size': 1024, 'learning_rate': 0.1}, 'inference_params': {'batch_size': 1024}, 'scheduler_params': {'type': 'StepLR', 'step_size': 30, 'gamma': 0.1}}
2025-11-01 19:43:11,236 - INFO - Usando otimizador SGD com momento e weight decay.
2025-11-01 19:43:11,236 - INFO - Usando StepLR scheduler com step_size=30 e gamma=0.1.
2025-11-01 19:43:11,236 - INFO - AMP (Automatic Mixed Precision) ativado.
2025-11-01 19:43:11,236 - INFO - Iniciando treinamento do modelo mobilenet_V1 no dispositivo cuda.
2025-11-01 19:43:57,351 - INFO - Época 1 concluída. Loss média: 5.1525
2025-11-01 19:43:57,352 - INFO - Taxa de aprendizado ajustada para: 0.100000
2025-11-01 19:43:57,353 - INFO - Iniciando inferência com o modelo MobileNetV1...
2025-11-01 19:44:00,409 - INFO - ==================================================
2025-11-01 19:44:00,409 - INFO - EXPERIMENT RESULTS
2025-11-01 19:44:00,409 - INFO - ==================================================
2025-11-01 19:44:00,409 - INFO - Elapsed Time Seconds     : 3.0337
2025-11-01 19:44:00,409 - INFO - Cpu Usage Percent        : 2.4000
2025-11-01 19:44:00,409 - INFO - Ram Peak Usage Bytes     : 33853542400.0000
2025-11-01 19:44:00,409 - INFO - Disk Read Bytes          : 0.0000
2025-11-01 19:44:00,409 - INFO - Disk Write Bytes         : 0.0000
2025-11-01 19:44:00,409 - INFO - Vram Peak Usage Bytes    : 5197153108.0000
2025-11-01 19:44:00,409 - INFO - Gpu Power Watts Avg      : 129.7569
2025-11-01 19:44:00,409 - INFO - Gpu Power Watts Peak     : 257.1430
2025-11-01 19:44:00,409 - INFO - Gpu Temp Celsius Avg     : 50.7000
2025-11-01 19:44:00,409 - INFO - Gpu Temp Celsius Peak    : 58.0000
2025-11-01 19:44:00,409 - INFO - Gpu Utilization Percent Avg: 31.9000
2025-11-01 19:44:00,409 - INFO - Gpu Utilization Percent Peak: 100.0000
2025-11-01 19:44:00,409 - INFO - Gpu Mem Used Bytes Avg   : 23399170048.0000
2025-11-01 19:44:00,409 - INFO - Gpu Mem Used Bytes Peak  : 23399170048.0000
2025-11-01 19:44:00,410 - INFO - Gpu Vram Used Bytes      : 23399170048.0000
2025-11-01 19:44:00,410 - INFO - Accuracy                 : 0.0368
2025-11-01 19:44:00,410 - INFO - Precision                : 0.0233
2025-11-01 19:44:00,410 - INFO - Recall                   : 0.0368
2025-11-01 19:44:00,410 - INFO - F1 Score                 : 0.0158
2025-11-01 19:44:00,410 - INFO - ==================================================
2025-11-01 19:44:37,599 - INFO - Época 2 concluída. Loss média: 4.7335
2025-11-01 19:44:37,599 - INFO - Taxa de aprendizado ajustada para: 0.100000
2025-11-01 19:44:37,601 - INFO - Iniciando inferência com o modelo MobileNetV1...
2025-11-01 19:44:41,468 - INFO - ==================================================
2025-11-01 19:44:41,468 - INFO - EXPERIMENT RESULTS
2025-11-01 19:44:41,468 - INFO - ==================================================
2025-11-01 19:44:41,468 - INFO - Elapsed Time Seconds     : 3.8448
2025-11-01 19:44:41,468 - INFO - Cpu Usage Percent        : 2.4937
2025-11-01 19:44:41,468 - INFO - Ram Peak Usage Bytes     : 33855401984.0000
2025-11-01 19:44:41,468 - INFO - Disk Read Bytes          : 0.0000
2025-11-01 19:44:41,468 - INFO - Disk Write Bytes         : 28672.0000
2025-11-01 19:44:41,468 - INFO - Vram Peak Usage Bytes    : 5197153108.0000
2025-11-01 19:44:41,468 - INFO - Gpu Power Watts Avg      : 120.9784
2025-11-01 19:44:41,468 - INFO - Gpu Power Watts Peak     : 252.0440
2025-11-01 19:44:41,468 - INFO - Gpu Temp Celsius Avg     : 50.6842
2025-11-01 19:44:41,468 - INFO - Gpu Temp Celsius Peak    : 59.0000
2025-11-01 19:44:41,468 - INFO - Gpu Utilization Percent Avg: 26.0000
2025-11-01 19:44:41,468 - INFO - Gpu Utilization Percent Peak: 100.0000
2025-11-01 19:44:41,468 - INFO - Gpu Mem Used Bytes Avg   : 23466278912.0000
2025-11-01 19:44:41,468 - INFO - Gpu Mem Used Bytes Peak  : 23466278912.0000
2025-11-01 19:44:41,468 - INFO - Gpu Vram Used Bytes      : 23466278912.0000
2025-11-01 19:44:41,468 - INFO - Accuracy                 : 0.0734
2025-11-01 19:44:41,468 - INFO - Precision                : 0.0714
2025-11-01 19:44:41,468 - INFO - Recall                   : 0.0734
2025-11-01 19:44:41,468 - INFO - F1 Score                 : 0.0483
2025-11-01 19:44:41,468 - INFO - ==================================================
2025-11-01 19:45:17,327 - INFO - Época 3 concluída. Loss média: 4.4581
2025-11-01 19:45:17,327 - INFO - Taxa de aprendizado ajustada para: 0.100000
2025-11-01 19:45:17,329 - INFO - Iniciando inferência com o modelo MobileNetV1...
2025-11-01 19:45:21,210 - INFO - ==================================================
2025-11-01 19:45:21,210 - INFO - EXPERIMENT RESULTS
2025-11-01 19:45:21,210 - INFO - ==================================================
2025-11-01 19:45:21,210 - INFO - Elapsed Time Seconds     : 3.8582
2025-11-01 19:45:21,210 - INFO - Cpu Usage Percent        : 2.5750
2025-11-01 19:45:21,210 - INFO - Ram Peak Usage Bytes     : 33855528960.0000
2025-11-01 19:45:21,210 - INFO - Disk Read Bytes          : 0.0000
2025-11-01 19:45:21,210 - INFO - Disk Write Bytes         : 0.0000
2025-11-01 19:45:21,210 - INFO - Vram Peak Usage Bytes    : 5197153108.0000
2025-11-01 19:45:21,210 - INFO - Gpu Power Watts Avg      : 115.7532
2025-11-01 19:45:21,210 - INFO - Gpu Power Watts Peak     : 254.0540
2025-11-01 19:45:21,210 - INFO - Gpu Temp Celsius Avg     : 50.7368
2025-11-01 19:45:21,210 - INFO - Gpu Temp Celsius Peak    : 60.0000
2025-11-01 19:45:21,210 - INFO - Gpu Utilization Percent Avg: 24.9211
2025-11-01 19:45:21,210 - INFO - Gpu Utilization Percent Peak: 100.0000
2025-11-01 19:45:21,210 - INFO - Gpu Mem Used Bytes Avg   : 23701159936.0000
2025-11-01 19:45:21,210 - INFO - Gpu Mem Used Bytes Peak  : 23701159936.0000
2025-11-01 19:45:21,210 - INFO - Gpu Vram Used Bytes      : 23701159936.0000
2025-11-01 19:45:21,210 - INFO - Accuracy                 : 0.1202
2025-11-01 19:45:21,210 - INFO - Precision                : 0.1206
2025-11-01 19:45:21,210 - INFO - Recall                   : 0.1202
2025-11-01 19:45:21,211 - INFO - F1 Score                 : 0.0893
2025-11-01 19:45:21,211 - INFO - ==================================================
2025-11-01 19:45:58,315 - INFO - Época 4 concluída. Loss média: 4.2646
2025-11-01 19:45:58,316 - INFO - Taxa de aprendizado ajustada para: 0.100000
2025-11-01 19:45:58,317 - INFO - Iniciando inferência com o modelo MobileNetV1...
2025-11-01 19:46:01,613 - INFO - ==================================================
2025-11-01 19:46:01,613 - INFO - EXPERIMENT RESULTS
2025-11-01 19:46:01,613 - INFO - ==================================================
2025-11-01 19:46:01,613 - INFO - Elapsed Time Seconds     : 3.2738
2025-11-01 19:46:01,613 - INFO - Cpu Usage Percent        : 2.1094
2025-11-01 19:46:01,613 - INFO - Ram Peak Usage Bytes     : 33855614976.0000
2025-11-01 19:46:01,613 - INFO - Disk Read Bytes          : 0.0000
2025-11-01 19:46:01,614 - INFO - Disk Write Bytes         : 0.0000
2025-11-01 19:46:01,614 - INFO - Vram Peak Usage Bytes    : 5197153108.0000
2025-11-01 19:46:01,614 - INFO - Gpu Power Watts Avg      : 131.7918
2025-11-01 19:46:01,614 - INFO - Gpu Power Watts Peak     : 264.2870
2025-11-01 19:46:01,614 - INFO - Gpu Temp Celsius Avg     : 50.4375
2025-11-01 19:46:01,614 - INFO - Gpu Temp Celsius Peak    : 56.0000
2025-11-01 19:46:01,614 - INFO - Gpu Utilization Percent Avg: 33.3750
2025-11-01 19:46:01,614 - INFO - Gpu Utilization Percent Peak: 100.0000
2025-11-01 19:46:01,614 - INFO - Gpu Mem Used Bytes Avg   : 23734714368.0000
2025-11-01 19:46:01,614 - INFO - Gpu Mem Used Bytes Peak  : 23734714368.0000
2025-11-01 19:46:01,614 - INFO - Gpu Vram Used Bytes      : 23734714368.0000
2025-11-01 19:46:01,614 - INFO - Accuracy                 : 0.1685
2025-11-01 19:46:01,614 - INFO - Precision                : 0.1743
2025-11-01 19:46:01,614 - INFO - Recall                   : 0.1685
2025-11-01 19:46:01,614 - INFO - F1 Score                 : 0.1388
2025-11-01 19:46:01,614 - INFO - ==================================================
2025-11-01 19:46:38,683 - INFO - Época 5 concluída. Loss média: 4.1163
2025-11-01 19:46:38,684 - INFO - Taxa de aprendizado ajustada para: 0.100000
2025-11-01 19:46:38,685 - INFO - Iniciando inferência com o modelo MobileNetV1...
2025-11-01 19:46:41,859 - INFO - ==================================================
2025-11-01 19:46:41,859 - INFO - EXPERIMENT RESULTS
2025-11-01 19:46:41,860 - INFO - ==================================================
2025-11-01 19:46:41,860 - INFO - Elapsed Time Seconds     : 3.1517
2025-11-01 19:46:41,860 - INFO - Cpu Usage Percent        : 2.2719
2025-11-01 19:46:41,860 - INFO - Ram Peak Usage Bytes     : 33855672320.0000
2025-11-01 19:46:41,860 - INFO - Disk Read Bytes          : 0.0000
2025-11-01 19:46:41,860 - INFO - Disk Write Bytes         : 0.0000
2025-11-01 19:46:41,860 - INFO - Vram Peak Usage Bytes    : 5197153108.0000
2025-11-01 19:46:41,860 - INFO - Gpu Power Watts Avg      : 128.4597
2025-11-01 19:46:41,860 - INFO - Gpu Power Watts Peak     : 250.1900
2025-11-01 19:46:41,860 - INFO - Gpu Temp Celsius Avg     : 51.8710
2025-11-01 19:46:41,860 - INFO - Gpu Temp Celsius Peak    : 60.0000
2025-11-01 19:46:41,860 - INFO - Gpu Utilization Percent Avg: 32.3871
2025-11-01 19:46:41,860 - INFO - Gpu Utilization Percent Peak: 100.0000
2025-11-01 19:46:41,860 - INFO - Gpu Mem Used Bytes Avg   : 23734714368.0000
2025-11-01 19:46:41,860 - INFO - Gpu Mem Used Bytes Peak  : 23734714368.0000
2025-11-01 19:46:41,860 - INFO - Gpu Vram Used Bytes      : 23734714368.0000
2025-11-01 19:46:41,860 - INFO - Accuracy                 : 0.2073
2025-11-01 19:46:41,860 - INFO - Precision                : 0.2253
2025-11-01 19:46:41,860 - INFO - Recall                   : 0.2073
2025-11-01 19:46:41,860 - INFO - F1 Score                 : 0.1808
2025-11-01 19:46:41,860 - INFO - ==================================================
2025-11-01 19:47:17,996 - INFO - Época 6 concluída. Loss média: 3.9701
2025-11-01 19:47:17,996 - INFO - Taxa de aprendizado ajustada para: 0.100000
2025-11-01 19:47:17,998 - INFO - Iniciando inferência com o modelo MobileNetV1...
2025-11-01 19:47:21,177 - INFO - ==================================================
2025-11-01 19:47:21,177 - INFO - EXPERIMENT RESULTS
2025-11-01 19:47:21,177 - INFO - ==================================================
2025-11-01 19:47:21,177 - INFO - Elapsed Time Seconds     : 3.1563
2025-11-01 19:47:21,177 - INFO - Cpu Usage Percent        : 2.2062
2025-11-01 19:47:21,177 - INFO - Ram Peak Usage Bytes     : 33855721472.0000
2025-11-01 19:47:21,177 - INFO - Disk Read Bytes          : 0.0000
2025-11-01 19:47:21,177 - INFO - Disk Write Bytes         : 0.0000
2025-11-01 19:47:21,177 - INFO - Vram Peak Usage Bytes    : 5197153108.0000
2025-11-01 19:47:21,177 - INFO - Gpu Power Watts Avg      : 134.4683
2025-11-01 19:47:21,177 - INFO - Gpu Power Watts Peak     : 256.3500
2025-11-01 19:47:21,177 - INFO - Gpu Temp Celsius Avg     : 51.9355
2025-11-01 19:47:21,177 - INFO - Gpu Temp Celsius Peak    : 60.0000
2025-11-01 19:47:21,177 - INFO - Gpu Utilization Percent Avg: 31.8387
2025-11-01 19:47:21,177 - INFO - Gpu Utilization Percent Peak: 100.0000
2025-11-01 19:47:21,178 - INFO - Gpu Mem Used Bytes Avg   : 23734714368.0000
2025-11-01 19:47:21,178 - INFO - Gpu Mem Used Bytes Peak  : 23734714368.0000
2025-11-01 19:47:21,178 - INFO - Gpu Vram Used Bytes      : 23734714368.0000
2025-11-01 19:47:21,178 - INFO - Accuracy                 : 0.2366
2025-11-01 19:47:21,178 - INFO - Precision                : 0.2541
2025-11-01 19:47:21,178 - INFO - Recall                   : 0.2366
2025-11-01 19:47:21,178 - INFO - F1 Score                 : 0.2155
2025-11-01 19:47:21,178 - INFO - ==================================================
2025-11-01 19:47:56,971 - INFO - Época 7 concluída. Loss média: 3.8454
2025-11-01 19:47:56,971 - INFO - Taxa de aprendizado ajustada para: 0.100000
2025-11-01 19:47:56,972 - INFO - Iniciando inferência com o modelo MobileNetV1...
2025-11-01 19:47:59,947 - INFO - ==================================================
2025-11-01 19:47:59,947 - INFO - EXPERIMENT RESULTS
2025-11-01 19:47:59,947 - INFO - ==================================================
2025-11-01 19:47:59,947 - INFO - Elapsed Time Seconds     : 2.9525
2025-11-01 19:47:59,948 - INFO - Cpu Usage Percent        : 2.2750
2025-11-01 19:47:59,948 - INFO - Ram Peak Usage Bytes     : 33855811584.0000
2025-11-01 19:47:59,948 - INFO - Disk Read Bytes          : 0.0000
2025-11-01 19:47:59,948 - INFO - Disk Write Bytes         : 77824.0000
2025-11-01 19:47:59,948 - INFO - Vram Peak Usage Bytes    : 5197153108.0000
2025-11-01 19:47:59,948 - INFO - Gpu Power Watts Avg      : 132.0207
2025-11-01 19:47:59,948 - INFO - Gpu Power Watts Peak     : 260.9550
2025-11-01 19:47:59,948 - INFO - Gpu Temp Celsius Avg     : 51.2069
2025-11-01 19:47:59,948 - INFO - Gpu Temp Celsius Peak    : 57.0000
2025-11-01 19:47:59,948 - INFO - Gpu Utilization Percent Avg: 33.2759
2025-11-01 19:47:59,948 - INFO - Gpu Utilization Percent Peak: 100.0000
2025-11-01 19:47:59,948 - INFO - Gpu Mem Used Bytes Avg   : 23734714368.0000
2025-11-01 19:47:59,948 - INFO - Gpu Mem Used Bytes Peak  : 23734714368.0000
2025-11-01 19:47:59,948 - INFO - Gpu Vram Used Bytes      : 23734714368.0000
2025-11-01 19:47:59,948 - INFO - Accuracy                 : 0.2640
2025-11-01 19:47:59,948 - INFO - Precision                : 0.2768
2025-11-01 19:47:59,948 - INFO - Recall                   : 0.2640
2025-11-01 19:47:59,948 - INFO - F1 Score                 : 0.2387
2025-11-01 19:47:59,948 - INFO - ==================================================
2025-11-01 19:48:35,311 - INFO - Época 8 concluída. Loss média: 3.7391
2025-11-01 19:48:35,311 - INFO - Taxa de aprendizado ajustada para: 0.100000
2025-11-01 19:48:35,313 - INFO - Iniciando inferência com o modelo MobileNetV1...
2025-11-01 19:48:38,590 - INFO - ==================================================
2025-11-01 19:48:38,591 - INFO - EXPERIMENT RESULTS
2025-11-01 19:48:38,591 - INFO - ==================================================
2025-11-01 19:48:38,591 - INFO - Elapsed Time Seconds     : 3.2556
2025-11-01 19:48:38,591 - INFO - Cpu Usage Percent        : 2.0531
2025-11-01 19:48:38,591 - INFO - Ram Peak Usage Bytes     : 33855909888.0000
2025-11-01 19:48:38,591 - INFO - Disk Read Bytes          : 0.0000
2025-11-01 19:48:38,591 - INFO - Disk Write Bytes         : 229376.0000
2025-11-01 19:48:38,591 - INFO - Vram Peak Usage Bytes    : 5197153108.0000
2025-11-01 19:48:38,591 - INFO - Gpu Power Watts Avg      : 129.4156
2025-11-01 19:48:38,591 - INFO - Gpu Power Watts Peak     : 250.6080
2025-11-01 19:48:38,591 - INFO - Gpu Temp Celsius Avg     : 51.1250
2025-11-01 19:48:38,591 - INFO - Gpu Temp Celsius Peak    : 57.0000
2025-11-01 19:48:38,591 - INFO - Gpu Utilization Percent Avg: 34.0312
2025-11-01 19:48:38,591 - INFO - Gpu Utilization Percent Peak: 100.0000
2025-11-01 19:48:38,591 - INFO - Gpu Mem Used Bytes Avg   : 23734714368.0000
2025-11-01 19:48:38,591 - INFO - Gpu Mem Used Bytes Peak  : 23734714368.0000
2025-11-01 19:48:38,591 - INFO - Gpu Vram Used Bytes      : 23734714368.0000
2025-11-01 19:48:38,591 - INFO - Accuracy                 : 0.2709
2025-11-01 19:48:38,591 - INFO - Precision                : 0.3057
2025-11-01 19:48:38,591 - INFO - Recall                   : 0.2709
2025-11-01 19:48:38,591 - INFO - F1 Score                 : 0.2500
2025-11-01 19:48:38,591 - INFO - ==================================================
2025-11-01 19:49:14,489 - INFO - Época 9 concluída. Loss média: 3.6413
2025-11-01 19:49:14,489 - INFO - Taxa de aprendizado ajustada para: 0.100000
2025-11-01 19:49:14,491 - INFO - Iniciando inferência com o modelo MobileNetV1...
2025-11-01 19:49:17,663 - INFO - ==================================================
2025-11-01 19:49:17,663 - INFO - EXPERIMENT RESULTS
2025-11-01 19:49:17,663 - INFO - ==================================================
2025-11-01 19:49:17,663 - INFO - Elapsed Time Seconds     : 3.1496
2025-11-01 19:49:17,663 - INFO - Cpu Usage Percent        : 2.2531
2025-11-01 19:49:17,663 - INFO - Ram Peak Usage Bytes     : 33855942656.0000
2025-11-01 19:49:17,663 - INFO - Disk Read Bytes          : 0.0000
2025-11-01 19:49:17,663 - INFO - Disk Write Bytes         : 249856.0000
2025-11-01 19:49:17,663 - INFO - Vram Peak Usage Bytes    : 5197153108.0000
2025-11-01 19:49:17,663 - INFO - Gpu Power Watts Avg      : 126.7640
2025-11-01 19:49:17,663 - INFO - Gpu Power Watts Peak     : 259.4560
2025-11-01 19:49:17,663 - INFO - Gpu Temp Celsius Avg     : 51.0645
2025-11-01 19:49:17,663 - INFO - Gpu Temp Celsius Peak    : 57.0000
2025-11-01 19:49:17,663 - INFO - Gpu Utilization Percent Avg: 33.6129
2025-11-01 19:49:17,663 - INFO - Gpu Utilization Percent Peak: 100.0000
2025-11-01 19:49:17,663 - INFO - Gpu Mem Used Bytes Avg   : 23734714368.0000
2025-11-01 19:49:17,664 - INFO - Gpu Mem Used Bytes Peak  : 23734714368.0000
2025-11-01 19:49:17,664 - INFO - Gpu Vram Used Bytes      : 23734714368.0000
2025-11-01 19:49:17,664 - INFO - Accuracy                 : 0.3072
2025-11-01 19:49:17,664 - INFO - Precision                : 0.3251
2025-11-01 19:49:17,664 - INFO - Recall                   : 0.3072
2025-11-01 19:49:17,664 - INFO - F1 Score                 : 0.2867
2025-11-01 19:49:17,664 - INFO - ==================================================
2025-11-01 19:49:53,676 - INFO - Época 10 concluída. Loss média: 3.5506
2025-11-01 19:49:53,676 - INFO - Taxa de aprendizado ajustada para: 0.100000
2025-11-01 19:49:53,678 - INFO - Iniciando inferência com o modelo MobileNetV1...
2025-11-01 19:49:56,549 - INFO - ==================================================
2025-11-01 19:49:56,549 - INFO - EXPERIMENT RESULTS
2025-11-01 19:49:56,550 - INFO - ==================================================
2025-11-01 19:49:56,550 - INFO - Elapsed Time Seconds     : 2.8495
2025-11-01 19:49:56,550 - INFO - Cpu Usage Percent        : 2.4781
2025-11-01 19:49:56,550 - INFO - Ram Peak Usage Bytes     : 33858650112.0000
2025-11-01 19:49:56,550 - INFO - Disk Read Bytes          : 0.0000
2025-11-01 19:49:56,550 - INFO - Disk Write Bytes         : 8192.0000
2025-11-01 19:49:56,550 - INFO - Vram Peak Usage Bytes    : 5197153108.0000
2025-11-01 19:49:56,550 - INFO - Gpu Power Watts Avg      : 143.8417
2025-11-01 19:49:56,550 - INFO - Gpu Power Watts Peak     : 261.2850
2025-11-01 19:49:56,550 - INFO - Gpu Temp Celsius Avg     : 52.3929
2025-11-01 19:49:56,550 - INFO - Gpu Temp Celsius Peak    : 58.0000
2025-11-01 19:49:56,550 - INFO - Gpu Utilization Percent Avg: 38.9286
2025-11-01 19:49:56,550 - INFO - Gpu Utilization Percent Peak: 100.0000
2025-11-01 19:49:56,550 - INFO - Gpu Mem Used Bytes Avg   : 23734714368.0000
2025-11-01 19:49:56,550 - INFO - Gpu Mem Used Bytes Peak  : 23734714368.0000
2025-11-01 19:49:56,550 - INFO - Gpu Vram Used Bytes      : 23734714368.0000
2025-11-01 19:49:56,550 - INFO - Accuracy                 : 0.3233
2025-11-01 19:49:56,550 - INFO - Precision                : 0.3706
2025-11-01 19:49:56,550 - INFO - Recall                   : 0.3233
2025-11-01 19:49:56,550 - INFO - F1 Score                 : 0.3100
2025-11-01 19:49:56,550 - INFO - ==================================================
2025-11-01 19:50:32,828 - INFO - Época 11 concluída. Loss média: 3.4829
2025-11-01 19:50:32,828 - INFO - Taxa de aprendizado ajustada para: 0.100000
2025-11-01 19:50:32,830 - INFO - Iniciando inferência com o modelo MobileNetV1...
2025-11-01 19:50:35,922 - INFO - ==================================================
2025-11-01 19:50:35,922 - INFO - EXPERIMENT RESULTS
2025-11-01 19:50:35,922 - INFO - ==================================================
2025-11-01 19:50:35,922 - INFO - Elapsed Time Seconds     : 3.0703
2025-11-01 19:50:35,922 - INFO - Cpu Usage Percent        : 2.3500
2025-11-01 19:50:35,923 - INFO - Ram Peak Usage Bytes     : 33869639680.0000
2025-11-01 19:50:35,923 - INFO - Disk Read Bytes          : 0.0000
2025-11-01 19:50:35,923 - INFO - Disk Write Bytes         : 24576.0000
2025-11-01 19:50:35,923 - INFO - Vram Peak Usage Bytes    : 5197153108.0000
2025-11-01 19:50:35,923 - INFO - Gpu Power Watts Avg      : 139.1328
2025-11-01 19:50:35,923 - INFO - Gpu Power Watts Peak     : 254.2400
2025-11-01 19:50:35,923 - INFO - Gpu Temp Celsius Avg     : 51.6000
2025-11-01 19:50:35,923 - INFO - Gpu Temp Celsius Peak    : 59.0000
2025-11-01 19:50:35,923 - INFO - Gpu Utilization Percent Avg: 35.6333
2025-11-01 19:50:35,923 - INFO - Gpu Utilization Percent Peak: 100.0000
2025-11-01 19:50:35,923 - INFO - Gpu Mem Used Bytes Avg   : 23734714368.0000
2025-11-01 19:50:35,923 - INFO - Gpu Mem Used Bytes Peak  : 23734714368.0000
2025-11-01 19:50:35,923 - INFO - Gpu Vram Used Bytes      : 23734714368.0000
2025-11-01 19:50:35,923 - INFO - Accuracy                 : 0.3205
2025-11-01 19:50:35,923 - INFO - Precision                : 0.3899
2025-11-01 19:50:35,923 - INFO - Recall                   : 0.3205
2025-11-01 19:50:35,923 - INFO - F1 Score                 : 0.3128
2025-11-01 19:50:35,923 - INFO - ==================================================
2025-11-01 19:51:12,581 - INFO - Época 12 concluída. Loss média: 3.4108
2025-11-01 19:51:12,581 - INFO - Taxa de aprendizado ajustada para: 0.100000
2025-11-01 19:51:12,583 - INFO - Iniciando inferência com o modelo MobileNetV1...
2025-11-01 19:51:15,846 - INFO - ==================================================
2025-11-01 19:51:15,846 - INFO - EXPERIMENT RESULTS
2025-11-01 19:51:15,846 - INFO - ==================================================
2025-11-01 19:51:15,846 - INFO - Elapsed Time Seconds     : 3.2405
2025-11-01 19:51:15,846 - INFO - Cpu Usage Percent        : 2.2469
2025-11-01 19:51:15,846 - INFO - Ram Peak Usage Bytes     : 33877966848.0000
2025-11-01 19:51:15,846 - INFO - Disk Read Bytes          : 0.0000
2025-11-01 19:51:15,846 - INFO - Disk Write Bytes         : 16384.0000
2025-11-01 19:51:15,846 - INFO - Vram Peak Usage Bytes    : 5197153108.0000
2025-11-01 19:51:15,846 - INFO - Gpu Power Watts Avg      : 127.7380
2025-11-01 19:51:15,846 - INFO - Gpu Power Watts Peak     : 248.1700
2025-11-01 19:51:15,846 - INFO - Gpu Temp Celsius Avg     : 51.6875
2025-11-01 19:51:15,846 - INFO - Gpu Temp Celsius Peak    : 59.0000
2025-11-01 19:51:15,846 - INFO - Gpu Utilization Percent Avg: 30.6562
2025-11-01 19:51:15,846 - INFO - Gpu Utilization Percent Peak: 100.0000
2025-11-01 19:51:15,846 - INFO - Gpu Mem Used Bytes Avg   : 23768268800.0000
2025-11-01 19:51:15,846 - INFO - Gpu Mem Used Bytes Peak  : 23768268800.0000
2025-11-01 19:51:15,846 - INFO - Gpu Vram Used Bytes      : 23768268800.0000
2025-11-01 19:51:15,846 - INFO - Accuracy                 : 0.3514
2025-11-01 19:51:15,846 - INFO - Precision                : 0.3995
2025-11-01 19:51:15,846 - INFO - Recall                   : 0.3514
2025-11-01 19:51:15,846 - INFO - F1 Score                 : 0.3392
2025-11-01 19:51:15,846 - INFO - ==================================================
2025-11-01 19:51:51,493 - INFO - Época 13 concluída. Loss média: 3.3451
2025-11-01 19:51:51,493 - INFO - Taxa de aprendizado ajustada para: 0.100000
2025-11-01 19:51:51,495 - INFO - Iniciando inferência com o modelo MobileNetV1...
2025-11-01 19:51:54,351 - INFO - ==================================================
2025-11-01 19:51:54,351 - INFO - EXPERIMENT RESULTS
2025-11-01 19:51:54,351 - INFO - ==================================================
2025-11-01 19:51:54,351 - INFO - Elapsed Time Seconds     : 2.8336
2025-11-01 19:51:54,351 - INFO - Cpu Usage Percent        : 2.4594
2025-11-01 19:51:54,351 - INFO - Ram Peak Usage Bytes     : 33883414528.0000
2025-11-01 19:51:54,351 - INFO - Disk Read Bytes          : 0.0000
2025-11-01 19:51:54,351 - INFO - Disk Write Bytes         : 0.0000
2025-11-01 19:51:54,351 - INFO - Vram Peak Usage Bytes    : 5197153108.0000
2025-11-01 19:51:54,351 - INFO - Gpu Power Watts Avg      : 137.1568
2025-11-01 19:51:54,351 - INFO - Gpu Power Watts Peak     : 255.9750
2025-11-01 19:51:54,351 - INFO - Gpu Temp Celsius Avg     : 51.4286
2025-11-01 19:51:54,351 - INFO - Gpu Temp Celsius Peak    : 58.0000
2025-11-01 19:51:54,351 - INFO - Gpu Utilization Percent Avg: 36.2143
2025-11-01 19:51:54,351 - INFO - Gpu Utilization Percent Peak: 100.0000
2025-11-01 19:51:54,351 - INFO - Gpu Mem Used Bytes Avg   : 23768268800.0000
2025-11-01 19:51:54,351 - INFO - Gpu Mem Used Bytes Peak  : 23768268800.0000
2025-11-01 19:51:54,351 - INFO - Gpu Vram Used Bytes      : 23768268800.0000
2025-11-01 19:51:54,351 - INFO - Accuracy                 : 0.3757
2025-11-01 19:51:54,351 - INFO - Precision                : 0.4250
2025-11-01 19:51:54,351 - INFO - Recall                   : 0.3757
2025-11-01 19:51:54,351 - INFO - F1 Score                 : 0.3704
2025-11-01 19:51:54,351 - INFO - ==================================================
2025-11-01 19:52:30,150 - INFO - Época 14 concluída. Loss média: 3.2962
2025-11-01 19:52:30,150 - INFO - Taxa de aprendizado ajustada para: 0.100000
2025-11-01 19:52:30,152 - INFO - Iniciando inferência com o modelo MobileNetV1...
2025-11-01 19:52:33,435 - INFO - ==================================================
2025-11-01 19:52:33,435 - INFO - EXPERIMENT RESULTS
2025-11-01 19:52:33,435 - INFO - ==================================================
2025-11-01 19:52:33,435 - INFO - Elapsed Time Seconds     : 3.2610
2025-11-01 19:52:33,435 - INFO - Cpu Usage Percent        : 2.1375
2025-11-01 19:52:33,435 - INFO - Ram Peak Usage Bytes     : 33894191104.0000
2025-11-01 19:52:33,435 - INFO - Disk Read Bytes          : 0.0000
2025-11-01 19:52:33,435 - INFO - Disk Write Bytes         : 77824.0000
2025-11-01 19:52:33,435 - INFO - Vram Peak Usage Bytes    : 5197153108.0000
2025-11-01 19:52:33,435 - INFO - Gpu Power Watts Avg      : 123.4023
2025-11-01 19:52:33,435 - INFO - Gpu Power Watts Peak     : 257.1300
2025-11-01 19:52:33,435 - INFO - Gpu Temp Celsius Avg     : 51.3125
2025-11-01 19:52:33,435 - INFO - Gpu Temp Celsius Peak    : 60.0000
2025-11-01 19:52:33,436 - INFO - Gpu Utilization Percent Avg: 30.5000
2025-11-01 19:52:33,436 - INFO - Gpu Utilization Percent Peak: 100.0000
2025-11-01 19:52:33,436 - INFO - Gpu Mem Used Bytes Avg   : 23768268800.0000
2025-11-01 19:52:33,436 - INFO - Gpu Mem Used Bytes Peak  : 23768268800.0000
2025-11-01 19:52:33,436 - INFO - Gpu Vram Used Bytes      : 23768268800.0000
2025-11-01 19:52:33,436 - INFO - Accuracy                 : 0.3692
2025-11-01 19:52:33,436 - INFO - Precision                : 0.4318
2025-11-01 19:52:33,436 - INFO - Recall                   : 0.3692
2025-11-01 19:52:33,436 - INFO - F1 Score                 : 0.3635
2025-11-01 19:52:33,436 - INFO - ==================================================
2025-11-01 19:53:10,727 - INFO - Época 15 concluída. Loss média: 3.2447
2025-11-01 19:53:10,727 - INFO - Taxa de aprendizado ajustada para: 0.100000
2025-11-01 19:53:10,729 - INFO - Iniciando inferência com o modelo MobileNetV1...
2025-11-01 19:53:13,581 - INFO - ==================================================
2025-11-01 19:53:13,581 - INFO - EXPERIMENT RESULTS
2025-11-01 19:53:13,581 - INFO - ==================================================
2025-11-01 19:53:13,581 - INFO - Elapsed Time Seconds     : 2.8305
2025-11-01 19:53:13,582 - INFO - Cpu Usage Percent        : 2.4844
2025-11-01 19:53:13,582 - INFO - Ram Peak Usage Bytes     : 33897693184.0000
2025-11-01 19:53:13,582 - INFO - Disk Read Bytes          : 0.0000
2025-11-01 19:53:13,582 - INFO - Disk Write Bytes         : 221184.0000
2025-11-01 19:53:13,582 - INFO - Vram Peak Usage Bytes    : 5197153108.0000
2025-11-01 19:53:13,582 - INFO - Gpu Power Watts Avg      : 140.5789
2025-11-01 19:53:13,582 - INFO - Gpu Power Watts Peak     : 244.5600
2025-11-01 19:53:13,582 - INFO - Gpu Temp Celsius Avg     : 52.0714
2025-11-01 19:53:13,582 - INFO - Gpu Temp Celsius Peak    : 59.0000
2025-11-01 19:53:13,582 - INFO - Gpu Utilization Percent Avg: 35.1429
2025-11-01 19:53:13,582 - INFO - Gpu Utilization Percent Peak: 99.0000
2025-11-01 19:53:13,582 - INFO - Gpu Mem Used Bytes Avg   : 23768268800.0000
2025-11-01 19:53:13,582 - INFO - Gpu Mem Used Bytes Peak  : 23768268800.0000
2025-11-01 19:53:13,582 - INFO - Gpu Vram Used Bytes      : 23768268800.0000
2025-11-01 19:53:13,582 - INFO - Accuracy                 : 0.3707
2025-11-01 19:53:13,582 - INFO - Precision                : 0.4528
2025-11-01 19:53:13,582 - INFO - Recall                   : 0.3707
2025-11-01 19:53:13,582 - INFO - F1 Score                 : 0.3651
2025-11-01 19:53:13,582 - INFO - ==================================================
2025-11-01 19:53:49,877 - INFO - Época 16 concluída. Loss média: 3.1955
2025-11-01 19:53:49,877 - INFO - Taxa de aprendizado ajustada para: 0.100000
2025-11-01 19:53:49,879 - INFO - Iniciando inferência com o modelo MobileNetV1...
2025-11-01 19:53:53,559 - INFO - ==================================================
2025-11-01 19:53:53,559 - INFO - EXPERIMENT RESULTS
2025-11-01 19:53:53,559 - INFO - ==================================================
2025-11-01 19:53:53,559 - INFO - Elapsed Time Seconds     : 3.6579
2025-11-01 19:53:53,559 - INFO - Cpu Usage Percent        : 2.5969
2025-11-01 19:53:53,559 - INFO - Ram Peak Usage Bytes     : 33899413504.0000
2025-11-01 19:53:53,559 - INFO - Disk Read Bytes          : 0.0000
2025-11-01 19:53:53,559 - INFO - Disk Write Bytes         : 0.0000
2025-11-01 19:53:53,559 - INFO - Vram Peak Usage Bytes    : 5197153108.0000
2025-11-01 19:53:53,560 - INFO - Gpu Power Watts Avg      : 131.5455
2025-11-01 19:53:53,560 - INFO - Gpu Power Watts Peak     : 256.6560
2025-11-01 19:53:53,560 - INFO - Gpu Temp Celsius Avg     : 50.4444
2025-11-01 19:53:53,560 - INFO - Gpu Temp Celsius Peak    : 57.0000
2025-11-01 19:53:53,560 - INFO - Gpu Utilization Percent Avg: 25.7500
2025-11-01 19:53:53,560 - INFO - Gpu Utilization Percent Peak: 100.0000
2025-11-01 19:53:53,560 - INFO - Gpu Mem Used Bytes Avg   : 23768268800.0000
2025-11-01 19:53:53,560 - INFO - Gpu Mem Used Bytes Peak  : 23768268800.0000
2025-11-01 19:53:53,560 - INFO - Gpu Vram Used Bytes      : 23768268800.0000
2025-11-01 19:53:53,560 - INFO - Accuracy                 : 0.3994
2025-11-01 19:53:53,560 - INFO - Precision                : 0.4542
2025-11-01 19:53:53,560 - INFO - Recall                   : 0.3994
2025-11-01 19:53:53,560 - INFO - F1 Score                 : 0.3944
2025-11-01 19:53:53,560 - INFO - ==================================================
2025-11-01 19:54:29,447 - INFO - Época 17 concluída. Loss média: 3.1567
2025-11-01 19:54:29,447 - INFO - Taxa de aprendizado ajustada para: 0.100000
2025-11-01 19:54:29,449 - INFO - Iniciando inferência com o modelo MobileNetV1...
2025-11-01 19:54:32,629 - INFO - ==================================================
2025-11-01 19:54:32,629 - INFO - EXPERIMENT RESULTS
2025-11-01 19:54:32,629 - INFO - ==================================================
2025-11-01 19:54:32,629 - INFO - Elapsed Time Seconds     : 3.1574
2025-11-01 19:54:32,629 - INFO - Cpu Usage Percent        : 2.2656
2025-11-01 19:54:32,629 - INFO - Ram Peak Usage Bytes     : 33899503616.0000
2025-11-01 19:54:32,629 - INFO - Disk Read Bytes          : 0.0000
2025-11-01 19:54:32,629 - INFO - Disk Write Bytes         : 311296.0000
2025-11-01 19:54:32,629 - INFO - Vram Peak Usage Bytes    : 5197153108.0000
2025-11-01 19:54:32,629 - INFO - Gpu Power Watts Avg      : 129.6053
2025-11-01 19:54:32,629 - INFO - Gpu Power Watts Peak     : 252.5290
2025-11-01 19:54:32,629 - INFO - Gpu Temp Celsius Avg     : 51.4516
2025-11-01 19:54:32,629 - INFO - Gpu Temp Celsius Peak    : 60.0000
2025-11-01 19:54:32,629 - INFO - Gpu Utilization Percent Avg: 30.2581
2025-11-01 19:54:32,629 - INFO - Gpu Utilization Percent Peak: 100.0000
2025-11-01 19:54:32,629 - INFO - Gpu Mem Used Bytes Avg   : 23768268800.0000
2025-11-01 19:54:32,629 - INFO - Gpu Mem Used Bytes Peak  : 23768268800.0000
2025-11-01 19:54:32,629 - INFO - Gpu Vram Used Bytes      : 23768268800.0000
2025-11-01 19:54:32,629 - INFO - Accuracy                 : 0.4070
2025-11-01 19:54:32,629 - INFO - Precision                : 0.4633
2025-11-01 19:54:32,629 - INFO - Recall                   : 0.4070
2025-11-01 19:54:32,629 - INFO - F1 Score                 : 0.4012
2025-11-01 19:54:32,629 - INFO - ==================================================
2025-11-01 19:55:08,586 - INFO - Época 18 concluída. Loss média: 3.1123
2025-11-01 19:55:08,586 - INFO - Taxa de aprendizado ajustada para: 0.100000
2025-11-01 19:55:08,588 - INFO - Iniciando inferência com o modelo MobileNetV1...
2025-11-01 19:55:11,573 - INFO - ==================================================
2025-11-01 19:55:11,573 - INFO - EXPERIMENT RESULTS
2025-11-01 19:55:11,573 - INFO - ==================================================
2025-11-01 19:55:11,573 - INFO - Elapsed Time Seconds     : 2.9629
2025-11-01 19:55:11,573 - INFO - Cpu Usage Percent        : 2.3188
2025-11-01 19:55:11,573 - INFO - Ram Peak Usage Bytes     : 33899507712.0000
2025-11-01 19:55:11,573 - INFO - Disk Read Bytes          : 0.0000
2025-11-01 19:55:11,574 - INFO - Disk Write Bytes         : 0.0000
2025-11-01 19:55:11,574 - INFO - Vram Peak Usage Bytes    : 5197153108.0000
2025-11-01 19:55:11,574 - INFO - Gpu Power Watts Avg      : 127.7151
2025-11-01 19:55:11,574 - INFO - Gpu Power Watts Peak     : 260.2190
2025-11-01 19:55:11,574 - INFO - Gpu Temp Celsius Avg     : 50.6897
2025-11-01 19:55:11,574 - INFO - Gpu Temp Celsius Peak    : 56.0000
2025-11-01 19:55:11,574 - INFO - Gpu Utilization Percent Avg: 35.4828
2025-11-01 19:55:11,574 - INFO - Gpu Utilization Percent Peak: 100.0000
2025-11-01 19:55:11,574 - INFO - Gpu Mem Used Bytes Avg   : 23768268800.0000
2025-11-01 19:55:11,574 - INFO - Gpu Mem Used Bytes Peak  : 23768268800.0000
2025-11-01 19:55:11,574 - INFO - Gpu Vram Used Bytes      : 23768268800.0000
2025-11-01 19:55:11,574 - INFO - Accuracy                 : 0.4386
2025-11-01 19:55:11,574 - INFO - Precision                : 0.4719
2025-11-01 19:55:11,574 - INFO - Recall                   : 0.4386
2025-11-01 19:55:11,574 - INFO - F1 Score                 : 0.4267
2025-11-01 19:55:11,574 - INFO - ==================================================
2025-11-01 19:55:48,200 - INFO - Época 19 concluída. Loss média: 3.0797
2025-11-01 19:55:48,200 - INFO - Taxa de aprendizado ajustada para: 0.100000
2025-11-01 19:55:48,202 - INFO - Iniciando inferência com o modelo MobileNetV1...
2025-11-01 19:55:51,068 - INFO - ==================================================
2025-11-01 19:55:51,069 - INFO - EXPERIMENT RESULTS
2025-11-01 19:55:51,069 - INFO - ==================================================
2025-11-01 19:55:51,069 - INFO - Elapsed Time Seconds     : 2.8443
2025-11-01 19:55:51,069 - INFO - Cpu Usage Percent        : 2.4375
2025-11-01 19:55:51,069 - INFO - Ram Peak Usage Bytes     : 33899577344.0000
2025-11-01 19:55:51,069 - INFO - Disk Read Bytes          : 0.0000
2025-11-01 19:55:51,069 - INFO - Disk Write Bytes         : 212992.0000
2025-11-01 19:55:51,069 - INFO - Vram Peak Usage Bytes    : 5197153108.0000
2025-11-01 19:55:51,069 - INFO - Gpu Power Watts Avg      : 141.7182
2025-11-01 19:55:51,069 - INFO - Gpu Power Watts Peak     : 247.0260
2025-11-01 19:55:51,069 - INFO - Gpu Temp Celsius Avg     : 52.3214
2025-11-01 19:55:51,069 - INFO - Gpu Temp Celsius Peak    : 60.0000
2025-11-01 19:55:51,069 - INFO - Gpu Utilization Percent Avg: 33.9286
2025-11-01 19:55:51,069 - INFO - Gpu Utilization Percent Peak: 100.0000
2025-11-01 19:55:51,069 - INFO - Gpu Mem Used Bytes Avg   : 23768268800.0000
2025-11-01 19:55:51,069 - INFO - Gpu Mem Used Bytes Peak  : 23768268800.0000
2025-11-01 19:55:51,069 - INFO - Gpu Vram Used Bytes      : 23768268800.0000
2025-11-01 19:55:51,069 - INFO - Accuracy                 : 0.4199
2025-11-01 19:55:51,069 - INFO - Precision                : 0.4753
2025-11-01 19:55:51,069 - INFO - Recall                   : 0.4199
2025-11-01 19:55:51,069 - INFO - F1 Score                 : 0.4113
2025-11-01 19:55:51,069 - INFO - ==================================================
2025-11-01 19:56:28,494 - INFO - Época 20 concluída. Loss média: 3.0442
2025-11-01 19:56:28,494 - INFO - Taxa de aprendizado ajustada para: 0.100000
2025-11-01 19:56:28,496 - INFO - Iniciando inferência com o modelo MobileNetV1...
2025-11-01 19:56:32,670 - INFO - ==================================================
2025-11-01 19:56:32,670 - INFO - EXPERIMENT RESULTS
2025-11-01 19:56:32,670 - INFO - ==================================================
2025-11-01 19:56:32,670 - INFO - Elapsed Time Seconds     : 4.1511
2025-11-01 19:56:32,670 - INFO - Cpu Usage Percent        : 2.3500
2025-11-01 19:56:32,670 - INFO - Ram Peak Usage Bytes     : 33899614208.0000
2025-11-01 19:56:32,670 - INFO - Disk Read Bytes          : 0.0000
2025-11-01 19:56:32,670 - INFO - Disk Write Bytes         : 90112.0000
2025-11-01 19:56:32,670 - INFO - Vram Peak Usage Bytes    : 5197153108.0000
2025-11-01 19:56:32,670 - INFO - Gpu Power Watts Avg      : 111.8781
2025-11-01 19:56:32,670 - INFO - Gpu Power Watts Peak     : 249.5450
2025-11-01 19:56:32,670 - INFO - Gpu Temp Celsius Avg     : 50.2439
2025-11-01 19:56:32,670 - INFO - Gpu Temp Celsius Peak    : 59.0000
2025-11-01 19:56:32,670 - INFO - Gpu Utilization Percent Avg: 24.4390
2025-11-01 19:56:32,670 - INFO - Gpu Utilization Percent Peak: 100.0000
2025-11-01 19:56:32,670 - INFO - Gpu Mem Used Bytes Avg   : 23768268800.0000
2025-11-01 19:56:32,670 - INFO - Gpu Mem Used Bytes Peak  : 23768268800.0000
2025-11-01 19:56:32,670 - INFO - Gpu Vram Used Bytes      : 23768268800.0000
2025-11-01 19:56:32,670 - INFO - Accuracy                 : 0.4235
2025-11-01 19:56:32,670 - INFO - Precision                : 0.4758
2025-11-01 19:56:32,670 - INFO - Recall                   : 0.4235
2025-11-01 19:56:32,670 - INFO - F1 Score                 : 0.4171
2025-11-01 19:56:32,670 - INFO - ==================================================
2025-11-01 19:57:10,555 - INFO - Época 21 concluída. Loss média: 3.0160
2025-11-01 19:57:10,555 - INFO - Taxa de aprendizado ajustada para: 0.100000
2025-11-01 19:57:10,557 - INFO - Iniciando inferência com o modelo MobileNetV1...
2025-11-01 19:57:13,847 - INFO - ==================================================
2025-11-01 19:57:13,847 - INFO - EXPERIMENT RESULTS
2025-11-01 19:57:13,847 - INFO - ==================================================
2025-11-01 19:57:13,847 - INFO - Elapsed Time Seconds     : 3.2678
2025-11-01 19:57:13,847 - INFO - Cpu Usage Percent        : 2.1406
2025-11-01 19:57:13,847 - INFO - Ram Peak Usage Bytes     : 33899618304.0000
2025-11-01 19:57:13,847 - INFO - Disk Read Bytes          : 0.0000
2025-11-01 19:57:13,847 - INFO - Disk Write Bytes         : 188416.0000
2025-11-01 19:57:13,847 - INFO - Vram Peak Usage Bytes    : 5197153108.0000
2025-11-01 19:57:13,847 - INFO - Gpu Power Watts Avg      : 123.1613
2025-11-01 19:57:13,847 - INFO - Gpu Power Watts Peak     : 261.6040
2025-11-01 19:57:13,847 - INFO - Gpu Temp Celsius Avg     : 51.1875
2025-11-01 19:57:13,847 - INFO - Gpu Temp Celsius Peak    : 60.0000
2025-11-01 19:57:13,847 - INFO - Gpu Utilization Percent Avg: 29.8125
2025-11-01 19:57:13,847 - INFO - Gpu Utilization Percent Peak: 100.0000
2025-11-01 19:57:13,847 - INFO - Gpu Mem Used Bytes Avg   : 23768268800.0000
2025-11-01 19:57:13,847 - INFO - Gpu Mem Used Bytes Peak  : 23768268800.0000
2025-11-01 19:57:13,847 - INFO - Gpu Vram Used Bytes      : 23768268800.0000
2025-11-01 19:57:13,847 - INFO - Accuracy                 : 0.4130
2025-11-01 19:57:13,847 - INFO - Precision                : 0.4802
2025-11-01 19:57:13,847 - INFO - Recall                   : 0.4130
2025-11-01 19:57:13,847 - INFO - F1 Score                 : 0.4101
2025-11-01 19:57:13,848 - INFO - ==================================================
2025-11-01 19:57:50,732 - INFO - Época 22 concluída. Loss média: 2.9836
2025-11-01 19:57:50,732 - INFO - Taxa de aprendizado ajustada para: 0.100000
2025-11-01 19:57:50,734 - INFO - Iniciando inferência com o modelo MobileNetV1...
2025-11-01 19:57:54,005 - INFO - ==================================================
2025-11-01 19:57:54,005 - INFO - EXPERIMENT RESULTS
2025-11-01 19:57:54,005 - INFO - ==================================================
2025-11-01 19:57:54,005 - INFO - Elapsed Time Seconds     : 3.2490
2025-11-01 19:57:54,005 - INFO - Cpu Usage Percent        : 2.2313
2025-11-01 19:57:54,005 - INFO - Ram Peak Usage Bytes     : 33899663360.0000
2025-11-01 19:57:54,005 - INFO - Disk Read Bytes          : 0.0000
2025-11-01 19:57:54,005 - INFO - Disk Write Bytes         : 0.0000
2025-11-01 19:57:54,005 - INFO - Vram Peak Usage Bytes    : 5197153108.0000
2025-11-01 19:57:54,005 - INFO - Gpu Power Watts Avg      : 129.4745
2025-11-01 19:57:54,005 - INFO - Gpu Power Watts Peak     : 262.8830
2025-11-01 19:57:54,005 - INFO - Gpu Temp Celsius Avg     : 51.3125
2025-11-01 19:57:54,005 - INFO - Gpu Temp Celsius Peak    : 59.0000
2025-11-01 19:57:54,005 - INFO - Gpu Utilization Percent Avg: 33.7812
2025-11-01 19:57:54,005 - INFO - Gpu Utilization Percent Peak: 100.0000
2025-11-01 19:57:54,005 - INFO - Gpu Mem Used Bytes Avg   : 23768268800.0000
2025-11-01 19:57:54,005 - INFO - Gpu Mem Used Bytes Peak  : 23768268800.0000
2025-11-01 19:57:54,005 - INFO - Gpu Vram Used Bytes      : 23768268800.0000
2025-11-01 19:57:54,005 - INFO - Accuracy                 : 0.4578
2025-11-01 19:57:54,005 - INFO - Precision                : 0.5000
2025-11-01 19:57:54,005 - INFO - Recall                   : 0.4578
2025-11-01 19:57:54,005 - INFO - F1 Score                 : 0.4506
2025-11-01 19:57:54,005 - INFO - ==================================================
2025-11-01 19:58:31,092 - INFO - Época 23 concluída. Loss média: 2.9554
2025-11-01 19:58:31,092 - INFO - Taxa de aprendizado ajustada para: 0.100000
2025-11-01 19:58:31,094 - INFO - Iniciando inferência com o modelo MobileNetV1...
2025-11-01 19:58:34,084 - INFO - ==================================================
2025-11-01 19:58:34,084 - INFO - EXPERIMENT RESULTS
2025-11-01 19:58:34,084 - INFO - ==================================================
2025-11-01 19:58:34,084 - INFO - Elapsed Time Seconds     : 2.9682
2025-11-01 19:58:34,084 - INFO - Cpu Usage Percent        : 2.4438
2025-11-01 19:58:34,084 - INFO - Ram Peak Usage Bytes     : 33899683840.0000
2025-11-01 19:58:34,084 - INFO - Disk Read Bytes          : 0.0000
2025-11-01 19:58:34,084 - INFO - Disk Write Bytes         : 274432.0000
2025-11-01 19:58:34,084 - INFO - Vram Peak Usage Bytes    : 5197153108.0000
2025-11-01 19:58:34,084 - INFO - Gpu Power Watts Avg      : 138.4486
2025-11-01 19:58:34,084 - INFO - Gpu Power Watts Peak     : 264.9310
2025-11-01 19:58:34,085 - INFO - Gpu Temp Celsius Avg     : 51.5172
2025-11-01 19:58:34,085 - INFO - Gpu Temp Celsius Peak    : 59.0000
2025-11-01 19:58:34,085 - INFO - Gpu Utilization Percent Avg: 36.1379
2025-11-01 19:58:34,085 - INFO - Gpu Utilization Percent Peak: 100.0000
2025-11-01 19:58:34,085 - INFO - Gpu Mem Used Bytes Avg   : 23768268800.0000
2025-11-01 19:58:34,085 - INFO - Gpu Mem Used Bytes Peak  : 23768268800.0000
2025-11-01 19:58:34,085 - INFO - Gpu Vram Used Bytes      : 23768268800.0000
2025-11-01 19:58:34,085 - INFO - Accuracy                 : 0.4534
2025-11-01 19:58:34,085 - INFO - Precision                : 0.4985
2025-11-01 19:58:34,085 - INFO - Recall                   : 0.4534
2025-11-01 19:58:34,085 - INFO - F1 Score                 : 0.4501
2025-11-01 19:58:34,085 - INFO - ==================================================
2025-11-01 19:59:10,885 - INFO - Época 24 concluída. Loss média: 2.9270
2025-11-01 19:59:10,885 - INFO - Taxa de aprendizado ajustada para: 0.100000
2025-11-01 19:59:10,886 - INFO - Iniciando inferência com o modelo MobileNetV1...
2025-11-01 19:59:14,179 - INFO - ==================================================
2025-11-01 19:59:14,179 - INFO - EXPERIMENT RESULTS
2025-11-01 19:59:14,179 - INFO - ==================================================
2025-11-01 19:59:14,179 - INFO - Elapsed Time Seconds     : 3.2707
2025-11-01 19:59:14,179 - INFO - Cpu Usage Percent        : 2.1875
2025-11-01 19:59:14,179 - INFO - Ram Peak Usage Bytes     : 33899683840.0000
2025-11-01 19:59:14,179 - INFO - Disk Read Bytes          : 0.0000
2025-11-01 19:59:14,180 - INFO - Disk Write Bytes         : 0.0000
2025-11-01 19:59:14,180 - INFO - Vram Peak Usage Bytes    : 5197153108.0000
2025-11-01 19:59:14,180 - INFO - Gpu Power Watts Avg      : 137.2070
2025-11-01 19:59:14,180 - INFO - Gpu Power Watts Peak     : 261.8500
2025-11-01 19:59:14,180 - INFO - Gpu Temp Celsius Avg     : 50.8125
2025-11-01 19:59:14,180 - INFO - Gpu Temp Celsius Peak    : 57.0000
2025-11-01 19:59:14,180 - INFO - Gpu Utilization Percent Avg: 33.7812
2025-11-01 19:59:14,180 - INFO - Gpu Utilization Percent Peak: 100.0000
2025-11-01 19:59:14,180 - INFO - Gpu Mem Used Bytes Avg   : 23768268800.0000
2025-11-01 19:59:14,180 - INFO - Gpu Mem Used Bytes Peak  : 23768268800.0000
2025-11-01 19:59:14,180 - INFO - Gpu Vram Used Bytes      : 23768268800.0000
2025-11-01 19:59:14,180 - INFO - Accuracy                 : 0.4598
2025-11-01 19:59:14,180 - INFO - Precision                : 0.5078
2025-11-01 19:59:14,180 - INFO - Recall                   : 0.4598
2025-11-01 19:59:14,180 - INFO - F1 Score                 : 0.4536
2025-11-01 19:59:14,180 - INFO - ==================================================
2025-11-01 19:59:50,280 - INFO - Época 25 concluída. Loss média: 2.9134
2025-11-01 19:59:50,280 - INFO - Taxa de aprendizado ajustada para: 0.100000
2025-11-01 19:59:50,282 - INFO - Iniciando inferência com o modelo MobileNetV1...
2025-11-01 19:59:53,260 - INFO - ==================================================
2025-11-01 19:59:53,260 - INFO - EXPERIMENT RESULTS
2025-11-01 19:59:53,260 - INFO - ==================================================
2025-11-01 19:59:53,260 - INFO - Elapsed Time Seconds     : 2.9557
2025-11-01 19:59:53,260 - INFO - Cpu Usage Percent        : 2.3469
2025-11-01 19:59:53,260 - INFO - Ram Peak Usage Bytes     : 33899683840.0000
2025-11-01 19:59:53,260 - INFO - Disk Read Bytes          : 0.0000
2025-11-01 19:59:53,260 - INFO - Disk Write Bytes         : 163840.0000
2025-11-01 19:59:53,260 - INFO - Vram Peak Usage Bytes    : 5197153108.0000
2025-11-01 19:59:53,260 - INFO - Gpu Power Watts Avg      : 136.0575
2025-11-01 19:59:53,260 - INFO - Gpu Power Watts Peak     : 261.8500
2025-11-01 19:59:53,260 - INFO - Gpu Temp Celsius Avg     : 51.6207
2025-11-01 19:59:53,260 - INFO - Gpu Temp Celsius Peak    : 59.0000
2025-11-01 19:59:53,260 - INFO - Gpu Utilization Percent Avg: 35.6207
2025-11-01 19:59:53,260 - INFO - Gpu Utilization Percent Peak: 100.0000
2025-11-01 19:59:53,260 - INFO - Gpu Mem Used Bytes Avg   : 23768268800.0000
2025-11-01 19:59:53,260 - INFO - Gpu Mem Used Bytes Peak  : 23768268800.0000
2025-11-01 19:59:53,260 - INFO - Gpu Vram Used Bytes      : 23768268800.0000
2025-11-01 19:59:53,260 - INFO - Accuracy                 : 0.4452
2025-11-01 19:59:53,260 - INFO - Precision                : 0.4955
2025-11-01 19:59:53,260 - INFO - Recall                   : 0.4452
2025-11-01 19:59:53,260 - INFO - F1 Score                 : 0.4419
2025-11-01 19:59:53,260 - INFO - ==================================================
2025-11-01 20:00:30,099 - INFO - Época 26 concluída. Loss média: 2.8956
2025-11-01 20:00:30,099 - INFO - Taxa de aprendizado ajustada para: 0.100000
2025-11-01 20:00:30,101 - INFO - Iniciando inferência com o modelo MobileNetV1...
2025-11-01 20:00:33,359 - INFO - ==================================================
2025-11-01 20:00:33,359 - INFO - EXPERIMENT RESULTS
2025-11-01 20:00:33,359 - INFO - ==================================================
2025-11-01 20:00:33,360 - INFO - Elapsed Time Seconds     : 3.2358
2025-11-01 20:00:33,360 - INFO - Cpu Usage Percent        : 2.1625
2025-11-01 20:00:33,360 - INFO - Ram Peak Usage Bytes     : 33899712512.0000
2025-11-01 20:00:33,360 - INFO - Disk Read Bytes          : 0.0000
2025-11-01 20:00:33,360 - INFO - Disk Write Bytes         : 0.0000
2025-11-01 20:00:33,360 - INFO - Vram Peak Usage Bytes    : 5197153108.0000
2025-11-01 20:00:33,360 - INFO - Gpu Power Watts Avg      : 131.3629
2025-11-01 20:00:33,360 - INFO - Gpu Power Watts Peak     : 246.4520
2025-11-01 20:00:33,360 - INFO - Gpu Temp Celsius Avg     : 51.4375
2025-11-01 20:00:33,360 - INFO - Gpu Temp Celsius Peak    : 60.0000
2025-11-01 20:00:33,360 - INFO - Gpu Utilization Percent Avg: 31.0625
2025-11-01 20:00:33,360 - INFO - Gpu Utilization Percent Peak: 100.0000
2025-11-01 20:00:33,360 - INFO - Gpu Mem Used Bytes Avg   : 23768268800.0000
2025-11-01 20:00:33,360 - INFO - Gpu Mem Used Bytes Peak  : 23768268800.0000
2025-11-01 20:00:33,360 - INFO - Gpu Vram Used Bytes      : 23768268800.0000
2025-11-01 20:00:33,360 - INFO - Accuracy                 : 0.4569
2025-11-01 20:00:33,360 - INFO - Precision                : 0.4971
2025-11-01 20:00:33,360 - INFO - Recall                   : 0.4569
2025-11-01 20:00:33,360 - INFO - F1 Score                 : 0.4504
2025-11-01 20:00:33,360 - INFO - ==================================================
2025-11-01 20:01:11,639 - INFO - Época 27 concluída. Loss média: 2.8644
2025-11-01 20:01:11,639 - INFO - Taxa de aprendizado ajustada para: 0.100000
2025-11-01 20:01:11,641 - INFO - Iniciando inferência com o modelo MobileNetV1...
2025-11-01 20:01:14,500 - INFO - ==================================================
2025-11-01 20:01:14,501 - INFO - EXPERIMENT RESULTS
2025-11-01 20:01:14,501 - INFO - ==================================================
2025-11-01 20:01:14,501 - INFO - Elapsed Time Seconds     : 2.8373
2025-11-01 20:01:14,501 - INFO - Cpu Usage Percent        : 2.4562
2025-11-01 20:01:14,501 - INFO - Ram Peak Usage Bytes     : 33899823104.0000
2025-11-01 20:01:14,501 - INFO - Disk Read Bytes          : 0.0000
2025-11-01 20:01:14,501 - INFO - Disk Write Bytes         : 20480.0000
2025-11-01 20:01:14,501 - INFO - Vram Peak Usage Bytes    : 5197153108.0000
2025-11-01 20:01:14,501 - INFO - Gpu Power Watts Avg      : 137.1207
2025-11-01 20:01:14,501 - INFO - Gpu Power Watts Peak     : 261.9390
2025-11-01 20:01:14,501 - INFO - Gpu Temp Celsius Avg     : 51.6429
2025-11-01 20:01:14,501 - INFO - Gpu Temp Celsius Peak    : 60.0000
2025-11-01 20:01:14,501 - INFO - Gpu Utilization Percent Avg: 35.2143
2025-11-01 20:01:14,501 - INFO - Gpu Utilization Percent Peak: 100.0000
2025-11-01 20:01:14,501 - INFO - Gpu Mem Used Bytes Avg   : 23768268800.0000
2025-11-01 20:01:14,501 - INFO - Gpu Mem Used Bytes Peak  : 23768268800.0000
2025-11-01 20:01:14,501 - INFO - Gpu Vram Used Bytes      : 23768268800.0000
2025-11-01 20:01:14,501 - INFO - Accuracy                 : 0.4643
2025-11-01 20:01:14,501 - INFO - Precision                : 0.5104
2025-11-01 20:01:14,501 - INFO - Recall                   : 0.4643
2025-11-01 20:01:14,501 - INFO - F1 Score                 : 0.4586
2025-11-01 20:01:14,501 - INFO - ==================================================
2025-11-01 20:01:51,593 - INFO - Época 28 concluída. Loss média: 2.8504
2025-11-01 20:01:51,593 - INFO - Taxa de aprendizado ajustada para: 0.100000
2025-11-01 20:01:51,594 - INFO - Iniciando inferência com o modelo MobileNetV1...
2025-11-01 20:01:54,983 - INFO - ==================================================
2025-11-01 20:01:54,983 - INFO - EXPERIMENT RESULTS
2025-11-01 20:01:54,983 - INFO - ==================================================
2025-11-01 20:01:54,983 - INFO - Elapsed Time Seconds     : 3.3662
2025-11-01 20:01:54,983 - INFO - Cpu Usage Percent        : 2.2563
2025-11-01 20:01:54,983 - INFO - Ram Peak Usage Bytes     : 33899827200.0000
2025-11-01 20:01:54,983 - INFO - Disk Read Bytes          : 0.0000
2025-11-01 20:01:54,983 - INFO - Disk Write Bytes         : 0.0000
2025-11-01 20:01:54,983 - INFO - Vram Peak Usage Bytes    : 5197153108.0000
2025-11-01 20:01:54,983 - INFO - Gpu Power Watts Avg      : 119.9395
2025-11-01 20:01:54,983 - INFO - Gpu Power Watts Peak     : 250.6830
2025-11-01 20:01:54,983 - INFO - Gpu Temp Celsius Avg     : 50.7879
2025-11-01 20:01:54,983 - INFO - Gpu Temp Celsius Peak    : 58.0000
2025-11-01 20:01:54,983 - INFO - Gpu Utilization Percent Avg: 28.4242
2025-11-01 20:01:54,984 - INFO - Gpu Utilization Percent Peak: 100.0000
2025-11-01 20:01:54,984 - INFO - Gpu Mem Used Bytes Avg   : 23768268800.0000
2025-11-01 20:01:54,984 - INFO - Gpu Mem Used Bytes Peak  : 23768268800.0000
2025-11-01 20:01:54,984 - INFO - Gpu Vram Used Bytes      : 23768268800.0000
2025-11-01 20:01:54,984 - INFO - Accuracy                 : 0.4677
2025-11-01 20:01:54,984 - INFO - Precision                : 0.5127
2025-11-01 20:01:54,984 - INFO - Recall                   : 0.4677
2025-11-01 20:01:54,984 - INFO - F1 Score                 : 0.4631
2025-11-01 20:01:54,984 - INFO - ==================================================
2025-11-01 20:02:31,740 - INFO - Época 29 concluída. Loss média: 2.8271
2025-11-01 20:02:31,741 - INFO - Taxa de aprendizado ajustada para: 0.100000
2025-11-01 20:02:31,742 - INFO - Iniciando inferência com o modelo MobileNetV1...
2025-11-01 20:02:34,707 - INFO - ==================================================
2025-11-01 20:02:34,707 - INFO - EXPERIMENT RESULTS
2025-11-01 20:02:34,707 - INFO - ==================================================
2025-11-01 20:02:34,707 - INFO - Elapsed Time Seconds     : 2.9423
2025-11-01 20:02:34,707 - INFO - Cpu Usage Percent        : 2.4000
2025-11-01 20:02:34,707 - INFO - Ram Peak Usage Bytes     : 33899835392.0000
2025-11-01 20:02:34,707 - INFO - Disk Read Bytes          : 0.0000
2025-11-01 20:02:34,707 - INFO - Disk Write Bytes         : 16384.0000
2025-11-01 20:02:34,707 - INFO - Vram Peak Usage Bytes    : 5197153108.0000
2025-11-01 20:02:34,707 - INFO - Gpu Power Watts Avg      : 141.7230
2025-11-01 20:02:34,707 - INFO - Gpu Power Watts Peak     : 261.7370
2025-11-01 20:02:34,707 - INFO - Gpu Temp Celsius Avg     : 51.7586
2025-11-01 20:02:34,707 - INFO - Gpu Temp Celsius Peak    : 58.0000
2025-11-01 20:02:34,707 - INFO - Gpu Utilization Percent Avg: 36.8966
2025-11-01 20:02:34,707 - INFO - Gpu Utilization Percent Peak: 100.0000
2025-11-01 20:02:34,707 - INFO - Gpu Mem Used Bytes Avg   : 23768268800.0000
2025-11-01 20:02:34,707 - INFO - Gpu Mem Used Bytes Peak  : 23768268800.0000
2025-11-01 20:02:34,707 - INFO - Gpu Vram Used Bytes      : 23768268800.0000
2025-11-01 20:02:34,707 - INFO - Accuracy                 : 0.4794
2025-11-01 20:02:34,707 - INFO - Precision                : 0.5237
2025-11-01 20:02:34,707 - INFO - Recall                   : 0.4794
2025-11-01 20:02:34,707 - INFO - F1 Score                 : 0.4792
2025-11-01 20:02:34,707 - INFO - ==================================================
2025-11-01 20:03:11,455 - INFO - Época 30 concluída. Loss média: 2.8095
2025-11-01 20:03:11,455 - INFO - Taxa de aprendizado ajustada para: 0.010000
2025-11-01 20:03:11,457 - INFO - Iniciando inferência com o modelo MobileNetV1...
2025-11-01 20:03:15,338 - INFO - ==================================================
2025-11-01 20:03:15,338 - INFO - EXPERIMENT RESULTS
2025-11-01 20:03:15,338 - INFO - ==================================================
2025-11-01 20:03:15,338 - INFO - Elapsed Time Seconds     : 3.8585
2025-11-01 20:03:15,338 - INFO - Cpu Usage Percent        : 2.4875
2025-11-01 20:03:15,338 - INFO - Ram Peak Usage Bytes     : 33899835392.0000
2025-11-01 20:03:15,338 - INFO - Disk Read Bytes          : 0.0000
2025-11-01 20:03:15,338 - INFO - Disk Write Bytes         : 0.0000
2025-11-01 20:03:15,338 - INFO - Vram Peak Usage Bytes    : 5197153108.0000
2025-11-01 20:03:15,338 - INFO - Gpu Power Watts Avg      : 125.7251
2025-11-01 20:03:15,338 - INFO - Gpu Power Watts Peak     : 247.2820
2025-11-01 20:03:15,338 - INFO - Gpu Temp Celsius Avg     : 50.6842
2025-11-01 20:03:15,338 - INFO - Gpu Temp Celsius Peak    : 57.0000
2025-11-01 20:03:15,338 - INFO - Gpu Utilization Percent Avg: 26.2632
2025-11-01 20:03:15,338 - INFO - Gpu Utilization Percent Peak: 100.0000
2025-11-01 20:03:15,338 - INFO - Gpu Mem Used Bytes Avg   : 23835377664.0000
2025-11-01 20:03:15,338 - INFO - Gpu Mem Used Bytes Peak  : 23835377664.0000
2025-11-01 20:03:15,338 - INFO - Gpu Vram Used Bytes      : 23835377664.0000
2025-11-01 20:03:15,338 - INFO - Accuracy                 : 0.4866
2025-11-01 20:03:15,338 - INFO - Precision                : 0.5329
2025-11-01 20:03:15,338 - INFO - Recall                   : 0.4866
2025-11-01 20:03:15,338 - INFO - F1 Score                 : 0.4878
2025-11-01 20:03:15,338 - INFO - ==================================================
2025-11-01 20:03:53,333 - INFO - Época 31 concluída. Loss média: 2.6195
2025-11-01 20:03:53,333 - INFO - Taxa de aprendizado ajustada para: 0.010000
2025-11-01 20:03:53,335 - INFO - Iniciando inferência com o modelo MobileNetV1...
2025-11-01 20:03:56,501 - INFO - ==================================================
2025-11-01 20:03:56,501 - INFO - EXPERIMENT RESULTS
2025-11-01 20:03:56,501 - INFO - ==================================================
2025-11-01 20:03:56,501 - INFO - Elapsed Time Seconds     : 3.1442
2025-11-01 20:03:56,501 - INFO - Cpu Usage Percent        : 2.2969
2025-11-01 20:03:56,501 - INFO - Ram Peak Usage Bytes     : 33899839488.0000
2025-11-01 20:03:56,501 - INFO - Disk Read Bytes          : 0.0000
2025-11-01 20:03:56,501 - INFO - Disk Write Bytes         : 4096.0000
2025-11-01 20:03:56,501 - INFO - Vram Peak Usage Bytes    : 5197153108.0000
2025-11-01 20:03:56,501 - INFO - Gpu Power Watts Avg      : 127.0213
2025-11-01 20:03:56,501 - INFO - Gpu Power Watts Peak     : 247.9120
2025-11-01 20:03:56,501 - INFO - Gpu Temp Celsius Avg     : 51.3871
2025-11-01 20:03:56,501 - INFO - Gpu Temp Celsius Peak    : 58.0000
2025-11-01 20:03:56,501 - INFO - Gpu Utilization Percent Avg: 33.5806
2025-11-01 20:03:56,501 - INFO - Gpu Utilization Percent Peak: 100.0000
2025-11-01 20:03:56,501 - INFO - Gpu Mem Used Bytes Avg   : 23835377664.0000
2025-11-01 20:03:56,501 - INFO - Gpu Mem Used Bytes Peak  : 23835377664.0000
2025-11-01 20:03:56,501 - INFO - Gpu Vram Used Bytes      : 23835377664.0000
2025-11-01 20:03:56,501 - INFO - Accuracy                 : 0.5671
2025-11-01 20:03:56,501 - INFO - Precision                : 0.5653
2025-11-01 20:03:56,501 - INFO - Recall                   : 0.5671
2025-11-01 20:03:56,501 - INFO - F1 Score                 : 0.5616
2025-11-01 20:03:56,501 - INFO - ==================================================
2025-11-01 20:04:33,008 - INFO - Época 32 concluída. Loss média: 2.5412
2025-11-01 20:04:33,008 - INFO - Taxa de aprendizado ajustada para: 0.010000
2025-11-01 20:04:33,010 - INFO - Iniciando inferência com o modelo MobileNetV1...
2025-11-01 20:04:36,676 - INFO - ==================================================
2025-11-01 20:04:36,676 - INFO - EXPERIMENT RESULTS
2025-11-01 20:04:36,677 - INFO - ==================================================
2025-11-01 20:04:36,677 - INFO - Elapsed Time Seconds     : 3.6449
2025-11-01 20:04:36,677 - INFO - Cpu Usage Percent        : 2.7875
2025-11-01 20:04:36,677 - INFO - Ram Peak Usage Bytes     : 33899868160.0000
2025-11-01 20:04:36,677 - INFO - Disk Read Bytes          : 0.0000
2025-11-01 20:04:36,677 - INFO - Disk Write Bytes         : 278528.0000
2025-11-01 20:04:36,677 - INFO - Vram Peak Usage Bytes    : 5197153108.0000
2025-11-01 20:04:36,677 - INFO - Gpu Power Watts Avg      : 130.3050
2025-11-01 20:04:36,677 - INFO - Gpu Power Watts Peak     : 264.0170
2025-11-01 20:04:36,677 - INFO - Gpu Temp Celsius Avg     : 50.5278
2025-11-01 20:04:36,677 - INFO - Gpu Temp Celsius Peak    : 56.0000
2025-11-01 20:04:36,677 - INFO - Gpu Utilization Percent Avg: 30.2500
2025-11-01 20:04:36,677 - INFO - Gpu Utilization Percent Peak: 100.0000
2025-11-01 20:04:36,677 - INFO - Gpu Mem Used Bytes Avg   : 23835377664.0000
2025-11-01 20:04:36,677 - INFO - Gpu Mem Used Bytes Peak  : 23835377664.0000
2025-11-01 20:04:36,677 - INFO - Gpu Vram Used Bytes      : 23835377664.0000
2025-11-01 20:04:36,677 - INFO - Accuracy                 : 0.5770
2025-11-01 20:04:36,677 - INFO - Precision                : 0.5786
2025-11-01 20:04:36,677 - INFO - Recall                   : 0.5770
2025-11-01 20:04:36,677 - INFO - F1 Score                 : 0.5729
2025-11-01 20:04:36,677 - INFO - ==================================================
2025-11-01 20:05:13,162 - INFO - Época 33 concluída. Loss média: 2.5081
2025-11-01 20:05:13,163 - INFO - Taxa de aprendizado ajustada para: 0.010000
2025-11-01 20:05:13,164 - INFO - Iniciando inferência com o modelo MobileNetV1...
2025-11-01 20:05:17,158 - INFO - ==================================================
2025-11-01 20:05:17,158 - INFO - EXPERIMENT RESULTS
2025-11-01 20:05:17,158 - INFO - ==================================================
2025-11-01 20:05:17,158 - INFO - Elapsed Time Seconds     : 3.9716
2025-11-01 20:05:17,158 - INFO - Cpu Usage Percent        : 2.4531
2025-11-01 20:05:17,158 - INFO - Ram Peak Usage Bytes     : 33899872256.0000
2025-11-01 20:05:17,158 - INFO - Disk Read Bytes          : 0.0000
2025-11-01 20:05:17,158 - INFO - Disk Write Bytes         : 8192.0000
2025-11-01 20:05:17,158 - INFO - Vram Peak Usage Bytes    : 5197153108.0000
2025-11-01 20:05:17,158 - INFO - Gpu Power Watts Avg      : 119.4707
2025-11-01 20:05:17,158 - INFO - Gpu Power Watts Peak     : 269.1490
2025-11-01 20:05:17,158 - INFO - Gpu Temp Celsius Avg     : 50.4872
2025-11-01 20:05:17,158 - INFO - Gpu Temp Celsius Peak    : 58.0000
2025-11-01 20:05:17,158 - INFO - Gpu Utilization Percent Avg: 23.9231
2025-11-01 20:05:17,158 - INFO - Gpu Utilization Percent Peak: 100.0000
2025-11-01 20:05:17,158 - INFO - Gpu Mem Used Bytes Avg   : 23835377664.0000
2025-11-01 20:05:17,158 - INFO - Gpu Mem Used Bytes Peak  : 23835377664.0000
2025-11-01 20:05:17,158 - INFO - Gpu Vram Used Bytes      : 23835377664.0000
2025-11-01 20:05:17,158 - INFO - Accuracy                 : 0.5746
2025-11-01 20:05:17,158 - INFO - Precision                : 0.5751
2025-11-01 20:05:17,158 - INFO - Recall                   : 0.5746
2025-11-01 20:05:17,158 - INFO - F1 Score                 : 0.5709
2025-11-01 20:05:17,158 - INFO - ==================================================
2025-11-01 20:05:53,485 - INFO - Época 34 concluída. Loss média: 2.4824
2025-11-01 20:05:53,485 - INFO - Taxa de aprendizado ajustada para: 0.010000
2025-11-01 20:05:53,486 - INFO - Iniciando inferência com o modelo MobileNetV1...
2025-11-01 20:05:57,490 - INFO - ==================================================
2025-11-01 20:05:57,490 - INFO - EXPERIMENT RESULTS
2025-11-01 20:05:57,490 - INFO - ==================================================
2025-11-01 20:05:57,490 - INFO - Elapsed Time Seconds     : 3.9815
2025-11-01 20:05:57,490 - INFO - Cpu Usage Percent        : 2.5281
2025-11-01 20:05:57,490 - INFO - Ram Peak Usage Bytes     : 33899999232.0000
2025-11-01 20:05:57,490 - INFO - Disk Read Bytes          : 0.0000
2025-11-01 20:05:57,490 - INFO - Disk Write Bytes         : 12288.0000
2025-11-01 20:05:57,490 - INFO - Vram Peak Usage Bytes    : 5197153108.0000
2025-11-01 20:05:57,490 - INFO - Gpu Power Watts Avg      : 119.1026
2025-11-01 20:05:57,490 - INFO - Gpu Power Watts Peak     : 259.9960
2025-11-01 20:05:57,490 - INFO - Gpu Temp Celsius Avg     : 50.1795
2025-11-01 20:05:57,490 - INFO - Gpu Temp Celsius Peak    : 58.0000
2025-11-01 20:05:57,490 - INFO - Gpu Utilization Percent Avg: 26.3333
2025-11-01 20:05:57,490 - INFO - Gpu Utilization Percent Peak: 100.0000
2025-11-01 20:05:57,490 - INFO - Gpu Mem Used Bytes Avg   : 23835377664.0000
2025-11-01 20:05:57,490 - INFO - Gpu Mem Used Bytes Peak  : 23835377664.0000
2025-11-01 20:05:57,490 - INFO - Gpu Vram Used Bytes      : 23835377664.0000
2025-11-01 20:05:57,490 - INFO - Accuracy                 : 0.5779
2025-11-01 20:05:57,490 - INFO - Precision                : 0.5772
2025-11-01 20:05:57,490 - INFO - Recall                   : 0.5779
2025-11-01 20:05:57,490 - INFO - F1 Score                 : 0.5727
2025-11-01 20:05:57,490 - INFO - ==================================================
2025-11-01 20:06:33,499 - INFO - Época 35 concluída. Loss média: 2.4674
2025-11-01 20:06:33,500 - INFO - Taxa de aprendizado ajustada para: 0.010000
2025-11-01 20:06:33,501 - INFO - Iniciando inferência com o modelo MobileNetV1...
2025-11-01 20:06:36,995 - INFO - ==================================================
2025-11-01 20:06:36,995 - INFO - EXPERIMENT RESULTS
2025-11-01 20:06:36,995 - INFO - ==================================================
2025-11-01 20:06:36,995 - INFO - Elapsed Time Seconds     : 3.4717
2025-11-01 20:06:36,995 - INFO - Cpu Usage Percent        : 2.8531
2025-11-01 20:06:36,995 - INFO - Ram Peak Usage Bytes     : 33900032000.0000
2025-11-01 20:06:36,995 - INFO - Disk Read Bytes          : 0.0000
2025-11-01 20:06:36,995 - INFO - Disk Write Bytes         : 237568.0000
2025-11-01 20:06:36,995 - INFO - Vram Peak Usage Bytes    : 5197153108.0000
2025-11-01 20:06:36,995 - INFO - Gpu Power Watts Avg      : 127.1661
2025-11-01 20:06:36,995 - INFO - Gpu Power Watts Peak     : 247.3160
2025-11-01 20:06:36,995 - INFO - Gpu Temp Celsius Avg     : 51.1176
2025-11-01 20:06:36,995 - INFO - Gpu Temp Celsius Peak    : 60.0000
2025-11-01 20:06:36,995 - INFO - Gpu Utilization Percent Avg: 28.9118
2025-11-01 20:06:36,995 - INFO - Gpu Utilization Percent Peak: 99.0000
2025-11-01 20:06:36,995 - INFO - Gpu Mem Used Bytes Avg   : 23835377664.0000
2025-11-01 20:06:36,995 - INFO - Gpu Mem Used Bytes Peak  : 23835377664.0000
2025-11-01 20:06:36,995 - INFO - Gpu Vram Used Bytes      : 23835377664.0000
2025-11-01 20:06:36,995 - INFO - Accuracy                 : 0.5828
2025-11-01 20:06:36,995 - INFO - Precision                : 0.5834
2025-11-01 20:06:36,995 - INFO - Recall                   : 0.5828
2025-11-01 20:06:36,995 - INFO - F1 Score                 : 0.5789
2025-11-01 20:06:36,995 - INFO - ==================================================
2025-11-01 20:07:14,270 - INFO - Época 36 concluída. Loss média: 2.4571
2025-11-01 20:07:14,270 - INFO - Taxa de aprendizado ajustada para: 0.010000
2025-11-01 20:07:14,272 - INFO - Iniciando inferência com o modelo MobileNetV1...
2025-11-01 20:07:17,343 - INFO - ==================================================
2025-11-01 20:07:17,343 - INFO - EXPERIMENT RESULTS
2025-11-01 20:07:17,343 - INFO - ==================================================
2025-11-01 20:07:17,343 - INFO - Elapsed Time Seconds     : 3.0487
2025-11-01 20:07:17,343 - INFO - Cpu Usage Percent        : 2.3781
2025-11-01 20:07:17,343 - INFO - Ram Peak Usage Bytes     : 33900036096.0000
2025-11-01 20:07:17,343 - INFO - Disk Read Bytes          : 0.0000
2025-11-01 20:07:17,343 - INFO - Disk Write Bytes         : 12288.0000
2025-11-01 20:07:17,343 - INFO - Vram Peak Usage Bytes    : 5197153108.0000
2025-11-01 20:07:17,343 - INFO - Gpu Power Watts Avg      : 124.2619
2025-11-01 20:07:17,343 - INFO - Gpu Power Watts Peak     : 246.9130
2025-11-01 20:07:17,343 - INFO - Gpu Temp Celsius Avg     : 51.7000
2025-11-01 20:07:17,343 - INFO - Gpu Temp Celsius Peak    : 60.0000
2025-11-01 20:07:17,343 - INFO - Gpu Utilization Percent Avg: 32.6333
2025-11-01 20:07:17,343 - INFO - Gpu Utilization Percent Peak: 100.0000
2025-11-01 20:07:17,343 - INFO - Gpu Mem Used Bytes Avg   : 23835377664.0000
2025-11-01 20:07:17,343 - INFO - Gpu Mem Used Bytes Peak  : 23835377664.0000
2025-11-01 20:07:17,343 - INFO - Gpu Vram Used Bytes      : 23835377664.0000
2025-11-01 20:07:17,343 - INFO - Accuracy                 : 0.5842
2025-11-01 20:07:17,343 - INFO - Precision                : 0.5857
2025-11-01 20:07:17,343 - INFO - Recall                   : 0.5842
2025-11-01 20:07:17,343 - INFO - F1 Score                 : 0.5803
2025-11-01 20:07:17,343 - INFO - ==================================================
2025-11-01 20:07:55,420 - INFO - Época 37 concluída. Loss média: 2.4448
2025-11-01 20:07:55,420 - INFO - Taxa de aprendizado ajustada para: 0.010000
2025-11-01 20:07:55,422 - INFO - Iniciando inferência com o modelo MobileNetV1...
2025-11-01 20:07:58,310 - INFO - ==================================================
2025-11-01 20:07:58,310 - INFO - EXPERIMENT RESULTS
2025-11-01 20:07:58,310 - INFO - ==================================================
2025-11-01 20:07:58,310 - INFO - Elapsed Time Seconds     : 2.8663
2025-11-01 20:07:58,310 - INFO - Cpu Usage Percent        : 2.5719
2025-11-01 20:07:58,310 - INFO - Ram Peak Usage Bytes     : 33900044288.0000
2025-11-01 20:07:58,310 - INFO - Disk Read Bytes          : 0.0000
2025-11-01 20:07:58,310 - INFO - Disk Write Bytes         : 196608.0000
2025-11-01 20:07:58,310 - INFO - Vram Peak Usage Bytes    : 5197153108.0000
2025-11-01 20:07:58,310 - INFO - Gpu Power Watts Avg      : 141.8765
2025-11-01 20:07:58,310 - INFO - Gpu Power Watts Peak     : 270.2540
2025-11-01 20:07:58,310 - INFO - Gpu Temp Celsius Avg     : 50.8214
2025-11-01 20:07:58,310 - INFO - Gpu Temp Celsius Peak    : 56.0000
2025-11-01 20:07:58,310 - INFO - Gpu Utilization Percent Avg: 36.6429
2025-11-01 20:07:58,310 - INFO - Gpu Utilization Percent Peak: 100.0000
2025-11-01 20:07:58,310 - INFO - Gpu Mem Used Bytes Avg   : 23835377664.0000
2025-11-01 20:07:58,310 - INFO - Gpu Mem Used Bytes Peak  : 23835377664.0000
2025-11-01 20:07:58,311 - INFO - Gpu Vram Used Bytes      : 23835377664.0000
2025-11-01 20:07:58,311 - INFO - Accuracy                 : 0.5813
2025-11-01 20:07:58,311 - INFO - Precision                : 0.5790
2025-11-01 20:07:58,311 - INFO - Recall                   : 0.5813
2025-11-01 20:07:58,311 - INFO - F1 Score                 : 0.5762
2025-11-01 20:07:58,311 - INFO - ==================================================
2025-11-01 20:08:34,540 - INFO - Época 38 concluída. Loss média: 2.4295
2025-11-01 20:08:34,540 - INFO - Taxa de aprendizado ajustada para: 0.010000
2025-11-01 20:08:34,542 - INFO - Iniciando inferência com o modelo MobileNetV1...
2025-11-01 20:08:37,418 - INFO - ==================================================
2025-11-01 20:08:37,418 - INFO - EXPERIMENT RESULTS
2025-11-01 20:08:37,418 - INFO - ==================================================
2025-11-01 20:08:37,418 - INFO - Elapsed Time Seconds     : 2.8542
2025-11-01 20:08:37,418 - INFO - Cpu Usage Percent        : 2.5063
2025-11-01 20:08:37,418 - INFO - Ram Peak Usage Bytes     : 33900040192.0000
2025-11-01 20:08:37,418 - INFO - Disk Read Bytes          : 0.0000
2025-11-01 20:08:37,418 - INFO - Disk Write Bytes         : 24576.0000
2025-11-01 20:08:37,418 - INFO - Vram Peak Usage Bytes    : 5197153108.0000
2025-11-01 20:08:37,418 - INFO - Gpu Power Watts Avg      : 138.3568
2025-11-01 20:08:37,418 - INFO - Gpu Power Watts Peak     : 265.3770
2025-11-01 20:08:37,418 - INFO - Gpu Temp Celsius Avg     : 52.2857
2025-11-01 20:08:37,418 - INFO - Gpu Temp Celsius Peak    : 59.0000
2025-11-01 20:08:37,418 - INFO - Gpu Utilization Percent Avg: 37.7143
2025-11-01 20:08:37,418 - INFO - Gpu Utilization Percent Peak: 100.0000
2025-11-01 20:08:37,418 - INFO - Gpu Mem Used Bytes Avg   : 23835377664.0000
2025-11-01 20:08:37,418 - INFO - Gpu Mem Used Bytes Peak  : 23835377664.0000
2025-11-01 20:08:37,418 - INFO - Gpu Vram Used Bytes      : 23835377664.0000
2025-11-01 20:08:37,418 - INFO - Accuracy                 : 0.5862
2025-11-01 20:08:37,419 - INFO - Precision                : 0.5874
2025-11-01 20:08:37,419 - INFO - Recall                   : 0.5862
2025-11-01 20:08:37,419 - INFO - F1 Score                 : 0.5816
2025-11-01 20:08:37,419 - INFO - ==================================================
2025-11-01 20:09:14,579 - INFO - Época 39 concluída. Loss média: 2.4191
2025-11-01 20:09:14,579 - INFO - Taxa de aprendizado ajustada para: 0.010000
2025-11-01 20:09:14,581 - INFO - Iniciando inferência com o modelo MobileNetV1...
2025-11-01 20:09:17,434 - INFO - ==================================================
2025-11-01 20:09:17,434 - INFO - EXPERIMENT RESULTS
2025-11-01 20:09:17,434 - INFO - ==================================================
2025-11-01 20:09:17,434 - INFO - Elapsed Time Seconds     : 2.8315
2025-11-01 20:09:17,434 - INFO - Cpu Usage Percent        : 2.5938
2025-11-01 20:09:17,434 - INFO - Ram Peak Usage Bytes     : 33900040192.0000
2025-11-01 20:09:17,434 - INFO - Disk Read Bytes          : 0.0000
2025-11-01 20:09:17,434 - INFO - Disk Write Bytes         : 221184.0000
2025-11-01 20:09:17,434 - INFO - Vram Peak Usage Bytes    : 5197153108.0000
2025-11-01 20:09:17,434 - INFO - Gpu Power Watts Avg      : 138.2466
2025-11-01 20:09:17,434 - INFO - Gpu Power Watts Peak     : 271.3210
2025-11-01 20:09:17,434 - INFO - Gpu Temp Celsius Avg     : 52.1786
2025-11-01 20:09:17,434 - INFO - Gpu Temp Celsius Peak    : 60.0000
2025-11-01 20:09:17,434 - INFO - Gpu Utilization Percent Avg: 34.4286
2025-11-01 20:09:17,435 - INFO - Gpu Utilization Percent Peak: 100.0000
2025-11-01 20:09:17,435 - INFO - Gpu Mem Used Bytes Avg   : 23835377664.0000
2025-11-01 20:09:17,435 - INFO - Gpu Mem Used Bytes Peak  : 23835377664.0000
2025-11-01 20:09:17,435 - INFO - Gpu Vram Used Bytes      : 23835377664.0000
2025-11-01 20:09:17,435 - INFO - Accuracy                 : 0.5823
2025-11-01 20:09:17,435 - INFO - Precision                : 0.5839
2025-11-01 20:09:17,435 - INFO - Recall                   : 0.5823
2025-11-01 20:09:17,435 - INFO - F1 Score                 : 0.5789
2025-11-01 20:09:17,435 - INFO - ==================================================
2025-11-01 20:09:54,861 - INFO - Época 40 concluída. Loss média: 2.4070
2025-11-01 20:09:54,861 - INFO - Taxa de aprendizado ajustada para: 0.010000
2025-11-01 20:09:54,863 - INFO - Iniciando inferência com o modelo MobileNetV1...
2025-11-01 20:09:58,229 - INFO - ==================================================
2025-11-01 20:09:58,229 - INFO - EXPERIMENT RESULTS
2025-11-01 20:09:58,229 - INFO - ==================================================
2025-11-01 20:09:58,229 - INFO - Elapsed Time Seconds     : 3.3439
2025-11-01 20:09:58,229 - INFO - Cpu Usage Percent        : 2.1313
2025-11-01 20:09:58,229 - INFO - Ram Peak Usage Bytes     : 33900040192.0000
2025-11-01 20:09:58,229 - INFO - Disk Read Bytes          : 0.0000
2025-11-01 20:09:58,229 - INFO - Disk Write Bytes         : 225280.0000
2025-11-01 20:09:58,229 - INFO - Vram Peak Usage Bytes    : 5197153108.0000
2025-11-01 20:09:58,229 - INFO - Gpu Power Watts Avg      : 128.9014
2025-11-01 20:09:58,229 - INFO - Gpu Power Watts Peak     : 253.5740
2025-11-01 20:09:58,229 - INFO - Gpu Temp Celsius Avg     : 50.5152
2025-11-01 20:09:58,229 - INFO - Gpu Temp Celsius Peak    : 57.0000
2025-11-01 20:09:58,229 - INFO - Gpu Utilization Percent Avg: 31.3333
2025-11-01 20:09:58,229 - INFO - Gpu Utilization Percent Peak: 100.0000
2025-11-01 20:09:58,229 - INFO - Gpu Mem Used Bytes Avg   : 23835377664.0000
2025-11-01 20:09:58,229 - INFO - Gpu Mem Used Bytes Peak  : 23835377664.0000
2025-11-01 20:09:58,229 - INFO - Gpu Vram Used Bytes      : 23835377664.0000
2025-11-01 20:09:58,229 - INFO - Accuracy                 : 0.5826
2025-11-01 20:09:58,229 - INFO - Precision                : 0.5833
2025-11-01 20:09:58,229 - INFO - Recall                   : 0.5826
2025-11-01 20:09:58,229 - INFO - F1 Score                 : 0.5786
2025-11-01 20:09:58,230 - INFO - ==================================================
2025-11-01 20:10:34,048 - INFO - Época 41 concluída. Loss média: 2.3960
2025-11-01 20:10:34,048 - INFO - Taxa de aprendizado ajustada para: 0.010000
2025-11-01 20:10:34,050 - INFO - Iniciando inferência com o modelo MobileNetV1...
2025-11-01 20:10:37,828 - INFO - ==================================================
2025-11-01 20:10:37,828 - INFO - EXPERIMENT RESULTS
2025-11-01 20:10:37,828 - INFO - ==================================================
2025-11-01 20:10:37,828 - INFO - Elapsed Time Seconds     : 3.7561
2025-11-01 20:10:37,828 - INFO - Cpu Usage Percent        : 2.5969
2025-11-01 20:10:37,828 - INFO - Ram Peak Usage Bytes     : 33900081152.0000
2025-11-01 20:10:37,828 - INFO - Disk Read Bytes          : 0.0000
2025-11-01 20:10:37,828 - INFO - Disk Write Bytes         : 249856.0000
2025-11-01 20:10:37,828 - INFO - Vram Peak Usage Bytes    : 5197153108.0000
2025-11-01 20:10:37,828 - INFO - Gpu Power Watts Avg      : 112.7881
2025-11-01 20:10:37,828 - INFO - Gpu Power Watts Peak     : 251.8030
2025-11-01 20:10:37,828 - INFO - Gpu Temp Celsius Avg     : 50.5405
2025-11-01 20:10:37,828 - INFO - Gpu Temp Celsius Peak    : 59.0000
2025-11-01 20:10:37,828 - INFO - Gpu Utilization Percent Avg: 25.6757
2025-11-01 20:10:37,828 - INFO - Gpu Utilization Percent Peak: 100.0000
2025-11-01 20:10:37,828 - INFO - Gpu Mem Used Bytes Avg   : 23835377664.0000
2025-11-01 20:10:37,828 - INFO - Gpu Mem Used Bytes Peak  : 23835377664.0000
2025-11-01 20:10:37,828 - INFO - Gpu Vram Used Bytes      : 23835377664.0000
2025-11-01 20:10:37,828 - INFO - Accuracy                 : 0.5870
2025-11-01 20:10:37,828 - INFO - Precision                : 0.5895
2025-11-01 20:10:37,828 - INFO - Recall                   : 0.5870
2025-11-01 20:10:37,828 - INFO - F1 Score                 : 0.5839
2025-11-01 20:10:37,828 - INFO - ==================================================
2025-11-01 20:11:14,253 - INFO - Época 42 concluída. Loss média: 2.3782
2025-11-01 20:11:14,253 - INFO - Taxa de aprendizado ajustada para: 0.010000
2025-11-01 20:11:14,255 - INFO - Iniciando inferência com o modelo MobileNetV1...
2025-11-01 20:11:17,430 - INFO - ==================================================
2025-11-01 20:11:17,430 - INFO - EXPERIMENT RESULTS
2025-11-01 20:11:17,431 - INFO - ==================================================
2025-11-01 20:11:17,431 - INFO - Elapsed Time Seconds     : 3.1538
2025-11-01 20:11:17,431 - INFO - Cpu Usage Percent        : 2.4281
2025-11-01 20:11:17,431 - INFO - Ram Peak Usage Bytes     : 33900097536.0000
2025-11-01 20:11:17,431 - INFO - Disk Read Bytes          : 0.0000
2025-11-01 20:11:17,431 - INFO - Disk Write Bytes         : 229376.0000
2025-11-01 20:11:17,431 - INFO - Vram Peak Usage Bytes    : 5197153108.0000
2025-11-01 20:11:17,431 - INFO - Gpu Power Watts Avg      : 134.4429
2025-11-01 20:11:17,431 - INFO - Gpu Power Watts Peak     : 254.8790
2025-11-01 20:11:17,431 - INFO - Gpu Temp Celsius Avg     : 51.6452
2025-11-01 20:11:17,431 - INFO - Gpu Temp Celsius Peak    : 59.0000
2025-11-01 20:11:17,431 - INFO - Gpu Utilization Percent Avg: 31.4516
2025-11-01 20:11:17,431 - INFO - Gpu Utilization Percent Peak: 100.0000
2025-11-01 20:11:17,431 - INFO - Gpu Mem Used Bytes Avg   : 23835377664.0000
2025-11-01 20:11:17,431 - INFO - Gpu Mem Used Bytes Peak  : 23835377664.0000
2025-11-01 20:11:17,431 - INFO - Gpu Vram Used Bytes      : 23835377664.0000
2025-11-01 20:11:17,431 - INFO - Accuracy                 : 0.5860
2025-11-01 20:11:17,431 - INFO - Precision                : 0.5876
2025-11-01 20:11:17,431 - INFO - Recall                   : 0.5860
2025-11-01 20:11:17,431 - INFO - F1 Score                 : 0.5823
2025-11-01 20:11:17,431 - INFO - ==================================================
2025-11-01 20:11:53,555 - INFO - Época 43 concluída. Loss média: 2.3757
2025-11-01 20:11:53,555 - INFO - Taxa de aprendizado ajustada para: 0.010000
2025-11-01 20:11:53,557 - INFO - Iniciando inferência com o modelo MobileNetV1...
2025-11-01 20:11:57,435 - INFO - ==================================================
2025-11-01 20:11:57,436 - INFO - EXPERIMENT RESULTS
2025-11-01 20:11:57,436 - INFO - ==================================================
2025-11-01 20:11:57,436 - INFO - Elapsed Time Seconds     : 3.8568
2025-11-01 20:11:57,436 - INFO - Cpu Usage Percent        : 2.5187
2025-11-01 20:11:57,436 - INFO - Ram Peak Usage Bytes     : 33900273664.0000
2025-11-01 20:11:57,436 - INFO - Disk Read Bytes          : 0.0000
2025-11-01 20:11:57,436 - INFO - Disk Write Bytes         : 229376.0000
2025-11-01 20:11:57,436 - INFO - Vram Peak Usage Bytes    : 5197153108.0000
2025-11-01 20:11:57,436 - INFO - Gpu Power Watts Avg      : 128.8299
2025-11-01 20:11:57,436 - INFO - Gpu Power Watts Peak     : 261.4770
2025-11-01 20:11:57,436 - INFO - Gpu Temp Celsius Avg     : 51.1053
2025-11-01 20:11:57,436 - INFO - Gpu Temp Celsius Peak    : 60.0000
2025-11-01 20:11:57,436 - INFO - Gpu Utilization Percent Avg: 26.7632
2025-11-01 20:11:57,436 - INFO - Gpu Utilization Percent Peak: 100.0000
2025-11-01 20:11:57,436 - INFO - Gpu Mem Used Bytes Avg   : 23835377664.0000
2025-11-01 20:11:57,436 - INFO - Gpu Mem Used Bytes Peak  : 23835377664.0000
2025-11-01 20:11:57,436 - INFO - Gpu Vram Used Bytes      : 23835377664.0000
2025-11-01 20:11:57,436 - INFO - Accuracy                 : 0.5911
2025-11-01 20:11:57,436 - INFO - Precision                : 0.5925
2025-11-01 20:11:57,436 - INFO - Recall                   : 0.5911
2025-11-01 20:11:57,436 - INFO - F1 Score                 : 0.5876
2025-11-01 20:11:57,436 - INFO - ==================================================
2025-11-01 20:12:34,467 - INFO - Época 44 concluída. Loss média: 2.3628
2025-11-01 20:12:34,467 - INFO - Taxa de aprendizado ajustada para: 0.010000
2025-11-01 20:12:34,469 - INFO - Iniciando inferência com o modelo MobileNetV1...
2025-11-01 20:12:37,449 - INFO - ==================================================
2025-11-01 20:12:37,449 - INFO - EXPERIMENT RESULTS
2025-11-01 20:12:37,449 - INFO - ==================================================
2025-11-01 20:12:37,449 - INFO - Elapsed Time Seconds     : 2.9585
2025-11-01 20:12:37,449 - INFO - Cpu Usage Percent        : 2.3344
2025-11-01 20:12:37,449 - INFO - Ram Peak Usage Bytes     : 33900298240.0000
2025-11-01 20:12:37,449 - INFO - Disk Read Bytes          : 0.0000
2025-11-01 20:12:37,449 - INFO - Disk Write Bytes         : 217088.0000
2025-11-01 20:12:37,449 - INFO - Vram Peak Usage Bytes    : 5197153108.0000
2025-11-01 20:12:37,449 - INFO - Gpu Power Watts Avg      : 129.3625
2025-11-01 20:12:37,449 - INFO - Gpu Power Watts Peak     : 266.0460
2025-11-01 20:12:37,449 - INFO - Gpu Temp Celsius Avg     : 51.9655
2025-11-01 20:12:37,449 - INFO - Gpu Temp Celsius Peak    : 60.0000
2025-11-01 20:12:37,450 - INFO - Gpu Utilization Percent Avg: 35.4138
2025-11-01 20:12:37,450 - INFO - Gpu Utilization Percent Peak: 100.0000
2025-11-01 20:12:37,450 - INFO - Gpu Mem Used Bytes Avg   : 23835377664.0000
2025-11-01 20:12:37,450 - INFO - Gpu Mem Used Bytes Peak  : 23835377664.0000
2025-11-01 20:12:37,450 - INFO - Gpu Vram Used Bytes      : 23835377664.0000
2025-11-01 20:12:37,450 - INFO - Accuracy                 : 0.5878
2025-11-01 20:12:37,450 - INFO - Precision                : 0.5933
2025-11-01 20:12:37,450 - INFO - Recall                   : 0.5878
2025-11-01 20:12:37,450 - INFO - F1 Score                 : 0.5850
2025-11-01 20:12:37,450 - INFO - ==================================================
2025-11-01 20:13:14,581 - INFO - Época 45 concluída. Loss média: 2.3566
2025-11-01 20:13:14,581 - INFO - Taxa de aprendizado ajustada para: 0.010000
2025-11-01 20:13:14,583 - INFO - Iniciando inferência com o modelo MobileNetV1...
2025-11-01 20:13:17,762 - INFO - ==================================================
2025-11-01 20:13:17,762 - INFO - EXPERIMENT RESULTS
2025-11-01 20:13:17,762 - INFO - ==================================================
2025-11-01 20:13:17,762 - INFO - Elapsed Time Seconds     : 3.1568
2025-11-01 20:13:17,762 - INFO - Cpu Usage Percent        : 2.2656
2025-11-01 20:13:17,762 - INFO - Ram Peak Usage Bytes     : 33900331008.0000
2025-11-01 20:13:17,762 - INFO - Disk Read Bytes          : 0.0000
2025-11-01 20:13:17,762 - INFO - Disk Write Bytes         : 212992.0000
2025-11-01 20:13:17,762 - INFO - Vram Peak Usage Bytes    : 5197153108.0000
2025-11-01 20:13:17,762 - INFO - Gpu Power Watts Avg      : 128.0733
2025-11-01 20:13:17,762 - INFO - Gpu Power Watts Peak     : 259.1140
2025-11-01 20:13:17,762 - INFO - Gpu Temp Celsius Avg     : 50.6452
2025-11-01 20:13:17,762 - INFO - Gpu Temp Celsius Peak    : 56.0000
2025-11-01 20:13:17,762 - INFO - Gpu Utilization Percent Avg: 32.9677
2025-11-01 20:13:17,762 - INFO - Gpu Utilization Percent Peak: 100.0000
2025-11-01 20:13:17,762 - INFO - Gpu Mem Used Bytes Avg   : 23835377664.0000
2025-11-01 20:13:17,762 - INFO - Gpu Mem Used Bytes Peak  : 23835377664.0000
2025-11-01 20:13:17,762 - INFO - Gpu Vram Used Bytes      : 23835377664.0000
2025-11-01 20:13:17,762 - INFO - Accuracy                 : 0.5854
2025-11-01 20:13:17,762 - INFO - Precision                : 0.5857
2025-11-01 20:13:17,762 - INFO - Recall                   : 0.5854
2025-11-01 20:13:17,762 - INFO - F1 Score                 : 0.5805
2025-11-01 20:13:17,762 - INFO - ==================================================
2025-11-01 20:13:55,542 - INFO - Época 46 concluída. Loss média: 2.3477
2025-11-01 20:13:55,542 - INFO - Taxa de aprendizado ajustada para: 0.010000
2025-11-01 20:13:55,544 - INFO - Iniciando inferência com o modelo MobileNetV1...
2025-11-01 20:13:58,421 - INFO - ==================================================
2025-11-01 20:13:58,421 - INFO - EXPERIMENT RESULTS
2025-11-01 20:13:58,421 - INFO - ==================================================
2025-11-01 20:13:58,421 - INFO - Elapsed Time Seconds     : 2.8552
2025-11-01 20:13:58,421 - INFO - Cpu Usage Percent        : 2.4719
2025-11-01 20:13:58,421 - INFO - Ram Peak Usage Bytes     : 33900359680.0000
2025-11-01 20:13:58,421 - INFO - Disk Read Bytes          : 0.0000
2025-11-01 20:13:58,421 - INFO - Disk Write Bytes         : 180224.0000
2025-11-01 20:13:58,421 - INFO - Vram Peak Usage Bytes    : 5197153108.0000
2025-11-01 20:13:58,421 - INFO - Gpu Power Watts Avg      : 135.7983
2025-11-01 20:13:58,421 - INFO - Gpu Power Watts Peak     : 267.3570
2025-11-01 20:13:58,421 - INFO - Gpu Temp Celsius Avg     : 52.2500
2025-11-01 20:13:58,421 - INFO - Gpu Temp Celsius Peak    : 60.0000
2025-11-01 20:13:58,421 - INFO - Gpu Utilization Percent Avg: 34.6786
2025-11-01 20:13:58,421 - INFO - Gpu Utilization Percent Peak: 100.0000
2025-11-01 20:13:58,421 - INFO - Gpu Mem Used Bytes Avg   : 23835377664.0000
2025-11-01 20:13:58,421 - INFO - Gpu Mem Used Bytes Peak  : 23835377664.0000
2025-11-01 20:13:58,421 - INFO - Gpu Vram Used Bytes      : 23835377664.0000
2025-11-01 20:13:58,421 - INFO - Accuracy                 : 0.5905
2025-11-01 20:13:58,421 - INFO - Precision                : 0.5918
2025-11-01 20:13:58,421 - INFO - Recall                   : 0.5905
2025-11-01 20:13:58,421 - INFO - F1 Score                 : 0.5870
2025-11-01 20:13:58,421 - INFO - ==================================================
2025-11-01 20:14:34,923 - INFO - Época 47 concluída. Loss média: 2.3392
2025-11-01 20:14:34,923 - INFO - Taxa de aprendizado ajustada para: 0.010000
2025-11-01 20:14:34,925 - INFO - Iniciando inferência com o modelo MobileNetV1...
2025-11-01 20:14:38,295 - INFO - ==================================================
2025-11-01 20:14:38,295 - INFO - EXPERIMENT RESULTS
2025-11-01 20:14:38,295 - INFO - ==================================================
2025-11-01 20:14:38,295 - INFO - Elapsed Time Seconds     : 3.3477
2025-11-01 20:14:38,295 - INFO - Cpu Usage Percent        : 2.2125
2025-11-01 20:14:38,295 - INFO - Ram Peak Usage Bytes     : 33900396544.0000
2025-11-01 20:14:38,295 - INFO - Disk Read Bytes          : 0.0000
2025-11-01 20:14:38,295 - INFO - Disk Write Bytes         : 245760.0000
2025-11-01 20:14:38,295 - INFO - Vram Peak Usage Bytes    : 5197153108.0000
2025-11-01 20:14:38,295 - INFO - Gpu Power Watts Avg      : 130.8461
2025-11-01 20:14:38,295 - INFO - Gpu Power Watts Peak     : 265.6360
2025-11-01 20:14:38,295 - INFO - Gpu Temp Celsius Avg     : 51.2424
2025-11-01 20:14:38,295 - INFO - Gpu Temp Celsius Peak    : 58.0000
2025-11-01 20:14:38,295 - INFO - Gpu Utilization Percent Avg: 31.4545
2025-11-01 20:14:38,295 - INFO - Gpu Utilization Percent Peak: 100.0000
2025-11-01 20:14:38,295 - INFO - Gpu Mem Used Bytes Avg   : 23835377664.0000
2025-11-01 20:14:38,295 - INFO - Gpu Mem Used Bytes Peak  : 23835377664.0000
2025-11-01 20:14:38,295 - INFO - Gpu Vram Used Bytes      : 23835377664.0000
2025-11-01 20:14:38,295 - INFO - Accuracy                 : 0.5893
2025-11-01 20:14:38,295 - INFO - Precision                : 0.5926
2025-11-01 20:14:38,295 - INFO - Recall                   : 0.5893
2025-11-01 20:14:38,295 - INFO - F1 Score                 : 0.5861
2025-11-01 20:14:38,295 - INFO - ==================================================
2025-11-01 20:15:14,478 - INFO - Época 48 concluída. Loss média: 2.3262
2025-11-01 20:15:14,478 - INFO - Taxa de aprendizado ajustada para: 0.010000
2025-11-01 20:15:14,479 - INFO - Iniciando inferência com o modelo MobileNetV1...
2025-11-01 20:15:18,041 - INFO - ==================================================
2025-11-01 20:15:18,041 - INFO - EXPERIMENT RESULTS
2025-11-01 20:15:18,041 - INFO - ==================================================
2025-11-01 20:15:18,042 - INFO - Elapsed Time Seconds     : 3.5400
2025-11-01 20:15:18,042 - INFO - Cpu Usage Percent        : 2.7719
2025-11-01 20:15:18,042 - INFO - Ram Peak Usage Bytes     : 33900437504.0000
2025-11-01 20:15:18,042 - INFO - Disk Read Bytes          : 0.0000
2025-11-01 20:15:18,042 - INFO - Disk Write Bytes         : 233472.0000
2025-11-01 20:15:18,042 - INFO - Vram Peak Usage Bytes    : 5197153108.0000
2025-11-01 20:15:18,042 - INFO - Gpu Power Watts Avg      : 130.4914
2025-11-01 20:15:18,042 - INFO - Gpu Power Watts Peak     : 256.9130
2025-11-01 20:15:18,042 - INFO - Gpu Temp Celsius Avg     : 51.4286
2025-11-01 20:15:18,042 - INFO - Gpu Temp Celsius Peak    : 59.0000
2025-11-01 20:15:18,042 - INFO - Gpu Utilization Percent Avg: 27.4286
2025-11-01 20:15:18,042 - INFO - Gpu Utilization Percent Peak: 99.0000
2025-11-01 20:15:18,042 - INFO - Gpu Mem Used Bytes Avg   : 23835377664.0000
2025-11-01 20:15:18,042 - INFO - Gpu Mem Used Bytes Peak  : 23835377664.0000
2025-11-01 20:15:18,042 - INFO - Gpu Vram Used Bytes      : 23835377664.0000
2025-11-01 20:15:18,042 - INFO - Accuracy                 : 0.5926
2025-11-01 20:15:18,042 - INFO - Precision                : 0.5968
2025-11-01 20:15:18,042 - INFO - Recall                   : 0.5926
2025-11-01 20:15:18,042 - INFO - F1 Score                 : 0.5903
2025-11-01 20:15:18,042 - INFO - ==================================================
2025-11-01 20:15:54,332 - INFO - Época 49 concluída. Loss média: 2.3231
2025-11-01 20:15:54,332 - INFO - Taxa de aprendizado ajustada para: 0.010000
2025-11-01 20:15:54,334 - INFO - Iniciando inferência com o modelo MobileNetV1...
2025-11-01 20:15:57,511 - INFO - ==================================================
2025-11-01 20:15:57,512 - INFO - EXPERIMENT RESULTS
2025-11-01 20:15:57,512 - INFO - ==================================================
2025-11-01 20:15:57,512 - INFO - Elapsed Time Seconds     : 3.1557
2025-11-01 20:15:57,512 - INFO - Cpu Usage Percent        : 2.3563
2025-11-01 20:15:57,512 - INFO - Ram Peak Usage Bytes     : 33900457984.0000
2025-11-01 20:15:57,512 - INFO - Disk Read Bytes          : 0.0000
2025-11-01 20:15:57,512 - INFO - Disk Write Bytes         : 241664.0000
2025-11-01 20:15:57,512 - INFO - Vram Peak Usage Bytes    : 5197153108.0000
2025-11-01 20:15:57,512 - INFO - Gpu Power Watts Avg      : 128.0403
2025-11-01 20:15:57,512 - INFO - Gpu Power Watts Peak     : 247.8000
2025-11-01 20:15:57,512 - INFO - Gpu Temp Celsius Avg     : 51.4516
2025-11-01 20:15:57,512 - INFO - Gpu Temp Celsius Peak    : 58.0000
2025-11-01 20:15:57,512 - INFO - Gpu Utilization Percent Avg: 33.5161
2025-11-01 20:15:57,512 - INFO - Gpu Utilization Percent Peak: 100.0000
2025-11-01 20:15:57,512 - INFO - Gpu Mem Used Bytes Avg   : 23835377664.0000
2025-11-01 20:15:57,512 - INFO - Gpu Mem Used Bytes Peak  : 23835377664.0000
2025-11-01 20:15:57,512 - INFO - Gpu Vram Used Bytes      : 23835377664.0000
2025-11-01 20:15:57,512 - INFO - Accuracy                 : 0.5919
2025-11-01 20:15:57,512 - INFO - Precision                : 0.5949
2025-11-01 20:15:57,512 - INFO - Recall                   : 0.5919
2025-11-01 20:15:57,512 - INFO - F1 Score                 : 0.5886
2025-11-01 20:15:57,512 - INFO - ==================================================
2025-11-01 20:16:35,173 - INFO - Época 50 concluída. Loss média: 2.3093
2025-11-01 20:16:35,174 - INFO - Taxa de aprendizado ajustada para: 0.010000
2025-11-01 20:16:35,175 - INFO - Iniciando inferência com o modelo MobileNetV1...
2025-11-01 20:16:38,057 - INFO - ==================================================
2025-11-01 20:16:38,057 - INFO - EXPERIMENT RESULTS
2025-11-01 20:16:38,057 - INFO - ==================================================
2025-11-01 20:16:38,057 - INFO - Elapsed Time Seconds     : 2.8598
2025-11-01 20:16:38,057 - INFO - Cpu Usage Percent        : 2.4156
2025-11-01 20:16:38,057 - INFO - Ram Peak Usage Bytes     : 33900490752.0000
2025-11-01 20:16:38,057 - INFO - Disk Read Bytes          : 0.0000
2025-11-01 20:16:38,057 - INFO - Disk Write Bytes         : 221184.0000
2025-11-01 20:16:38,057 - INFO - Vram Peak Usage Bytes    : 5197153108.0000
2025-11-01 20:16:38,057 - INFO - Gpu Power Watts Avg      : 144.5336
2025-11-01 20:16:38,057 - INFO - Gpu Power Watts Peak     : 261.8220
2025-11-01 20:16:38,058 - INFO - Gpu Temp Celsius Avg     : 52.3214
2025-11-01 20:16:38,058 - INFO - Gpu Temp Celsius Peak    : 60.0000
2025-11-01 20:16:38,058 - INFO - Gpu Utilization Percent Avg: 38.3571
2025-11-01 20:16:38,058 - INFO - Gpu Utilization Percent Peak: 100.0000
2025-11-01 20:16:38,058 - INFO - Gpu Mem Used Bytes Avg   : 23835377664.0000
2025-11-01 20:16:38,058 - INFO - Gpu Mem Used Bytes Peak  : 23835377664.0000
2025-11-01 20:16:38,058 - INFO - Gpu Vram Used Bytes      : 23835377664.0000
2025-11-01 20:16:38,058 - INFO - Accuracy                 : 0.5924
2025-11-01 20:16:38,058 - INFO - Precision                : 0.5923
2025-11-01 20:16:38,058 - INFO - Recall                   : 0.5924
2025-11-01 20:16:38,058 - INFO - F1 Score                 : 0.5878
2025-11-01 20:16:38,058 - INFO - ==================================================
2025-11-01 20:17:16,231 - INFO - Época 51 concluída. Loss média: 2.3042
2025-11-01 20:17:16,231 - INFO - Taxa de aprendizado ajustada para: 0.010000
2025-11-01 20:17:16,233 - INFO - Iniciando inferência com o modelo MobileNetV1...
2025-11-01 20:17:19,723 - INFO - ==================================================
2025-11-01 20:17:19,723 - INFO - EXPERIMENT RESULTS
2025-11-01 20:17:19,723 - INFO - ==================================================
2025-11-01 20:17:19,723 - INFO - Elapsed Time Seconds     : 3.4686
2025-11-01 20:17:19,723 - INFO - Cpu Usage Percent        : 2.0719
2025-11-01 20:17:19,723 - INFO - Ram Peak Usage Bytes     : 33900523520.0000
2025-11-01 20:17:19,723 - INFO - Disk Read Bytes          : 0.0000
2025-11-01 20:17:19,723 - INFO - Disk Write Bytes         : 135168.0000
2025-11-01 20:17:19,724 - INFO - Vram Peak Usage Bytes    : 5197153108.0000
2025-11-01 20:17:19,724 - INFO - Gpu Power Watts Avg      : 133.7403
2025-11-01 20:17:19,724 - INFO - Gpu Power Watts Peak     : 255.9240
2025-11-01 20:17:19,724 - INFO - Gpu Temp Celsius Avg     : 51.6471
2025-11-01 20:17:19,724 - INFO - Gpu Temp Celsius Peak    : 60.0000
2025-11-01 20:17:19,724 - INFO - Gpu Utilization Percent Avg: 29.0294
2025-11-01 20:17:19,724 - INFO - Gpu Utilization Percent Peak: 100.0000
2025-11-01 20:17:19,724 - INFO - Gpu Mem Used Bytes Avg   : 23835377664.0000
2025-11-01 20:17:19,724 - INFO - Gpu Mem Used Bytes Peak  : 23835377664.0000
2025-11-01 20:17:19,724 - INFO - Gpu Vram Used Bytes      : 23835377664.0000
2025-11-01 20:17:19,724 - INFO - Accuracy                 : 0.5939
2025-11-01 20:17:19,724 - INFO - Precision                : 0.5990
2025-11-01 20:17:19,724 - INFO - Recall                   : 0.5939
2025-11-01 20:17:19,724 - INFO - F1 Score                 : 0.5916
2025-11-01 20:17:19,724 - INFO - ==================================================
2025-11-01 20:17:55,548 - INFO - Época 52 concluída. Loss média: 2.2971
2025-11-01 20:17:55,548 - INFO - Taxa de aprendizado ajustada para: 0.010000
2025-11-01 20:17:55,550 - INFO - Iniciando inferência com o modelo MobileNetV1...
2025-11-01 20:17:58,523 - INFO - ==================================================
2025-11-01 20:17:58,523 - INFO - EXPERIMENT RESULTS
2025-11-01 20:17:58,523 - INFO - ==================================================
2025-11-01 20:17:58,523 - INFO - Elapsed Time Seconds     : 2.9511
2025-11-01 20:17:58,523 - INFO - Cpu Usage Percent        : 2.3406
2025-11-01 20:17:58,523 - INFO - Ram Peak Usage Bytes     : 33900544000.0000
2025-11-01 20:17:58,523 - INFO - Disk Read Bytes          : 0.0000
2025-11-01 20:17:58,523 - INFO - Disk Write Bytes         : 196608.0000
2025-11-01 20:17:58,523 - INFO - Vram Peak Usage Bytes    : 5197153108.0000
2025-11-01 20:17:58,523 - INFO - Gpu Power Watts Avg      : 139.9106
2025-11-01 20:17:58,523 - INFO - Gpu Power Watts Peak     : 263.8450
2025-11-01 20:17:58,523 - INFO - Gpu Temp Celsius Avg     : 52.5862
2025-11-01 20:17:58,523 - INFO - Gpu Temp Celsius Peak    : 60.0000
2025-11-01 20:17:58,523 - INFO - Gpu Utilization Percent Avg: 34.0345
2025-11-01 20:17:58,523 - INFO - Gpu Utilization Percent Peak: 100.0000
2025-11-01 20:17:58,523 - INFO - Gpu Mem Used Bytes Avg   : 23835377664.0000
2025-11-01 20:17:58,523 - INFO - Gpu Mem Used Bytes Peak  : 23835377664.0000
2025-11-01 20:17:58,523 - INFO - Gpu Vram Used Bytes      : 23835377664.0000
2025-11-01 20:17:58,523 - INFO - Accuracy                 : 0.5956
2025-11-01 20:17:58,523 - INFO - Precision                : 0.5993
2025-11-01 20:17:58,523 - INFO - Recall                   : 0.5956
2025-11-01 20:17:58,524 - INFO - F1 Score                 : 0.5934
2025-11-01 20:17:58,524 - INFO - ==================================================
2025-11-01 20:18:34,804 - INFO - Época 53 concluída. Loss média: 2.2891
2025-11-01 20:18:34,804 - INFO - Taxa de aprendizado ajustada para: 0.010000
2025-11-01 20:18:34,806 - INFO - Iniciando inferência com o modelo MobileNetV1...
2025-11-01 20:18:38,675 - INFO - ==================================================
2025-11-01 20:18:38,675 - INFO - EXPERIMENT RESULTS
2025-11-01 20:18:38,675 - INFO - ==================================================
2025-11-01 20:18:38,675 - INFO - Elapsed Time Seconds     : 3.8476
2025-11-01 20:18:38,676 - INFO - Cpu Usage Percent        : 2.5812
2025-11-01 20:18:38,676 - INFO - Ram Peak Usage Bytes     : 33900572672.0000
2025-11-01 20:18:38,676 - INFO - Disk Read Bytes          : 0.0000
2025-11-01 20:18:38,676 - INFO - Disk Write Bytes         : 233472.0000
2025-11-01 20:18:38,676 - INFO - Vram Peak Usage Bytes    : 5197153108.0000
2025-11-01 20:18:38,676 - INFO - Gpu Power Watts Avg      : 119.8389
2025-11-01 20:18:38,676 - INFO - Gpu Power Watts Peak     : 252.5110
2025-11-01 20:18:38,676 - INFO - Gpu Temp Celsius Avg     : 50.6579
2025-11-01 20:18:38,676 - INFO - Gpu Temp Celsius Peak    : 57.0000
2025-11-01 20:18:38,676 - INFO - Gpu Utilization Percent Avg: 26.2632
2025-11-01 20:18:38,676 - INFO - Gpu Utilization Percent Peak: 100.0000
2025-11-01 20:18:38,676 - INFO - Gpu Mem Used Bytes Avg   : 23835377664.0000
2025-11-01 20:18:38,676 - INFO - Gpu Mem Used Bytes Peak  : 23835377664.0000
2025-11-01 20:18:38,676 - INFO - Gpu Vram Used Bytes      : 23835377664.0000
2025-11-01 20:18:38,676 - INFO - Accuracy                 : 0.5909
2025-11-01 20:18:38,676 - INFO - Precision                : 0.5939
2025-11-01 20:18:38,676 - INFO - Recall                   : 0.5909
2025-11-01 20:18:38,676 - INFO - F1 Score                 : 0.5876
2025-11-01 20:18:38,676 - INFO - ==================================================
2025-11-01 20:19:14,607 - INFO - Época 54 concluída. Loss média: 2.2819
2025-11-01 20:19:14,607 - INFO - Taxa de aprendizado ajustada para: 0.010000
2025-11-01 20:19:14,608 - INFO - Iniciando inferência com o modelo MobileNetV1...
2025-11-01 20:19:17,452 - INFO - ==================================================
2025-11-01 20:19:17,452 - INFO - EXPERIMENT RESULTS
2025-11-01 20:19:17,452 - INFO - ==================================================
2025-11-01 20:19:17,452 - INFO - Elapsed Time Seconds     : 2.8307
2025-11-01 20:19:17,452 - INFO - Cpu Usage Percent        : 2.4937
2025-11-01 20:19:17,452 - INFO - Ram Peak Usage Bytes     : 33900605440.0000
2025-11-01 20:19:17,452 - INFO - Disk Read Bytes          : 0.0000
2025-11-01 20:19:17,452 - INFO - Disk Write Bytes         : 225280.0000
2025-11-01 20:19:17,452 - INFO - Vram Peak Usage Bytes    : 5197153108.0000
2025-11-01 20:19:17,452 - INFO - Gpu Power Watts Avg      : 144.3330
2025-11-01 20:19:17,452 - INFO - Gpu Power Watts Peak     : 259.6320
2025-11-01 20:19:17,452 - INFO - Gpu Temp Celsius Avg     : 52.8571
2025-11-01 20:19:17,452 - INFO - Gpu Temp Celsius Peak    : 60.0000
2025-11-01 20:19:17,452 - INFO - Gpu Utilization Percent Avg: 35.4286
2025-11-01 20:19:17,452 - INFO - Gpu Utilization Percent Peak: 100.0000
2025-11-01 20:19:17,452 - INFO - Gpu Mem Used Bytes Avg   : 23835377664.0000
2025-11-01 20:19:17,452 - INFO - Gpu Mem Used Bytes Peak  : 23835377664.0000
2025-11-01 20:19:17,452 - INFO - Gpu Vram Used Bytes      : 23835377664.0000
2025-11-01 20:19:17,452 - INFO - Accuracy                 : 0.5949
2025-11-01 20:19:17,452 - INFO - Precision                : 0.5996
2025-11-01 20:19:17,452 - INFO - Recall                   : 0.5949
2025-11-01 20:19:17,452 - INFO - F1 Score                 : 0.5927
2025-11-01 20:19:17,452 - INFO - ==================================================
2025-11-01 20:19:53,491 - INFO - Época 55 concluída. Loss média: 2.2765
2025-11-01 20:19:53,491 - INFO - Taxa de aprendizado ajustada para: 0.010000
2025-11-01 20:19:53,493 - INFO - Iniciando inferência com o modelo MobileNetV1...
2025-11-01 20:19:57,060 - INFO - ==================================================
2025-11-01 20:19:57,060 - INFO - EXPERIMENT RESULTS
2025-11-01 20:19:57,060 - INFO - ==================================================
2025-11-01 20:19:57,060 - INFO - Elapsed Time Seconds     : 3.5530
2025-11-01 20:19:57,060 - INFO - Cpu Usage Percent        : 2.7188
2025-11-01 20:19:57,060 - INFO - Ram Peak Usage Bytes     : 33900814336.0000
2025-11-01 20:19:57,060 - INFO - Disk Read Bytes          : 0.0000
2025-11-01 20:19:57,060 - INFO - Disk Write Bytes         : 212992.0000
2025-11-01 20:19:57,060 - INFO - Vram Peak Usage Bytes    : 5197153108.0000
2025-11-01 20:19:57,060 - INFO - Gpu Power Watts Avg      : 133.6682
2025-11-01 20:19:57,060 - INFO - Gpu Power Watts Peak     : 258.9620
2025-11-01 20:19:57,060 - INFO - Gpu Temp Celsius Avg     : 51.5429
2025-11-01 20:19:57,060 - INFO - Gpu Temp Celsius Peak    : 59.0000
2025-11-01 20:19:57,060 - INFO - Gpu Utilization Percent Avg: 26.8571
2025-11-01 20:19:57,060 - INFO - Gpu Utilization Percent Peak: 100.0000
2025-11-01 20:19:57,060 - INFO - Gpu Mem Used Bytes Avg   : 23835377664.0000
2025-11-01 20:19:57,060 - INFO - Gpu Mem Used Bytes Peak  : 23835377664.0000
2025-11-01 20:19:57,060 - INFO - Gpu Vram Used Bytes      : 23835377664.0000
2025-11-01 20:19:57,060 - INFO - Accuracy                 : 0.5927
2025-11-01 20:19:57,060 - INFO - Precision                : 0.5959
2025-11-01 20:19:57,061 - INFO - Recall                   : 0.5927
2025-11-01 20:19:57,061 - INFO - F1 Score                 : 0.5899
2025-11-01 20:19:57,061 - INFO - ==================================================
2025-11-01 20:20:33,053 - INFO - Época 56 concluída. Loss média: 2.2721
2025-11-01 20:20:33,053 - INFO - Taxa de aprendizado ajustada para: 0.010000
2025-11-01 20:20:33,054 - INFO - Iniciando inferência com o modelo MobileNetV1...
2025-11-01 20:20:36,221 - INFO - ==================================================
2025-11-01 20:20:36,222 - INFO - EXPERIMENT RESULTS
2025-11-01 20:20:36,222 - INFO - ==================================================
2025-11-01 20:20:36,222 - INFO - Elapsed Time Seconds     : 3.1451
2025-11-01 20:20:36,222 - INFO - Cpu Usage Percent        : 2.2250
2025-11-01 20:20:36,222 - INFO - Ram Peak Usage Bytes     : 33900834816.0000
2025-11-01 20:20:36,222 - INFO - Disk Read Bytes          : 0.0000
2025-11-01 20:20:36,222 - INFO - Disk Write Bytes         : 0.0000
2025-11-01 20:20:36,222 - INFO - Vram Peak Usage Bytes    : 5197153108.0000
2025-11-01 20:20:36,222 - INFO - Gpu Power Watts Avg      : 133.6114
2025-11-01 20:20:36,222 - INFO - Gpu Power Watts Peak     : 250.0120
2025-11-01 20:20:36,222 - INFO - Gpu Temp Celsius Avg     : 52.3548
2025-11-01 20:20:36,222 - INFO - Gpu Temp Celsius Peak    : 60.0000
2025-11-01 20:20:36,222 - INFO - Gpu Utilization Percent Avg: 31.5484
2025-11-01 20:20:36,222 - INFO - Gpu Utilization Percent Peak: 100.0000
2025-11-01 20:20:36,222 - INFO - Gpu Mem Used Bytes Avg   : 23835377664.0000
2025-11-01 20:20:36,222 - INFO - Gpu Mem Used Bytes Peak  : 23835377664.0000
2025-11-01 20:20:36,222 - INFO - Gpu Vram Used Bytes      : 23835377664.0000
2025-11-01 20:20:36,222 - INFO - Accuracy                 : 0.5925
2025-11-01 20:20:36,222 - INFO - Precision                : 0.5961
2025-11-01 20:20:36,222 - INFO - Recall                   : 0.5925
2025-11-01 20:20:36,222 - INFO - F1 Score                 : 0.5895
2025-11-01 20:20:36,222 - INFO - ==================================================
2025-11-01 20:21:13,860 - INFO - Época 57 concluída. Loss média: 2.2555
2025-11-01 20:21:13,861 - INFO - Taxa de aprendizado ajustada para: 0.010000
2025-11-01 20:21:13,862 - INFO - Iniciando inferência com o modelo MobileNetV1...
2025-11-01 20:21:17,262 - INFO - ==================================================
2025-11-01 20:21:17,262 - INFO - EXPERIMENT RESULTS
2025-11-01 20:21:17,262 - INFO - ==================================================
2025-11-01 20:21:17,262 - INFO - Elapsed Time Seconds     : 3.3777
2025-11-01 20:21:17,262 - INFO - Cpu Usage Percent        : 2.1938
2025-11-01 20:21:17,262 - INFO - Ram Peak Usage Bytes     : 33900875776.0000
2025-11-01 20:21:17,262 - INFO - Disk Read Bytes          : 0.0000
2025-11-01 20:21:17,262 - INFO - Disk Write Bytes         : 208896.0000
2025-11-01 20:21:17,262 - INFO - Vram Peak Usage Bytes    : 5197153108.0000
2025-11-01 20:21:17,262 - INFO - Gpu Power Watts Avg      : 130.9816
2025-11-01 20:21:17,262 - INFO - Gpu Power Watts Peak     : 253.4850
2025-11-01 20:21:17,262 - INFO - Gpu Temp Celsius Avg     : 51.0909
2025-11-01 20:21:17,262 - INFO - Gpu Temp Celsius Peak    : 56.0000
2025-11-01 20:21:17,262 - INFO - Gpu Utilization Percent Avg: 28.3636
2025-11-01 20:21:17,262 - INFO - Gpu Utilization Percent Peak: 100.0000
2025-11-01 20:21:17,262 - INFO - Gpu Mem Used Bytes Avg   : 23835377664.0000
2025-11-01 20:21:17,262 - INFO - Gpu Mem Used Bytes Peak  : 23835377664.0000
2025-11-01 20:21:17,262 - INFO - Gpu Vram Used Bytes      : 23835377664.0000
2025-11-01 20:21:17,262 - INFO - Accuracy                 : 0.5954
2025-11-01 20:21:17,262 - INFO - Precision                : 0.6000
2025-11-01 20:21:17,263 - INFO - Recall                   : 0.5954
2025-11-01 20:21:17,263 - INFO - F1 Score                 : 0.5936
2025-11-01 20:21:17,263 - INFO - ==================================================
2025-11-01 20:21:53,697 - INFO - Época 58 concluída. Loss média: 2.2478
2025-11-01 20:21:53,697 - INFO - Taxa de aprendizado ajustada para: 0.010000
2025-11-01 20:21:53,699 - INFO - Iniciando inferência com o modelo MobileNetV1...
2025-11-01 20:21:57,391 - INFO - ==================================================
2025-11-01 20:21:57,391 - INFO - EXPERIMENT RESULTS
2025-11-01 20:21:57,391 - INFO - ==================================================
2025-11-01 20:21:57,391 - INFO - Elapsed Time Seconds     : 3.6700
2025-11-01 20:21:57,391 - INFO - Cpu Usage Percent        : 2.7500
2025-11-01 20:21:57,391 - INFO - Ram Peak Usage Bytes     : 33900892160.0000
2025-11-01 20:21:57,391 - INFO - Disk Read Bytes          : 0.0000
2025-11-01 20:21:57,391 - INFO - Disk Write Bytes         : 221184.0000
2025-11-01 20:21:57,391 - INFO - Vram Peak Usage Bytes    : 5197153108.0000
2025-11-01 20:21:57,391 - INFO - Gpu Power Watts Avg      : 122.2292
2025-11-01 20:21:57,391 - INFO - Gpu Power Watts Peak     : 245.7720
2025-11-01 20:21:57,391 - INFO - Gpu Temp Celsius Avg     : 51.6111
2025-11-01 20:21:57,391 - INFO - Gpu Temp Celsius Peak    : 60.0000
2025-11-01 20:21:57,391 - INFO - Gpu Utilization Percent Avg: 28.8611
2025-11-01 20:21:57,391 - INFO - Gpu Utilization Percent Peak: 100.0000
2025-11-01 20:21:57,392 - INFO - Gpu Mem Used Bytes Avg   : 23835377664.0000
2025-11-01 20:21:57,392 - INFO - Gpu Mem Used Bytes Peak  : 23835377664.0000
2025-11-01 20:21:57,392 - INFO - Gpu Vram Used Bytes      : 23835377664.0000
2025-11-01 20:21:57,392 - INFO - Accuracy                 : 0.5940
2025-11-01 20:21:57,392 - INFO - Precision                : 0.6005
2025-11-01 20:21:57,392 - INFO - Recall                   : 0.5940
2025-11-01 20:21:57,392 - INFO - F1 Score                 : 0.5924
2025-11-01 20:21:57,392 - INFO - ==================================================
2025-11-01 20:22:34,648 - INFO - Época 59 concluída. Loss média: 2.2468
2025-11-01 20:22:34,648 - INFO - Taxa de aprendizado ajustada para: 0.010000
2025-11-01 20:22:34,650 - INFO - Iniciando inferência com o modelo MobileNetV1...
2025-11-01 20:22:37,845 - INFO - ==================================================
2025-11-01 20:22:37,846 - INFO - EXPERIMENT RESULTS
2025-11-01 20:22:37,846 - INFO - ==================================================
2025-11-01 20:22:37,846 - INFO - Elapsed Time Seconds     : 3.1735
2025-11-01 20:22:37,846 - INFO - Cpu Usage Percent        : 2.2250
2025-11-01 20:22:37,846 - INFO - Ram Peak Usage Bytes     : 33900924928.0000
2025-11-01 20:22:37,846 - INFO - Disk Read Bytes          : 0.0000
2025-11-01 20:22:37,846 - INFO - Disk Write Bytes         : 225280.0000
2025-11-01 20:22:37,846 - INFO - Vram Peak Usage Bytes    : 5197153108.0000
2025-11-01 20:22:37,846 - INFO - Gpu Power Watts Avg      : 132.1190
2025-11-01 20:22:37,846 - INFO - Gpu Power Watts Peak     : 256.7690
2025-11-01 20:22:37,846 - INFO - Gpu Temp Celsius Avg     : 51.2903
2025-11-01 20:22:37,846 - INFO - Gpu Temp Celsius Peak    : 57.0000
2025-11-01 20:22:37,846 - INFO - Gpu Utilization Percent Avg: 33.2258
2025-11-01 20:22:37,846 - INFO - Gpu Utilization Percent Peak: 100.0000
2025-11-01 20:22:37,846 - INFO - Gpu Mem Used Bytes Avg   : 23835377664.0000
2025-11-01 20:22:37,846 - INFO - Gpu Mem Used Bytes Peak  : 23835377664.0000
2025-11-01 20:22:37,846 - INFO - Gpu Vram Used Bytes      : 23835377664.0000
2025-11-01 20:22:37,846 - INFO - Accuracy                 : 0.5883
2025-11-01 20:22:37,846 - INFO - Precision                : 0.5949
2025-11-01 20:22:37,846 - INFO - Recall                   : 0.5883
2025-11-01 20:22:37,846 - INFO - F1 Score                 : 0.5863
2025-11-01 20:22:37,846 - INFO - ==================================================
2025-11-01 20:23:14,012 - INFO - Época 60 concluída. Loss média: 2.2390
2025-11-01 20:23:14,013 - INFO - Taxa de aprendizado ajustada para: 0.001000
2025-11-01 20:23:14,014 - INFO - Iniciando inferência com o modelo MobileNetV1...
2025-11-01 20:23:17,293 - INFO - ==================================================
2025-11-01 20:23:17,293 - INFO - EXPERIMENT RESULTS
2025-11-01 20:23:17,293 - INFO - ==================================================
2025-11-01 20:23:17,293 - INFO - Elapsed Time Seconds     : 3.2563
2025-11-01 20:23:17,293 - INFO - Cpu Usage Percent        : 2.2844
2025-11-01 20:23:17,293 - INFO - Ram Peak Usage Bytes     : 33900961792.0000
2025-11-01 20:23:17,293 - INFO - Disk Read Bytes          : 0.0000
2025-11-01 20:23:17,293 - INFO - Disk Write Bytes         : 229376.0000
2025-11-01 20:23:17,293 - INFO - Vram Peak Usage Bytes    : 5197153108.0000
2025-11-01 20:23:17,293 - INFO - Gpu Power Watts Avg      : 126.1921
2025-11-01 20:23:17,293 - INFO - Gpu Power Watts Peak     : 258.8930
2025-11-01 20:23:17,293 - INFO - Gpu Temp Celsius Avg     : 50.9062
2025-11-01 20:23:17,293 - INFO - Gpu Temp Celsius Peak    : 56.0000
2025-11-01 20:23:17,293 - INFO - Gpu Utilization Percent Avg: 30.6875
2025-11-01 20:23:17,293 - INFO - Gpu Utilization Percent Peak: 100.0000
2025-11-01 20:23:17,293 - INFO - Gpu Mem Used Bytes Avg   : 23835377664.0000
2025-11-01 20:23:17,293 - INFO - Gpu Mem Used Bytes Peak  : 23835377664.0000
2025-11-01 20:23:17,293 - INFO - Gpu Vram Used Bytes      : 23835377664.0000
2025-11-01 20:23:17,293 - INFO - Accuracy                 : 0.5910
2025-11-01 20:23:17,293 - INFO - Precision                : 0.5976
2025-11-01 20:23:17,293 - INFO - Recall                   : 0.5910
2025-11-01 20:23:17,293 - INFO - F1 Score                 : 0.5891
2025-11-01 20:23:17,293 - INFO - ==================================================
2025-11-01 20:23:54,548 - INFO - Época 61 concluída. Loss média: 2.1878
2025-11-01 20:23:54,548 - INFO - Taxa de aprendizado ajustada para: 0.001000
2025-11-01 20:23:54,549 - INFO - Iniciando inferência com o modelo MobileNetV1...
2025-11-01 20:23:57,713 - INFO - ==================================================
2025-11-01 20:23:57,713 - INFO - EXPERIMENT RESULTS
2025-11-01 20:23:57,713 - INFO - ==================================================
2025-11-01 20:23:57,713 - INFO - Elapsed Time Seconds     : 3.1414
2025-11-01 20:23:57,713 - INFO - Cpu Usage Percent        : 2.2875
2025-11-01 20:23:57,713 - INFO - Ram Peak Usage Bytes     : 33902718976.0000
2025-11-01 20:23:57,713 - INFO - Disk Read Bytes          : 0.0000
2025-11-01 20:23:57,713 - INFO - Disk Write Bytes         : 225280.0000
2025-11-01 20:23:57,713 - INFO - Vram Peak Usage Bytes    : 5197153108.0000
2025-11-01 20:23:57,713 - INFO - Gpu Power Watts Avg      : 133.8969
2025-11-01 20:23:57,713 - INFO - Gpu Power Watts Peak     : 261.9270
2025-11-01 20:23:57,713 - INFO - Gpu Temp Celsius Avg     : 51.5484
2025-11-01 20:23:57,713 - INFO - Gpu Temp Celsius Peak    : 59.0000
2025-11-01 20:23:57,713 - INFO - Gpu Utilization Percent Avg: 33.3226
2025-11-01 20:23:57,713 - INFO - Gpu Utilization Percent Peak: 100.0000
2025-11-01 20:23:57,713 - INFO - Gpu Mem Used Bytes Avg   : 23902486528.0000
2025-11-01 20:23:57,713 - INFO - Gpu Mem Used Bytes Peak  : 23902486528.0000
2025-11-01 20:23:57,713 - INFO - Gpu Vram Used Bytes      : 23902486528.0000
2025-11-01 20:23:57,713 - INFO - Accuracy                 : 0.6029
2025-11-01 20:23:57,713 - INFO - Precision                : 0.6046
2025-11-01 20:23:57,713 - INFO - Recall                   : 0.6029
2025-11-01 20:23:57,713 - INFO - F1 Score                 : 0.6010
2025-11-01 20:23:57,713 - INFO - ==================================================
2025-11-01 20:24:34,426 - INFO - Época 62 concluída. Loss média: 2.1752
2025-11-01 20:24:34,427 - INFO - Taxa de aprendizado ajustada para: 0.001000
2025-11-01 20:24:34,428 - INFO - Iniciando inferência com o modelo MobileNetV1...
2025-11-01 20:24:37,496 - INFO - ==================================================
2025-11-01 20:24:37,496 - INFO - EXPERIMENT RESULTS
2025-11-01 20:24:37,496 - INFO - ==================================================
2025-11-01 20:24:37,496 - INFO - Elapsed Time Seconds     : 3.0458
2025-11-01 20:24:37,496 - INFO - Cpu Usage Percent        : 2.2687
2025-11-01 20:24:37,496 - INFO - Ram Peak Usage Bytes     : 33903411200.0000
2025-11-01 20:24:37,496 - INFO - Disk Read Bytes          : 0.0000
2025-11-01 20:24:37,496 - INFO - Disk Write Bytes         : 245760.0000
2025-11-01 20:24:37,496 - INFO - Vram Peak Usage Bytes    : 5197153108.0000
2025-11-01 20:24:37,496 - INFO - Gpu Power Watts Avg      : 132.7782
2025-11-01 20:24:37,496 - INFO - Gpu Power Watts Peak     : 262.0300
2025-11-01 20:24:37,496 - INFO - Gpu Temp Celsius Avg     : 52.3000
2025-11-01 20:24:37,496 - INFO - Gpu Temp Celsius Peak    : 60.0000
2025-11-01 20:24:37,496 - INFO - Gpu Utilization Percent Avg: 35.5000
2025-11-01 20:24:37,496 - INFO - Gpu Utilization Percent Peak: 100.0000
2025-11-01 20:24:37,496 - INFO - Gpu Mem Used Bytes Avg   : 23902486528.0000
2025-11-01 20:24:37,497 - INFO - Gpu Mem Used Bytes Peak  : 23902486528.0000
2025-11-01 20:24:37,497 - INFO - Gpu Vram Used Bytes      : 23902486528.0000
2025-11-01 20:24:37,497 - INFO - Accuracy                 : 0.6037
2025-11-01 20:24:37,497 - INFO - Precision                : 0.6048
2025-11-01 20:24:37,497 - INFO - Recall                   : 0.6037
2025-11-01 20:24:37,497 - INFO - F1 Score                 : 0.6014
2025-11-01 20:24:37,497 - INFO - ==================================================
2025-11-01 20:25:13,449 - INFO - Época 63 concluída. Loss média: 2.1685
2025-11-01 20:25:13,449 - INFO - Taxa de aprendizado ajustada para: 0.001000
2025-11-01 20:25:13,451 - INFO - Iniciando inferência com o modelo MobileNetV1...
2025-11-01 20:25:16,299 - INFO - ==================================================
2025-11-01 20:25:16,299 - INFO - EXPERIMENT RESULTS
2025-11-01 20:25:16,299 - INFO - ==================================================
2025-11-01 20:25:16,299 - INFO - Elapsed Time Seconds     : 2.8345
2025-11-01 20:25:16,299 - INFO - Cpu Usage Percent        : 2.5344
2025-11-01 20:25:16,299 - INFO - Ram Peak Usage Bytes     : 33903423488.0000
2025-11-01 20:25:16,299 - INFO - Disk Read Bytes          : 0.0000
2025-11-01 20:25:16,299 - INFO - Disk Write Bytes         : 266240.0000
2025-11-01 20:25:16,299 - INFO - Vram Peak Usage Bytes    : 5197153108.0000
2025-11-01 20:25:16,299 - INFO - Gpu Power Watts Avg      : 142.8358
2025-11-01 20:25:16,299 - INFO - Gpu Power Watts Peak     : 247.9110
2025-11-01 20:25:16,299 - INFO - Gpu Temp Celsius Avg     : 52.5357
2025-11-01 20:25:16,299 - INFO - Gpu Temp Celsius Peak    : 60.0000
2025-11-01 20:25:16,299 - INFO - Gpu Utilization Percent Avg: 34.7857
2025-11-01 20:25:16,299 - INFO - Gpu Utilization Percent Peak: 100.0000
2025-11-01 20:25:16,299 - INFO - Gpu Mem Used Bytes Avg   : 23902486528.0000
2025-11-01 20:25:16,299 - INFO - Gpu Mem Used Bytes Peak  : 23902486528.0000
2025-11-01 20:25:16,299 - INFO - Gpu Vram Used Bytes      : 23902486528.0000
2025-11-01 20:25:16,299 - INFO - Accuracy                 : 0.6061
2025-11-01 20:25:16,299 - INFO - Precision                : 0.6070
2025-11-01 20:25:16,299 - INFO - Recall                   : 0.6061
2025-11-01 20:25:16,299 - INFO - F1 Score                 : 0.6039
2025-11-01 20:25:16,299 - INFO - ==================================================
2025-11-01 20:25:53,508 - INFO - Época 64 concluída. Loss média: 2.1609
2025-11-01 20:25:53,509 - INFO - Taxa de aprendizado ajustada para: 0.001000
2025-11-01 20:25:53,510 - INFO - Iniciando inferência com o modelo MobileNetV1...
2025-11-01 20:25:57,379 - INFO - ==================================================
2025-11-01 20:25:57,379 - INFO - EXPERIMENT RESULTS
2025-11-01 20:25:57,379 - INFO - ==================================================
2025-11-01 20:25:57,379 - INFO - Elapsed Time Seconds     : 3.8469
2025-11-01 20:25:57,379 - INFO - Cpu Usage Percent        : 2.5750
2025-11-01 20:25:57,379 - INFO - Ram Peak Usage Bytes     : 33904766976.0000
2025-11-01 20:25:57,379 - INFO - Disk Read Bytes          : 0.0000
2025-11-01 20:25:57,379 - INFO - Disk Write Bytes         : 278528.0000
2025-11-01 20:25:57,379 - INFO - Vram Peak Usage Bytes    : 5197153108.0000
2025-11-01 20:25:57,379 - INFO - Gpu Power Watts Avg      : 113.3708
2025-11-01 20:25:57,380 - INFO - Gpu Power Watts Peak     : 262.1520
2025-11-01 20:25:57,380 - INFO - Gpu Temp Celsius Avg     : 50.8421
2025-11-01 20:25:57,380 - INFO - Gpu Temp Celsius Peak    : 59.0000
2025-11-01 20:25:57,380 - INFO - Gpu Utilization Percent Avg: 26.4211
2025-11-01 20:25:57,380 - INFO - Gpu Utilization Percent Peak: 100.0000
2025-11-01 20:25:57,380 - INFO - Gpu Mem Used Bytes Avg   : 23902486528.0000
2025-11-01 20:25:57,380 - INFO - Gpu Mem Used Bytes Peak  : 23902486528.0000
2025-11-01 20:25:57,380 - INFO - Gpu Vram Used Bytes      : 23902486528.0000
2025-11-01 20:25:57,380 - INFO - Accuracy                 : 0.6048
2025-11-01 20:25:57,380 - INFO - Precision                : 0.6071
2025-11-01 20:25:57,380 - INFO - Recall                   : 0.6048
2025-11-01 20:25:57,380 - INFO - F1 Score                 : 0.6031
2025-11-01 20:25:57,380 - INFO - ==================================================
2025-11-01 20:26:34,677 - INFO - Época 65 concluída. Loss média: 2.1627
2025-11-01 20:26:34,677 - INFO - Taxa de aprendizado ajustada para: 0.001000
2025-11-01 20:26:34,679 - INFO - Iniciando inferência com o modelo MobileNetV1...
2025-11-01 20:26:37,863 - INFO - ==================================================
2025-11-01 20:26:37,863 - INFO - EXPERIMENT RESULTS
2025-11-01 20:26:37,863 - INFO - ==================================================
2025-11-01 20:26:37,863 - INFO - Elapsed Time Seconds     : 3.1626
2025-11-01 20:26:37,863 - INFO - Cpu Usage Percent        : 2.2437
2025-11-01 20:26:37,863 - INFO - Ram Peak Usage Bytes     : 33912209408.0000
2025-11-01 20:26:37,863 - INFO - Disk Read Bytes          : 0.0000
2025-11-01 20:26:37,863 - INFO - Disk Write Bytes         : 258048.0000
2025-11-01 20:26:37,863 - INFO - Vram Peak Usage Bytes    : 5197153108.0000
2025-11-01 20:26:37,863 - INFO - Gpu Power Watts Avg      : 127.2971
2025-11-01 20:26:37,863 - INFO - Gpu Power Watts Peak     : 257.9220
2025-11-01 20:26:37,863 - INFO - Gpu Temp Celsius Avg     : 51.8710
2025-11-01 20:26:37,863 - INFO - Gpu Temp Celsius Peak    : 60.0000
2025-11-01 20:26:37,864 - INFO - Gpu Utilization Percent Avg: 33.2258
2025-11-01 20:26:37,864 - INFO - Gpu Utilization Percent Peak: 100.0000
2025-11-01 20:26:37,864 - INFO - Gpu Mem Used Bytes Avg   : 23902486528.0000
2025-11-01 20:26:37,864 - INFO - Gpu Mem Used Bytes Peak  : 23902486528.0000
2025-11-01 20:26:37,864 - INFO - Gpu Vram Used Bytes      : 23902486528.0000
2025-11-01 20:26:37,864 - INFO - Accuracy                 : 0.6044
2025-11-01 20:26:37,864 - INFO - Precision                : 0.6054
2025-11-01 20:26:37,864 - INFO - Recall                   : 0.6044
2025-11-01 20:26:37,864 - INFO - F1 Score                 : 0.6021
2025-11-01 20:26:37,864 - INFO - ==================================================
2025-11-01 20:27:14,040 - INFO - Época 66 concluída. Loss média: 2.1636
2025-11-01 20:27:14,040 - INFO - Taxa de aprendizado ajustada para: 0.001000
2025-11-01 20:27:14,042 - INFO - Iniciando inferência com o modelo MobileNetV1...
2025-11-01 20:27:17,613 - INFO - ==================================================
2025-11-01 20:27:17,613 - INFO - EXPERIMENT RESULTS
2025-11-01 20:27:17,613 - INFO - ==================================================
2025-11-01 20:27:17,613 - INFO - Elapsed Time Seconds     : 3.5493
2025-11-01 20:27:17,613 - INFO - Cpu Usage Percent        : 2.7281
2025-11-01 20:27:17,613 - INFO - Ram Peak Usage Bytes     : 33916686336.0000
2025-11-01 20:27:17,613 - INFO - Disk Read Bytes          : 0.0000
2025-11-01 20:27:17,613 - INFO - Disk Write Bytes         : 225280.0000
2025-11-01 20:27:17,613 - INFO - Vram Peak Usage Bytes    : 5197153108.0000
2025-11-01 20:27:17,613 - INFO - Gpu Power Watts Avg      : 126.0614
2025-11-01 20:27:17,613 - INFO - Gpu Power Watts Peak     : 248.3190
2025-11-01 20:27:17,614 - INFO - Gpu Temp Celsius Avg     : 50.9429
2025-11-01 20:27:17,614 - INFO - Gpu Temp Celsius Peak    : 57.0000
2025-11-01 20:27:17,614 - INFO - Gpu Utilization Percent Avg: 26.8571
2025-11-01 20:27:17,614 - INFO - Gpu Utilization Percent Peak: 99.0000
2025-11-01 20:27:17,614 - INFO - Gpu Mem Used Bytes Avg   : 23902486528.0000
2025-11-01 20:27:17,614 - INFO - Gpu Mem Used Bytes Peak  : 23902486528.0000
2025-11-01 20:27:17,614 - INFO - Gpu Vram Used Bytes      : 23902486528.0000
2025-11-01 20:27:17,614 - INFO - Accuracy                 : 0.6064
2025-11-01 20:27:17,614 - INFO - Precision                : 0.6075
2025-11-01 20:27:17,614 - INFO - Recall                   : 0.6064
2025-11-01 20:27:17,614 - INFO - F1 Score                 : 0.6042
2025-11-01 20:27:17,614 - INFO - ==================================================
2025-11-01 20:27:54,514 - INFO - Época 67 concluída. Loss média: 2.1542
2025-11-01 20:27:54,514 - INFO - Taxa de aprendizado ajustada para: 0.001000
2025-11-01 20:27:54,516 - INFO - Iniciando inferência com o modelo MobileNetV1...
2025-11-01 20:27:57,603 - INFO - ==================================================
2025-11-01 20:27:57,603 - INFO - EXPERIMENT RESULTS
2025-11-01 20:27:57,603 - INFO - ==================================================
2025-11-01 20:27:57,603 - INFO - Elapsed Time Seconds     : 3.0655
2025-11-01 20:27:57,603 - INFO - Cpu Usage Percent        : 2.2625
2025-11-01 20:27:57,603 - INFO - Ram Peak Usage Bytes     : 33921703936.0000
2025-11-01 20:27:57,603 - INFO - Disk Read Bytes          : 0.0000
2025-11-01 20:27:57,603 - INFO - Disk Write Bytes         : 212992.0000
2025-11-01 20:27:57,603 - INFO - Vram Peak Usage Bytes    : 5197153108.0000
2025-11-01 20:27:57,603 - INFO - Gpu Power Watts Avg      : 138.0752
2025-11-01 20:27:57,603 - INFO - Gpu Power Watts Peak     : 248.9680
2025-11-01 20:27:57,603 - INFO - Gpu Temp Celsius Avg     : 51.6333
2025-11-01 20:27:57,603 - INFO - Gpu Temp Celsius Peak    : 58.0000
2025-11-01 20:27:57,603 - INFO - Gpu Utilization Percent Avg: 32.3667
2025-11-01 20:27:57,603 - INFO - Gpu Utilization Percent Peak: 100.0000
2025-11-01 20:27:57,603 - INFO - Gpu Mem Used Bytes Avg   : 23902486528.0000
2025-11-01 20:27:57,603 - INFO - Gpu Mem Used Bytes Peak  : 23902486528.0000
2025-11-01 20:27:57,603 - INFO - Gpu Vram Used Bytes      : 23902486528.0000
2025-11-01 20:27:57,603 - INFO - Accuracy                 : 0.6050
2025-11-01 20:27:57,603 - INFO - Precision                : 0.6066
2025-11-01 20:27:57,603 - INFO - Recall                   : 0.6050
2025-11-01 20:27:57,603 - INFO - F1 Score                 : 0.6030
2025-11-01 20:27:57,604 - INFO - ==================================================
2025-11-01 20:28:35,114 - INFO - Época 68 concluída. Loss média: 2.1526
2025-11-01 20:28:35,114 - INFO - Taxa de aprendizado ajustada para: 0.001000
2025-11-01 20:28:35,116 - INFO - Iniciando inferência com o modelo MobileNetV1...
2025-11-01 20:28:38,694 - INFO - ==================================================
2025-11-01 20:28:38,694 - INFO - EXPERIMENT RESULTS
2025-11-01 20:28:38,694 - INFO - ==================================================
2025-11-01 20:28:38,694 - INFO - Elapsed Time Seconds     : 3.5567
2025-11-01 20:28:38,695 - INFO - Cpu Usage Percent        : 2.7687
2025-11-01 20:28:38,695 - INFO - Ram Peak Usage Bytes     : 33922887680.0000
2025-11-01 20:28:38,695 - INFO - Disk Read Bytes          : 0.0000
2025-11-01 20:28:38,695 - INFO - Disk Write Bytes         : 192512.0000
2025-11-01 20:28:38,695 - INFO - Vram Peak Usage Bytes    : 5197153108.0000
2025-11-01 20:28:38,695 - INFO - Gpu Power Watts Avg      : 129.0181
2025-11-01 20:28:38,695 - INFO - Gpu Power Watts Peak     : 252.2210
2025-11-01 20:28:38,695 - INFO - Gpu Temp Celsius Avg     : 50.8571
2025-11-01 20:28:38,695 - INFO - Gpu Temp Celsius Peak    : 59.0000
2025-11-01 20:28:38,695 - INFO - Gpu Utilization Percent Avg: 27.6571
2025-11-01 20:28:38,695 - INFO - Gpu Utilization Percent Peak: 100.0000
2025-11-01 20:28:38,695 - INFO - Gpu Mem Used Bytes Avg   : 23902486528.0000
2025-11-01 20:28:38,695 - INFO - Gpu Mem Used Bytes Peak  : 23902486528.0000
2025-11-01 20:28:38,695 - INFO - Gpu Vram Used Bytes      : 23902486528.0000
2025-11-01 20:28:38,695 - INFO - Accuracy                 : 0.6038
2025-11-01 20:28:38,695 - INFO - Precision                : 0.6044
2025-11-01 20:28:38,695 - INFO - Recall                   : 0.6038
2025-11-01 20:28:38,695 - INFO - F1 Score                 : 0.6014
2025-11-01 20:28:38,695 - INFO - ==================================================
2025-11-01 20:29:16,454 - INFO - Época 69 concluída. Loss média: 2.1596
2025-11-01 20:29:16,454 - INFO - Taxa de aprendizado ajustada para: 0.001000
2025-11-01 20:29:16,455 - INFO - Iniciando inferência com o modelo MobileNetV1...
2025-11-01 20:29:19,636 - INFO - ==================================================
2025-11-01 20:29:19,636 - INFO - EXPERIMENT RESULTS
2025-11-01 20:29:19,636 - INFO - ==================================================
2025-11-01 20:29:19,636 - INFO - Elapsed Time Seconds     : 3.1588
2025-11-01 20:29:19,636 - INFO - Cpu Usage Percent        : 2.3438
2025-11-01 20:29:19,636 - INFO - Ram Peak Usage Bytes     : 33922990080.0000
2025-11-01 20:29:19,636 - INFO - Disk Read Bytes          : 0.0000
2025-11-01 20:29:19,636 - INFO - Disk Write Bytes         : 131072.0000
2025-11-01 20:29:19,636 - INFO - Vram Peak Usage Bytes    : 5197153108.0000
2025-11-01 20:29:19,636 - INFO - Gpu Power Watts Avg      : 127.9129
2025-11-01 20:29:19,636 - INFO - Gpu Power Watts Peak     : 264.6050
2025-11-01 20:29:19,636 - INFO - Gpu Temp Celsius Avg     : 51.0000
2025-11-01 20:29:19,637 - INFO - Gpu Temp Celsius Peak    : 58.0000
2025-11-01 20:29:19,637 - INFO - Gpu Utilization Percent Avg: 33.6774
2025-11-01 20:29:19,637 - INFO - Gpu Utilization Percent Peak: 100.0000
2025-11-01 20:29:19,637 - INFO - Gpu Mem Used Bytes Avg   : 23902486528.0000
2025-11-01 20:29:19,637 - INFO - Gpu Mem Used Bytes Peak  : 23902486528.0000
2025-11-01 20:29:19,637 - INFO - Gpu Vram Used Bytes      : 23902486528.0000
2025-11-01 20:29:19,637 - INFO - Accuracy                 : 0.6041
2025-11-01 20:29:19,637 - INFO - Precision                : 0.6061
2025-11-01 20:29:19,637 - INFO - Recall                   : 0.6041
2025-11-01 20:29:19,637 - INFO - F1 Score                 : 0.6022
2025-11-01 20:29:19,637 - INFO - ==================================================
2025-11-01 20:29:57,297 - INFO - Época 70 concluída. Loss média: 2.1493
2025-11-01 20:29:57,297 - INFO - Taxa de aprendizado ajustada para: 0.001000
2025-11-01 20:29:57,299 - INFO - Iniciando inferência com o modelo MobileNetV1...
2025-11-01 20:30:01,371 - INFO - ==================================================
2025-11-01 20:30:01,371 - INFO - EXPERIMENT RESULTS
2025-11-01 20:30:01,371 - INFO - ==================================================
2025-11-01 20:30:01,371 - INFO - Elapsed Time Seconds     : 4.0503
2025-11-01 20:30:01,371 - INFO - Cpu Usage Percent        : 2.4312
2025-11-01 20:30:01,371 - INFO - Ram Peak Usage Bytes     : 33923125248.0000
2025-11-01 20:30:01,371 - INFO - Disk Read Bytes          : 0.0000
2025-11-01 20:30:01,371 - INFO - Disk Write Bytes         : 0.0000
2025-11-01 20:30:01,371 - INFO - Vram Peak Usage Bytes    : 5197153108.0000
2025-11-01 20:30:01,371 - INFO - Gpu Power Watts Avg      : 115.2698
2025-11-01 20:30:01,371 - INFO - Gpu Power Watts Peak     : 254.4550
2025-11-01 20:30:01,371 - INFO - Gpu Temp Celsius Avg     : 49.7250
2025-11-01 20:30:01,371 - INFO - Gpu Temp Celsius Peak    : 56.0000
2025-11-01 20:30:01,371 - INFO - Gpu Utilization Percent Avg: 24.7500
2025-11-01 20:30:01,371 - INFO - Gpu Utilization Percent Peak: 100.0000
2025-11-01 20:30:01,371 - INFO - Gpu Mem Used Bytes Avg   : 23902486528.0000
2025-11-01 20:30:01,371 - INFO - Gpu Mem Used Bytes Peak  : 23902486528.0000
2025-11-01 20:30:01,371 - INFO - Gpu Vram Used Bytes      : 23902486528.0000
2025-11-01 20:30:01,372 - INFO - Accuracy                 : 0.6029
2025-11-01 20:30:01,372 - INFO - Precision                : 0.6046
2025-11-01 20:30:01,372 - INFO - Recall                   : 0.6029
2025-11-01 20:30:01,372 - INFO - F1 Score                 : 0.6010
2025-11-01 20:30:01,372 - INFO - ==================================================
2025-11-01 20:30:36,895 - INFO - Época 71 concluída. Loss média: 2.1481
2025-11-01 20:30:36,895 - INFO - Taxa de aprendizado ajustada para: 0.001000
2025-11-01 20:30:36,896 - INFO - Iniciando inferência com o modelo MobileNetV1...
2025-11-01 20:30:40,051 - INFO - ==================================================
2025-11-01 20:30:40,051 - INFO - EXPERIMENT RESULTS
2025-11-01 20:30:40,051 - INFO - ==================================================
2025-11-01 20:30:40,051 - INFO - Elapsed Time Seconds     : 3.1329
2025-11-01 20:30:40,051 - INFO - Cpu Usage Percent        : 2.1344
2025-11-01 20:30:40,051 - INFO - Ram Peak Usage Bytes     : 33923141632.0000
2025-11-01 20:30:40,051 - INFO - Disk Read Bytes          : 0.0000
2025-11-01 20:30:40,051 - INFO - Disk Write Bytes         : 4096.0000
2025-11-01 20:30:40,051 - INFO - Vram Peak Usage Bytes    : 5197153108.0000
2025-11-01 20:30:40,051 - INFO - Gpu Power Watts Avg      : 132.1803
2025-11-01 20:30:40,051 - INFO - Gpu Power Watts Peak     : 261.5620
2025-11-01 20:30:40,051 - INFO - Gpu Temp Celsius Avg     : 50.6452
2025-11-01 20:30:40,051 - INFO - Gpu Temp Celsius Peak    : 57.0000
2025-11-01 20:30:40,051 - INFO - Gpu Utilization Percent Avg: 33.4839
2025-11-01 20:30:40,051 - INFO - Gpu Utilization Percent Peak: 100.0000
2025-11-01 20:30:40,051 - INFO - Gpu Mem Used Bytes Avg   : 23902486528.0000
2025-11-01 20:30:40,051 - INFO - Gpu Mem Used Bytes Peak  : 23902486528.0000
2025-11-01 20:30:40,051 - INFO - Gpu Vram Used Bytes      : 23902486528.0000
2025-11-01 20:30:40,051 - INFO - Accuracy                 : 0.6044
2025-11-01 20:30:40,051 - INFO - Precision                : 0.6055
2025-11-01 20:30:40,051 - INFO - Recall                   : 0.6044
2025-11-01 20:30:40,051 - INFO - F1 Score                 : 0.6022
2025-11-01 20:30:40,051 - INFO - ==================================================
2025-11-01 20:31:17,809 - INFO - Época 72 concluída. Loss média: 2.1425
2025-11-01 20:31:17,809 - INFO - Taxa de aprendizado ajustada para: 0.001000
2025-11-01 20:31:17,811 - INFO - Iniciando inferência com o modelo MobileNetV1...
2025-11-01 20:31:21,773 - INFO - ==================================================
2025-11-01 20:31:21,773 - INFO - EXPERIMENT RESULTS
2025-11-01 20:31:21,773 - INFO - ==================================================
2025-11-01 20:31:21,773 - INFO - Elapsed Time Seconds     : 3.9476
2025-11-01 20:31:21,773 - INFO - Cpu Usage Percent        : 2.4469
2025-11-01 20:31:21,773 - INFO - Ram Peak Usage Bytes     : 33923153920.0000
2025-11-01 20:31:21,773 - INFO - Disk Read Bytes          : 0.0000
2025-11-01 20:31:21,773 - INFO - Disk Write Bytes         : 352256.0000
2025-11-01 20:31:21,773 - INFO - Vram Peak Usage Bytes    : 5197153108.0000
2025-11-01 20:31:21,773 - INFO - Gpu Power Watts Avg      : 113.1616
2025-11-01 20:31:21,773 - INFO - Gpu Power Watts Peak     : 262.3770
2025-11-01 20:31:21,773 - INFO - Gpu Temp Celsius Avg     : 50.4872
2025-11-01 20:31:21,773 - INFO - Gpu Temp Celsius Peak    : 59.0000
2025-11-01 20:31:21,773 - INFO - Gpu Utilization Percent Avg: 27.4359
2025-11-01 20:31:21,773 - INFO - Gpu Utilization Percent Peak: 100.0000
2025-11-01 20:31:21,773 - INFO - Gpu Mem Used Bytes Avg   : 23902486528.0000
2025-11-01 20:31:21,773 - INFO - Gpu Mem Used Bytes Peak  : 23902486528.0000
2025-11-01 20:31:21,773 - INFO - Gpu Vram Used Bytes      : 23902486528.0000
2025-11-01 20:31:21,773 - INFO - Accuracy                 : 0.6041
2025-11-01 20:31:21,773 - INFO - Precision                : 0.6059
2025-11-01 20:31:21,773 - INFO - Recall                   : 0.6041
2025-11-01 20:31:21,773 - INFO - F1 Score                 : 0.6023
2025-11-01 20:31:21,773 - INFO - ==================================================
2025-11-01 20:31:57,657 - INFO - Época 73 concluída. Loss média: 2.1509
2025-11-01 20:31:57,657 - INFO - Taxa de aprendizado ajustada para: 0.001000
2025-11-01 20:31:57,659 - INFO - Iniciando inferência com o modelo MobileNetV1...
2025-11-01 20:32:00,552 - INFO - ==================================================
2025-11-01 20:32:00,552 - INFO - EXPERIMENT RESULTS
2025-11-01 20:32:00,552 - INFO - ==================================================
2025-11-01 20:32:00,552 - INFO - Elapsed Time Seconds     : 2.8710
2025-11-01 20:32:00,552 - INFO - Cpu Usage Percent        : 2.5344
2025-11-01 20:32:00,552 - INFO - Ram Peak Usage Bytes     : 33923158016.0000
2025-11-01 20:32:00,552 - INFO - Disk Read Bytes          : 0.0000
2025-11-01 20:32:00,552 - INFO - Disk Write Bytes         : 0.0000
2025-11-01 20:32:00,552 - INFO - Vram Peak Usage Bytes    : 5197153108.0000
2025-11-01 20:32:00,552 - INFO - Gpu Power Watts Avg      : 138.4722
2025-11-01 20:32:00,552 - INFO - Gpu Power Watts Peak     : 252.8590
2025-11-01 20:32:00,552 - INFO - Gpu Temp Celsius Avg     : 51.8929
2025-11-01 20:32:00,552 - INFO - Gpu Temp Celsius Peak    : 60.0000
2025-11-01 20:32:00,552 - INFO - Gpu Utilization Percent Avg: 34.4643
2025-11-01 20:32:00,553 - INFO - Gpu Utilization Percent Peak: 100.0000
2025-11-01 20:32:00,553 - INFO - Gpu Mem Used Bytes Avg   : 23902486528.0000
2025-11-01 20:32:00,553 - INFO - Gpu Mem Used Bytes Peak  : 23902486528.0000
2025-11-01 20:32:00,553 - INFO - Gpu Vram Used Bytes      : 23902486528.0000
2025-11-01 20:32:00,553 - INFO - Accuracy                 : 0.6048
2025-11-01 20:32:00,553 - INFO - Precision                : 0.6065
2025-11-01 20:32:00,553 - INFO - Recall                   : 0.6048
2025-11-01 20:32:00,553 - INFO - F1 Score                 : 0.6028
2025-11-01 20:32:00,553 - INFO - ==================================================
2025-11-01 20:32:36,852 - INFO - Época 74 concluída. Loss média: 2.1450
2025-11-01 20:32:36,852 - INFO - Taxa de aprendizado ajustada para: 0.001000
2025-11-01 20:32:36,854 - INFO - Iniciando inferência com o modelo MobileNetV1...
2025-11-01 20:32:39,811 - INFO - ==================================================
2025-11-01 20:32:39,811 - INFO - EXPERIMENT RESULTS
2025-11-01 20:32:39,811 - INFO - ==================================================
2025-11-01 20:32:39,811 - INFO - Elapsed Time Seconds     : 2.9347
2025-11-01 20:32:39,811 - INFO - Cpu Usage Percent        : 2.3969
2025-11-01 20:32:39,811 - INFO - Ram Peak Usage Bytes     : 33923162112.0000
2025-11-01 20:32:39,811 - INFO - Disk Read Bytes          : 0.0000
2025-11-01 20:32:39,811 - INFO - Disk Write Bytes         : 147456.0000
2025-11-01 20:32:39,811 - INFO - Vram Peak Usage Bytes    : 5197153108.0000
2025-11-01 20:32:39,811 - INFO - Gpu Power Watts Avg      : 131.3644
2025-11-01 20:32:39,811 - INFO - Gpu Power Watts Peak     : 256.3110
2025-11-01 20:32:39,811 - INFO - Gpu Temp Celsius Avg     : 52.0345
2025-11-01 20:32:39,811 - INFO - Gpu Temp Celsius Peak    : 60.0000
2025-11-01 20:32:39,811 - INFO - Gpu Utilization Percent Avg: 33.5862
2025-11-01 20:32:39,811 - INFO - Gpu Utilization Percent Peak: 100.0000
2025-11-01 20:32:39,811 - INFO - Gpu Mem Used Bytes Avg   : 23902486528.0000
2025-11-01 20:32:39,811 - INFO - Gpu Mem Used Bytes Peak  : 23902486528.0000
2025-11-01 20:32:39,811 - INFO - Gpu Vram Used Bytes      : 23902486528.0000
2025-11-01 20:32:39,811 - INFO - Accuracy                 : 0.6042
2025-11-01 20:32:39,811 - INFO - Precision                : 0.6050
2025-11-01 20:32:39,811 - INFO - Recall                   : 0.6042
2025-11-01 20:32:39,811 - INFO - F1 Score                 : 0.6019
2025-11-01 20:32:39,811 - INFO - ==================================================
2025-11-01 20:33:16,175 - INFO - Época 75 concluída. Loss média: 2.1406
2025-11-01 20:33:16,176 - INFO - Taxa de aprendizado ajustada para: 0.001000
2025-11-01 20:33:16,177 - INFO - Iniciando inferência com o modelo MobileNetV1...
2025-11-01 20:33:20,444 - INFO - ==================================================
2025-11-01 20:33:20,444 - INFO - EXPERIMENT RESULTS
2025-11-01 20:33:20,444 - INFO - ==================================================
2025-11-01 20:33:20,444 - INFO - Elapsed Time Seconds     : 4.2530
2025-11-01 20:33:20,444 - INFO - Cpu Usage Percent        : 2.2469
2025-11-01 20:33:20,444 - INFO - Ram Peak Usage Bytes     : 33923170304.0000
2025-11-01 20:33:20,444 - INFO - Disk Read Bytes          : 0.0000
2025-11-01 20:33:20,444 - INFO - Disk Write Bytes         : 135168.0000
2025-11-01 20:33:20,444 - INFO - Vram Peak Usage Bytes    : 5197153108.0000
2025-11-01 20:33:20,444 - INFO - Gpu Power Watts Avg      : 117.2557
2025-11-01 20:33:20,444 - INFO - Gpu Power Watts Peak     : 259.3110
2025-11-01 20:33:20,444 - INFO - Gpu Temp Celsius Avg     : 50.1667
2025-11-01 20:33:20,444 - INFO - Gpu Temp Celsius Peak    : 58.0000
2025-11-01 20:33:20,444 - INFO - Gpu Utilization Percent Avg: 23.9524
2025-11-01 20:33:20,444 - INFO - Gpu Utilization Percent Peak: 100.0000
2025-11-01 20:33:20,444 - INFO - Gpu Mem Used Bytes Avg   : 23902486528.0000
2025-11-01 20:33:20,444 - INFO - Gpu Mem Used Bytes Peak  : 23902486528.0000
2025-11-01 20:33:20,444 - INFO - Gpu Vram Used Bytes      : 23902486528.0000
2025-11-01 20:33:20,444 - INFO - Accuracy                 : 0.6045
2025-11-01 20:33:20,444 - INFO - Precision                : 0.6061
2025-11-01 20:33:20,444 - INFO - Recall                   : 0.6045
2025-11-01 20:33:20,444 - INFO - F1 Score                 : 0.6025
2025-11-01 20:33:20,444 - INFO - ==================================================
2025-11-01 20:33:57,604 - INFO - Época 76 concluída. Loss média: 2.1384
2025-11-01 20:33:57,604 - INFO - Taxa de aprendizado ajustada para: 0.001000
2025-11-01 20:33:57,606 - INFO - Iniciando inferência com o modelo MobileNetV1...
2025-11-01 20:34:01,427 - INFO - ==================================================
2025-11-01 20:34:01,428 - INFO - EXPERIMENT RESULTS
2025-11-01 20:34:01,428 - INFO - ==================================================
2025-11-01 20:34:01,428 - INFO - Elapsed Time Seconds     : 3.7992
2025-11-01 20:34:01,428 - INFO - Cpu Usage Percent        : 2.6063
2025-11-01 20:34:01,428 - INFO - Ram Peak Usage Bytes     : 33923186688.0000
2025-11-01 20:34:01,428 - INFO - Disk Read Bytes          : 0.0000
2025-11-01 20:34:01,428 - INFO - Disk Write Bytes         : 0.0000
2025-11-01 20:34:01,428 - INFO - Vram Peak Usage Bytes    : 5197153108.0000
2025-11-01 20:34:01,428 - INFO - Gpu Power Watts Avg      : 125.4209
2025-11-01 20:34:01,428 - INFO - Gpu Power Watts Peak     : 252.2360
2025-11-01 20:34:01,428 - INFO - Gpu Temp Celsius Avg     : 50.8378
2025-11-01 20:34:01,428 - INFO - Gpu Temp Celsius Peak    : 59.0000
2025-11-01 20:34:01,428 - INFO - Gpu Utilization Percent Avg: 27.2703
2025-11-01 20:34:01,428 - INFO - Gpu Utilization Percent Peak: 100.0000
2025-11-01 20:34:01,428 - INFO - Gpu Mem Used Bytes Avg   : 23902486528.0000
2025-11-01 20:34:01,428 - INFO - Gpu Mem Used Bytes Peak  : 23902486528.0000
2025-11-01 20:34:01,428 - INFO - Gpu Vram Used Bytes      : 23902486528.0000
2025-11-01 20:34:01,428 - INFO - Accuracy                 : 0.6062
2025-11-01 20:34:01,428 - INFO - Precision                : 0.6075
2025-11-01 20:34:01,428 - INFO - Recall                   : 0.6062
2025-11-01 20:34:01,428 - INFO - F1 Score                 : 0.6042
2025-11-01 20:34:01,428 - INFO - ==================================================
2025-11-01 20:34:37,334 - INFO - Época 77 concluída. Loss média: 2.1361
2025-11-01 20:34:37,334 - INFO - Taxa de aprendizado ajustada para: 0.001000
2025-11-01 20:34:37,336 - INFO - Iniciando inferência com o modelo MobileNetV1...
2025-11-01 20:34:40,326 - INFO - ==================================================
2025-11-01 20:34:40,326 - INFO - EXPERIMENT RESULTS
2025-11-01 20:34:40,326 - INFO - ==================================================
2025-11-01 20:34:40,326 - INFO - Elapsed Time Seconds     : 2.9681
2025-11-01 20:34:40,326 - INFO - Cpu Usage Percent        : 2.3469
2025-11-01 20:34:40,326 - INFO - Ram Peak Usage Bytes     : 33923223552.0000
2025-11-01 20:34:40,326 - INFO - Disk Read Bytes          : 0.0000
2025-11-01 20:34:40,326 - INFO - Disk Write Bytes         : 0.0000
2025-11-01 20:34:40,326 - INFO - Vram Peak Usage Bytes    : 5197153108.0000
2025-11-01 20:34:40,326 - INFO - Gpu Power Watts Avg      : 142.2602
2025-11-01 20:34:40,326 - INFO - Gpu Power Watts Peak     : 255.7220
2025-11-01 20:34:40,326 - INFO - Gpu Temp Celsius Avg     : 51.5517
2025-11-01 20:34:40,326 - INFO - Gpu Temp Celsius Peak    : 59.0000
2025-11-01 20:34:40,327 - INFO - Gpu Utilization Percent Avg: 36.7586
2025-11-01 20:34:40,327 - INFO - Gpu Utilization Percent Peak: 100.0000
2025-11-01 20:34:40,327 - INFO - Gpu Mem Used Bytes Avg   : 23902486528.0000
2025-11-01 20:34:40,327 - INFO - Gpu Mem Used Bytes Peak  : 23902486528.0000
2025-11-01 20:34:40,327 - INFO - Gpu Vram Used Bytes      : 23902486528.0000
2025-11-01 20:34:40,327 - INFO - Accuracy                 : 0.6038
2025-11-01 20:34:40,327 - INFO - Precision                : 0.6051
2025-11-01 20:34:40,327 - INFO - Recall                   : 0.6038
2025-11-01 20:34:40,327 - INFO - F1 Score                 : 0.6018
2025-11-01 20:34:40,327 - INFO - ==================================================
2025-11-01 20:35:15,814 - INFO - Época 78 concluída. Loss média: 2.1319
2025-11-01 20:35:15,814 - INFO - Taxa de aprendizado ajustada para: 0.001000
2025-11-01 20:35:15,816 - INFO - Iniciando inferência com o modelo MobileNetV1...
2025-11-01 20:35:19,596 - INFO - ==================================================
2025-11-01 20:35:19,596 - INFO - EXPERIMENT RESULTS
2025-11-01 20:35:19,596 - INFO - ==================================================
2025-11-01 20:35:19,596 - INFO - Elapsed Time Seconds     : 3.7586
2025-11-01 20:35:19,596 - INFO - Cpu Usage Percent        : 2.6531
2025-11-01 20:35:19,597 - INFO - Ram Peak Usage Bytes     : 33923219456.0000
2025-11-01 20:35:19,597 - INFO - Disk Read Bytes          : 0.0000
2025-11-01 20:35:19,597 - INFO - Disk Write Bytes         : 270336.0000
2025-11-01 20:35:19,597 - INFO - Vram Peak Usage Bytes    : 5197153108.0000
2025-11-01 20:35:19,597 - INFO - Gpu Power Watts Avg      : 130.8787
2025-11-01 20:35:19,597 - INFO - Gpu Power Watts Peak     : 255.6640
2025-11-01 20:35:19,597 - INFO - Gpu Temp Celsius Avg     : 50.4595
2025-11-01 20:35:19,597 - INFO - Gpu Temp Celsius Peak    : 57.0000
2025-11-01 20:35:19,597 - INFO - Gpu Utilization Percent Avg: 27.7297
2025-11-01 20:35:19,597 - INFO - Gpu Utilization Percent Peak: 100.0000
2025-11-01 20:35:19,597 - INFO - Gpu Mem Used Bytes Avg   : 23902486528.0000
2025-11-01 20:35:19,597 - INFO - Gpu Mem Used Bytes Peak  : 23902486528.0000
2025-11-01 20:35:19,597 - INFO - Gpu Vram Used Bytes      : 23902486528.0000
2025-11-01 20:35:19,597 - INFO - Accuracy                 : 0.6040
2025-11-01 20:35:19,597 - INFO - Precision                : 0.6056
2025-11-01 20:35:19,597 - INFO - Recall                   : 0.6040
2025-11-01 20:35:19,597 - INFO - F1 Score                 : 0.6021
2025-11-01 20:35:19,597 - INFO - ==================================================
2025-11-01 20:35:57,141 - INFO - Época 79 concluída. Loss média: 2.1349
2025-11-01 20:35:57,141 - INFO - Taxa de aprendizado ajustada para: 0.001000
2025-11-01 20:35:57,143 - INFO - Iniciando inferência com o modelo MobileNetV1...
2025-11-01 20:36:00,114 - INFO - ==================================================
2025-11-01 20:36:00,114 - INFO - EXPERIMENT RESULTS
2025-11-01 20:36:00,114 - INFO - ==================================================
2025-11-01 20:36:00,114 - INFO - Elapsed Time Seconds     : 2.9494
2025-11-01 20:36:00,114 - INFO - Cpu Usage Percent        : 2.3094
2025-11-01 20:36:00,114 - INFO - Ram Peak Usage Bytes     : 33923223552.0000
2025-11-01 20:36:00,114 - INFO - Disk Read Bytes          : 0.0000
2025-11-01 20:36:00,114 - INFO - Disk Write Bytes         : 4096.0000
2025-11-01 20:36:00,114 - INFO - Vram Peak Usage Bytes    : 5197153108.0000
2025-11-01 20:36:00,115 - INFO - Gpu Power Watts Avg      : 137.0988
2025-11-01 20:36:00,115 - INFO - Gpu Power Watts Peak     : 245.6930
2025-11-01 20:36:00,115 - INFO - Gpu Temp Celsius Avg     : 52.1724
2025-11-01 20:36:00,115 - INFO - Gpu Temp Celsius Peak    : 60.0000
2025-11-01 20:36:00,115 - INFO - Gpu Utilization Percent Avg: 35.1379
2025-11-01 20:36:00,115 - INFO - Gpu Utilization Percent Peak: 100.0000
2025-11-01 20:36:00,115 - INFO - Gpu Mem Used Bytes Avg   : 23902486528.0000
2025-11-01 20:36:00,115 - INFO - Gpu Mem Used Bytes Peak  : 23902486528.0000
2025-11-01 20:36:00,115 - INFO - Gpu Vram Used Bytes      : 23902486528.0000
2025-11-01 20:36:00,115 - INFO - Accuracy                 : 0.6042
2025-11-01 20:36:00,115 - INFO - Precision                : 0.6055
2025-11-01 20:36:00,115 - INFO - Recall                   : 0.6042
2025-11-01 20:36:00,115 - INFO - F1 Score                 : 0.6018
2025-11-01 20:36:00,115 - INFO - ==================================================
2025-11-01 20:36:36,267 - INFO - Época 80 concluída. Loss média: 2.1337
2025-11-01 20:36:36,267 - INFO - Taxa de aprendizado ajustada para: 0.001000
2025-11-01 20:36:36,269 - INFO - Iniciando inferência com o modelo MobileNetV1...
2025-11-01 20:36:39,230 - INFO - ==================================================
2025-11-01 20:36:39,230 - INFO - EXPERIMENT RESULTS
2025-11-01 20:36:39,230 - INFO - ==================================================
2025-11-01 20:36:39,230 - INFO - Elapsed Time Seconds     : 2.9468
2025-11-01 20:36:39,230 - INFO - Cpu Usage Percent        : 2.4375
2025-11-01 20:36:39,230 - INFO - Ram Peak Usage Bytes     : 33923252224.0000
2025-11-01 20:36:39,230 - INFO - Disk Read Bytes          : 0.0000
2025-11-01 20:36:39,230 - INFO - Disk Write Bytes         : 143360.0000
2025-11-01 20:36:39,230 - INFO - Vram Peak Usage Bytes    : 5197153108.0000
2025-11-01 20:36:39,230 - INFO - Gpu Power Watts Avg      : 130.1624
2025-11-01 20:36:39,230 - INFO - Gpu Power Watts Peak     : 267.0590
2025-11-01 20:36:39,230 - INFO - Gpu Temp Celsius Avg     : 52.1724
2025-11-01 20:36:39,230 - INFO - Gpu Temp Celsius Peak    : 60.0000
2025-11-01 20:36:39,230 - INFO - Gpu Utilization Percent Avg: 32.0345
2025-11-01 20:36:39,230 - INFO - Gpu Utilization Percent Peak: 100.0000
2025-11-01 20:36:39,230 - INFO - Gpu Mem Used Bytes Avg   : 23902486528.0000
2025-11-01 20:36:39,230 - INFO - Gpu Mem Used Bytes Peak  : 23902486528.0000
2025-11-01 20:36:39,230 - INFO - Gpu Vram Used Bytes      : 23902486528.0000
2025-11-01 20:36:39,230 - INFO - Accuracy                 : 0.6031
2025-11-01 20:36:39,230 - INFO - Precision                : 0.6041
2025-11-01 20:36:39,230 - INFO - Recall                   : 0.6031
2025-11-01 20:36:39,230 - INFO - F1 Score                 : 0.6009
2025-11-01 20:36:39,230 - INFO - ==================================================
2025-11-01 20:37:17,237 - INFO - Época 81 concluída. Loss média: 2.1351
2025-11-01 20:37:17,238 - INFO - Taxa de aprendizado ajustada para: 0.001000
2025-11-01 20:37:17,239 - INFO - Iniciando inferência com o modelo MobileNetV1...
2025-11-01 20:37:20,522 - INFO - ==================================================
2025-11-01 20:37:20,522 - INFO - EXPERIMENT RESULTS
2025-11-01 20:37:20,522 - INFO - ==================================================
2025-11-01 20:37:20,522 - INFO - Elapsed Time Seconds     : 3.2605
2025-11-01 20:37:20,522 - INFO - Cpu Usage Percent        : 2.2719
2025-11-01 20:37:20,522 - INFO - Ram Peak Usage Bytes     : 33923276800.0000
2025-11-01 20:37:20,522 - INFO - Disk Read Bytes          : 0.0000
2025-11-01 20:37:20,522 - INFO - Disk Write Bytes         : 0.0000
2025-11-01 20:37:20,522 - INFO - Vram Peak Usage Bytes    : 5197153108.0000
2025-11-01 20:37:20,522 - INFO - Gpu Power Watts Avg      : 132.0668
2025-11-01 20:37:20,522 - INFO - Gpu Power Watts Peak     : 250.4880
2025-11-01 20:37:20,522 - INFO - Gpu Temp Celsius Avg     : 51.3438
2025-11-01 20:37:20,522 - INFO - Gpu Temp Celsius Peak    : 58.0000
2025-11-01 20:37:20,522 - INFO - Gpu Utilization Percent Avg: 30.3750
2025-11-01 20:37:20,522 - INFO - Gpu Utilization Percent Peak: 100.0000
2025-11-01 20:37:20,522 - INFO - Gpu Mem Used Bytes Avg   : 23902486528.0000
2025-11-01 20:37:20,522 - INFO - Gpu Mem Used Bytes Peak  : 23902486528.0000
2025-11-01 20:37:20,522 - INFO - Gpu Vram Used Bytes      : 23902486528.0000
2025-11-01 20:37:20,522 - INFO - Accuracy                 : 0.6016
2025-11-01 20:37:20,522 - INFO - Precision                : 0.6028
2025-11-01 20:37:20,522 - INFO - Recall                   : 0.6016
2025-11-01 20:37:20,522 - INFO - F1 Score                 : 0.5993
2025-11-01 20:37:20,522 - INFO - ==================================================
2025-11-01 20:37:57,001 - INFO - Época 82 concluída. Loss média: 2.1310
2025-11-01 20:37:57,001 - INFO - Taxa de aprendizado ajustada para: 0.001000
2025-11-01 20:37:57,003 - INFO - Iniciando inferência com o modelo MobileNetV1...
2025-11-01 20:38:01,001 - INFO - ==================================================
2025-11-01 20:38:01,001 - INFO - EXPERIMENT RESULTS
2025-11-01 20:38:01,001 - INFO - ==================================================
2025-11-01 20:38:01,001 - INFO - Elapsed Time Seconds     : 3.9766
2025-11-01 20:38:01,001 - INFO - Cpu Usage Percent        : 2.4188
2025-11-01 20:38:01,001 - INFO - Ram Peak Usage Bytes     : 33923297280.0000
2025-11-01 20:38:01,001 - INFO - Disk Read Bytes          : 0.0000
2025-11-01 20:38:01,001 - INFO - Disk Write Bytes         : 4096.0000
2025-11-01 20:38:01,001 - INFO - Vram Peak Usage Bytes    : 5197153108.0000
2025-11-01 20:38:01,001 - INFO - Gpu Power Watts Avg      : 119.6937
2025-11-01 20:38:01,001 - INFO - Gpu Power Watts Peak     : 244.6160
2025-11-01 20:38:01,002 - INFO - Gpu Temp Celsius Avg     : 50.8205
2025-11-01 20:38:01,002 - INFO - Gpu Temp Celsius Peak    : 59.0000
2025-11-01 20:38:01,002 - INFO - Gpu Utilization Percent Avg: 26.6923
2025-11-01 20:38:01,002 - INFO - Gpu Utilization Percent Peak: 100.0000
2025-11-01 20:38:01,002 - INFO - Gpu Mem Used Bytes Avg   : 23902486528.0000
2025-11-01 20:38:01,002 - INFO - Gpu Mem Used Bytes Peak  : 23902486528.0000
2025-11-01 20:38:01,002 - INFO - Gpu Vram Used Bytes      : 23902486528.0000
2025-11-01 20:38:01,002 - INFO - Accuracy                 : 0.6036
2025-11-01 20:38:01,002 - INFO - Precision                : 0.6045
2025-11-01 20:38:01,002 - INFO - Recall                   : 0.6036
2025-11-01 20:38:01,002 - INFO - F1 Score                 : 0.6013
2025-11-01 20:38:01,002 - INFO - ==================================================
2025-11-01 20:38:37,145 - INFO - Época 83 concluída. Loss média: 2.1277
2025-11-01 20:38:37,145 - INFO - Taxa de aprendizado ajustada para: 0.001000
2025-11-01 20:38:37,147 - INFO - Iniciando inferência com o modelo MobileNetV1...
2025-11-01 20:38:40,421 - INFO - ==================================================
2025-11-01 20:38:40,421 - INFO - EXPERIMENT RESULTS
2025-11-01 20:38:40,421 - INFO - ==================================================
2025-11-01 20:38:40,421 - INFO - Elapsed Time Seconds     : 3.2525
2025-11-01 20:38:40,421 - INFO - Cpu Usage Percent        : 2.1812
2025-11-01 20:38:40,421 - INFO - Ram Peak Usage Bytes     : 33923334144.0000
2025-11-01 20:38:40,421 - INFO - Disk Read Bytes          : 0.0000
2025-11-01 20:38:40,421 - INFO - Disk Write Bytes         : 0.0000
2025-11-01 20:38:40,421 - INFO - Vram Peak Usage Bytes    : 5197153108.0000
2025-11-01 20:38:40,421 - INFO - Gpu Power Watts Avg      : 135.3121
2025-11-01 20:38:40,421 - INFO - Gpu Power Watts Peak     : 258.3870
2025-11-01 20:38:40,421 - INFO - Gpu Temp Celsius Avg     : 50.8750
2025-11-01 20:38:40,421 - INFO - Gpu Temp Celsius Peak    : 57.0000
2025-11-01 20:38:40,422 - INFO - Gpu Utilization Percent Avg: 30.4062
2025-11-01 20:38:40,422 - INFO - Gpu Utilization Percent Peak: 100.0000
2025-11-01 20:38:40,422 - INFO - Gpu Mem Used Bytes Avg   : 23902486528.0000
2025-11-01 20:38:40,422 - INFO - Gpu Mem Used Bytes Peak  : 23902486528.0000
2025-11-01 20:38:40,422 - INFO - Gpu Vram Used Bytes      : 23902486528.0000
2025-11-01 20:38:40,422 - INFO - Accuracy                 : 0.6050
2025-11-01 20:38:40,422 - INFO - Precision                : 0.6063
2025-11-01 20:38:40,422 - INFO - Recall                   : 0.6050
2025-11-01 20:38:40,422 - INFO - F1 Score                 : 0.6026
2025-11-01 20:38:40,422 - INFO - ==================================================
2025-11-01 20:39:16,842 - INFO - Época 84 concluída. Loss média: 2.1289
2025-11-01 20:39:16,842 - INFO - Taxa de aprendizado ajustada para: 0.001000
2025-11-01 20:39:16,844 - INFO - Iniciando inferência com o modelo MobileNetV1...
2025-11-01 20:39:20,247 - INFO - ==================================================
2025-11-01 20:39:20,247 - INFO - EXPERIMENT RESULTS
2025-11-01 20:39:20,247 - INFO - ==================================================
2025-11-01 20:39:20,247 - INFO - Elapsed Time Seconds     : 3.3810
2025-11-01 20:39:20,247 - INFO - Cpu Usage Percent        : 2.0688
2025-11-01 20:39:20,247 - INFO - Ram Peak Usage Bytes     : 33923354624.0000
2025-11-01 20:39:20,247 - INFO - Disk Read Bytes          : 0.0000
2025-11-01 20:39:20,247 - INFO - Disk Write Bytes         : 139264.0000
2025-11-01 20:39:20,247 - INFO - Vram Peak Usage Bytes    : 5197153108.0000
2025-11-01 20:39:20,247 - INFO - Gpu Power Watts Avg      : 125.5892
2025-11-01 20:39:20,247 - INFO - Gpu Power Watts Peak     : 259.5880
2025-11-01 20:39:20,247 - INFO - Gpu Temp Celsius Avg     : 50.2424
2025-11-01 20:39:20,247 - INFO - Gpu Temp Celsius Peak    : 56.0000
2025-11-01 20:39:20,248 - INFO - Gpu Utilization Percent Avg: 31.1212
2025-11-01 20:39:20,248 - INFO - Gpu Utilization Percent Peak: 100.0000
2025-11-01 20:39:20,248 - INFO - Gpu Mem Used Bytes Avg   : 23902486528.0000
2025-11-01 20:39:20,248 - INFO - Gpu Mem Used Bytes Peak  : 23902486528.0000
2025-11-01 20:39:20,248 - INFO - Gpu Vram Used Bytes      : 23902486528.0000
2025-11-01 20:39:20,248 - INFO - Accuracy                 : 0.6035
2025-11-01 20:39:20,248 - INFO - Precision                : 0.6044
2025-11-01 20:39:20,248 - INFO - Recall                   : 0.6035
2025-11-01 20:39:20,248 - INFO - F1 Score                 : 0.6009
2025-11-01 20:39:20,248 - INFO - ==================================================
2025-11-01 20:39:57,903 - INFO - Época 85 concluída. Loss média: 2.1282
2025-11-01 20:39:57,904 - INFO - Taxa de aprendizado ajustada para: 0.001000
2025-11-01 20:39:57,905 - INFO - Iniciando inferência com o modelo MobileNetV1...
2025-11-01 20:40:01,117 - INFO - ==================================================
2025-11-01 20:40:01,117 - INFO - EXPERIMENT RESULTS
2025-11-01 20:40:01,117 - INFO - ==================================================
2025-11-01 20:40:01,117 - INFO - Elapsed Time Seconds     : 3.1892
2025-11-01 20:40:01,117 - INFO - Cpu Usage Percent        : 2.3031
2025-11-01 20:40:01,117 - INFO - Ram Peak Usage Bytes     : 33923379200.0000
2025-11-01 20:40:01,117 - INFO - Disk Read Bytes          : 0.0000
2025-11-01 20:40:01,117 - INFO - Disk Write Bytes         : 0.0000
2025-11-01 20:40:01,117 - INFO - Vram Peak Usage Bytes    : 5197153108.0000
2025-11-01 20:40:01,117 - INFO - Gpu Power Watts Avg      : 129.3251
2025-11-01 20:40:01,117 - INFO - Gpu Power Watts Peak     : 250.1350
2025-11-01 20:40:01,117 - INFO - Gpu Temp Celsius Avg     : 51.5806
2025-11-01 20:40:01,117 - INFO - Gpu Temp Celsius Peak    : 59.0000
2025-11-01 20:40:01,117 - INFO - Gpu Utilization Percent Avg: 32.1935
2025-11-01 20:40:01,117 - INFO - Gpu Utilization Percent Peak: 100.0000
2025-11-01 20:40:01,117 - INFO - Gpu Mem Used Bytes Avg   : 23902486528.0000
2025-11-01 20:40:01,117 - INFO - Gpu Mem Used Bytes Peak  : 23902486528.0000
2025-11-01 20:40:01,117 - INFO - Gpu Vram Used Bytes      : 23902486528.0000
2025-11-01 20:40:01,117 - INFO - Accuracy                 : 0.6047
2025-11-01 20:40:01,117 - INFO - Precision                : 0.6059
2025-11-01 20:40:01,117 - INFO - Recall                   : 0.6047
2025-11-01 20:40:01,117 - INFO - F1 Score                 : 0.6022
2025-11-01 20:40:01,117 - INFO - ==================================================
2025-11-01 20:40:38,057 - INFO - Época 86 concluída. Loss média: 2.1198
2025-11-01 20:40:38,057 - INFO - Taxa de aprendizado ajustada para: 0.001000
2025-11-01 20:40:38,058 - INFO - Iniciando inferência com o modelo MobileNetV1...
2025-11-01 20:40:41,649 - INFO - ==================================================
2025-11-01 20:40:41,649 - INFO - EXPERIMENT RESULTS
2025-11-01 20:40:41,649 - INFO - ==================================================
2025-11-01 20:40:41,649 - INFO - Elapsed Time Seconds     : 3.5686
2025-11-01 20:40:41,649 - INFO - Cpu Usage Percent        : 2.7750
2025-11-01 20:40:41,650 - INFO - Ram Peak Usage Bytes     : 33923416064.0000
2025-11-01 20:40:41,650 - INFO - Disk Read Bytes          : 0.0000
2025-11-01 20:40:41,650 - INFO - Disk Write Bytes         : 0.0000
2025-11-01 20:40:41,650 - INFO - Vram Peak Usage Bytes    : 5197153108.0000
2025-11-01 20:40:41,650 - INFO - Gpu Power Watts Avg      : 123.3096
2025-11-01 20:40:41,650 - INFO - Gpu Power Watts Peak     : 245.2600
2025-11-01 20:40:41,650 - INFO - Gpu Temp Celsius Avg     : 51.1143
2025-11-01 20:40:41,650 - INFO - Gpu Temp Celsius Peak    : 59.0000
2025-11-01 20:40:41,650 - INFO - Gpu Utilization Percent Avg: 27.7429
2025-11-01 20:40:41,650 - INFO - Gpu Utilization Percent Peak: 100.0000
2025-11-01 20:40:41,650 - INFO - Gpu Mem Used Bytes Avg   : 23902486528.0000
2025-11-01 20:40:41,650 - INFO - Gpu Mem Used Bytes Peak  : 23902486528.0000
2025-11-01 20:40:41,650 - INFO - Gpu Vram Used Bytes      : 23902486528.0000
2025-11-01 20:40:41,650 - INFO - Accuracy                 : 0.6061
2025-11-01 20:40:41,650 - INFO - Precision                : 0.6074
2025-11-01 20:40:41,650 - INFO - Recall                   : 0.6061
2025-11-01 20:40:41,650 - INFO - F1 Score                 : 0.6039
2025-11-01 20:40:41,650 - INFO - ==================================================
2025-11-01 20:41:18,023 - INFO - Época 87 concluída. Loss média: 2.1183
2025-11-01 20:41:18,023 - INFO - Taxa de aprendizado ajustada para: 0.001000
2025-11-01 20:41:18,025 - INFO - Iniciando inferência com o modelo MobileNetV1...
2025-11-01 20:41:21,204 - INFO - ==================================================
2025-11-01 20:41:21,204 - INFO - EXPERIMENT RESULTS
2025-11-01 20:41:21,204 - INFO - ==================================================
2025-11-01 20:41:21,204 - INFO - Elapsed Time Seconds     : 3.1566
2025-11-01 20:41:21,204 - INFO - Cpu Usage Percent        : 2.2281
2025-11-01 20:41:21,204 - INFO - Ram Peak Usage Bytes     : 33923432448.0000
2025-11-01 20:41:21,204 - INFO - Disk Read Bytes          : 0.0000
2025-11-01 20:41:21,204 - INFO - Disk Write Bytes         : 0.0000
2025-11-01 20:41:21,204 - INFO - Vram Peak Usage Bytes    : 5197153108.0000
2025-11-01 20:41:21,204 - INFO - Gpu Power Watts Avg      : 131.1124
2025-11-01 20:41:21,204 - INFO - Gpu Power Watts Peak     : 259.9810
2025-11-01 20:41:21,204 - INFO - Gpu Temp Celsius Avg     : 51.0000
2025-11-01 20:41:21,204 - INFO - Gpu Temp Celsius Peak    : 58.0000
2025-11-01 20:41:21,204 - INFO - Gpu Utilization Percent Avg: 33.0000
2025-11-01 20:41:21,204 - INFO - Gpu Utilization Percent Peak: 100.0000
2025-11-01 20:41:21,204 - INFO - Gpu Mem Used Bytes Avg   : 23902486528.0000
2025-11-01 20:41:21,204 - INFO - Gpu Mem Used Bytes Peak  : 23902486528.0000
2025-11-01 20:41:21,204 - INFO - Gpu Vram Used Bytes      : 23902486528.0000
2025-11-01 20:41:21,204 - INFO - Accuracy                 : 0.6050
2025-11-01 20:41:21,204 - INFO - Precision                : 0.6066
2025-11-01 20:41:21,204 - INFO - Recall                   : 0.6050
2025-11-01 20:41:21,204 - INFO - F1 Score                 : 0.6029
2025-11-01 20:41:21,204 - INFO - ==================================================
2025-11-01 20:41:58,055 - INFO - Época 88 concluída. Loss média: 2.1189
2025-11-01 20:41:58,055 - INFO - Taxa de aprendizado ajustada para: 0.001000
2025-11-01 20:41:58,057 - INFO - Iniciando inferência com o modelo MobileNetV1...
2025-11-01 20:42:02,030 - INFO - ==================================================
2025-11-01 20:42:02,030 - INFO - EXPERIMENT RESULTS
2025-11-01 20:42:02,030 - INFO - ==================================================
2025-11-01 20:42:02,030 - INFO - Elapsed Time Seconds     : 3.9511
2025-11-01 20:42:02,030 - INFO - Cpu Usage Percent        : 2.5781
2025-11-01 20:42:02,030 - INFO - Ram Peak Usage Bytes     : 33923649536.0000
2025-11-01 20:42:02,030 - INFO - Disk Read Bytes          : 0.0000
2025-11-01 20:42:02,030 - INFO - Disk Write Bytes         : 208896.0000
2025-11-01 20:42:02,030 - INFO - Vram Peak Usage Bytes    : 5197153108.0000
2025-11-01 20:42:02,030 - INFO - Gpu Power Watts Avg      : 117.6613
2025-11-01 20:42:02,031 - INFO - Gpu Power Watts Peak     : 249.5690
2025-11-01 20:42:02,031 - INFO - Gpu Temp Celsius Avg     : 50.8462
2025-11-01 20:42:02,031 - INFO - Gpu Temp Celsius Peak    : 59.0000
2025-11-01 20:42:02,031 - INFO - Gpu Utilization Percent Avg: 24.6667
2025-11-01 20:42:02,031 - INFO - Gpu Utilization Percent Peak: 100.0000
2025-11-01 20:42:02,031 - INFO - Gpu Mem Used Bytes Avg   : 23902486528.0000
2025-11-01 20:42:02,031 - INFO - Gpu Mem Used Bytes Peak  : 23902486528.0000
2025-11-01 20:42:02,031 - INFO - Gpu Vram Used Bytes      : 23902486528.0000
2025-11-01 20:42:02,031 - INFO - Accuracy                 : 0.6051
2025-11-01 20:42:02,031 - INFO - Precision                : 0.6063
2025-11-01 20:42:02,031 - INFO - Recall                   : 0.6051
2025-11-01 20:42:02,031 - INFO - F1 Score                 : 0.6029
2025-11-01 20:42:02,031 - INFO - ==================================================
2025-11-01 20:42:39,232 - INFO - Época 89 concluída. Loss média: 2.1214
2025-11-01 20:42:39,233 - INFO - Taxa de aprendizado ajustada para: 0.001000
2025-11-01 20:42:39,234 - INFO - Iniciando inferência com o modelo MobileNetV1...
2025-11-01 20:42:42,097 - INFO - ==================================================
2025-11-01 20:42:42,097 - INFO - EXPERIMENT RESULTS
2025-11-01 20:42:42,097 - INFO - ==================================================
2025-11-01 20:42:42,097 - INFO - Elapsed Time Seconds     : 2.8407
2025-11-01 20:42:42,097 - INFO - Cpu Usage Percent        : 2.4312
2025-11-01 20:42:42,097 - INFO - Ram Peak Usage Bytes     : 33923686400.0000
2025-11-01 20:42:42,097 - INFO - Disk Read Bytes          : 0.0000
2025-11-01 20:42:42,097 - INFO - Disk Write Bytes         : 0.0000
2025-11-01 20:42:42,097 - INFO - Vram Peak Usage Bytes    : 5197153108.0000
2025-11-01 20:42:42,097 - INFO - Gpu Power Watts Avg      : 137.5561
2025-11-01 20:42:42,098 - INFO - Gpu Power Watts Peak     : 252.3960
2025-11-01 20:42:42,098 - INFO - Gpu Temp Celsius Avg     : 52.2857
2025-11-01 20:42:42,098 - INFO - Gpu Temp Celsius Peak    : 60.0000
2025-11-01 20:42:42,098 - INFO - Gpu Utilization Percent Avg: 34.6071
2025-11-01 20:42:42,098 - INFO - Gpu Utilization Percent Peak: 100.0000
2025-11-01 20:42:42,098 - INFO - Gpu Mem Used Bytes Avg   : 23902486528.0000
2025-11-01 20:42:42,098 - INFO - Gpu Mem Used Bytes Peak  : 23902486528.0000
2025-11-01 20:42:42,098 - INFO - Gpu Vram Used Bytes      : 23902486528.0000
2025-11-01 20:42:42,098 - INFO - Accuracy                 : 0.6051
2025-11-01 20:42:42,098 - INFO - Precision                : 0.6063
2025-11-01 20:42:42,098 - INFO - Recall                   : 0.6051
2025-11-01 20:42:42,098 - INFO - F1 Score                 : 0.6029
2025-11-01 20:42:42,098 - INFO - ==================================================
2025-11-01 20:43:18,239 - INFO - Época 90 concluída. Loss média: 2.1200
2025-11-01 20:43:18,239 - INFO - Taxa de aprendizado ajustada para: 0.000100
2025-11-01 20:43:18,241 - INFO - Iniciando inferência com o modelo MobileNetV1...
2025-11-01 20:43:21,313 - INFO - ==================================================
2025-11-01 20:43:21,313 - INFO - EXPERIMENT RESULTS
2025-11-01 20:43:21,313 - INFO - ==================================================
2025-11-01 20:43:21,313 - INFO - Elapsed Time Seconds     : 3.0496
2025-11-01 20:43:21,313 - INFO - Cpu Usage Percent        : 2.2844
2025-11-01 20:43:21,313 - INFO - Ram Peak Usage Bytes     : 33923723264.0000
2025-11-01 20:43:21,313 - INFO - Disk Read Bytes          : 0.0000
2025-11-01 20:43:21,313 - INFO - Disk Write Bytes         : 0.0000
2025-11-01 20:43:21,313 - INFO - Vram Peak Usage Bytes    : 5197153108.0000
2025-11-01 20:43:21,313 - INFO - Gpu Power Watts Avg      : 127.2889
2025-11-01 20:43:21,313 - INFO - Gpu Power Watts Peak     : 249.9310
2025-11-01 20:43:21,313 - INFO - Gpu Temp Celsius Avg     : 51.9000
2025-11-01 20:43:21,313 - INFO - Gpu Temp Celsius Peak    : 60.0000
2025-11-01 20:43:21,313 - INFO - Gpu Utilization Percent Avg: 32.4667
2025-11-01 20:43:21,313 - INFO - Gpu Utilization Percent Peak: 100.0000
2025-11-01 20:43:21,313 - INFO - Gpu Mem Used Bytes Avg   : 23902486528.0000
2025-11-01 20:43:21,313 - INFO - Gpu Mem Used Bytes Peak  : 23902486528.0000
2025-11-01 20:43:21,313 - INFO - Gpu Vram Used Bytes      : 23902486528.0000
2025-11-01 20:43:21,313 - INFO - Accuracy                 : 0.6039
2025-11-01 20:43:21,313 - INFO - Precision                : 0.6054
2025-11-01 20:43:21,313 - INFO - Recall                   : 0.6039
2025-11-01 20:43:21,313 - INFO - F1 Score                 : 0.6020
2025-11-01 20:43:21,313 - INFO - ==================================================
2025-11-01 20:43:58,339 - INFO - Época 91 concluída. Loss média: 2.1109
2025-11-01 20:43:58,339 - INFO - Taxa de aprendizado ajustada para: 0.000100
2025-11-01 20:43:58,341 - INFO - Iniciando inferência com o modelo MobileNetV1...
2025-11-01 20:44:01,521 - INFO - ==================================================
2025-11-01 20:44:01,521 - INFO - EXPERIMENT RESULTS
2025-11-01 20:44:01,521 - INFO - ==================================================
2025-11-01 20:44:01,521 - INFO - Elapsed Time Seconds     : 3.1582
2025-11-01 20:44:01,521 - INFO - Cpu Usage Percent        : 2.3563
2025-11-01 20:44:01,521 - INFO - Ram Peak Usage Bytes     : 33923751936.0000
2025-11-01 20:44:01,522 - INFO - Disk Read Bytes          : 0.0000
2025-11-01 20:44:01,522 - INFO - Disk Write Bytes         : 0.0000
2025-11-01 20:44:01,522 - INFO - Vram Peak Usage Bytes    : 5197153108.0000
2025-11-01 20:44:01,522 - INFO - Gpu Power Watts Avg      : 134.7353
2025-11-01 20:44:01,522 - INFO - Gpu Power Watts Peak     : 257.2730
2025-11-01 20:44:01,522 - INFO - Gpu Temp Celsius Avg     : 50.7742
2025-11-01 20:44:01,522 - INFO - Gpu Temp Celsius Peak    : 57.0000
2025-11-01 20:44:01,522 - INFO - Gpu Utilization Percent Avg: 30.7097
2025-11-01 20:44:01,522 - INFO - Gpu Utilization Percent Peak: 100.0000
2025-11-01 20:44:01,522 - INFO - Gpu Mem Used Bytes Avg   : 23902486528.0000
2025-11-01 20:44:01,522 - INFO - Gpu Mem Used Bytes Peak  : 23902486528.0000
2025-11-01 20:44:01,522 - INFO - Gpu Vram Used Bytes      : 23902486528.0000
2025-11-01 20:44:01,522 - INFO - Accuracy                 : 0.6045
2025-11-01 20:44:01,522 - INFO - Precision                : 0.6065
2025-11-01 20:44:01,522 - INFO - Recall                   : 0.6045
2025-11-01 20:44:01,522 - INFO - F1 Score                 : 0.6026
2025-11-01 20:44:01,522 - INFO - ==================================================
2025-11-01 20:44:37,735 - INFO - Época 92 concluída. Loss média: 2.1129
2025-11-01 20:44:37,735 - INFO - Taxa de aprendizado ajustada para: 0.000100
2025-11-01 20:44:37,737 - INFO - Iniciando inferência com o modelo MobileNetV1...
2025-11-01 20:44:41,114 - INFO - ==================================================
2025-11-01 20:44:41,114 - INFO - EXPERIMENT RESULTS
2025-11-01 20:44:41,114 - INFO - ==================================================
2025-11-01 20:44:41,114 - INFO - Elapsed Time Seconds     : 3.3549
2025-11-01 20:44:41,114 - INFO - Cpu Usage Percent        : 2.1344
2025-11-01 20:44:41,114 - INFO - Ram Peak Usage Bytes     : 33923784704.0000
2025-11-01 20:44:41,114 - INFO - Disk Read Bytes          : 0.0000
2025-11-01 20:44:41,114 - INFO - Disk Write Bytes         : 0.0000
2025-11-01 20:44:41,114 - INFO - Vram Peak Usage Bytes    : 5197153108.0000
2025-11-01 20:44:41,114 - INFO - Gpu Power Watts Avg      : 134.3640
2025-11-01 20:44:41,114 - INFO - Gpu Power Watts Peak     : 256.1600
2025-11-01 20:44:41,114 - INFO - Gpu Temp Celsius Avg     : 50.8788
2025-11-01 20:44:41,114 - INFO - Gpu Temp Celsius Peak    : 58.0000
2025-11-01 20:44:41,114 - INFO - Gpu Utilization Percent Avg: 28.9697
2025-11-01 20:44:41,114 - INFO - Gpu Utilization Percent Peak: 100.0000
2025-11-01 20:44:41,114 - INFO - Gpu Mem Used Bytes Avg   : 23902486528.0000
2025-11-01 20:44:41,114 - INFO - Gpu Mem Used Bytes Peak  : 23902486528.0000
2025-11-01 20:44:41,114 - INFO - Gpu Vram Used Bytes      : 23902486528.0000
2025-11-01 20:44:41,114 - INFO - Accuracy                 : 0.6058
2025-11-01 20:44:41,114 - INFO - Precision                : 0.6074
2025-11-01 20:44:41,114 - INFO - Recall                   : 0.6058
2025-11-01 20:44:41,114 - INFO - F1 Score                 : 0.6038
2025-11-01 20:44:41,114 - INFO - ==================================================
2025-11-01 20:45:18,408 - INFO - Época 93 concluída. Loss média: 2.1122
2025-11-01 20:45:18,409 - INFO - Taxa de aprendizado ajustada para: 0.000100
2025-11-01 20:45:18,410 - INFO - Iniciando inferência com o modelo MobileNetV1...
2025-11-01 20:45:21,677 - INFO - ==================================================
2025-11-01 20:45:21,678 - INFO - EXPERIMENT RESULTS
2025-11-01 20:45:21,678 - INFO - ==================================================
2025-11-01 20:45:21,678 - INFO - Elapsed Time Seconds     : 3.2453
2025-11-01 20:45:21,678 - INFO - Cpu Usage Percent        : 2.2156
2025-11-01 20:45:21,678 - INFO - Ram Peak Usage Bytes     : 33923813376.0000
2025-11-01 20:45:21,678 - INFO - Disk Read Bytes          : 0.0000
2025-11-01 20:45:21,678 - INFO - Disk Write Bytes         : 0.0000
2025-11-01 20:45:21,678 - INFO - Vram Peak Usage Bytes    : 5197153108.0000
2025-11-01 20:45:21,678 - INFO - Gpu Power Watts Avg      : 131.2921
2025-11-01 20:45:21,678 - INFO - Gpu Power Watts Peak     : 255.3550
2025-11-01 20:45:21,678 - INFO - Gpu Temp Celsius Avg     : 51.1250
2025-11-01 20:45:21,678 - INFO - Gpu Temp Celsius Peak    : 57.0000
2025-11-01 20:45:21,678 - INFO - Gpu Utilization Percent Avg: 31.3438
2025-11-01 20:45:21,678 - INFO - Gpu Utilization Percent Peak: 100.0000
2025-11-01 20:45:21,678 - INFO - Gpu Mem Used Bytes Avg   : 23902486528.0000
2025-11-01 20:45:21,678 - INFO - Gpu Mem Used Bytes Peak  : 23902486528.0000
2025-11-01 20:45:21,678 - INFO - Gpu Vram Used Bytes      : 23902486528.0000
2025-11-01 20:45:21,678 - INFO - Accuracy                 : 0.6050
2025-11-01 20:45:21,678 - INFO - Precision                : 0.6065
2025-11-01 20:45:21,678 - INFO - Recall                   : 0.6050
2025-11-01 20:45:21,678 - INFO - F1 Score                 : 0.6031
2025-11-01 20:45:21,678 - INFO - ==================================================
2025-11-01 20:45:58,518 - INFO - Época 94 concluída. Loss média: 2.1085
2025-11-01 20:45:58,519 - INFO - Taxa de aprendizado ajustada para: 0.000100
2025-11-01 20:45:58,520 - INFO - Iniciando inferência com o modelo MobileNetV1...
2025-11-01 20:46:01,708 - INFO - ==================================================
2025-11-01 20:46:01,708 - INFO - EXPERIMENT RESULTS
2025-11-01 20:46:01,708 - INFO - ==================================================
2025-11-01 20:46:01,708 - INFO - Elapsed Time Seconds     : 3.1651
2025-11-01 20:46:01,708 - INFO - Cpu Usage Percent        : 2.3312
2025-11-01 20:46:01,708 - INFO - Ram Peak Usage Bytes     : 33923833856.0000
2025-11-01 20:46:01,708 - INFO - Disk Read Bytes          : 0.0000
2025-11-01 20:46:01,708 - INFO - Disk Write Bytes         : 0.0000
2025-11-01 20:46:01,708 - INFO - Vram Peak Usage Bytes    : 5197153108.0000
2025-11-01 20:46:01,708 - INFO - Gpu Power Watts Avg      : 128.3077
2025-11-01 20:46:01,708 - INFO - Gpu Power Watts Peak     : 259.2570
2025-11-01 20:46:01,708 - INFO - Gpu Temp Celsius Avg     : 51.7097
2025-11-01 20:46:01,708 - INFO - Gpu Temp Celsius Peak    : 61.0000
2025-11-01 20:46:01,708 - INFO - Gpu Utilization Percent Avg: 33.0323
2025-11-01 20:46:01,708 - INFO - Gpu Utilization Percent Peak: 100.0000
2025-11-01 20:46:01,708 - INFO - Gpu Mem Used Bytes Avg   : 23902486528.0000
2025-11-01 20:46:01,708 - INFO - Gpu Mem Used Bytes Peak  : 23902486528.0000
2025-11-01 20:46:01,708 - INFO - Gpu Vram Used Bytes      : 23902486528.0000
2025-11-01 20:46:01,708 - INFO - Accuracy                 : 0.6048
2025-11-01 20:46:01,708 - INFO - Precision                : 0.6063
2025-11-01 20:46:01,708 - INFO - Recall                   : 0.6048
2025-11-01 20:46:01,708 - INFO - F1 Score                 : 0.6028
2025-11-01 20:46:01,708 - INFO - ==================================================
2025-11-01 20:46:37,615 - INFO - Época 95 concluída. Loss média: 2.1121
2025-11-01 20:46:37,616 - INFO - Taxa de aprendizado ajustada para: 0.000100
2025-11-01 20:46:37,617 - INFO - Iniciando inferência com o modelo MobileNetV1...
2025-11-01 20:46:40,801 - INFO - ==================================================
2025-11-01 20:46:40,801 - INFO - EXPERIMENT RESULTS
2025-11-01 20:46:40,801 - INFO - ==================================================
2025-11-01 20:46:40,801 - INFO - Elapsed Time Seconds     : 3.1613
2025-11-01 20:46:40,801 - INFO - Cpu Usage Percent        : 2.3031
2025-11-01 20:46:40,801 - INFO - Ram Peak Usage Bytes     : 33923866624.0000
2025-11-01 20:46:40,801 - INFO - Disk Read Bytes          : 0.0000
2025-11-01 20:46:40,801 - INFO - Disk Write Bytes         : 0.0000
2025-11-01 20:46:40,801 - INFO - Vram Peak Usage Bytes    : 5197153108.0000
2025-11-01 20:46:40,801 - INFO - Gpu Power Watts Avg      : 133.6318
2025-11-01 20:46:40,801 - INFO - Gpu Power Watts Peak     : 259.2420
2025-11-01 20:46:40,801 - INFO - Gpu Temp Celsius Avg     : 51.1613
2025-11-01 20:46:40,801 - INFO - Gpu Temp Celsius Peak    : 57.0000
2025-11-01 20:46:40,801 - INFO - Gpu Utilization Percent Avg: 33.2258
2025-11-01 20:46:40,801 - INFO - Gpu Utilization Percent Peak: 100.0000
2025-11-01 20:46:40,801 - INFO - Gpu Mem Used Bytes Avg   : 23902486528.0000
2025-11-01 20:46:40,801 - INFO - Gpu Mem Used Bytes Peak  : 23902486528.0000
2025-11-01 20:46:40,801 - INFO - Gpu Vram Used Bytes      : 23902486528.0000
2025-11-01 20:46:40,801 - INFO - Accuracy                 : 0.6052
2025-11-01 20:46:40,801 - INFO - Precision                : 0.6062
2025-11-01 20:46:40,801 - INFO - Recall                   : 0.6052
2025-11-01 20:46:40,801 - INFO - F1 Score                 : 0.6030
2025-11-01 20:46:40,801 - INFO - ==================================================
2025-11-01 20:47:17,583 - INFO - Época 96 concluída. Loss média: 2.1125
2025-11-01 20:47:17,583 - INFO - Taxa de aprendizado ajustada para: 0.000100
2025-11-01 20:47:17,585 - INFO - Iniciando inferência com o modelo MobileNetV1...
2025-11-01 20:47:20,581 - INFO - ==================================================
2025-11-01 20:47:20,581 - INFO - EXPERIMENT RESULTS
2025-11-01 20:47:20,581 - INFO - ==================================================
2025-11-01 20:47:20,581 - INFO - Elapsed Time Seconds     : 2.9737
2025-11-01 20:47:20,581 - INFO - Cpu Usage Percent        : 2.3312
2025-11-01 20:47:20,581 - INFO - Ram Peak Usage Bytes     : 33923895296.0000
2025-11-01 20:47:20,581 - INFO - Disk Read Bytes          : 0.0000
2025-11-01 20:47:20,581 - INFO - Disk Write Bytes         : 20480.0000
2025-11-01 20:47:20,581 - INFO - Vram Peak Usage Bytes    : 5197153108.0000
2025-11-01 20:47:20,581 - INFO - Gpu Power Watts Avg      : 136.7950
2025-11-01 20:47:20,581 - INFO - Gpu Power Watts Peak     : 269.2940
2025-11-01 20:47:20,581 - INFO - Gpu Temp Celsius Avg     : 51.0690
2025-11-01 20:47:20,581 - INFO - Gpu Temp Celsius Peak    : 57.0000
2025-11-01 20:47:20,581 - INFO - Gpu Utilization Percent Avg: 35.5517
2025-11-01 20:47:20,581 - INFO - Gpu Utilization Percent Peak: 100.0000
2025-11-01 20:47:20,581 - INFO - Gpu Mem Used Bytes Avg   : 23902486528.0000
2025-11-01 20:47:20,581 - INFO - Gpu Mem Used Bytes Peak  : 23902486528.0000
2025-11-01 20:47:20,581 - INFO - Gpu Vram Used Bytes      : 23902486528.0000
2025-11-01 20:47:20,581 - INFO - Accuracy                 : 0.6057
2025-11-01 20:47:20,581 - INFO - Precision                : 0.6069
2025-11-01 20:47:20,581 - INFO - Recall                   : 0.6057
2025-11-01 20:47:20,581 - INFO - F1 Score                 : 0.6035
2025-11-01 20:47:20,581 - INFO - ==================================================
2025-11-01 20:47:57,670 - INFO - Época 97 concluída. Loss média: 2.1101
2025-11-01 20:47:57,670 - INFO - Taxa de aprendizado ajustada para: 0.000100
2025-11-01 20:47:57,672 - INFO - Iniciando inferência com o modelo MobileNetV1...
2025-11-01 20:48:00,856 - INFO - ==================================================
2025-11-01 20:48:00,856 - INFO - EXPERIMENT RESULTS
2025-11-01 20:48:00,856 - INFO - ==================================================
2025-11-01 20:48:00,856 - INFO - Elapsed Time Seconds     : 3.1615
2025-11-01 20:48:00,856 - INFO - Cpu Usage Percent        : 2.3312
2025-11-01 20:48:00,856 - INFO - Ram Peak Usage Bytes     : 33923923968.0000
2025-11-01 20:48:00,856 - INFO - Disk Read Bytes          : 0.0000
2025-11-01 20:48:00,856 - INFO - Disk Write Bytes         : 0.0000
2025-11-01 20:48:00,856 - INFO - Vram Peak Usage Bytes    : 5197153108.0000
2025-11-01 20:48:00,856 - INFO - Gpu Power Watts Avg      : 136.5634
2025-11-01 20:48:00,856 - INFO - Gpu Power Watts Peak     : 255.6990
2025-11-01 20:48:00,856 - INFO - Gpu Temp Celsius Avg     : 51.0968
2025-11-01 20:48:00,856 - INFO - Gpu Temp Celsius Peak    : 58.0000
2025-11-01 20:48:00,856 - INFO - Gpu Utilization Percent Avg: 31.6774
2025-11-01 20:48:00,856 - INFO - Gpu Utilization Percent Peak: 100.0000
2025-11-01 20:48:00,856 - INFO - Gpu Mem Used Bytes Avg   : 23902486528.0000
2025-11-01 20:48:00,856 - INFO - Gpu Mem Used Bytes Peak  : 23902486528.0000
2025-11-01 20:48:00,856 - INFO - Gpu Vram Used Bytes      : 23902486528.0000
2025-11-01 20:48:00,856 - INFO - Accuracy                 : 0.6037
2025-11-01 20:48:00,856 - INFO - Precision                : 0.6052
2025-11-01 20:48:00,856 - INFO - Recall                   : 0.6037
2025-11-01 20:48:00,856 - INFO - F1 Score                 : 0.6016
2025-11-01 20:48:00,856 - INFO - ==================================================
2025-11-01 20:48:38,059 - INFO - Época 98 concluída. Loss média: 2.1125
2025-11-01 20:48:38,059 - INFO - Taxa de aprendizado ajustada para: 0.000100
2025-11-01 20:48:38,061 - INFO - Iniciando inferência com o modelo MobileNetV1...
2025-11-01 20:48:41,337 - INFO - ==================================================
2025-11-01 20:48:41,337 - INFO - EXPERIMENT RESULTS
2025-11-01 20:48:41,337 - INFO - ==================================================
2025-11-01 20:48:41,337 - INFO - Elapsed Time Seconds     : 3.2538
2025-11-01 20:48:41,337 - INFO - Cpu Usage Percent        : 2.1219
2025-11-01 20:48:41,337 - INFO - Ram Peak Usage Bytes     : 33923948544.0000
2025-11-01 20:48:41,337 - INFO - Disk Read Bytes          : 0.0000
2025-11-01 20:48:41,337 - INFO - Disk Write Bytes         : 0.0000
2025-11-01 20:48:41,337 - INFO - Vram Peak Usage Bytes    : 5197153108.0000
2025-11-01 20:48:41,337 - INFO - Gpu Power Watts Avg      : 136.8696
2025-11-01 20:48:41,337 - INFO - Gpu Power Watts Peak     : 254.8290
2025-11-01 20:48:41,337 - INFO - Gpu Temp Celsius Avg     : 51.6250
2025-11-01 20:48:41,337 - INFO - Gpu Temp Celsius Peak    : 60.0000
2025-11-01 20:48:41,337 - INFO - Gpu Utilization Percent Avg: 28.2812
2025-11-01 20:48:41,337 - INFO - Gpu Utilization Percent Peak: 100.0000
2025-11-01 20:48:41,337 - INFO - Gpu Mem Used Bytes Avg   : 23902486528.0000
2025-11-01 20:48:41,337 - INFO - Gpu Mem Used Bytes Peak  : 23902486528.0000
2025-11-01 20:48:41,337 - INFO - Gpu Vram Used Bytes      : 23902486528.0000
2025-11-01 20:48:41,337 - INFO - Accuracy                 : 0.6042
2025-11-01 20:48:41,337 - INFO - Precision                : 0.6056
2025-11-01 20:48:41,337 - INFO - Recall                   : 0.6042
2025-11-01 20:48:41,337 - INFO - F1 Score                 : 0.6021
2025-11-01 20:48:41,337 - INFO - ==================================================
2025-11-01 20:49:18,387 - INFO - Época 99 concluída. Loss média: 2.1121
2025-11-01 20:49:18,388 - INFO - Taxa de aprendizado ajustada para: 0.000100
2025-11-01 20:49:18,389 - INFO - Iniciando inferência com o modelo MobileNetV1...
2025-11-01 20:49:21,651 - INFO - ==================================================
2025-11-01 20:49:21,651 - INFO - EXPERIMENT RESULTS
2025-11-01 20:49:21,651 - INFO - ==================================================
2025-11-01 20:49:21,651 - INFO - Elapsed Time Seconds     : 3.2393
2025-11-01 20:49:21,651 - INFO - Cpu Usage Percent        : 2.2656
2025-11-01 20:49:21,651 - INFO - Ram Peak Usage Bytes     : 33924292608.0000
2025-11-01 20:49:21,651 - INFO - Disk Read Bytes          : 0.0000
2025-11-01 20:49:21,651 - INFO - Disk Write Bytes         : 0.0000
2025-11-01 20:49:21,651 - INFO - Vram Peak Usage Bytes    : 5197153108.0000
2025-11-01 20:49:21,651 - INFO - Gpu Power Watts Avg      : 127.5351
2025-11-01 20:49:21,651 - INFO - Gpu Power Watts Peak     : 260.9900
2025-11-01 20:49:21,651 - INFO - Gpu Temp Celsius Avg     : 51.2500
2025-11-01 20:49:21,651 - INFO - Gpu Temp Celsius Peak    : 58.0000
2025-11-01 20:49:21,651 - INFO - Gpu Utilization Percent Avg: 34.1250
2025-11-01 20:49:21,651 - INFO - Gpu Utilization Percent Peak: 100.0000
2025-11-01 20:49:21,651 - INFO - Gpu Mem Used Bytes Avg   : 23902486528.0000
2025-11-01 20:49:21,651 - INFO - Gpu Mem Used Bytes Peak  : 23902486528.0000
2025-11-01 20:49:21,651 - INFO - Gpu Vram Used Bytes      : 23902486528.0000
2025-11-01 20:49:21,651 - INFO - Accuracy                 : 0.6030
2025-11-01 20:49:21,651 - INFO - Precision                : 0.6043
2025-11-01 20:49:21,651 - INFO - Recall                   : 0.6030
2025-11-01 20:49:21,651 - INFO - F1 Score                 : 0.6008
2025-11-01 20:49:21,651 - INFO - ==================================================
2025-11-01 20:49:58,407 - INFO - Época 100 concluída. Loss média: 2.1110
2025-11-01 20:49:58,407 - INFO - Taxa de aprendizado ajustada para: 0.000100
2025-11-01 20:49:58,409 - INFO - Iniciando inferência com o modelo MobileNetV1...
2025-11-01 20:50:01,379 - INFO - ==================================================
2025-11-01 20:50:01,379 - INFO - EXPERIMENT RESULTS
2025-11-01 20:50:01,379 - INFO - ==================================================
2025-11-01 20:50:01,379 - INFO - Elapsed Time Seconds     : 2.9476
2025-11-01 20:50:01,379 - INFO - Cpu Usage Percent        : 2.3750
2025-11-01 20:50:01,379 - INFO - Ram Peak Usage Bytes     : 33924321280.0000
2025-11-01 20:50:01,379 - INFO - Disk Read Bytes          : 0.0000
2025-11-01 20:50:01,379 - INFO - Disk Write Bytes         : 0.0000
2025-11-01 20:50:01,379 - INFO - Vram Peak Usage Bytes    : 5197153108.0000
2025-11-01 20:50:01,379 - INFO - Gpu Power Watts Avg      : 132.7441
2025-11-01 20:50:01,379 - INFO - Gpu Power Watts Peak     : 260.1460
2025-11-01 20:50:01,379 - INFO - Gpu Temp Celsius Avg     : 52.3793
2025-11-01 20:50:01,379 - INFO - Gpu Temp Celsius Peak    : 60.0000
2025-11-01 20:50:01,379 - INFO - Gpu Utilization Percent Avg: 32.9310
2025-11-01 20:50:01,379 - INFO - Gpu Utilization Percent Peak: 100.0000
2025-11-01 20:50:01,379 - INFO - Gpu Mem Used Bytes Avg   : 23902486528.0000
2025-11-01 20:50:01,379 - INFO - Gpu Mem Used Bytes Peak  : 23902486528.0000
2025-11-01 20:50:01,379 - INFO - Gpu Vram Used Bytes      : 23902486528.0000
2025-11-01 20:50:01,379 - INFO - Accuracy                 : 0.6045
2025-11-01 20:50:01,379 - INFO - Precision                : 0.6058
2025-11-01 20:50:01,379 - INFO - Recall                   : 0.6045
2025-11-01 20:50:01,379 - INFO - F1 Score                 : 0.6023
2025-11-01 20:50:01,379 - INFO - ==================================================
2025-11-01 20:50:01,406 - INFO - Métricas de performance do treinamento:
2025-11-01 20:50:01,406 - INFO - ==================================================
2025-11-01 20:50:01,406 - INFO - EXPERIMENT RESULTS
2025-11-01 20:50:01,406 - INFO - ==================================================
2025-11-01 20:50:01,406 - INFO - Elapsed Time Seconds     : 4010.1666
2025-11-01 20:50:01,406 - INFO - Cpu Usage Percent        : 4.0906
2025-11-01 20:50:01,406 - INFO - Ram Peak Usage Bytes     : 33924235264.0000
2025-11-01 20:50:01,406 - INFO - Disk Read Bytes          : 770048.0000
2025-11-01 20:50:01,406 - INFO - Disk Write Bytes         : 491610112.0000
2025-11-01 20:50:01,406 - INFO - Vram Peak Usage Bytes    : 5197153108.0000
2025-11-01 20:50:01,406 - INFO - Gpu Power Watts Avg      : 247.6107
2025-11-01 20:50:01,406 - INFO - Gpu Power Watts Peak     : 293.1780
2025-11-01 20:50:01,406 - INFO - Gpu Temp Celsius Avg     : 56.7594
2025-11-01 20:50:01,406 - INFO - Gpu Temp Celsius Peak    : 63.0000
2025-11-01 20:50:01,406 - INFO - Gpu Utilization Percent Avg: 83.8576
2025-11-01 20:50:01,406 - INFO - Gpu Utilization Percent Peak: 100.0000
2025-11-01 20:50:01,406 - INFO - Gpu Mem Used Bytes Avg   : 23788256900.1865
2025-11-01 20:50:01,406 - INFO - Gpu Mem Used Bytes Peak  : 23902486528.0000
2025-11-01 20:50:01,406 - INFO - Gpu Vram Used Bytes      : 23902486528.0000
2025-11-01 20:50:01,407 - INFO - ==================================================
2025-11-01 20:50:02,634 - INFO - Modelo salvo em: trained_models/mobilenet_V1_final.pth
2025-11-01 20:50:02,644 - INFO - Pipeline de treinamento concluído. Modelo salvo em: trained_models/mobilenet_V1_final.pth
2025-11-01 20:50:02,644 - INFO - Iniciando pipeline de inferência para avaliação final no conjunto de validação...
2025-11-01 20:50:02,708 - INFO - Iniciando inferência com o modelo MobileNetV1...
2025-11-01 20:50:06,790 - INFO - ==================================================
2025-11-01 20:50:06,790 - INFO - EXPERIMENT RESULTS
2025-11-01 20:50:06,790 - INFO - ==================================================
2025-11-01 20:50:06,790 - INFO - Elapsed Time Seconds     : 4.0605
2025-11-01 20:50:06,790 - INFO - Cpu Usage Percent        : 2.4937
2025-11-01 20:50:06,790 - INFO - Ram Peak Usage Bytes     : 33927753728.0000
2025-11-01 20:50:06,791 - INFO - Disk Read Bytes          : 0.0000
2025-11-01 20:50:06,791 - INFO - Disk Write Bytes         : 0.0000
2025-11-01 20:50:06,791 - INFO - Vram Peak Usage Bytes    : 4764963848.0000
2025-11-01 20:50:06,791 - INFO - Gpu Power Watts Avg      : 72.7042
2025-11-01 20:50:06,791 - INFO - Gpu Power Watts Peak     : 253.3400
2025-11-01 20:50:06,791 - INFO - Gpu Temp Celsius Avg     : 49.3500
2025-11-01 20:50:06,791 - INFO - Gpu Temp Celsius Peak    : 59.0000
2025-11-01 20:50:06,791 - INFO - Gpu Utilization Percent Avg: 22.2000
2025-11-01 20:50:06,791 - INFO - Gpu Utilization Percent Peak: 100.0000
2025-11-01 20:50:06,791 - INFO - Gpu Mem Used Bytes Avg   : 23902486528.0000
2025-11-01 20:50:06,791 - INFO - Gpu Mem Used Bytes Peak  : 23902486528.0000
2025-11-01 20:50:06,791 - INFO - Gpu Vram Used Bytes      : 23902486528.0000
2025-11-01 20:50:06,791 - INFO - Accuracy                 : 0.6045
2025-11-01 20:50:06,791 - INFO - Precision                : 0.6058
2025-11-01 20:50:06,791 - INFO - Recall                   : 0.6045
2025-11-01 20:50:06,791 - INFO - F1 Score                 : 0.6023
2025-11-01 20:50:06,791 - INFO - ==================================================
2025-11-01 20:50:06,791 - INFO - Projeto executado com sucesso!
