2025-11-01 16:14:26,191 - INFO - ==================================================
2025-11-01 16:14:26,192 - INFO - EXPERIMENT CONFIGURATION
2025-11-01 16:14:26,192 - INFO - ==================================================
2025-11-01 16:14:26,192 - INFO - Model Name          : shufflenet_v2
2025-11-01 16:14:26,192 - INFO - Config File         : configs/shufflenet_v2_config.yaml
2025-11-01 16:14:26,192 - INFO - Train Data          : /scratch/ehdmenezes//tiny-imagenet-200/train
2025-11-01 16:14:26,192 - INFO - Validation Data     : /scratch/ehdmenezes//tiny-imagenet-200/val
2025-11-01 16:14:26,192 - INFO - model_params        : {'num_classes': 200}
2025-11-01 16:14:26,192 - INFO - train_params        : {'epochs': 100, 'batch_size': 512, 'learning_rate': 0.1}
2025-11-01 16:14:26,192 - INFO - inference_params    : {'batch_size': 512}
2025-11-01 16:14:26,192 - INFO - scheduler_params    : {'type': 'StepLR', 'step_size': 30, 'gamma': 0.1}
2025-11-01 16:14:26,192 - INFO - ==================================================
2025-11-01 16:14:26,211 - INFO - Semente aleatória para esta execução foi fixada em: 72
2025-11-01 16:14:26,211 - INFO - Configuração de treinamento: {'model_params': {'num_classes': 200}, 'train_params': {'epochs': 100, 'batch_size': 512, 'learning_rate': 0.1}, 'inference_params': {'batch_size': 512}, 'scheduler_params': {'type': 'StepLR', 'step_size': 30, 'gamma': 0.1}}
2025-11-01 16:14:26,502 - INFO - Usando otimizador SGD com momento e weight decay.
2025-11-01 16:14:26,502 - INFO - Usando StepLR scheduler com step_size=30 e gamma=0.1.
2025-11-01 16:14:26,502 - INFO - AMP (Automatic Mixed Precision) ativado.
2025-11-01 16:14:26,502 - INFO - Iniciando treinamento do modelo shufflenet_v2 no dispositivo cuda.
2025-11-01 16:14:49,470 - INFO - Época 1 concluída. Loss média: 5.1911
2025-11-01 16:14:49,470 - INFO - Taxa de aprendizado ajustada para: 0.100000
2025-11-01 16:14:49,475 - INFO - Iniciando inferência com o modelo ShuffleNetV2...
2025-11-01 16:14:51,746 - INFO - ==================================================
2025-11-01 16:14:51,746 - INFO - EXPERIMENT RESULTS
2025-11-01 16:14:51,746 - INFO - ==================================================
2025-11-01 16:14:51,746 - INFO - Elapsed Time Seconds     : 2.2566
2025-11-01 16:14:51,746 - INFO - Cpu Usage Percent        : 2.5906
2025-11-01 16:14:51,746 - INFO - Ram Peak Usage Bytes     : 8067923968.0000
2025-11-01 16:14:51,746 - INFO - Disk Read Bytes          : 0.0000
2025-11-01 16:14:51,746 - INFO - Disk Write Bytes         : 30851072.0000
2025-11-01 16:14:51,746 - INFO - Vram Peak Usage Bytes    : 1124251316.0000
2025-11-01 16:14:51,746 - INFO - Gpu Power Watts Avg      : 100.3583
2025-11-01 16:14:51,746 - INFO - Gpu Power Watts Peak     : 198.7740
2025-11-01 16:14:51,746 - INFO - Gpu Temp Celsius Avg     : 43.4091
2025-11-01 16:14:51,746 - INFO - Gpu Temp Celsius Peak    : 48.0000
2025-11-01 16:14:51,746 - INFO - Gpu Utilization Percent Avg: 16.3636
2025-11-01 16:14:51,746 - INFO - Gpu Utilization Percent Peak: 99.0000
2025-11-01 16:14:51,746 - INFO - Gpu Mem Used Bytes Avg   : 5462228992.0000
2025-11-01 16:14:51,746 - INFO - Gpu Mem Used Bytes Peak  : 5462228992.0000
2025-11-01 16:14:51,746 - INFO - Gpu Vram Used Bytes      : 5462228992.0000
2025-11-01 16:14:51,746 - INFO - Accuracy                 : 0.0288
2025-11-01 16:14:51,746 - INFO - Precision                : 0.0188
2025-11-01 16:14:51,746 - INFO - Recall                   : 0.0288
2025-11-01 16:14:51,746 - INFO - F1 Score                 : 0.0121
2025-11-01 16:14:51,746 - INFO - ==================================================
2025-11-01 16:15:13,142 - INFO - Época 2 concluída. Loss média: 4.8655
2025-11-01 16:15:13,142 - INFO - Taxa de aprendizado ajustada para: 0.100000
2025-11-01 16:15:13,147 - INFO - Iniciando inferência com o modelo ShuffleNetV2...
2025-11-01 16:15:16,217 - INFO - ==================================================
2025-11-01 16:15:16,217 - INFO - EXPERIMENT RESULTS
2025-11-01 16:15:16,217 - INFO - ==================================================
2025-11-01 16:15:16,217 - INFO - Elapsed Time Seconds     : 3.0476
2025-11-01 16:15:16,217 - INFO - Cpu Usage Percent        : 2.7594
2025-11-01 16:15:16,217 - INFO - Ram Peak Usage Bytes     : 8606986240.0000
2025-11-01 16:15:16,217 - INFO - Disk Read Bytes          : 0.0000
2025-11-01 16:15:16,217 - INFO - Disk Write Bytes         : 135168.0000
2025-11-01 16:15:16,217 - INFO - Vram Peak Usage Bytes    : 1124251316.0000
2025-11-01 16:15:16,217 - INFO - Gpu Power Watts Avg      : 88.3860
2025-11-01 16:15:16,217 - INFO - Gpu Power Watts Peak     : 167.1300
2025-11-01 16:15:16,217 - INFO - Gpu Temp Celsius Avg     : 42.0667
2025-11-01 16:15:16,217 - INFO - Gpu Temp Celsius Peak    : 47.0000
2025-11-01 16:15:16,217 - INFO - Gpu Utilization Percent Avg: 14.3333
2025-11-01 16:15:16,217 - INFO - Gpu Utilization Percent Peak: 79.0000
2025-11-01 16:15:16,217 - INFO - Gpu Mem Used Bytes Avg   : 5462228992.0000
2025-11-01 16:15:16,217 - INFO - Gpu Mem Used Bytes Peak  : 5462228992.0000
2025-11-01 16:15:16,218 - INFO - Gpu Vram Used Bytes      : 5462228992.0000
2025-11-01 16:15:16,218 - INFO - Accuracy                 : 0.0630
2025-11-01 16:15:16,218 - INFO - Precision                : 0.0449
2025-11-01 16:15:16,218 - INFO - Recall                   : 0.0630
2025-11-01 16:15:16,218 - INFO - F1 Score                 : 0.0353
2025-11-01 16:15:16,218 - INFO - ==================================================
2025-11-01 16:15:41,316 - INFO - Época 3 concluída. Loss média: 4.6282
2025-11-01 16:15:41,316 - INFO - Taxa de aprendizado ajustada para: 0.100000
2025-11-01 16:15:41,321 - INFO - Iniciando inferência com o modelo ShuffleNetV2...
2025-11-01 16:15:43,509 - INFO - ==================================================
2025-11-01 16:15:43,509 - INFO - EXPERIMENT RESULTS
2025-11-01 16:15:43,509 - INFO - ==================================================
2025-11-01 16:15:43,509 - INFO - Elapsed Time Seconds     : 2.1661
2025-11-01 16:15:43,510 - INFO - Cpu Usage Percent        : 2.6969
2025-11-01 16:15:43,510 - INFO - Ram Peak Usage Bytes     : 8607117312.0000
2025-11-01 16:15:43,510 - INFO - Disk Read Bytes          : 0.0000
2025-11-01 16:15:43,510 - INFO - Disk Write Bytes         : 4096.0000
2025-11-01 16:15:43,510 - INFO - Vram Peak Usage Bytes    : 1124251316.0000
2025-11-01 16:15:43,510 - INFO - Gpu Power Watts Avg      : 89.8970
2025-11-01 16:15:43,510 - INFO - Gpu Power Watts Peak     : 153.1040
2025-11-01 16:15:43,510 - INFO - Gpu Temp Celsius Avg     : 42.0000
2025-11-01 16:15:43,510 - INFO - Gpu Temp Celsius Peak    : 44.0000
2025-11-01 16:15:43,510 - INFO - Gpu Utilization Percent Avg: 18.1429
2025-11-01 16:15:43,510 - INFO - Gpu Utilization Percent Peak: 89.0000
2025-11-01 16:15:43,510 - INFO - Gpu Mem Used Bytes Avg   : 5831327744.0000
2025-11-01 16:15:43,510 - INFO - Gpu Mem Used Bytes Peak  : 5831327744.0000
2025-11-01 16:15:43,510 - INFO - Gpu Vram Used Bytes      : 5831327744.0000
2025-11-01 16:15:43,510 - INFO - Accuracy                 : 0.0920
2025-11-01 16:15:43,510 - INFO - Precision                : 0.0767
2025-11-01 16:15:43,510 - INFO - Recall                   : 0.0920
2025-11-01 16:15:43,510 - INFO - F1 Score                 : 0.0600
2025-11-01 16:15:43,510 - INFO - ==================================================
2025-11-01 16:16:05,666 - INFO - Época 4 concluída. Loss média: 4.4240
2025-11-01 16:16:05,666 - INFO - Taxa de aprendizado ajustada para: 0.100000
2025-11-01 16:16:05,671 - INFO - Iniciando inferência com o modelo ShuffleNetV2...
2025-11-01 16:16:08,846 - INFO - ==================================================
2025-11-01 16:16:08,846 - INFO - EXPERIMENT RESULTS
2025-11-01 16:16:08,846 - INFO - ==================================================
2025-11-01 16:16:08,846 - INFO - Elapsed Time Seconds     : 3.1533
2025-11-01 16:16:08,846 - INFO - Cpu Usage Percent        : 2.6938
2025-11-01 16:16:08,846 - INFO - Ram Peak Usage Bytes     : 9144111104.0000
2025-11-01 16:16:08,846 - INFO - Disk Read Bytes          : 0.0000
2025-11-01 16:16:08,846 - INFO - Disk Write Bytes         : 229376.0000
2025-11-01 16:16:08,846 - INFO - Vram Peak Usage Bytes    : 1124251316.0000
2025-11-01 16:16:08,846 - INFO - Gpu Power Watts Avg      : 89.8035
2025-11-01 16:16:08,846 - INFO - Gpu Power Watts Peak     : 197.6710
2025-11-01 16:16:08,846 - INFO - Gpu Temp Celsius Avg     : 41.4194
2025-11-01 16:16:08,846 - INFO - Gpu Temp Celsius Peak    : 44.0000
2025-11-01 16:16:08,846 - INFO - Gpu Utilization Percent Avg: 12.6774
2025-11-01 16:16:08,847 - INFO - Gpu Utilization Percent Peak: 85.0000
2025-11-01 16:16:08,847 - INFO - Gpu Mem Used Bytes Avg   : 5833424896.0000
2025-11-01 16:16:08,847 - INFO - Gpu Mem Used Bytes Peak  : 5833424896.0000
2025-11-01 16:16:08,847 - INFO - Gpu Vram Used Bytes      : 5833424896.0000
2025-11-01 16:16:08,847 - INFO - Accuracy                 : 0.0980
2025-11-01 16:16:08,847 - INFO - Precision                : 0.1162
2025-11-01 16:16:08,847 - INFO - Recall                   : 0.0980
2025-11-01 16:16:08,847 - INFO - F1 Score                 : 0.0709
2025-11-01 16:16:08,847 - INFO - ==================================================
2025-11-01 16:16:28,741 - INFO - Época 5 concluída. Loss média: 4.2670
2025-11-01 16:16:28,741 - INFO - Taxa de aprendizado ajustada para: 0.100000
2025-11-01 16:16:28,746 - INFO - Iniciando inferência com o modelo ShuffleNetV2...
2025-11-01 16:16:31,333 - INFO - ==================================================
2025-11-01 16:16:31,333 - INFO - EXPERIMENT RESULTS
2025-11-01 16:16:31,333 - INFO - ==================================================
2025-11-01 16:16:31,333 - INFO - Elapsed Time Seconds     : 2.5642
2025-11-01 16:16:31,333 - INFO - Cpu Usage Percent        : 2.3531
2025-11-01 16:16:31,333 - INFO - Ram Peak Usage Bytes     : 10217869312.0000
2025-11-01 16:16:31,333 - INFO - Disk Read Bytes          : 0.0000
2025-11-01 16:16:31,333 - INFO - Disk Write Bytes         : 0.0000
2025-11-01 16:16:31,333 - INFO - Vram Peak Usage Bytes    : 1124251316.0000
2025-11-01 16:16:31,333 - INFO - Gpu Power Watts Avg      : 99.1594
2025-11-01 16:16:31,333 - INFO - Gpu Power Watts Peak     : 200.2360
2025-11-01 16:16:31,333 - INFO - Gpu Temp Celsius Avg     : 42.3200
2025-11-01 16:16:31,333 - INFO - Gpu Temp Celsius Peak    : 47.0000
2025-11-01 16:16:31,333 - INFO - Gpu Utilization Percent Avg: 16.7600
2025-11-01 16:16:31,333 - INFO - Gpu Utilization Percent Peak: 99.0000
2025-11-01 16:16:31,333 - INFO - Gpu Mem Used Bytes Avg   : 5833844326.4000
2025-11-01 16:16:31,333 - INFO - Gpu Mem Used Bytes Peak  : 5835522048.0000
2025-11-01 16:16:31,333 - INFO - Gpu Vram Used Bytes      : 5835522048.0000
2025-11-01 16:16:31,333 - INFO - Accuracy                 : 0.1565
2025-11-01 16:16:31,333 - INFO - Precision                : 0.1650
2025-11-01 16:16:31,333 - INFO - Recall                   : 0.1565
2025-11-01 16:16:31,333 - INFO - F1 Score                 : 0.1247
2025-11-01 16:16:31,333 - INFO - ==================================================
2025-11-01 16:16:50,367 - INFO - Época 6 concluída. Loss média: 4.1409
2025-11-01 16:16:50,367 - INFO - Taxa de aprendizado ajustada para: 0.100000
2025-11-01 16:16:50,371 - INFO - Iniciando inferência com o modelo ShuffleNetV2...
2025-11-01 16:16:52,768 - INFO - ==================================================
2025-11-01 16:16:52,768 - INFO - EXPERIMENT RESULTS
2025-11-01 16:16:52,768 - INFO - ==================================================
2025-11-01 16:16:52,768 - INFO - Elapsed Time Seconds     : 2.3741
2025-11-01 16:16:52,768 - INFO - Cpu Usage Percent        : 2.4625
2025-11-01 16:16:52,768 - INFO - Ram Peak Usage Bytes     : 10217959424.0000
2025-11-01 16:16:52,768 - INFO - Disk Read Bytes          : 0.0000
2025-11-01 16:16:52,768 - INFO - Disk Write Bytes         : 0.0000
2025-11-01 16:16:52,768 - INFO - Vram Peak Usage Bytes    : 1124251316.0000
2025-11-01 16:16:52,768 - INFO - Gpu Power Watts Avg      : 101.6893
2025-11-01 16:16:52,768 - INFO - Gpu Power Watts Peak     : 205.4390
2025-11-01 16:16:52,768 - INFO - Gpu Temp Celsius Avg     : 42.3043
2025-11-01 16:16:52,768 - INFO - Gpu Temp Celsius Peak    : 45.0000
2025-11-01 16:16:52,768 - INFO - Gpu Utilization Percent Avg: 21.2174
2025-11-01 16:16:52,768 - INFO - Gpu Utilization Percent Peak: 95.0000
2025-11-01 16:16:52,768 - INFO - Gpu Mem Used Bytes Avg   : 5835522048.0000
2025-11-01 16:16:52,768 - INFO - Gpu Mem Used Bytes Peak  : 5835522048.0000
2025-11-01 16:16:52,768 - INFO - Gpu Vram Used Bytes      : 5835522048.0000
2025-11-01 16:16:52,768 - INFO - Accuracy                 : 0.1425
2025-11-01 16:16:52,768 - INFO - Precision                : 0.1724
2025-11-01 16:16:52,768 - INFO - Recall                   : 0.1425
2025-11-01 16:16:52,768 - INFO - F1 Score                 : 0.1184
2025-11-01 16:16:52,768 - INFO - ==================================================
2025-11-01 16:17:11,441 - INFO - Época 7 concluída. Loss média: 4.0411
2025-11-01 16:17:11,441 - INFO - Taxa de aprendizado ajustada para: 0.100000
2025-11-01 16:17:11,446 - INFO - Iniciando inferência com o modelo ShuffleNetV2...
2025-11-01 16:17:14,539 - INFO - ==================================================
2025-11-01 16:17:14,539 - INFO - EXPERIMENT RESULTS
2025-11-01 16:17:14,539 - INFO - ==================================================
2025-11-01 16:17:14,539 - INFO - Elapsed Time Seconds     : 3.0708
2025-11-01 16:17:14,539 - INFO - Cpu Usage Percent        : 2.7281
2025-11-01 16:17:14,539 - INFO - Ram Peak Usage Bytes     : 10754842624.0000
2025-11-01 16:17:14,539 - INFO - Disk Read Bytes          : 0.0000
2025-11-01 16:17:14,539 - INFO - Disk Write Bytes         : 114688.0000
2025-11-01 16:17:14,539 - INFO - Vram Peak Usage Bytes    : 1124251316.0000
2025-11-01 16:17:14,539 - INFO - Gpu Power Watts Avg      : 93.5027
2025-11-01 16:17:14,539 - INFO - Gpu Power Watts Peak     : 204.0280
2025-11-01 16:17:14,539 - INFO - Gpu Temp Celsius Avg     : 42.0000
2025-11-01 16:17:14,539 - INFO - Gpu Temp Celsius Peak    : 45.0000
2025-11-01 16:17:14,539 - INFO - Gpu Utilization Percent Avg: 14.6667
2025-11-01 16:17:14,540 - INFO - Gpu Utilization Percent Peak: 74.0000
2025-11-01 16:17:14,540 - INFO - Gpu Mem Used Bytes Avg   : 5835522048.0000
2025-11-01 16:17:14,540 - INFO - Gpu Mem Used Bytes Peak  : 5835522048.0000
2025-11-01 16:17:14,540 - INFO - Gpu Vram Used Bytes      : 5835522048.0000
2025-11-01 16:17:14,540 - INFO - Accuracy                 : 0.1903
2025-11-01 16:17:14,540 - INFO - Precision                : 0.2315
2025-11-01 16:17:14,540 - INFO - Recall                   : 0.1903
2025-11-01 16:17:14,540 - INFO - F1 Score                 : 0.1639
2025-11-01 16:17:14,540 - INFO - ==================================================
2025-11-01 16:17:39,154 - INFO - Época 8 concluída. Loss média: 3.9595
2025-11-01 16:17:39,154 - INFO - Taxa de aprendizado ajustada para: 0.100000
2025-11-01 16:17:39,159 - INFO - Iniciando inferência com o modelo ShuffleNetV2...
2025-11-01 16:17:41,537 - INFO - ==================================================
2025-11-01 16:17:41,537 - INFO - EXPERIMENT RESULTS
2025-11-01 16:17:41,537 - INFO - ==================================================
2025-11-01 16:17:41,537 - INFO - Elapsed Time Seconds     : 2.3555
2025-11-01 16:17:41,537 - INFO - Cpu Usage Percent        : 2.5219
2025-11-01 16:17:41,537 - INFO - Ram Peak Usage Bytes     : 10754895872.0000
2025-11-01 16:17:41,537 - INFO - Disk Read Bytes          : 0.0000
2025-11-01 16:17:41,537 - INFO - Disk Write Bytes         : 0.0000
2025-11-01 16:17:41,537 - INFO - Vram Peak Usage Bytes    : 1124251316.0000
2025-11-01 16:17:41,537 - INFO - Gpu Power Watts Avg      : 90.6928
2025-11-01 16:17:41,537 - INFO - Gpu Power Watts Peak     : 152.3860
2025-11-01 16:17:41,537 - INFO - Gpu Temp Celsius Avg     : 42.0870
2025-11-01 16:17:41,537 - INFO - Gpu Temp Celsius Peak    : 44.0000
2025-11-01 16:17:41,537 - INFO - Gpu Utilization Percent Avg: 21.6957
2025-11-01 16:17:41,537 - INFO - Gpu Utilization Percent Peak: 95.0000
2025-11-01 16:17:41,537 - INFO - Gpu Mem Used Bytes Avg   : 5835522048.0000
2025-11-01 16:17:41,537 - INFO - Gpu Mem Used Bytes Peak  : 5835522048.0000
2025-11-01 16:17:41,537 - INFO - Gpu Vram Used Bytes      : 5835522048.0000
2025-11-01 16:17:41,537 - INFO - Accuracy                 : 0.2043
2025-11-01 16:17:41,537 - INFO - Precision                : 0.2424
2025-11-01 16:17:41,537 - INFO - Recall                   : 0.2043
2025-11-01 16:17:41,537 - INFO - F1 Score                 : 0.1787
2025-11-01 16:17:41,537 - INFO - ==================================================
2025-11-01 16:18:06,026 - INFO - Época 9 concluída. Loss média: 3.8838
2025-11-01 16:18:06,026 - INFO - Taxa de aprendizado ajustada para: 0.100000
2025-11-01 16:18:06,030 - INFO - Iniciando inferência com o modelo ShuffleNetV2...
2025-11-01 16:18:09,121 - INFO - ==================================================
2025-11-01 16:18:09,121 - INFO - EXPERIMENT RESULTS
2025-11-01 16:18:09,121 - INFO - ==================================================
2025-11-01 16:18:09,121 - INFO - Elapsed Time Seconds     : 3.0679
2025-11-01 16:18:09,121 - INFO - Cpu Usage Percent        : 2.7406
2025-11-01 16:18:09,121 - INFO - Ram Peak Usage Bytes     : 10754977792.0000
2025-11-01 16:18:09,121 - INFO - Disk Read Bytes          : 0.0000
2025-11-01 16:18:09,121 - INFO - Disk Write Bytes         : 139264.0000
2025-11-01 16:18:09,121 - INFO - Vram Peak Usage Bytes    : 1124251316.0000
2025-11-01 16:18:09,121 - INFO - Gpu Power Watts Avg      : 88.0698
2025-11-01 16:18:09,121 - INFO - Gpu Power Watts Peak     : 163.6410
2025-11-01 16:18:09,121 - INFO - Gpu Temp Celsius Avg     : 41.7000
2025-11-01 16:18:09,121 - INFO - Gpu Temp Celsius Peak    : 45.0000
2025-11-01 16:18:09,121 - INFO - Gpu Utilization Percent Avg: 14.4667
2025-11-01 16:18:09,121 - INFO - Gpu Utilization Percent Peak: 48.0000
2025-11-01 16:18:09,121 - INFO - Gpu Mem Used Bytes Avg   : 5835522048.0000
2025-11-01 16:18:09,121 - INFO - Gpu Mem Used Bytes Peak  : 5835522048.0000
2025-11-01 16:18:09,121 - INFO - Gpu Vram Used Bytes      : 5835522048.0000
2025-11-01 16:18:09,121 - INFO - Accuracy                 : 0.2364
2025-11-01 16:18:09,122 - INFO - Precision                : 0.2550
2025-11-01 16:18:09,122 - INFO - Recall                   : 0.2364
2025-11-01 16:18:09,122 - INFO - F1 Score                 : 0.2086
2025-11-01 16:18:09,122 - INFO - ==================================================
2025-11-01 16:18:33,538 - INFO - Época 10 concluída. Loss média: 3.8319
2025-11-01 16:18:33,538 - INFO - Taxa de aprendizado ajustada para: 0.100000
2025-11-01 16:18:33,542 - INFO - Iniciando inferência com o modelo ShuffleNetV2...
2025-11-01 16:18:36,538 - INFO - ==================================================
2025-11-01 16:18:36,538 - INFO - EXPERIMENT RESULTS
2025-11-01 16:18:36,538 - INFO - ==================================================
2025-11-01 16:18:36,538 - INFO - Elapsed Time Seconds     : 2.9731
2025-11-01 16:18:36,538 - INFO - Cpu Usage Percent        : 2.6281
2025-11-01 16:18:36,538 - INFO - Ram Peak Usage Bytes     : 10754998272.0000
2025-11-01 16:18:36,538 - INFO - Disk Read Bytes          : 0.0000
2025-11-01 16:18:36,538 - INFO - Disk Write Bytes         : 16384.0000
2025-11-01 16:18:36,538 - INFO - Vram Peak Usage Bytes    : 1124251316.0000
2025-11-01 16:18:36,538 - INFO - Gpu Power Watts Avg      : 94.5124
2025-11-01 16:18:36,538 - INFO - Gpu Power Watts Peak     : 198.1860
2025-11-01 16:18:36,538 - INFO - Gpu Temp Celsius Avg     : 41.4483
2025-11-01 16:18:36,538 - INFO - Gpu Temp Celsius Peak    : 46.0000
2025-11-01 16:18:36,538 - INFO - Gpu Utilization Percent Avg: 17.2759
2025-11-01 16:18:36,538 - INFO - Gpu Utilization Percent Peak: 90.0000
2025-11-01 16:18:36,538 - INFO - Gpu Mem Used Bytes Avg   : 5835522048.0000
2025-11-01 16:18:36,538 - INFO - Gpu Mem Used Bytes Peak  : 5835522048.0000
2025-11-01 16:18:36,539 - INFO - Gpu Vram Used Bytes      : 5835522048.0000
2025-11-01 16:18:36,539 - INFO - Accuracy                 : 0.2175
2025-11-01 16:18:36,539 - INFO - Precision                : 0.2595
2025-11-01 16:18:36,539 - INFO - Recall                   : 0.2175
2025-11-01 16:18:36,539 - INFO - F1 Score                 : 0.1974
2025-11-01 16:18:36,539 - INFO - ==================================================
2025-11-01 16:18:55,583 - INFO - Época 11 concluída. Loss média: 3.7776
2025-11-01 16:18:55,584 - INFO - Taxa de aprendizado ajustada para: 0.100000
2025-11-01 16:18:55,588 - INFO - Iniciando inferência com o modelo ShuffleNetV2...
2025-11-01 16:18:58,673 - INFO - ==================================================
2025-11-01 16:18:58,673 - INFO - EXPERIMENT RESULTS
2025-11-01 16:18:58,673 - INFO - ==================================================
2025-11-01 16:18:58,673 - INFO - Elapsed Time Seconds     : 3.0628
2025-11-01 16:18:58,674 - INFO - Cpu Usage Percent        : 2.7531
2025-11-01 16:18:58,674 - INFO - Ram Peak Usage Bytes     : 11828768768.0000
2025-11-01 16:18:58,674 - INFO - Disk Read Bytes          : 0.0000
2025-11-01 16:18:58,674 - INFO - Disk Write Bytes         : 253952.0000
2025-11-01 16:18:58,674 - INFO - Vram Peak Usage Bytes    : 1124251316.0000
2025-11-01 16:18:58,674 - INFO - Gpu Power Watts Avg      : 92.4942
2025-11-01 16:18:58,674 - INFO - Gpu Power Watts Peak     : 186.4750
2025-11-01 16:18:58,674 - INFO - Gpu Temp Celsius Avg     : 41.9000
2025-11-01 16:18:58,674 - INFO - Gpu Temp Celsius Peak    : 45.0000
2025-11-01 16:18:58,674 - INFO - Gpu Utilization Percent Avg: 17.3333
2025-11-01 16:18:58,674 - INFO - Gpu Utilization Percent Peak: 97.0000
2025-11-01 16:18:58,674 - INFO - Gpu Mem Used Bytes Avg   : 5837619200.0000
2025-11-01 16:18:58,674 - INFO - Gpu Mem Used Bytes Peak  : 5837619200.0000
2025-11-01 16:18:58,674 - INFO - Gpu Vram Used Bytes      : 5837619200.0000
2025-11-01 16:18:58,674 - INFO - Accuracy                 : 0.2191
2025-11-01 16:18:58,674 - INFO - Precision                : 0.2784
2025-11-01 16:18:58,674 - INFO - Recall                   : 0.2191
2025-11-01 16:18:58,674 - INFO - F1 Score                 : 0.1978
2025-11-01 16:18:58,674 - INFO - ==================================================
2025-11-01 16:19:17,928 - INFO - Época 12 concluída. Loss média: 3.7415
2025-11-01 16:19:17,929 - INFO - Taxa de aprendizado ajustada para: 0.100000
2025-11-01 16:19:17,933 - INFO - Iniciando inferência com o modelo ShuffleNetV2...
2025-11-01 16:19:20,929 - INFO - ==================================================
2025-11-01 16:19:20,929 - INFO - EXPERIMENT RESULTS
2025-11-01 16:19:20,929 - INFO - ==================================================
2025-11-01 16:19:20,929 - INFO - Elapsed Time Seconds     : 2.9737
2025-11-01 16:19:20,929 - INFO - Cpu Usage Percent        : 2.7938
2025-11-01 16:19:20,929 - INFO - Ram Peak Usage Bytes     : 11831234560.0000
2025-11-01 16:19:20,929 - INFO - Disk Read Bytes          : 0.0000
2025-11-01 16:19:20,929 - INFO - Disk Write Bytes         : 0.0000
2025-11-01 16:19:20,929 - INFO - Vram Peak Usage Bytes    : 1124251316.0000
2025-11-01 16:19:20,929 - INFO - Gpu Power Watts Avg      : 96.8696
2025-11-01 16:19:20,930 - INFO - Gpu Power Watts Peak     : 205.8780
2025-11-01 16:19:20,930 - INFO - Gpu Temp Celsius Avg     : 42.0690
2025-11-01 16:19:20,930 - INFO - Gpu Temp Celsius Peak    : 47.0000
2025-11-01 16:19:20,930 - INFO - Gpu Utilization Percent Avg: 16.3448
2025-11-01 16:19:20,930 - INFO - Gpu Utilization Percent Peak: 97.0000
2025-11-01 16:19:20,930 - INFO - Gpu Mem Used Bytes Avg   : 5837619200.0000
2025-11-01 16:19:20,930 - INFO - Gpu Mem Used Bytes Peak  : 5837619200.0000
2025-11-01 16:19:20,930 - INFO - Gpu Vram Used Bytes      : 5837619200.0000
2025-11-01 16:19:20,930 - INFO - Accuracy                 : 0.2562
2025-11-01 16:19:20,930 - INFO - Precision                : 0.3031
2025-11-01 16:19:20,930 - INFO - Recall                   : 0.2562
2025-11-01 16:19:20,930 - INFO - F1 Score                 : 0.2347
2025-11-01 16:19:20,930 - INFO - ==================================================
2025-11-01 16:19:41,150 - INFO - Época 13 concluída. Loss média: 3.7038
2025-11-01 16:19:41,150 - INFO - Taxa de aprendizado ajustada para: 0.100000
2025-11-01 16:19:41,154 - INFO - Iniciando inferência com o modelo ShuffleNetV2...
2025-11-01 16:19:43,427 - INFO - ==================================================
2025-11-01 16:19:43,427 - INFO - EXPERIMENT RESULTS
2025-11-01 16:19:43,427 - INFO - ==================================================
2025-11-01 16:19:43,427 - INFO - Elapsed Time Seconds     : 2.2503
2025-11-01 16:19:43,427 - INFO - Cpu Usage Percent        : 2.6250
2025-11-01 16:19:43,427 - INFO - Ram Peak Usage Bytes     : 11834216448.0000
2025-11-01 16:19:43,428 - INFO - Disk Read Bytes          : 0.0000
2025-11-01 16:19:43,428 - INFO - Disk Write Bytes         : 20480.0000
2025-11-01 16:19:43,428 - INFO - Vram Peak Usage Bytes    : 1124251316.0000
2025-11-01 16:19:43,428 - INFO - Gpu Power Watts Avg      : 105.3709
2025-11-01 16:19:43,428 - INFO - Gpu Power Watts Peak     : 208.1710
2025-11-01 16:19:43,428 - INFO - Gpu Temp Celsius Avg     : 42.6364
2025-11-01 16:19:43,428 - INFO - Gpu Temp Celsius Peak    : 47.0000
2025-11-01 16:19:43,428 - INFO - Gpu Utilization Percent Avg: 22.6364
2025-11-01 16:19:43,428 - INFO - Gpu Utilization Percent Peak: 97.0000
2025-11-01 16:19:43,428 - INFO - Gpu Mem Used Bytes Avg   : 5837619200.0000
2025-11-01 16:19:43,428 - INFO - Gpu Mem Used Bytes Peak  : 5837619200.0000
2025-11-01 16:19:43,428 - INFO - Gpu Vram Used Bytes      : 5837619200.0000
2025-11-01 16:19:43,428 - INFO - Accuracy                 : 0.2421
2025-11-01 16:19:43,428 - INFO - Precision                : 0.2958
2025-11-01 16:19:43,428 - INFO - Recall                   : 0.2421
2025-11-01 16:19:43,428 - INFO - F1 Score                 : 0.2258
2025-11-01 16:19:43,428 - INFO - ==================================================
2025-11-01 16:20:02,024 - INFO - Época 14 concluída. Loss média: 3.6761
2025-11-01 16:20:02,024 - INFO - Taxa de aprendizado ajustada para: 0.100000
2025-11-01 16:20:02,028 - INFO - Iniciando inferência com o modelo ShuffleNetV2...
2025-11-01 16:20:04,395 - INFO - ==================================================
2025-11-01 16:20:04,396 - INFO - EXPERIMENT RESULTS
2025-11-01 16:20:04,396 - INFO - ==================================================
2025-11-01 16:20:04,396 - INFO - Elapsed Time Seconds     : 2.3444
2025-11-01 16:20:04,396 - INFO - Cpu Usage Percent        : 2.4656
2025-11-01 16:20:04,396 - INFO - Ram Peak Usage Bytes     : 11835920384.0000
2025-11-01 16:20:04,396 - INFO - Disk Read Bytes          : 0.0000
2025-11-01 16:20:04,396 - INFO - Disk Write Bytes         : 94208.0000
2025-11-01 16:20:04,396 - INFO - Vram Peak Usage Bytes    : 1124251316.0000
2025-11-01 16:20:04,396 - INFO - Gpu Power Watts Avg      : 102.4894
2025-11-01 16:20:04,396 - INFO - Gpu Power Watts Peak     : 205.7050
2025-11-01 16:20:04,396 - INFO - Gpu Temp Celsius Avg     : 43.0435
2025-11-01 16:20:04,396 - INFO - Gpu Temp Celsius Peak    : 48.0000
2025-11-01 16:20:04,396 - INFO - Gpu Utilization Percent Avg: 17.6957
2025-11-01 16:20:04,396 - INFO - Gpu Utilization Percent Peak: 99.0000
2025-11-01 16:20:04,396 - INFO - Gpu Mem Used Bytes Avg   : 5837619200.0000
2025-11-01 16:20:04,396 - INFO - Gpu Mem Used Bytes Peak  : 5837619200.0000
2025-11-01 16:20:04,396 - INFO - Gpu Vram Used Bytes      : 5837619200.0000
2025-11-01 16:20:04,396 - INFO - Accuracy                 : 0.2889
2025-11-01 16:20:04,396 - INFO - Precision                : 0.3250
2025-11-01 16:20:04,396 - INFO - Recall                   : 0.2889
2025-11-01 16:20:04,396 - INFO - F1 Score                 : 0.2673
2025-11-01 16:20:04,396 - INFO - ==================================================
2025-11-01 16:20:23,277 - INFO - Época 15 concluída. Loss média: 3.6530
2025-11-01 16:20:23,278 - INFO - Taxa de aprendizado ajustada para: 0.100000
2025-11-01 16:20:23,282 - INFO - Iniciando inferência com o modelo ShuffleNetV2...
2025-11-01 16:20:25,656 - INFO - ==================================================
2025-11-01 16:20:25,656 - INFO - EXPERIMENT RESULTS
2025-11-01 16:20:25,656 - INFO - ==================================================
2025-11-01 16:20:25,656 - INFO - Elapsed Time Seconds     : 2.3514
2025-11-01 16:20:25,656 - INFO - Cpu Usage Percent        : 2.4969
2025-11-01 16:20:25,656 - INFO - Ram Peak Usage Bytes     : 11843436544.0000
2025-11-01 16:20:25,656 - INFO - Disk Read Bytes          : 0.0000
2025-11-01 16:20:25,656 - INFO - Disk Write Bytes         : 0.0000
2025-11-01 16:20:25,656 - INFO - Vram Peak Usage Bytes    : 1124251316.0000
2025-11-01 16:20:25,656 - INFO - Gpu Power Watts Avg      : 104.0156
2025-11-01 16:20:25,656 - INFO - Gpu Power Watts Peak     : 202.4770
2025-11-01 16:20:25,656 - INFO - Gpu Temp Celsius Avg     : 43.0870
2025-11-01 16:20:25,656 - INFO - Gpu Temp Celsius Peak    : 47.0000
2025-11-01 16:20:25,657 - INFO - Gpu Utilization Percent Avg: 18.0000
2025-11-01 16:20:25,657 - INFO - Gpu Utilization Percent Peak: 86.0000
2025-11-01 16:20:25,657 - INFO - Gpu Mem Used Bytes Avg   : 5837619200.0000
2025-11-01 16:20:25,657 - INFO - Gpu Mem Used Bytes Peak  : 5837619200.0000
2025-11-01 16:20:25,657 - INFO - Gpu Vram Used Bytes      : 5837619200.0000
2025-11-01 16:20:25,657 - INFO - Accuracy                 : 0.2832
2025-11-01 16:20:25,657 - INFO - Precision                : 0.3135
2025-11-01 16:20:25,657 - INFO - Recall                   : 0.2832
2025-11-01 16:20:25,657 - INFO - F1 Score                 : 0.2588
2025-11-01 16:20:25,657 - INFO - ==================================================
2025-11-01 16:20:50,322 - INFO - Época 16 concluída. Loss média: 3.6205
2025-11-01 16:20:50,322 - INFO - Taxa de aprendizado ajustada para: 0.100000
2025-11-01 16:20:50,327 - INFO - Iniciando inferência com o modelo ShuffleNetV2...
2025-11-01 16:20:52,608 - INFO - ==================================================
2025-11-01 16:20:52,608 - INFO - EXPERIMENT RESULTS
2025-11-01 16:20:52,608 - INFO - ==================================================
2025-11-01 16:20:52,608 - INFO - Elapsed Time Seconds     : 2.2585
2025-11-01 16:20:52,608 - INFO - Cpu Usage Percent        : 2.5187
2025-11-01 16:20:52,608 - INFO - Ram Peak Usage Bytes     : 11848265728.0000
2025-11-01 16:20:52,608 - INFO - Disk Read Bytes          : 0.0000
2025-11-01 16:20:52,608 - INFO - Disk Write Bytes         : 0.0000
2025-11-01 16:20:52,608 - INFO - Vram Peak Usage Bytes    : 1124251316.0000
2025-11-01 16:20:52,608 - INFO - Gpu Power Watts Avg      : 94.1281
2025-11-01 16:20:52,608 - INFO - Gpu Power Watts Peak     : 138.0220
2025-11-01 16:20:52,608 - INFO - Gpu Temp Celsius Avg     : 42.7273
2025-11-01 16:20:52,608 - INFO - Gpu Temp Celsius Peak    : 47.0000
2025-11-01 16:20:52,608 - INFO - Gpu Utilization Percent Avg: 23.7727
2025-11-01 16:20:52,608 - INFO - Gpu Utilization Percent Peak: 99.0000
2025-11-01 16:20:52,608 - INFO - Gpu Mem Used Bytes Avg   : 5837619200.0000
2025-11-01 16:20:52,608 - INFO - Gpu Mem Used Bytes Peak  : 5837619200.0000
2025-11-01 16:20:52,608 - INFO - Gpu Vram Used Bytes      : 5837619200.0000
2025-11-01 16:20:52,608 - INFO - Accuracy                 : 0.2831
2025-11-01 16:20:52,608 - INFO - Precision                : 0.3327
2025-11-01 16:20:52,608 - INFO - Recall                   : 0.2831
2025-11-01 16:20:52,608 - INFO - F1 Score                 : 0.2633
2025-11-01 16:20:52,608 - INFO - ==================================================
2025-11-01 16:21:16,892 - INFO - Época 17 concluída. Loss média: 3.5988
2025-11-01 16:21:16,892 - INFO - Taxa de aprendizado ajustada para: 0.100000
2025-11-01 16:21:16,896 - INFO - Iniciando inferência com o modelo ShuffleNetV2...
2025-11-01 16:21:19,962 - INFO - ==================================================
2025-11-01 16:21:19,963 - INFO - EXPERIMENT RESULTS
2025-11-01 16:21:19,963 - INFO - ==================================================
2025-11-01 16:21:19,963 - INFO - Elapsed Time Seconds     : 3.0515
2025-11-01 16:21:19,963 - INFO - Cpu Usage Percent        : 2.7844
2025-11-01 16:21:19,963 - INFO - Ram Peak Usage Bytes     : 11856642048.0000
2025-11-01 16:21:19,963 - INFO - Disk Read Bytes          : 0.0000
2025-11-01 16:21:19,963 - INFO - Disk Write Bytes         : 4096.0000
2025-11-01 16:21:19,963 - INFO - Vram Peak Usage Bytes    : 1124251316.0000
2025-11-01 16:21:19,963 - INFO - Gpu Power Watts Avg      : 87.6617
2025-11-01 16:21:19,963 - INFO - Gpu Power Watts Peak     : 177.7590
2025-11-01 16:21:19,963 - INFO - Gpu Temp Celsius Avg     : 41.6333
2025-11-01 16:21:19,963 - INFO - Gpu Temp Celsius Peak    : 44.0000
2025-11-01 16:21:19,963 - INFO - Gpu Utilization Percent Avg: 14.8667
2025-11-01 16:21:19,963 - INFO - Gpu Utilization Percent Peak: 93.0000
2025-11-01 16:21:19,963 - INFO - Gpu Mem Used Bytes Avg   : 5837619200.0000
2025-11-01 16:21:19,963 - INFO - Gpu Mem Used Bytes Peak  : 5837619200.0000
2025-11-01 16:21:19,963 - INFO - Gpu Vram Used Bytes      : 5837619200.0000
2025-11-01 16:21:19,963 - INFO - Accuracy                 : 0.2838
2025-11-01 16:21:19,963 - INFO - Precision                : 0.3340
2025-11-01 16:21:19,963 - INFO - Recall                   : 0.2838
2025-11-01 16:21:19,963 - INFO - F1 Score                 : 0.2664
2025-11-01 16:21:19,963 - INFO - ==================================================
2025-11-01 16:21:44,647 - INFO - Época 18 concluída. Loss média: 3.5785
2025-11-01 16:21:44,648 - INFO - Taxa de aprendizado ajustada para: 0.100000
2025-11-01 16:21:44,652 - INFO - Iniciando inferência com o modelo ShuffleNetV2...
2025-11-01 16:21:47,017 - INFO - ==================================================
2025-11-01 16:21:47,017 - INFO - EXPERIMENT RESULTS
2025-11-01 16:21:47,017 - INFO - ==================================================
2025-11-01 16:21:47,017 - INFO - Elapsed Time Seconds     : 2.3424
2025-11-01 16:21:47,017 - INFO - Cpu Usage Percent        : 2.4406
2025-11-01 16:21:47,018 - INFO - Ram Peak Usage Bytes     : 11862355968.0000
2025-11-01 16:21:47,018 - INFO - Disk Read Bytes          : 0.0000
2025-11-01 16:21:47,018 - INFO - Disk Write Bytes         : 0.0000
2025-11-01 16:21:47,018 - INFO - Vram Peak Usage Bytes    : 1124251316.0000
2025-11-01 16:21:47,018 - INFO - Gpu Power Watts Avg      : 97.2590
2025-11-01 16:21:47,018 - INFO - Gpu Power Watts Peak     : 156.7420
2025-11-01 16:21:47,018 - INFO - Gpu Temp Celsius Avg     : 42.1304
2025-11-01 16:21:47,018 - INFO - Gpu Temp Celsius Peak    : 46.0000
2025-11-01 16:21:47,018 - INFO - Gpu Utilization Percent Avg: 21.4348
2025-11-01 16:21:47,018 - INFO - Gpu Utilization Percent Peak: 99.0000
2025-11-01 16:21:47,018 - INFO - Gpu Mem Used Bytes Avg   : 5837619200.0000
2025-11-01 16:21:47,018 - INFO - Gpu Mem Used Bytes Peak  : 5837619200.0000
2025-11-01 16:21:47,018 - INFO - Gpu Vram Used Bytes      : 5837619200.0000
2025-11-01 16:21:47,018 - INFO - Accuracy                 : 0.3056
2025-11-01 16:21:47,018 - INFO - Precision                : 0.3392
2025-11-01 16:21:47,018 - INFO - Recall                   : 0.3056
2025-11-01 16:21:47,018 - INFO - F1 Score                 : 0.2840
2025-11-01 16:21:47,018 - INFO - ==================================================
2025-11-01 16:22:05,978 - INFO - Época 19 concluída. Loss média: 3.5553
2025-11-01 16:22:05,978 - INFO - Taxa de aprendizado ajustada para: 0.100000
2025-11-01 16:22:05,982 - INFO - Iniciando inferência com o modelo ShuffleNetV2...
2025-11-01 16:22:08,232 - INFO - ==================================================
2025-11-01 16:22:08,232 - INFO - EXPERIMENT RESULTS
2025-11-01 16:22:08,232 - INFO - ==================================================
2025-11-01 16:22:08,232 - INFO - Elapsed Time Seconds     : 2.2269
2025-11-01 16:22:08,232 - INFO - Cpu Usage Percent        : 2.5812
2025-11-01 16:22:08,232 - INFO - Ram Peak Usage Bytes     : 11872505856.0000
2025-11-01 16:22:08,232 - INFO - Disk Read Bytes          : 0.0000
2025-11-01 16:22:08,232 - INFO - Disk Write Bytes         : 143360.0000
2025-11-01 16:22:08,232 - INFO - Vram Peak Usage Bytes    : 1124251316.0000
2025-11-01 16:22:08,232 - INFO - Gpu Power Watts Avg      : 105.2535
2025-11-01 16:22:08,232 - INFO - Gpu Power Watts Peak     : 209.4770
2025-11-01 16:22:08,232 - INFO - Gpu Temp Celsius Avg     : 42.9545
2025-11-01 16:22:08,232 - INFO - Gpu Temp Celsius Peak    : 47.0000
2025-11-01 16:22:08,232 - INFO - Gpu Utilization Percent Avg: 21.6364
2025-11-01 16:22:08,232 - INFO - Gpu Utilization Percent Peak: 74.0000
2025-11-01 16:22:08,232 - INFO - Gpu Mem Used Bytes Avg   : 5837619200.0000
2025-11-01 16:22:08,232 - INFO - Gpu Mem Used Bytes Peak  : 5837619200.0000
2025-11-01 16:22:08,232 - INFO - Gpu Vram Used Bytes      : 5837619200.0000
2025-11-01 16:22:08,232 - INFO - Accuracy                 : 0.2565
2025-11-01 16:22:08,232 - INFO - Precision                : 0.3355
2025-11-01 16:22:08,232 - INFO - Recall                   : 0.2565
2025-11-01 16:22:08,232 - INFO - F1 Score                 : 0.2398
2025-11-01 16:22:08,232 - INFO - ==================================================
2025-11-01 16:22:33,129 - INFO - Época 20 concluída. Loss média: 3.5349
2025-11-01 16:22:33,129 - INFO - Taxa de aprendizado ajustada para: 0.100000
2025-11-01 16:22:33,134 - INFO - Iniciando inferência com o modelo ShuffleNetV2...
2025-11-01 16:22:36,194 - INFO - ==================================================
2025-11-01 16:22:36,194 - INFO - EXPERIMENT RESULTS
2025-11-01 16:22:36,194 - INFO - ==================================================
2025-11-01 16:22:36,194 - INFO - Elapsed Time Seconds     : 3.0371
2025-11-01 16:22:36,194 - INFO - Cpu Usage Percent        : 2.8281
2025-11-01 16:22:36,194 - INFO - Ram Peak Usage Bytes     : 11874275328.0000
2025-11-01 16:22:36,194 - INFO - Disk Read Bytes          : 0.0000
2025-11-01 16:22:36,194 - INFO - Disk Write Bytes         : 0.0000
2025-11-01 16:22:36,194 - INFO - Vram Peak Usage Bytes    : 1124251316.0000
2025-11-01 16:22:36,194 - INFO - Gpu Power Watts Avg      : 91.9980
2025-11-01 16:22:36,194 - INFO - Gpu Power Watts Peak     : 189.7170
2025-11-01 16:22:36,194 - INFO - Gpu Temp Celsius Avg     : 41.8000
2025-11-01 16:22:36,194 - INFO - Gpu Temp Celsius Peak    : 45.0000
2025-11-01 16:22:36,194 - INFO - Gpu Utilization Percent Avg: 13.2000
2025-11-01 16:22:36,194 - INFO - Gpu Utilization Percent Peak: 49.0000
2025-11-01 16:22:36,194 - INFO - Gpu Mem Used Bytes Avg   : 5837619200.0000
2025-11-01 16:22:36,194 - INFO - Gpu Mem Used Bytes Peak  : 5837619200.0000
2025-11-01 16:22:36,194 - INFO - Gpu Vram Used Bytes      : 5837619200.0000
2025-11-01 16:22:36,194 - INFO - Accuracy                 : 0.2982
2025-11-01 16:22:36,194 - INFO - Precision                : 0.3470
2025-11-01 16:22:36,194 - INFO - Recall                   : 0.2982
2025-11-01 16:22:36,194 - INFO - F1 Score                 : 0.2760
2025-11-01 16:22:36,194 - INFO - ==================================================
2025-11-01 16:23:00,295 - INFO - Época 21 concluída. Loss média: 3.5177
2025-11-01 16:23:00,295 - INFO - Taxa de aprendizado ajustada para: 0.100000
2025-11-01 16:23:00,300 - INFO - Iniciando inferência com o modelo ShuffleNetV2...
2025-11-01 16:23:03,402 - INFO - ==================================================
2025-11-01 16:23:03,402 - INFO - EXPERIMENT RESULTS
2025-11-01 16:23:03,402 - INFO - ==================================================
2025-11-01 16:23:03,402 - INFO - Elapsed Time Seconds     : 3.0794
2025-11-01 16:23:03,402 - INFO - Cpu Usage Percent        : 2.7281
2025-11-01 16:23:03,402 - INFO - Ram Peak Usage Bytes     : 11875995648.0000
2025-11-01 16:23:03,402 - INFO - Disk Read Bytes          : 0.0000
2025-11-01 16:23:03,402 - INFO - Disk Write Bytes         : 618496.0000
2025-11-01 16:23:03,402 - INFO - Vram Peak Usage Bytes    : 1124251316.0000
2025-11-01 16:23:03,402 - INFO - Gpu Power Watts Avg      : 81.3665
2025-11-01 16:23:03,402 - INFO - Gpu Power Watts Peak     : 153.2660
2025-11-01 16:23:03,402 - INFO - Gpu Temp Celsius Avg     : 41.4667
2025-11-01 16:23:03,402 - INFO - Gpu Temp Celsius Peak    : 47.0000
2025-11-01 16:23:03,402 - INFO - Gpu Utilization Percent Avg: 14.6667
2025-11-01 16:23:03,402 - INFO - Gpu Utilization Percent Peak: 97.0000
2025-11-01 16:23:03,402 - INFO - Gpu Mem Used Bytes Avg   : 5837619200.0000
2025-11-01 16:23:03,402 - INFO - Gpu Mem Used Bytes Peak  : 5837619200.0000
2025-11-01 16:23:03,402 - INFO - Gpu Vram Used Bytes      : 5837619200.0000
2025-11-01 16:23:03,402 - INFO - Accuracy                 : 0.2875
2025-11-01 16:23:03,402 - INFO - Precision                : 0.3575
2025-11-01 16:23:03,402 - INFO - Recall                   : 0.2875
2025-11-01 16:23:03,402 - INFO - F1 Score                 : 0.2704
2025-11-01 16:23:03,402 - INFO - ==================================================
2025-11-01 16:23:22,630 - INFO - Época 22 concluída. Loss média: 3.5098
2025-11-01 16:23:22,630 - INFO - Taxa de aprendizado ajustada para: 0.100000
2025-11-01 16:23:22,634 - INFO - Iniciando inferência com o modelo ShuffleNetV2...
2025-11-01 16:23:25,696 - INFO - ==================================================
2025-11-01 16:23:25,696 - INFO - EXPERIMENT RESULTS
2025-11-01 16:23:25,696 - INFO - ==================================================
2025-11-01 16:23:25,696 - INFO - Elapsed Time Seconds     : 3.0391
2025-11-01 16:23:25,696 - INFO - Cpu Usage Percent        : 2.7750
2025-11-01 16:23:25,696 - INFO - Ram Peak Usage Bytes     : 11881185280.0000
2025-11-01 16:23:25,696 - INFO - Disk Read Bytes          : 0.0000
2025-11-01 16:23:25,696 - INFO - Disk Write Bytes         : 0.0000
2025-11-01 16:23:25,696 - INFO - Vram Peak Usage Bytes    : 1124251316.0000
2025-11-01 16:23:25,696 - INFO - Gpu Power Watts Avg      : 89.7376
2025-11-01 16:23:25,696 - INFO - Gpu Power Watts Peak     : 201.8810
2025-11-01 16:23:25,696 - INFO - Gpu Temp Celsius Avg     : 42.0667
2025-11-01 16:23:25,696 - INFO - Gpu Temp Celsius Peak    : 45.0000
2025-11-01 16:23:25,696 - INFO - Gpu Utilization Percent Avg: 15.2333
2025-11-01 16:23:25,696 - INFO - Gpu Utilization Percent Peak: 96.0000
2025-11-01 16:23:25,696 - INFO - Gpu Mem Used Bytes Avg   : 5837619200.0000
2025-11-01 16:23:25,696 - INFO - Gpu Mem Used Bytes Peak  : 5837619200.0000
2025-11-01 16:23:25,696 - INFO - Gpu Vram Used Bytes      : 5837619200.0000
2025-11-01 16:23:25,696 - INFO - Accuracy                 : 0.3150
2025-11-01 16:23:25,696 - INFO - Precision                : 0.3595
2025-11-01 16:23:25,697 - INFO - Recall                   : 0.3150
2025-11-01 16:23:25,697 - INFO - F1 Score                 : 0.3012
2025-11-01 16:23:25,697 - INFO - ==================================================
2025-11-01 16:23:49,335 - INFO - Época 23 concluída. Loss média: 3.4904
2025-11-01 16:23:49,335 - INFO - Taxa de aprendizado ajustada para: 0.100000
2025-11-01 16:23:49,339 - INFO - Iniciando inferência com o modelo ShuffleNetV2...
2025-11-01 16:23:51,703 - INFO - ==================================================
2025-11-01 16:23:51,703 - INFO - EXPERIMENT RESULTS
2025-11-01 16:23:51,703 - INFO - ==================================================
2025-11-01 16:23:51,703 - INFO - Elapsed Time Seconds     : 2.3407
2025-11-01 16:23:51,703 - INFO - Cpu Usage Percent        : 2.4844
2025-11-01 16:23:51,703 - INFO - Ram Peak Usage Bytes     : 11888123904.0000
2025-11-01 16:23:51,703 - INFO - Disk Read Bytes          : 0.0000
2025-11-01 16:23:51,703 - INFO - Disk Write Bytes         : 0.0000
2025-11-01 16:23:51,703 - INFO - Vram Peak Usage Bytes    : 1124251316.0000
2025-11-01 16:23:51,703 - INFO - Gpu Power Watts Avg      : 97.6091
2025-11-01 16:23:51,703 - INFO - Gpu Power Watts Peak     : 189.5810
2025-11-01 16:23:51,703 - INFO - Gpu Temp Celsius Avg     : 42.4783
2025-11-01 16:23:51,703 - INFO - Gpu Temp Celsius Peak    : 48.0000
2025-11-01 16:23:51,703 - INFO - Gpu Utilization Percent Avg: 20.0435
2025-11-01 16:23:51,703 - INFO - Gpu Utilization Percent Peak: 85.0000
2025-11-01 16:23:51,703 - INFO - Gpu Mem Used Bytes Avg   : 5837619200.0000
2025-11-01 16:23:51,703 - INFO - Gpu Mem Used Bytes Peak  : 5837619200.0000
2025-11-01 16:23:51,703 - INFO - Gpu Vram Used Bytes      : 5837619200.0000
2025-11-01 16:23:51,703 - INFO - Accuracy                 : 0.2837
2025-11-01 16:23:51,703 - INFO - Precision                : 0.3518
2025-11-01 16:23:51,703 - INFO - Recall                   : 0.2837
2025-11-01 16:23:51,703 - INFO - F1 Score                 : 0.2669
2025-11-01 16:23:51,703 - INFO - ==================================================
2025-11-01 16:24:16,075 - INFO - Época 24 concluída. Loss média: 3.4843
2025-11-01 16:24:16,075 - INFO - Taxa de aprendizado ajustada para: 0.100000
2025-11-01 16:24:16,077 - INFO - Iniciando inferência com o modelo ShuffleNetV2...
2025-11-01 16:24:18,433 - INFO - ==================================================
2025-11-01 16:24:18,433 - INFO - EXPERIMENT RESULTS
2025-11-01 16:24:18,433 - INFO - ==================================================
2025-11-01 16:24:18,433 - INFO - Elapsed Time Seconds     : 2.3336
2025-11-01 16:24:18,433 - INFO - Cpu Usage Percent        : 2.4781
2025-11-01 16:24:18,433 - INFO - Ram Peak Usage Bytes     : 11893006336.0000
2025-11-01 16:24:18,433 - INFO - Disk Read Bytes          : 0.0000
2025-11-01 16:24:18,433 - INFO - Disk Write Bytes         : 167936.0000
2025-11-01 16:24:18,433 - INFO - Vram Peak Usage Bytes    : 1124251316.0000
2025-11-01 16:24:18,433 - INFO - Gpu Power Watts Avg      : 96.5517
2025-11-01 16:24:18,433 - INFO - Gpu Power Watts Peak     : 147.5520
2025-11-01 16:24:18,433 - INFO - Gpu Temp Celsius Avg     : 42.4783
2025-11-01 16:24:18,433 - INFO - Gpu Temp Celsius Peak    : 47.0000
2025-11-01 16:24:18,433 - INFO - Gpu Utilization Percent Avg: 22.6957
2025-11-01 16:24:18,433 - INFO - Gpu Utilization Percent Peak: 99.0000
2025-11-01 16:24:18,433 - INFO - Gpu Mem Used Bytes Avg   : 5837619200.0000
2025-11-01 16:24:18,433 - INFO - Gpu Mem Used Bytes Peak  : 5837619200.0000
2025-11-01 16:24:18,433 - INFO - Gpu Vram Used Bytes      : 5837619200.0000
2025-11-01 16:24:18,433 - INFO - Accuracy                 : 0.3143
2025-11-01 16:24:18,433 - INFO - Precision                : 0.3619
2025-11-01 16:24:18,434 - INFO - Recall                   : 0.3143
2025-11-01 16:24:18,434 - INFO - F1 Score                 : 0.2993
2025-11-01 16:24:18,434 - INFO - ==================================================
2025-11-01 16:24:42,903 - INFO - Época 25 concluída. Loss média: 3.4702
2025-11-01 16:24:42,903 - INFO - Taxa de aprendizado ajustada para: 0.100000
2025-11-01 16:24:42,907 - INFO - Iniciando inferência com o modelo ShuffleNetV2...
2025-11-01 16:24:45,997 - INFO - ==================================================
2025-11-01 16:24:45,997 - INFO - EXPERIMENT RESULTS
2025-11-01 16:24:45,997 - INFO - ==================================================
2025-11-01 16:24:45,997 - INFO - Elapsed Time Seconds     : 3.0671
2025-11-01 16:24:45,997 - INFO - Cpu Usage Percent        : 2.7406
2025-11-01 16:24:45,997 - INFO - Ram Peak Usage Bytes     : 11894501376.0000
2025-11-01 16:24:45,997 - INFO - Disk Read Bytes          : 0.0000
2025-11-01 16:24:45,998 - INFO - Disk Write Bytes         : 126976.0000
2025-11-01 16:24:45,998 - INFO - Vram Peak Usage Bytes    : 1124251316.0000
2025-11-01 16:24:45,998 - INFO - Gpu Power Watts Avg      : 86.9171
2025-11-01 16:24:45,998 - INFO - Gpu Power Watts Peak     : 157.7750
2025-11-01 16:24:45,998 - INFO - Gpu Temp Celsius Avg     : 41.8000
2025-11-01 16:24:45,998 - INFO - Gpu Temp Celsius Peak    : 45.0000
2025-11-01 16:24:45,998 - INFO - Gpu Utilization Percent Avg: 11.5333
2025-11-01 16:24:45,998 - INFO - Gpu Utilization Percent Peak: 45.0000
2025-11-01 16:24:45,998 - INFO - Gpu Mem Used Bytes Avg   : 5837619200.0000
2025-11-01 16:24:45,998 - INFO - Gpu Mem Used Bytes Peak  : 5837619200.0000
2025-11-01 16:24:45,998 - INFO - Gpu Vram Used Bytes      : 5837619200.0000
2025-11-01 16:24:45,998 - INFO - Accuracy                 : 0.3148
2025-11-01 16:24:45,998 - INFO - Precision                : 0.3691
2025-11-01 16:24:45,998 - INFO - Recall                   : 0.3148
2025-11-01 16:24:45,998 - INFO - F1 Score                 : 0.2978
2025-11-01 16:24:45,998 - INFO - ==================================================
2025-11-01 16:25:10,218 - INFO - Época 26 concluída. Loss média: 3.4561
2025-11-01 16:25:10,218 - INFO - Taxa de aprendizado ajustada para: 0.100000
2025-11-01 16:25:10,222 - INFO - Iniciando inferência com o modelo ShuffleNetV2...
2025-11-01 16:25:13,505 - INFO - ==================================================
2025-11-01 16:25:13,505 - INFO - EXPERIMENT RESULTS
2025-11-01 16:25:13,506 - INFO - ==================================================
2025-11-01 16:25:13,506 - INFO - Elapsed Time Seconds     : 3.2604
2025-11-01 16:25:13,506 - INFO - Cpu Usage Percent        : 2.6063
2025-11-01 16:25:13,506 - INFO - Ram Peak Usage Bytes     : 11894513664.0000
2025-11-01 16:25:13,506 - INFO - Disk Read Bytes          : 0.0000
2025-11-01 16:25:13,506 - INFO - Disk Write Bytes         : 16384.0000
2025-11-01 16:25:13,506 - INFO - Vram Peak Usage Bytes    : 1124251316.0000
2025-11-01 16:25:13,506 - INFO - Gpu Power Watts Avg      : 84.2821
2025-11-01 16:25:13,506 - INFO - Gpu Power Watts Peak     : 188.9680
2025-11-01 16:25:13,506 - INFO - Gpu Temp Celsius Avg     : 41.3750
2025-11-01 16:25:13,506 - INFO - Gpu Temp Celsius Peak    : 46.0000
2025-11-01 16:25:13,506 - INFO - Gpu Utilization Percent Avg: 14.4062
2025-11-01 16:25:13,506 - INFO - Gpu Utilization Percent Peak: 80.0000
2025-11-01 16:25:13,506 - INFO - Gpu Mem Used Bytes Avg   : 5837619200.0000
2025-11-01 16:25:13,506 - INFO - Gpu Mem Used Bytes Peak  : 5837619200.0000
2025-11-01 16:25:13,506 - INFO - Gpu Vram Used Bytes      : 5837619200.0000
2025-11-01 16:25:13,506 - INFO - Accuracy                 : 0.3203
2025-11-01 16:25:13,506 - INFO - Precision                : 0.3839
2025-11-01 16:25:13,506 - INFO - Recall                   : 0.3203
2025-11-01 16:25:13,506 - INFO - F1 Score                 : 0.3138
2025-11-01 16:25:13,506 - INFO - ==================================================
2025-11-01 16:25:32,740 - INFO - Época 27 concluída. Loss média: 3.4436
2025-11-01 16:25:32,740 - INFO - Taxa de aprendizado ajustada para: 0.100000
2025-11-01 16:25:32,745 - INFO - Iniciando inferência com o modelo ShuffleNetV2...
2025-11-01 16:25:35,013 - INFO - ==================================================
2025-11-01 16:25:35,013 - INFO - EXPERIMENT RESULTS
2025-11-01 16:25:35,013 - INFO - ==================================================
2025-11-01 16:25:35,013 - INFO - Elapsed Time Seconds     : 2.2456
2025-11-01 16:25:35,013 - INFO - Cpu Usage Percent        : 2.5875
2025-11-01 16:25:35,013 - INFO - Ram Peak Usage Bytes     : 11894546432.0000
2025-11-01 16:25:35,013 - INFO - Disk Read Bytes          : 0.0000
2025-11-01 16:25:35,013 - INFO - Disk Write Bytes         : 28672.0000
2025-11-01 16:25:35,013 - INFO - Vram Peak Usage Bytes    : 1124251316.0000
2025-11-01 16:25:35,013 - INFO - Gpu Power Watts Avg      : 100.2868
2025-11-01 16:25:35,013 - INFO - Gpu Power Watts Peak     : 185.6240
2025-11-01 16:25:35,013 - INFO - Gpu Temp Celsius Avg     : 42.6818
2025-11-01 16:25:35,013 - INFO - Gpu Temp Celsius Peak    : 46.0000
2025-11-01 16:25:35,013 - INFO - Gpu Utilization Percent Avg: 22.4091
2025-11-01 16:25:35,013 - INFO - Gpu Utilization Percent Peak: 69.0000
2025-11-01 16:25:35,013 - INFO - Gpu Mem Used Bytes Avg   : 5837619200.0000
2025-11-01 16:25:35,013 - INFO - Gpu Mem Used Bytes Peak  : 5837619200.0000
2025-11-01 16:25:35,013 - INFO - Gpu Vram Used Bytes      : 5837619200.0000
2025-11-01 16:25:35,013 - INFO - Accuracy                 : 0.3237
2025-11-01 16:25:35,013 - INFO - Precision                : 0.3786
2025-11-01 16:25:35,013 - INFO - Recall                   : 0.3237
2025-11-01 16:25:35,014 - INFO - F1 Score                 : 0.3104
2025-11-01 16:25:35,014 - INFO - ==================================================
2025-11-01 16:25:54,767 - INFO - Época 28 concluída. Loss média: 3.4333
2025-11-01 16:25:54,767 - INFO - Taxa de aprendizado ajustada para: 0.100000
2025-11-01 16:25:54,772 - INFO - Iniciando inferência com o modelo ShuffleNetV2...
2025-11-01 16:25:57,149 - INFO - ==================================================
2025-11-01 16:25:57,149 - INFO - EXPERIMENT RESULTS
2025-11-01 16:25:57,149 - INFO - ==================================================
2025-11-01 16:25:57,149 - INFO - Elapsed Time Seconds     : 2.3540
2025-11-01 16:25:57,149 - INFO - Cpu Usage Percent        : 2.3750
2025-11-01 16:25:57,149 - INFO - Ram Peak Usage Bytes     : 11894595584.0000
2025-11-01 16:25:57,149 - INFO - Disk Read Bytes          : 0.0000
2025-11-01 16:25:57,149 - INFO - Disk Write Bytes         : 282624.0000
2025-11-01 16:25:57,149 - INFO - Vram Peak Usage Bytes    : 1124251316.0000
2025-11-01 16:25:57,149 - INFO - Gpu Power Watts Avg      : 102.3426
2025-11-01 16:25:57,149 - INFO - Gpu Power Watts Peak     : 195.8130
2025-11-01 16:25:57,149 - INFO - Gpu Temp Celsius Avg     : 42.7391
2025-11-01 16:25:57,149 - INFO - Gpu Temp Celsius Peak    : 47.0000
2025-11-01 16:25:57,149 - INFO - Gpu Utilization Percent Avg: 17.5652
2025-11-01 16:25:57,149 - INFO - Gpu Utilization Percent Peak: 78.0000
2025-11-01 16:25:57,149 - INFO - Gpu Mem Used Bytes Avg   : 5837619200.0000
2025-11-01 16:25:57,149 - INFO - Gpu Mem Used Bytes Peak  : 5837619200.0000
2025-11-01 16:25:57,149 - INFO - Gpu Vram Used Bytes      : 5837619200.0000
2025-11-01 16:25:57,149 - INFO - Accuracy                 : 0.3005
2025-11-01 16:25:57,149 - INFO - Precision                : 0.3705
2025-11-01 16:25:57,149 - INFO - Recall                   : 0.3005
2025-11-01 16:25:57,149 - INFO - F1 Score                 : 0.2950
2025-11-01 16:25:57,149 - INFO - ==================================================
2025-11-01 16:26:17,542 - INFO - Época 29 concluída. Loss média: 3.4173
2025-11-01 16:26:17,543 - INFO - Taxa de aprendizado ajustada para: 0.100000
2025-11-01 16:26:17,547 - INFO - Iniciando inferência com o modelo ShuffleNetV2...
2025-11-01 16:26:20,820 - INFO - ==================================================
2025-11-01 16:26:20,820 - INFO - EXPERIMENT RESULTS
2025-11-01 16:26:20,820 - INFO - ==================================================
2025-11-01 16:26:20,820 - INFO - Elapsed Time Seconds     : 3.2503
2025-11-01 16:26:20,820 - INFO - Cpu Usage Percent        : 2.5875
2025-11-01 16:26:20,820 - INFO - Ram Peak Usage Bytes     : 11894628352.0000
2025-11-01 16:26:20,820 - INFO - Disk Read Bytes          : 0.0000
2025-11-01 16:26:20,820 - INFO - Disk Write Bytes         : 0.0000
2025-11-01 16:26:20,820 - INFO - Vram Peak Usage Bytes    : 1124251316.0000
2025-11-01 16:26:20,820 - INFO - Gpu Power Watts Avg      : 91.9324
2025-11-01 16:26:20,820 - INFO - Gpu Power Watts Peak     : 214.9320
2025-11-01 16:26:20,820 - INFO - Gpu Temp Celsius Avg     : 42.3750
2025-11-01 16:26:20,820 - INFO - Gpu Temp Celsius Peak    : 46.0000
2025-11-01 16:26:20,820 - INFO - Gpu Utilization Percent Avg: 14.3125
2025-11-01 16:26:20,820 - INFO - Gpu Utilization Percent Peak: 89.0000
2025-11-01 16:26:20,820 - INFO - Gpu Mem Used Bytes Avg   : 5837619200.0000
2025-11-01 16:26:20,820 - INFO - Gpu Mem Used Bytes Peak  : 5837619200.0000
2025-11-01 16:26:20,820 - INFO - Gpu Vram Used Bytes      : 5837619200.0000
2025-11-01 16:26:20,820 - INFO - Accuracy                 : 0.2831
2025-11-01 16:26:20,821 - INFO - Precision                : 0.3813
2025-11-01 16:26:20,821 - INFO - Recall                   : 0.2831
2025-11-01 16:26:20,821 - INFO - F1 Score                 : 0.2715
2025-11-01 16:26:20,821 - INFO - ==================================================
2025-11-01 16:26:45,339 - INFO - Época 30 concluída. Loss média: 3.4061
2025-11-01 16:26:45,340 - INFO - Taxa de aprendizado ajustada para: 0.010000
2025-11-01 16:26:45,344 - INFO - Iniciando inferência com o modelo ShuffleNetV2...
2025-11-01 16:26:47,636 - INFO - ==================================================
2025-11-01 16:26:47,636 - INFO - EXPERIMENT RESULTS
2025-11-01 16:26:47,636 - INFO - ==================================================
2025-11-01 16:26:47,636 - INFO - Elapsed Time Seconds     : 2.2690
2025-11-01 16:26:47,636 - INFO - Cpu Usage Percent        : 2.5344
2025-11-01 16:26:47,636 - INFO - Ram Peak Usage Bytes     : 11894685696.0000
2025-11-01 16:26:47,636 - INFO - Disk Read Bytes          : 0.0000
2025-11-01 16:26:47,636 - INFO - Disk Write Bytes         : 0.0000
2025-11-01 16:26:47,636 - INFO - Vram Peak Usage Bytes    : 1124251316.0000
2025-11-01 16:26:47,636 - INFO - Gpu Power Watts Avg      : 93.4590
2025-11-01 16:26:47,636 - INFO - Gpu Power Watts Peak     : 167.0020
2025-11-01 16:26:47,636 - INFO - Gpu Temp Celsius Avg     : 42.4545
2025-11-01 16:26:47,636 - INFO - Gpu Temp Celsius Peak    : 47.0000
2025-11-01 16:26:47,636 - INFO - Gpu Utilization Percent Avg: 21.5000
2025-11-01 16:26:47,636 - INFO - Gpu Utilization Percent Peak: 95.0000
2025-11-01 16:26:47,636 - INFO - Gpu Mem Used Bytes Avg   : 5837619200.0000
2025-11-01 16:26:47,636 - INFO - Gpu Mem Used Bytes Peak  : 5837619200.0000
2025-11-01 16:26:47,636 - INFO - Gpu Vram Used Bytes      : 5837619200.0000
2025-11-01 16:26:47,636 - INFO - Accuracy                 : 0.3288
2025-11-01 16:26:47,636 - INFO - Precision                : 0.3889
2025-11-01 16:26:47,636 - INFO - Recall                   : 0.3288
2025-11-01 16:26:47,636 - INFO - F1 Score                 : 0.3181
2025-11-01 16:26:47,636 - INFO - ==================================================
2025-11-01 16:27:07,072 - INFO - Época 31 concluída. Loss média: 3.1982
2025-11-01 16:27:07,072 - INFO - Taxa de aprendizado ajustada para: 0.010000
2025-11-01 16:27:07,076 - INFO - Iniciando inferência com o modelo ShuffleNetV2...
2025-11-01 16:27:09,441 - INFO - ==================================================
2025-11-01 16:27:09,441 - INFO - EXPERIMENT RESULTS
2025-11-01 16:27:09,441 - INFO - ==================================================
2025-11-01 16:27:09,441 - INFO - Elapsed Time Seconds     : 2.3427
2025-11-01 16:27:09,442 - INFO - Cpu Usage Percent        : 2.4125
2025-11-01 16:27:09,442 - INFO - Ram Peak Usage Bytes     : 11894767616.0000
2025-11-01 16:27:09,442 - INFO - Disk Read Bytes          : 0.0000
2025-11-01 16:27:09,442 - INFO - Disk Write Bytes         : 28672.0000
2025-11-01 16:27:09,442 - INFO - Vram Peak Usage Bytes    : 1124251316.0000
2025-11-01 16:27:09,442 - INFO - Gpu Power Watts Avg      : 104.8975
2025-11-01 16:27:09,442 - INFO - Gpu Power Watts Peak     : 205.9770
2025-11-01 16:27:09,442 - INFO - Gpu Temp Celsius Avg     : 42.7391
2025-11-01 16:27:09,442 - INFO - Gpu Temp Celsius Peak    : 47.0000
2025-11-01 16:27:09,442 - INFO - Gpu Utilization Percent Avg: 19.8261
2025-11-01 16:27:09,442 - INFO - Gpu Utilization Percent Peak: 72.0000
2025-11-01 16:27:09,442 - INFO - Gpu Mem Used Bytes Avg   : 5837619200.0000
2025-11-01 16:27:09,442 - INFO - Gpu Mem Used Bytes Peak  : 5837619200.0000
2025-11-01 16:27:09,442 - INFO - Gpu Vram Used Bytes      : 5837619200.0000
2025-11-01 16:27:09,442 - INFO - Accuracy                 : 0.4452
2025-11-01 16:27:09,442 - INFO - Precision                : 0.4393
2025-11-01 16:27:09,442 - INFO - Recall                   : 0.4452
2025-11-01 16:27:09,442 - INFO - F1 Score                 : 0.4314
2025-11-01 16:27:09,442 - INFO - ==================================================
2025-11-01 16:27:34,214 - INFO - Época 32 concluída. Loss média: 3.1253
2025-11-01 16:27:34,214 - INFO - Taxa de aprendizado ajustada para: 0.010000
2025-11-01 16:27:34,219 - INFO - Iniciando inferência com o modelo ShuffleNetV2...
2025-11-01 16:27:37,503 - INFO - ==================================================
2025-11-01 16:27:37,503 - INFO - EXPERIMENT RESULTS
2025-11-01 16:27:37,503 - INFO - ==================================================
2025-11-01 16:27:37,503 - INFO - Elapsed Time Seconds     : 3.2617
2025-11-01 16:27:37,503 - INFO - Cpu Usage Percent        : 2.5469
2025-11-01 16:27:37,503 - INFO - Ram Peak Usage Bytes     : 11894792192.0000
2025-11-01 16:27:37,503 - INFO - Disk Read Bytes          : 0.0000
2025-11-01 16:27:37,503 - INFO - Disk Write Bytes         : 290816.0000
2025-11-01 16:27:37,503 - INFO - Vram Peak Usage Bytes    : 1124251316.0000
2025-11-01 16:27:37,503 - INFO - Gpu Power Watts Avg      : 78.3662
2025-11-01 16:27:37,503 - INFO - Gpu Power Watts Peak     : 167.1800
2025-11-01 16:27:37,503 - INFO - Gpu Temp Celsius Avg     : 41.4375
2025-11-01 16:27:37,504 - INFO - Gpu Temp Celsius Peak    : 47.0000
2025-11-01 16:27:37,504 - INFO - Gpu Utilization Percent Avg: 14.6875
2025-11-01 16:27:37,504 - INFO - Gpu Utilization Percent Peak: 99.0000
2025-11-01 16:27:37,504 - INFO - Gpu Mem Used Bytes Avg   : 5837619200.0000
2025-11-01 16:27:37,504 - INFO - Gpu Mem Used Bytes Peak  : 5837619200.0000
2025-11-01 16:27:37,504 - INFO - Gpu Vram Used Bytes      : 5837619200.0000
2025-11-01 16:27:37,504 - INFO - Accuracy                 : 0.4490
2025-11-01 16:27:37,504 - INFO - Precision                : 0.4422
2025-11-01 16:27:37,504 - INFO - Recall                   : 0.4490
2025-11-01 16:27:37,504 - INFO - F1 Score                 : 0.4351
2025-11-01 16:27:37,504 - INFO - ==================================================
2025-11-01 16:27:58,564 - INFO - Época 33 concluída. Loss média: 3.1056
2025-11-01 16:27:58,564 - INFO - Taxa de aprendizado ajustada para: 0.010000
2025-11-01 16:27:58,568 - INFO - Iniciando inferência com o modelo ShuffleNetV2...
2025-11-01 16:28:00,757 - INFO - ==================================================
2025-11-01 16:28:00,758 - INFO - EXPERIMENT RESULTS
2025-11-01 16:28:00,758 - INFO - ==================================================
2025-11-01 16:28:00,758 - INFO - Elapsed Time Seconds     : 2.1745
2025-11-01 16:28:00,758 - INFO - Cpu Usage Percent        : 2.6437
2025-11-01 16:28:00,758 - INFO - Ram Peak Usage Bytes     : 11894837248.0000
2025-11-01 16:28:00,758 - INFO - Disk Read Bytes          : 0.0000
2025-11-01 16:28:00,758 - INFO - Disk Write Bytes         : 0.0000
2025-11-01 16:28:00,758 - INFO - Vram Peak Usage Bytes    : 1124251316.0000
2025-11-01 16:28:00,758 - INFO - Gpu Power Watts Avg      : 102.6584
2025-11-01 16:28:00,758 - INFO - Gpu Power Watts Peak     : 204.2670
2025-11-01 16:28:00,758 - INFO - Gpu Temp Celsius Avg     : 42.8095
2025-11-01 16:28:00,758 - INFO - Gpu Temp Celsius Peak    : 47.0000
2025-11-01 16:28:00,758 - INFO - Gpu Utilization Percent Avg: 22.1429
2025-11-01 16:28:00,758 - INFO - Gpu Utilization Percent Peak: 92.0000
2025-11-01 16:28:00,758 - INFO - Gpu Mem Used Bytes Avg   : 5837619200.0000
2025-11-01 16:28:00,758 - INFO - Gpu Mem Used Bytes Peak  : 5837619200.0000
2025-11-01 16:28:00,758 - INFO - Gpu Vram Used Bytes      : 5837619200.0000
2025-11-01 16:28:00,758 - INFO - Accuracy                 : 0.4578
2025-11-01 16:28:00,758 - INFO - Precision                : 0.4505
2025-11-01 16:28:00,758 - INFO - Recall                   : 0.4578
2025-11-01 16:28:00,758 - INFO - F1 Score                 : 0.4446
2025-11-01 16:28:00,758 - INFO - ==================================================
2025-11-01 16:28:25,491 - INFO - Época 34 concluída. Loss média: 3.0903
2025-11-01 16:28:25,492 - INFO - Taxa de aprendizado ajustada para: 0.010000
2025-11-01 16:28:25,496 - INFO - Iniciando inferência com o modelo ShuffleNetV2...
2025-11-01 16:28:27,952 - INFO - ==================================================
2025-11-01 16:28:27,952 - INFO - EXPERIMENT RESULTS
2025-11-01 16:28:27,952 - INFO - ==================================================
2025-11-01 16:28:27,952 - INFO - Elapsed Time Seconds     : 2.4338
2025-11-01 16:28:27,952 - INFO - Cpu Usage Percent        : 2.5406
2025-11-01 16:28:27,952 - INFO - Ram Peak Usage Bytes     : 11894865920.0000
2025-11-01 16:28:27,952 - INFO - Disk Read Bytes          : 0.0000
2025-11-01 16:28:27,952 - INFO - Disk Write Bytes         : 0.0000
2025-11-01 16:28:27,952 - INFO - Vram Peak Usage Bytes    : 1124251316.0000
2025-11-01 16:28:27,953 - INFO - Gpu Power Watts Avg      : 96.1664
2025-11-01 16:28:27,953 - INFO - Gpu Power Watts Peak     : 174.9220
2025-11-01 16:28:27,953 - INFO - Gpu Temp Celsius Avg     : 42.1250
2025-11-01 16:28:27,953 - INFO - Gpu Temp Celsius Peak    : 46.0000
2025-11-01 16:28:27,953 - INFO - Gpu Utilization Percent Avg: 22.3333
2025-11-01 16:28:27,953 - INFO - Gpu Utilization Percent Peak: 73.0000
2025-11-01 16:28:27,953 - INFO - Gpu Mem Used Bytes Avg   : 5837619200.0000
2025-11-01 16:28:27,953 - INFO - Gpu Mem Used Bytes Peak  : 5837619200.0000
2025-11-01 16:28:27,953 - INFO - Gpu Vram Used Bytes      : 5837619200.0000
2025-11-01 16:28:27,953 - INFO - Accuracy                 : 0.4571
2025-11-01 16:28:27,953 - INFO - Precision                : 0.4540
2025-11-01 16:28:27,953 - INFO - Recall                   : 0.4571
2025-11-01 16:28:27,953 - INFO - F1 Score                 : 0.4444
2025-11-01 16:28:27,953 - INFO - ==================================================
2025-11-01 16:28:47,205 - INFO - Época 35 concluída. Loss média: 3.0746
2025-11-01 16:28:47,205 - INFO - Taxa de aprendizado ajustada para: 0.010000
2025-11-01 16:28:47,210 - INFO - Iniciando inferência com o modelo ShuffleNetV2...
2025-11-01 16:28:49,474 - INFO - ==================================================
2025-11-01 16:28:49,474 - INFO - EXPERIMENT RESULTS
2025-11-01 16:28:49,474 - INFO - ==================================================
2025-11-01 16:28:49,474 - INFO - Elapsed Time Seconds     : 2.2417
2025-11-01 16:28:49,474 - INFO - Cpu Usage Percent        : 2.4937
2025-11-01 16:28:49,474 - INFO - Ram Peak Usage Bytes     : 11894915072.0000
2025-11-01 16:28:49,474 - INFO - Disk Read Bytes          : 0.0000
2025-11-01 16:28:49,474 - INFO - Disk Write Bytes         : 0.0000
2025-11-01 16:28:49,474 - INFO - Vram Peak Usage Bytes    : 1124251316.0000
2025-11-01 16:28:49,474 - INFO - Gpu Power Watts Avg      : 105.4988
2025-11-01 16:28:49,474 - INFO - Gpu Power Watts Peak     : 212.9020
2025-11-01 16:28:49,474 - INFO - Gpu Temp Celsius Avg     : 42.6818
2025-11-01 16:28:49,474 - INFO - Gpu Temp Celsius Peak    : 46.0000
2025-11-01 16:28:49,474 - INFO - Gpu Utilization Percent Avg: 24.5000
2025-11-01 16:28:49,474 - INFO - Gpu Utilization Percent Peak: 97.0000
2025-11-01 16:28:49,474 - INFO - Gpu Mem Used Bytes Avg   : 5837619200.0000
2025-11-01 16:28:49,474 - INFO - Gpu Mem Used Bytes Peak  : 5837619200.0000
2025-11-01 16:28:49,474 - INFO - Gpu Vram Used Bytes      : 5837619200.0000
2025-11-01 16:28:49,474 - INFO - Accuracy                 : 0.4577
2025-11-01 16:28:49,474 - INFO - Precision                : 0.4537
2025-11-01 16:28:49,474 - INFO - Recall                   : 0.4577
2025-11-01 16:28:49,474 - INFO - F1 Score                 : 0.4457
2025-11-01 16:28:49,474 - INFO - ==================================================
2025-11-01 16:29:07,768 - INFO - Época 36 concluída. Loss média: 3.0619
2025-11-01 16:29:07,768 - INFO - Taxa de aprendizado ajustada para: 0.010000
2025-11-01 16:29:07,772 - INFO - Iniciando inferência com o modelo ShuffleNetV2...
2025-11-01 16:29:10,345 - INFO - ==================================================
2025-11-01 16:29:10,345 - INFO - EXPERIMENT RESULTS
2025-11-01 16:29:10,345 - INFO - ==================================================
2025-11-01 16:29:10,345 - INFO - Elapsed Time Seconds     : 2.5493
2025-11-01 16:29:10,345 - INFO - Cpu Usage Percent        : 2.6969
2025-11-01 16:29:10,345 - INFO - Ram Peak Usage Bytes     : 11894972416.0000
2025-11-01 16:29:10,345 - INFO - Disk Read Bytes          : 0.0000
2025-11-01 16:29:10,345 - INFO - Disk Write Bytes         : 0.0000
2025-11-01 16:29:10,345 - INFO - Vram Peak Usage Bytes    : 1124251316.0000
2025-11-01 16:29:10,345 - INFO - Gpu Power Watts Avg      : 99.4048
2025-11-01 16:29:10,345 - INFO - Gpu Power Watts Peak     : 205.0900
2025-11-01 16:29:10,345 - INFO - Gpu Temp Celsius Avg     : 42.4800
2025-11-01 16:29:10,345 - INFO - Gpu Temp Celsius Peak    : 46.0000
2025-11-01 16:29:10,345 - INFO - Gpu Utilization Percent Avg: 17.7200
2025-11-01 16:29:10,345 - INFO - Gpu Utilization Percent Peak: 95.0000
2025-11-01 16:29:10,345 - INFO - Gpu Mem Used Bytes Avg   : 5837619200.0000
2025-11-01 16:29:10,345 - INFO - Gpu Mem Used Bytes Peak  : 5837619200.0000
2025-11-01 16:29:10,345 - INFO - Gpu Vram Used Bytes      : 5837619200.0000
2025-11-01 16:29:10,345 - INFO - Accuracy                 : 0.4562
2025-11-01 16:29:10,345 - INFO - Precision                : 0.4533
2025-11-01 16:29:10,345 - INFO - Recall                   : 0.4562
2025-11-01 16:29:10,345 - INFO - F1 Score                 : 0.4429
2025-11-01 16:29:10,345 - INFO - ==================================================
2025-11-01 16:29:28,819 - INFO - Época 37 concluída. Loss média: 3.0528
2025-11-01 16:29:28,819 - INFO - Taxa de aprendizado ajustada para: 0.010000
2025-11-01 16:29:28,824 - INFO - Iniciando inferência com o modelo ShuffleNetV2...
2025-11-01 16:29:31,088 - INFO - ==================================================
2025-11-01 16:29:31,088 - INFO - EXPERIMENT RESULTS
2025-11-01 16:29:31,088 - INFO - ==================================================
2025-11-01 16:29:31,088 - INFO - Elapsed Time Seconds     : 2.2416
2025-11-01 16:29:31,088 - INFO - Cpu Usage Percent        : 2.6469
2025-11-01 16:29:31,088 - INFO - Ram Peak Usage Bytes     : 11895005184.0000
2025-11-01 16:29:31,088 - INFO - Disk Read Bytes          : 0.0000
2025-11-01 16:29:31,088 - INFO - Disk Write Bytes         : 0.0000
2025-11-01 16:29:31,088 - INFO - Vram Peak Usage Bytes    : 1124251316.0000
2025-11-01 16:29:31,088 - INFO - Gpu Power Watts Avg      : 102.9481
2025-11-01 16:29:31,088 - INFO - Gpu Power Watts Peak     : 205.7250
2025-11-01 16:29:31,088 - INFO - Gpu Temp Celsius Avg     : 43.2273
2025-11-01 16:29:31,089 - INFO - Gpu Temp Celsius Peak    : 47.0000
2025-11-01 16:29:31,089 - INFO - Gpu Utilization Percent Avg: 19.6364
2025-11-01 16:29:31,089 - INFO - Gpu Utilization Percent Peak: 88.0000
2025-11-01 16:29:31,089 - INFO - Gpu Mem Used Bytes Avg   : 5837619200.0000
2025-11-01 16:29:31,089 - INFO - Gpu Mem Used Bytes Peak  : 5837619200.0000
2025-11-01 16:29:31,089 - INFO - Gpu Vram Used Bytes      : 5837619200.0000
2025-11-01 16:29:31,089 - INFO - Accuracy                 : 0.4591
2025-11-01 16:29:31,089 - INFO - Precision                : 0.4573
2025-11-01 16:29:31,089 - INFO - Recall                   : 0.4591
2025-11-01 16:29:31,089 - INFO - F1 Score                 : 0.4489
2025-11-01 16:29:31,089 - INFO - ==================================================
2025-11-01 16:29:50,328 - INFO - Época 38 concluída. Loss média: 3.0468
2025-11-01 16:29:50,328 - INFO - Taxa de aprendizado ajustada para: 0.010000
2025-11-01 16:29:50,333 - INFO - Iniciando inferência com o modelo ShuffleNetV2...
2025-11-01 16:29:53,426 - INFO - ==================================================
2025-11-01 16:29:53,426 - INFO - EXPERIMENT RESULTS
2025-11-01 16:29:53,426 - INFO - ==================================================
2025-11-01 16:29:53,426 - INFO - Elapsed Time Seconds     : 3.0704
2025-11-01 16:29:53,426 - INFO - Cpu Usage Percent        : 2.8188
2025-11-01 16:29:53,426 - INFO - Ram Peak Usage Bytes     : 11895037952.0000
2025-11-01 16:29:53,426 - INFO - Disk Read Bytes          : 0.0000
2025-11-01 16:29:53,426 - INFO - Disk Write Bytes         : 0.0000
2025-11-01 16:29:53,426 - INFO - Vram Peak Usage Bytes    : 1124251316.0000
2025-11-01 16:29:53,426 - INFO - Gpu Power Watts Avg      : 92.4526
2025-11-01 16:29:53,426 - INFO - Gpu Power Watts Peak     : 206.5830
2025-11-01 16:29:53,426 - INFO - Gpu Temp Celsius Avg     : 42.4667
2025-11-01 16:29:53,426 - INFO - Gpu Temp Celsius Peak    : 45.0000
2025-11-01 16:29:53,426 - INFO - Gpu Utilization Percent Avg: 17.2333
2025-11-01 16:29:53,426 - INFO - Gpu Utilization Percent Peak: 99.0000
2025-11-01 16:29:53,426 - INFO - Gpu Mem Used Bytes Avg   : 5837619200.0000
2025-11-01 16:29:53,426 - INFO - Gpu Mem Used Bytes Peak  : 5837619200.0000
2025-11-01 16:29:53,426 - INFO - Gpu Vram Used Bytes      : 5837619200.0000
2025-11-01 16:29:53,426 - INFO - Accuracy                 : 0.4481
2025-11-01 16:29:53,426 - INFO - Precision                : 0.4532
2025-11-01 16:29:53,426 - INFO - Recall                   : 0.4481
2025-11-01 16:29:53,426 - INFO - F1 Score                 : 0.4368
2025-11-01 16:29:53,426 - INFO - ==================================================
2025-11-01 16:30:14,323 - INFO - Época 39 concluída. Loss média: 3.0382
2025-11-01 16:30:14,324 - INFO - Taxa de aprendizado ajustada para: 0.010000
2025-11-01 16:30:14,328 - INFO - Iniciando inferência com o modelo ShuffleNetV2...
2025-11-01 16:30:16,690 - INFO - ==================================================
2025-11-01 16:30:16,690 - INFO - EXPERIMENT RESULTS
2025-11-01 16:30:16,690 - INFO - ==================================================
2025-11-01 16:30:16,690 - INFO - Elapsed Time Seconds     : 2.3390
2025-11-01 16:30:16,690 - INFO - Cpu Usage Percent        : 2.5781
2025-11-01 16:30:16,690 - INFO - Ram Peak Usage Bytes     : 11895054336.0000
2025-11-01 16:30:16,690 - INFO - Disk Read Bytes          : 0.0000
2025-11-01 16:30:16,690 - INFO - Disk Write Bytes         : 0.0000
2025-11-01 16:30:16,690 - INFO - Vram Peak Usage Bytes    : 1124251316.0000
2025-11-01 16:30:16,690 - INFO - Gpu Power Watts Avg      : 102.0290
2025-11-01 16:30:16,690 - INFO - Gpu Power Watts Peak     : 205.1410
2025-11-01 16:30:16,690 - INFO - Gpu Temp Celsius Avg     : 42.6522
2025-11-01 16:30:16,690 - INFO - Gpu Temp Celsius Peak    : 47.0000
2025-11-01 16:30:16,690 - INFO - Gpu Utilization Percent Avg: 18.9130
2025-11-01 16:30:16,690 - INFO - Gpu Utilization Percent Peak: 99.0000
2025-11-01 16:30:16,690 - INFO - Gpu Mem Used Bytes Avg   : 5837619200.0000
2025-11-01 16:30:16,690 - INFO - Gpu Mem Used Bytes Peak  : 5837619200.0000
2025-11-01 16:30:16,690 - INFO - Gpu Vram Used Bytes      : 5837619200.0000
2025-11-01 16:30:16,690 - INFO - Accuracy                 : 0.4679
2025-11-01 16:30:16,690 - INFO - Precision                : 0.4658
2025-11-01 16:30:16,690 - INFO - Recall                   : 0.4679
2025-11-01 16:30:16,690 - INFO - F1 Score                 : 0.4573
2025-11-01 16:30:16,690 - INFO - ==================================================
2025-11-01 16:30:36,677 - INFO - Época 40 concluída. Loss média: 3.0298
2025-11-01 16:30:36,677 - INFO - Taxa de aprendizado ajustada para: 0.010000
2025-11-01 16:30:36,681 - INFO - Iniciando inferência com o modelo ShuffleNetV2...
2025-11-01 16:30:39,870 - INFO - ==================================================
2025-11-01 16:30:39,870 - INFO - EXPERIMENT RESULTS
2025-11-01 16:30:39,870 - INFO - ==================================================
2025-11-01 16:30:39,870 - INFO - Elapsed Time Seconds     : 3.1665
2025-11-01 16:30:39,870 - INFO - Cpu Usage Percent        : 2.6156
2025-11-01 16:30:39,870 - INFO - Ram Peak Usage Bytes     : 11895054336.0000
2025-11-01 16:30:39,870 - INFO - Disk Read Bytes          : 0.0000
2025-11-01 16:30:39,871 - INFO - Disk Write Bytes         : 139264.0000
2025-11-01 16:30:39,871 - INFO - Vram Peak Usage Bytes    : 1124251316.0000
2025-11-01 16:30:39,871 - INFO - Gpu Power Watts Avg      : 91.4733
2025-11-01 16:30:39,871 - INFO - Gpu Power Watts Peak     : 198.2590
2025-11-01 16:30:39,871 - INFO - Gpu Temp Celsius Avg     : 42.1935
2025-11-01 16:30:39,871 - INFO - Gpu Temp Celsius Peak    : 46.0000
2025-11-01 16:30:39,871 - INFO - Gpu Utilization Percent Avg: 13.6129
2025-11-01 16:30:39,871 - INFO - Gpu Utilization Percent Peak: 99.0000
2025-11-01 16:30:39,871 - INFO - Gpu Mem Used Bytes Avg   : 5837619200.0000
2025-11-01 16:30:39,871 - INFO - Gpu Mem Used Bytes Peak  : 5837619200.0000
2025-11-01 16:30:39,871 - INFO - Gpu Vram Used Bytes      : 5837619200.0000
2025-11-01 16:30:39,871 - INFO - Accuracy                 : 0.4647
2025-11-01 16:30:39,871 - INFO - Precision                : 0.4645
2025-11-01 16:30:39,871 - INFO - Recall                   : 0.4647
2025-11-01 16:30:39,871 - INFO - F1 Score                 : 0.4546
2025-11-01 16:30:39,871 - INFO - ==================================================
2025-11-01 16:31:03,962 - INFO - Época 41 concluída. Loss média: 3.0231
2025-11-01 16:31:03,962 - INFO - Taxa de aprendizado ajustada para: 0.010000
2025-11-01 16:31:03,964 - INFO - Iniciando inferência com o modelo ShuffleNetV2...
2025-11-01 16:31:06,322 - INFO - ==================================================
2025-11-01 16:31:06,322 - INFO - EXPERIMENT RESULTS
2025-11-01 16:31:06,322 - INFO - ==================================================
2025-11-01 16:31:06,322 - INFO - Elapsed Time Seconds     : 2.3352
2025-11-01 16:31:06,322 - INFO - Cpu Usage Percent        : 2.4094
2025-11-01 16:31:06,322 - INFO - Ram Peak Usage Bytes     : 11895078912.0000
2025-11-01 16:31:06,322 - INFO - Disk Read Bytes          : 0.0000
2025-11-01 16:31:06,322 - INFO - Disk Write Bytes         : 0.0000
2025-11-01 16:31:06,322 - INFO - Vram Peak Usage Bytes    : 1124251316.0000
2025-11-01 16:31:06,322 - INFO - Gpu Power Watts Avg      : 98.1388
2025-11-01 16:31:06,322 - INFO - Gpu Power Watts Peak     : 196.4560
2025-11-01 16:31:06,322 - INFO - Gpu Temp Celsius Avg     : 42.3478
2025-11-01 16:31:06,322 - INFO - Gpu Temp Celsius Peak    : 48.0000
2025-11-01 16:31:06,322 - INFO - Gpu Utilization Percent Avg: 18.7391
2025-11-01 16:31:06,322 - INFO - Gpu Utilization Percent Peak: 83.0000
2025-11-01 16:31:06,322 - INFO - Gpu Mem Used Bytes Avg   : 5837619200.0000
2025-11-01 16:31:06,322 - INFO - Gpu Mem Used Bytes Peak  : 5837619200.0000
2025-11-01 16:31:06,322 - INFO - Gpu Vram Used Bytes      : 5837619200.0000
2025-11-01 16:31:06,322 - INFO - Accuracy                 : 0.4642
2025-11-01 16:31:06,322 - INFO - Precision                : 0.4591
2025-11-01 16:31:06,322 - INFO - Recall                   : 0.4642
2025-11-01 16:31:06,322 - INFO - F1 Score                 : 0.4511
2025-11-01 16:31:06,322 - INFO - ==================================================
2025-11-01 16:31:25,167 - INFO - Época 42 concluída. Loss média: 3.0199
2025-11-01 16:31:25,167 - INFO - Taxa de aprendizado ajustada para: 0.010000
2025-11-01 16:31:25,171 - INFO - Iniciando inferência com o modelo ShuffleNetV2...
2025-11-01 16:31:27,544 - INFO - ==================================================
2025-11-01 16:31:27,544 - INFO - EXPERIMENT RESULTS
2025-11-01 16:31:27,544 - INFO - ==================================================
2025-11-01 16:31:27,544 - INFO - Elapsed Time Seconds     : 2.3498
2025-11-01 16:31:27,544 - INFO - Cpu Usage Percent        : 2.4469
2025-11-01 16:31:27,544 - INFO - Ram Peak Usage Bytes     : 11895095296.0000
2025-11-01 16:31:27,544 - INFO - Disk Read Bytes          : 0.0000
2025-11-01 16:31:27,544 - INFO - Disk Write Bytes         : 12288.0000
2025-11-01 16:31:27,544 - INFO - Vram Peak Usage Bytes    : 1124251316.0000
2025-11-01 16:31:27,544 - INFO - Gpu Power Watts Avg      : 101.1657
2025-11-01 16:31:27,544 - INFO - Gpu Power Watts Peak     : 198.9570
2025-11-01 16:31:27,544 - INFO - Gpu Temp Celsius Avg     : 42.7826
2025-11-01 16:31:27,544 - INFO - Gpu Temp Celsius Peak    : 46.0000
2025-11-01 16:31:27,544 - INFO - Gpu Utilization Percent Avg: 17.9565
2025-11-01 16:31:27,544 - INFO - Gpu Utilization Percent Peak: 97.0000
2025-11-01 16:31:27,544 - INFO - Gpu Mem Used Bytes Avg   : 5837619200.0000
2025-11-01 16:31:27,544 - INFO - Gpu Mem Used Bytes Peak  : 5837619200.0000
2025-11-01 16:31:27,544 - INFO - Gpu Vram Used Bytes      : 5837619200.0000
2025-11-01 16:31:27,544 - INFO - Accuracy                 : 0.4668
2025-11-01 16:31:27,544 - INFO - Precision                : 0.4651
2025-11-01 16:31:27,544 - INFO - Recall                   : 0.4668
2025-11-01 16:31:27,544 - INFO - F1 Score                 : 0.4562
2025-11-01 16:31:27,544 - INFO - ==================================================
2025-11-01 16:31:46,600 - INFO - Época 43 concluída. Loss média: 3.0155
2025-11-01 16:31:46,601 - INFO - Taxa de aprendizado ajustada para: 0.010000
2025-11-01 16:31:46,605 - INFO - Iniciando inferência com o modelo ShuffleNetV2...
2025-11-01 16:31:48,867 - INFO - ==================================================
2025-11-01 16:31:48,867 - INFO - EXPERIMENT RESULTS
2025-11-01 16:31:48,867 - INFO - ==================================================
2025-11-01 16:31:48,867 - INFO - Elapsed Time Seconds     : 2.2392
2025-11-01 16:31:48,867 - INFO - Cpu Usage Percent        : 2.6500
2025-11-01 16:31:48,867 - INFO - Ram Peak Usage Bytes     : 12431998976.0000
2025-11-01 16:31:48,867 - INFO - Disk Read Bytes          : 0.0000
2025-11-01 16:31:48,867 - INFO - Disk Write Bytes         : 0.0000
2025-11-01 16:31:48,867 - INFO - Vram Peak Usage Bytes    : 1124251316.0000
2025-11-01 16:31:48,867 - INFO - Gpu Power Watts Avg      : 105.6553
2025-11-01 16:31:48,867 - INFO - Gpu Power Watts Peak     : 205.0230
2025-11-01 16:31:48,867 - INFO - Gpu Temp Celsius Avg     : 43.0909
2025-11-01 16:31:48,867 - INFO - Gpu Temp Celsius Peak    : 47.0000
2025-11-01 16:31:48,867 - INFO - Gpu Utilization Percent Avg: 20.3636
2025-11-01 16:31:48,867 - INFO - Gpu Utilization Percent Peak: 72.0000
2025-11-01 16:31:48,867 - INFO - Gpu Mem Used Bytes Avg   : 5839716352.0000
2025-11-01 16:31:48,867 - INFO - Gpu Mem Used Bytes Peak  : 5839716352.0000
2025-11-01 16:31:48,867 - INFO - Gpu Vram Used Bytes      : 5839716352.0000
2025-11-01 16:31:48,867 - INFO - Accuracy                 : 0.4719
2025-11-01 16:31:48,867 - INFO - Precision                : 0.4725
2025-11-01 16:31:48,867 - INFO - Recall                   : 0.4719
2025-11-01 16:31:48,867 - INFO - F1 Score                 : 0.4623
2025-11-01 16:31:48,867 - INFO - ==================================================
2025-11-01 16:32:07,555 - INFO - Época 44 concluída. Loss média: 3.0123
2025-11-01 16:32:07,556 - INFO - Taxa de aprendizado ajustada para: 0.010000
2025-11-01 16:32:07,560 - INFO - Iniciando inferência com o modelo ShuffleNetV2...
2025-11-01 16:32:10,848 - INFO - ==================================================
2025-11-01 16:32:10,848 - INFO - EXPERIMENT RESULTS
2025-11-01 16:32:10,848 - INFO - ==================================================
2025-11-01 16:32:10,848 - INFO - Elapsed Time Seconds     : 3.2654
2025-11-01 16:32:10,848 - INFO - Cpu Usage Percent        : 2.5344
2025-11-01 16:32:10,848 - INFO - Ram Peak Usage Bytes     : 12432015360.0000
2025-11-01 16:32:10,848 - INFO - Disk Read Bytes          : 0.0000
2025-11-01 16:32:10,848 - INFO - Disk Write Bytes         : 20480.0000
2025-11-01 16:32:10,848 - INFO - Vram Peak Usage Bytes    : 1124251316.0000
2025-11-01 16:32:10,848 - INFO - Gpu Power Watts Avg      : 86.6505
2025-11-01 16:32:10,849 - INFO - Gpu Power Watts Peak     : 196.8660
2025-11-01 16:32:10,849 - INFO - Gpu Temp Celsius Avg     : 42.3438
2025-11-01 16:32:10,849 - INFO - Gpu Temp Celsius Peak    : 46.0000
2025-11-01 16:32:10,849 - INFO - Gpu Utilization Percent Avg: 12.2500
2025-11-01 16:32:10,849 - INFO - Gpu Utilization Percent Peak: 99.0000
2025-11-01 16:32:10,849 - INFO - Gpu Mem Used Bytes Avg   : 5839716352.0000
2025-11-01 16:32:10,849 - INFO - Gpu Mem Used Bytes Peak  : 5839716352.0000
2025-11-01 16:32:10,849 - INFO - Gpu Vram Used Bytes      : 5839716352.0000
2025-11-01 16:32:10,849 - INFO - Accuracy                 : 0.4664
2025-11-01 16:32:10,849 - INFO - Precision                : 0.4671
2025-11-01 16:32:10,849 - INFO - Recall                   : 0.4664
2025-11-01 16:32:10,849 - INFO - F1 Score                 : 0.4577
2025-11-01 16:32:10,849 - INFO - ==================================================
2025-11-01 16:32:29,311 - INFO - Época 45 concluída. Loss média: 3.0067
2025-11-01 16:32:29,311 - INFO - Taxa de aprendizado ajustada para: 0.010000
2025-11-01 16:32:29,316 - INFO - Iniciando inferência com o modelo ShuffleNetV2...
2025-11-01 16:32:31,612 - INFO - ==================================================
2025-11-01 16:32:31,612 - INFO - EXPERIMENT RESULTS
2025-11-01 16:32:31,612 - INFO - ==================================================
2025-11-01 16:32:31,612 - INFO - Elapsed Time Seconds     : 2.2737
2025-11-01 16:32:31,612 - INFO - Cpu Usage Percent        : 2.5688
2025-11-01 16:32:31,612 - INFO - Ram Peak Usage Bytes     : 12432138240.0000
2025-11-01 16:32:31,612 - INFO - Disk Read Bytes          : 0.0000
2025-11-01 16:32:31,612 - INFO - Disk Write Bytes         : 0.0000
2025-11-01 16:32:31,612 - INFO - Vram Peak Usage Bytes    : 1124251316.0000
2025-11-01 16:32:31,612 - INFO - Gpu Power Watts Avg      : 105.7938
2025-11-01 16:32:31,612 - INFO - Gpu Power Watts Peak     : 211.0390
2025-11-01 16:32:31,612 - INFO - Gpu Temp Celsius Avg     : 43.1818
2025-11-01 16:32:31,612 - INFO - Gpu Temp Celsius Peak    : 47.0000
2025-11-01 16:32:31,612 - INFO - Gpu Utilization Percent Avg: 22.0000
2025-11-01 16:32:31,612 - INFO - Gpu Utilization Percent Peak: 97.0000
2025-11-01 16:32:31,612 - INFO - Gpu Mem Used Bytes Avg   : 5839716352.0000
2025-11-01 16:32:31,612 - INFO - Gpu Mem Used Bytes Peak  : 5839716352.0000
2025-11-01 16:32:31,612 - INFO - Gpu Vram Used Bytes      : 5839716352.0000
2025-11-01 16:32:31,612 - INFO - Accuracy                 : 0.4695
2025-11-01 16:32:31,612 - INFO - Precision                : 0.4645
2025-11-01 16:32:31,612 - INFO - Recall                   : 0.4695
2025-11-01 16:32:31,612 - INFO - F1 Score                 : 0.4580
2025-11-01 16:32:31,613 - INFO - ==================================================
2025-11-01 16:32:56,308 - INFO - Época 46 concluída. Loss média: 3.0021
2025-11-01 16:32:56,308 - INFO - Taxa de aprendizado ajustada para: 0.010000
2025-11-01 16:32:56,313 - INFO - Iniciando inferência com o modelo ShuffleNetV2...
2025-11-01 16:32:58,585 - INFO - ==================================================
2025-11-01 16:32:58,585 - INFO - EXPERIMENT RESULTS
2025-11-01 16:32:58,585 - INFO - ==================================================
2025-11-01 16:32:58,585 - INFO - Elapsed Time Seconds     : 2.2491
2025-11-01 16:32:58,585 - INFO - Cpu Usage Percent        : 2.6406
2025-11-01 16:32:58,585 - INFO - Ram Peak Usage Bytes     : 12432171008.0000
2025-11-01 16:32:58,585 - INFO - Disk Read Bytes          : 0.0000
2025-11-01 16:32:58,585 - INFO - Disk Write Bytes         : 139264.0000
2025-11-01 16:32:58,585 - INFO - Vram Peak Usage Bytes    : 1124251316.0000
2025-11-01 16:32:58,585 - INFO - Gpu Power Watts Avg      : 95.9387
2025-11-01 16:32:58,585 - INFO - Gpu Power Watts Peak     : 167.1810
2025-11-01 16:32:58,585 - INFO - Gpu Temp Celsius Avg     : 42.8182
2025-11-01 16:32:58,585 - INFO - Gpu Temp Celsius Peak    : 47.0000
2025-11-01 16:32:58,585 - INFO - Gpu Utilization Percent Avg: 24.3182
2025-11-01 16:32:58,585 - INFO - Gpu Utilization Percent Peak: 99.0000
2025-11-01 16:32:58,585 - INFO - Gpu Mem Used Bytes Avg   : 5839716352.0000
2025-11-01 16:32:58,585 - INFO - Gpu Mem Used Bytes Peak  : 5839716352.0000
2025-11-01 16:32:58,585 - INFO - Gpu Vram Used Bytes      : 5839716352.0000
2025-11-01 16:32:58,585 - INFO - Accuracy                 : 0.4708
2025-11-01 16:32:58,585 - INFO - Precision                : 0.4730
2025-11-01 16:32:58,585 - INFO - Recall                   : 0.4708
2025-11-01 16:32:58,585 - INFO - F1 Score                 : 0.4615
2025-11-01 16:32:58,585 - INFO - ==================================================
2025-11-01 16:33:17,431 - INFO - Época 47 concluída. Loss média: 2.9982
2025-11-01 16:33:17,431 - INFO - Taxa de aprendizado ajustada para: 0.010000
2025-11-01 16:33:17,436 - INFO - Iniciando inferência com o modelo ShuffleNetV2...
2025-11-01 16:33:20,536 - INFO - ==================================================
2025-11-01 16:33:20,536 - INFO - EXPERIMENT RESULTS
2025-11-01 16:33:20,536 - INFO - ==================================================
2025-11-01 16:33:20,536 - INFO - Elapsed Time Seconds     : 3.0776
2025-11-01 16:33:20,536 - INFO - Cpu Usage Percent        : 2.6906
2025-11-01 16:33:20,536 - INFO - Ram Peak Usage Bytes     : 12432211968.0000
2025-11-01 16:33:20,536 - INFO - Disk Read Bytes          : 0.0000
2025-11-01 16:33:20,536 - INFO - Disk Write Bytes         : 0.0000
2025-11-01 16:33:20,536 - INFO - Vram Peak Usage Bytes    : 1124251316.0000
2025-11-01 16:33:20,536 - INFO - Gpu Power Watts Avg      : 93.3093
2025-11-01 16:33:20,536 - INFO - Gpu Power Watts Peak     : 199.2810
2025-11-01 16:33:20,536 - INFO - Gpu Temp Celsius Avg     : 42.6333
2025-11-01 16:33:20,537 - INFO - Gpu Temp Celsius Peak    : 47.0000
2025-11-01 16:33:20,537 - INFO - Gpu Utilization Percent Avg: 14.0667
2025-11-01 16:33:20,537 - INFO - Gpu Utilization Percent Peak: 88.0000
2025-11-01 16:33:20,537 - INFO - Gpu Mem Used Bytes Avg   : 5839716352.0000
2025-11-01 16:33:20,537 - INFO - Gpu Mem Used Bytes Peak  : 5839716352.0000
2025-11-01 16:33:20,537 - INFO - Gpu Vram Used Bytes      : 5839716352.0000
2025-11-01 16:33:20,537 - INFO - Accuracy                 : 0.4707
2025-11-01 16:33:20,537 - INFO - Precision                : 0.4779
2025-11-01 16:33:20,537 - INFO - Recall                   : 0.4707
2025-11-01 16:33:20,537 - INFO - F1 Score                 : 0.4628
2025-11-01 16:33:20,537 - INFO - ==================================================
2025-11-01 16:33:39,472 - INFO - Época 48 concluída. Loss média: 2.9946
2025-11-01 16:33:39,472 - INFO - Taxa de aprendizado ajustada para: 0.010000
2025-11-01 16:33:39,477 - INFO - Iniciando inferência com o modelo ShuffleNetV2...
2025-11-01 16:33:42,552 - INFO - ==================================================
2025-11-01 16:33:42,552 - INFO - EXPERIMENT RESULTS
2025-11-01 16:33:42,552 - INFO - ==================================================
2025-11-01 16:33:42,552 - INFO - Elapsed Time Seconds     : 3.0527
2025-11-01 16:33:42,552 - INFO - Cpu Usage Percent        : 2.7437
2025-11-01 16:33:42,552 - INFO - Ram Peak Usage Bytes     : 12432211968.0000
2025-11-01 16:33:42,552 - INFO - Disk Read Bytes          : 0.0000
2025-11-01 16:33:42,552 - INFO - Disk Write Bytes         : 0.0000
2025-11-01 16:33:42,552 - INFO - Vram Peak Usage Bytes    : 1124251316.0000
2025-11-01 16:33:42,553 - INFO - Gpu Power Watts Avg      : 93.4241
2025-11-01 16:33:42,553 - INFO - Gpu Power Watts Peak     : 205.1570
2025-11-01 16:33:42,553 - INFO - Gpu Temp Celsius Avg     : 42.7000
2025-11-01 16:33:42,553 - INFO - Gpu Temp Celsius Peak    : 45.0000
2025-11-01 16:33:42,553 - INFO - Gpu Utilization Percent Avg: 15.6667
2025-11-01 16:33:42,553 - INFO - Gpu Utilization Percent Peak: 95.0000
2025-11-01 16:33:42,553 - INFO - Gpu Mem Used Bytes Avg   : 5839716352.0000
2025-11-01 16:33:42,553 - INFO - Gpu Mem Used Bytes Peak  : 5839716352.0000
2025-11-01 16:33:42,553 - INFO - Gpu Vram Used Bytes      : 5839716352.0000
2025-11-01 16:33:42,553 - INFO - Accuracy                 : 0.4691
2025-11-01 16:33:42,553 - INFO - Precision                : 0.4750
2025-11-01 16:33:42,553 - INFO - Recall                   : 0.4691
2025-11-01 16:33:42,553 - INFO - F1 Score                 : 0.4603
2025-11-01 16:33:42,553 - INFO - ==================================================
2025-11-01 16:34:01,279 - INFO - Época 49 concluída. Loss média: 2.9833
2025-11-01 16:34:01,279 - INFO - Taxa de aprendizado ajustada para: 0.010000
2025-11-01 16:34:01,284 - INFO - Iniciando inferência com o modelo ShuffleNetV2...
2025-11-01 16:34:03,574 - INFO - ==================================================
2025-11-01 16:34:03,574 - INFO - EXPERIMENT RESULTS
2025-11-01 16:34:03,575 - INFO - ==================================================
2025-11-01 16:34:03,575 - INFO - Elapsed Time Seconds     : 2.2682
2025-11-01 16:34:03,575 - INFO - Cpu Usage Percent        : 2.5750
2025-11-01 16:34:03,575 - INFO - Ram Peak Usage Bytes     : 12432236544.0000
2025-11-01 16:34:03,575 - INFO - Disk Read Bytes          : 0.0000
2025-11-01 16:34:03,575 - INFO - Disk Write Bytes         : 233472.0000
2025-11-01 16:34:03,575 - INFO - Vram Peak Usage Bytes    : 1124251316.0000
2025-11-01 16:34:03,575 - INFO - Gpu Power Watts Avg      : 101.7165
2025-11-01 16:34:03,575 - INFO - Gpu Power Watts Peak     : 207.8760
2025-11-01 16:34:03,575 - INFO - Gpu Temp Celsius Avg     : 43.1364
2025-11-01 16:34:03,575 - INFO - Gpu Temp Celsius Peak    : 47.0000
2025-11-01 16:34:03,575 - INFO - Gpu Utilization Percent Avg: 22.9545
2025-11-01 16:34:03,575 - INFO - Gpu Utilization Percent Peak: 97.0000
2025-11-01 16:34:03,575 - INFO - Gpu Mem Used Bytes Avg   : 5839716352.0000
2025-11-01 16:34:03,575 - INFO - Gpu Mem Used Bytes Peak  : 5839716352.0000
2025-11-01 16:34:03,575 - INFO - Gpu Vram Used Bytes      : 5839716352.0000
2025-11-01 16:34:03,575 - INFO - Accuracy                 : 0.4718
2025-11-01 16:34:03,575 - INFO - Precision                : 0.4755
2025-11-01 16:34:03,575 - INFO - Recall                   : 0.4718
2025-11-01 16:34:03,575 - INFO - F1 Score                 : 0.4634
2025-11-01 16:34:03,575 - INFO - ==================================================
2025-11-01 16:34:22,123 - INFO - Época 50 concluída. Loss média: 2.9871
2025-11-01 16:34:22,124 - INFO - Taxa de aprendizado ajustada para: 0.010000
2025-11-01 16:34:22,128 - INFO - Iniciando inferência com o modelo ShuffleNetV2...
2025-11-01 16:34:25,318 - INFO - ==================================================
2025-11-01 16:34:25,318 - INFO - EXPERIMENT RESULTS
2025-11-01 16:34:25,318 - INFO - ==================================================
2025-11-01 16:34:25,318 - INFO - Elapsed Time Seconds     : 3.1674
2025-11-01 16:34:25,318 - INFO - Cpu Usage Percent        : 2.6625
2025-11-01 16:34:25,318 - INFO - Ram Peak Usage Bytes     : 12432859136.0000
2025-11-01 16:34:25,318 - INFO - Disk Read Bytes          : 0.0000
2025-11-01 16:34:25,318 - INFO - Disk Write Bytes         : 0.0000
2025-11-01 16:34:25,318 - INFO - Vram Peak Usage Bytes    : 1124251316.0000
2025-11-01 16:34:25,318 - INFO - Gpu Power Watts Avg      : 90.2685
2025-11-01 16:34:25,318 - INFO - Gpu Power Watts Peak     : 201.4040
2025-11-01 16:34:25,318 - INFO - Gpu Temp Celsius Avg     : 42.5484
2025-11-01 16:34:25,318 - INFO - Gpu Temp Celsius Peak    : 47.0000
2025-11-01 16:34:25,318 - INFO - Gpu Utilization Percent Avg: 13.7419
2025-11-01 16:34:25,318 - INFO - Gpu Utilization Percent Peak: 82.0000
2025-11-01 16:34:25,318 - INFO - Gpu Mem Used Bytes Avg   : 5839716352.0000
2025-11-01 16:34:25,318 - INFO - Gpu Mem Used Bytes Peak  : 5839716352.0000
2025-11-01 16:34:25,318 - INFO - Gpu Vram Used Bytes      : 5839716352.0000
2025-11-01 16:34:25,319 - INFO - Accuracy                 : 0.4733
2025-11-01 16:34:25,319 - INFO - Precision                : 0.4767
2025-11-01 16:34:25,319 - INFO - Recall                   : 0.4733
2025-11-01 16:34:25,319 - INFO - F1 Score                 : 0.4653
2025-11-01 16:34:25,319 - INFO - ==================================================
2025-11-01 16:34:44,086 - INFO - Época 51 concluída. Loss média: 2.9889
2025-11-01 16:34:44,086 - INFO - Taxa de aprendizado ajustada para: 0.010000
2025-11-01 16:34:44,091 - INFO - Iniciando inferência com o modelo ShuffleNetV2...
2025-11-01 16:34:47,291 - INFO - ==================================================
2025-11-01 16:34:47,291 - INFO - EXPERIMENT RESULTS
2025-11-01 16:34:47,291 - INFO - ==================================================
2025-11-01 16:34:47,291 - INFO - Elapsed Time Seconds     : 3.1780
2025-11-01 16:34:47,291 - INFO - Cpu Usage Percent        : 2.6344
2025-11-01 16:34:47,291 - INFO - Ram Peak Usage Bytes     : 12432863232.0000
2025-11-01 16:34:47,291 - INFO - Disk Read Bytes          : 0.0000
2025-11-01 16:34:47,291 - INFO - Disk Write Bytes         : 0.0000
2025-11-01 16:34:47,291 - INFO - Vram Peak Usage Bytes    : 1124251316.0000
2025-11-01 16:34:47,291 - INFO - Gpu Power Watts Avg      : 88.9035
2025-11-01 16:34:47,291 - INFO - Gpu Power Watts Peak     : 213.9750
2025-11-01 16:34:47,291 - INFO - Gpu Temp Celsius Avg     : 42.6452
2025-11-01 16:34:47,291 - INFO - Gpu Temp Celsius Peak    : 46.0000
2025-11-01 16:34:47,291 - INFO - Gpu Utilization Percent Avg: 15.5161
2025-11-01 16:34:47,292 - INFO - Gpu Utilization Percent Peak: 97.0000
2025-11-01 16:34:47,292 - INFO - Gpu Mem Used Bytes Avg   : 5839716352.0000
2025-11-01 16:34:47,292 - INFO - Gpu Mem Used Bytes Peak  : 5839716352.0000
2025-11-01 16:34:47,292 - INFO - Gpu Vram Used Bytes      : 5839716352.0000
2025-11-01 16:34:47,292 - INFO - Accuracy                 : 0.4722
2025-11-01 16:34:47,292 - INFO - Precision                : 0.4789
2025-11-01 16:34:47,292 - INFO - Recall                   : 0.4722
2025-11-01 16:34:47,292 - INFO - F1 Score                 : 0.4650
2025-11-01 16:34:47,292 - INFO - ==================================================
2025-11-01 16:35:06,244 - INFO - Época 52 concluída. Loss média: 2.9760
2025-11-01 16:35:06,244 - INFO - Taxa de aprendizado ajustada para: 0.010000
2025-11-01 16:35:06,249 - INFO - Iniciando inferência com o modelo ShuffleNetV2...
2025-11-01 16:35:09,230 - INFO - ==================================================
2025-11-01 16:35:09,230 - INFO - EXPERIMENT RESULTS
2025-11-01 16:35:09,230 - INFO - ==================================================
2025-11-01 16:35:09,230 - INFO - Elapsed Time Seconds     : 2.9588
2025-11-01 16:35:09,230 - INFO - Cpu Usage Percent        : 2.8500
2025-11-01 16:35:09,230 - INFO - Ram Peak Usage Bytes     : 12432863232.0000
2025-11-01 16:35:09,230 - INFO - Disk Read Bytes          : 0.0000
2025-11-01 16:35:09,230 - INFO - Disk Write Bytes         : 278528.0000
2025-11-01 16:35:09,230 - INFO - Vram Peak Usage Bytes    : 1124251316.0000
2025-11-01 16:35:09,230 - INFO - Gpu Power Watts Avg      : 94.2076
2025-11-01 16:35:09,230 - INFO - Gpu Power Watts Peak     : 204.8180
2025-11-01 16:35:09,231 - INFO - Gpu Temp Celsius Avg     : 42.5517
2025-11-01 16:35:09,231 - INFO - Gpu Temp Celsius Peak    : 45.0000
2025-11-01 16:35:09,231 - INFO - Gpu Utilization Percent Avg: 15.2759
2025-11-01 16:35:09,231 - INFO - Gpu Utilization Percent Peak: 94.0000
2025-11-01 16:35:09,231 - INFO - Gpu Mem Used Bytes Avg   : 5839716352.0000
2025-11-01 16:35:09,231 - INFO - Gpu Mem Used Bytes Peak  : 5839716352.0000
2025-11-01 16:35:09,231 - INFO - Gpu Vram Used Bytes      : 5839716352.0000
2025-11-01 16:35:09,231 - INFO - Accuracy                 : 0.4644
2025-11-01 16:35:09,231 - INFO - Precision                : 0.4673
2025-11-01 16:35:09,231 - INFO - Recall                   : 0.4644
2025-11-01 16:35:09,231 - INFO - F1 Score                 : 0.4531
2025-11-01 16:35:09,231 - INFO - ==================================================
2025-11-01 16:35:34,179 - INFO - Época 53 concluída. Loss média: 2.9756
2025-11-01 16:35:34,179 - INFO - Taxa de aprendizado ajustada para: 0.010000
2025-11-01 16:35:34,183 - INFO - Iniciando inferência com o modelo ShuffleNetV2...
2025-11-01 16:35:36,468 - INFO - ==================================================
2025-11-01 16:35:36,469 - INFO - EXPERIMENT RESULTS
2025-11-01 16:35:36,469 - INFO - ==================================================
2025-11-01 16:35:36,469 - INFO - Elapsed Time Seconds     : 2.2626
2025-11-01 16:35:36,469 - INFO - Cpu Usage Percent        : 2.5562
2025-11-01 16:35:36,469 - INFO - Ram Peak Usage Bytes     : 12432863232.0000
2025-11-01 16:35:36,469 - INFO - Disk Read Bytes          : 0.0000
2025-11-01 16:35:36,469 - INFO - Disk Write Bytes         : 8192.0000
2025-11-01 16:35:36,469 - INFO - Vram Peak Usage Bytes    : 1124251316.0000
2025-11-01 16:35:36,469 - INFO - Gpu Power Watts Avg      : 89.6544
2025-11-01 16:35:36,469 - INFO - Gpu Power Watts Peak     : 146.0580
2025-11-01 16:35:36,469 - INFO - Gpu Temp Celsius Avg     : 42.7727
2025-11-01 16:35:36,469 - INFO - Gpu Temp Celsius Peak    : 47.0000
2025-11-01 16:35:36,469 - INFO - Gpu Utilization Percent Avg: 20.5455
2025-11-01 16:35:36,469 - INFO - Gpu Utilization Percent Peak: 83.0000
2025-11-01 16:35:36,469 - INFO - Gpu Mem Used Bytes Avg   : 5839716352.0000
2025-11-01 16:35:36,469 - INFO - Gpu Mem Used Bytes Peak  : 5839716352.0000
2025-11-01 16:35:36,469 - INFO - Gpu Vram Used Bytes      : 5839716352.0000
2025-11-01 16:35:36,469 - INFO - Accuracy                 : 0.4747
2025-11-01 16:35:36,469 - INFO - Precision                : 0.4806
2025-11-01 16:35:36,469 - INFO - Recall                   : 0.4747
2025-11-01 16:35:36,469 - INFO - F1 Score                 : 0.4678
2025-11-01 16:35:36,469 - INFO - ==================================================
2025-11-01 16:35:58,151 - INFO - Época 54 concluída. Loss média: 2.9676
2025-11-01 16:35:58,152 - INFO - Taxa de aprendizado ajustada para: 0.010000
2025-11-01 16:35:58,156 - INFO - Iniciando inferência com o modelo ShuffleNetV2...
2025-11-01 16:36:00,415 - INFO - ==================================================
2025-11-01 16:36:00,415 - INFO - EXPERIMENT RESULTS
2025-11-01 16:36:00,415 - INFO - ==================================================
2025-11-01 16:36:00,415 - INFO - Elapsed Time Seconds     : 2.2366
2025-11-01 16:36:00,415 - INFO - Cpu Usage Percent        : 2.5719
2025-11-01 16:36:00,415 - INFO - Ram Peak Usage Bytes     : 12432863232.0000
2025-11-01 16:36:00,415 - INFO - Disk Read Bytes          : 0.0000
2025-11-01 16:36:00,415 - INFO - Disk Write Bytes         : 0.0000
2025-11-01 16:36:00,415 - INFO - Vram Peak Usage Bytes    : 1124251316.0000
2025-11-01 16:36:00,415 - INFO - Gpu Power Watts Avg      : 104.3226
2025-11-01 16:36:00,415 - INFO - Gpu Power Watts Peak     : 210.3320
2025-11-01 16:36:00,415 - INFO - Gpu Temp Celsius Avg     : 42.9091
2025-11-01 16:36:00,415 - INFO - Gpu Temp Celsius Peak    : 46.0000
2025-11-01 16:36:00,416 - INFO - Gpu Utilization Percent Avg: 22.3182
2025-11-01 16:36:00,416 - INFO - Gpu Utilization Percent Peak: 89.0000
2025-11-01 16:36:00,416 - INFO - Gpu Mem Used Bytes Avg   : 5839716352.0000
2025-11-01 16:36:00,416 - INFO - Gpu Mem Used Bytes Peak  : 5839716352.0000
2025-11-01 16:36:00,416 - INFO - Gpu Vram Used Bytes      : 5839716352.0000
2025-11-01 16:36:00,416 - INFO - Accuracy                 : 0.4671
2025-11-01 16:36:00,416 - INFO - Precision                : 0.4718
2025-11-01 16:36:00,416 - INFO - Recall                   : 0.4671
2025-11-01 16:36:00,416 - INFO - F1 Score                 : 0.4553
2025-11-01 16:36:00,416 - INFO - ==================================================
2025-11-01 16:36:23,901 - INFO - Época 55 concluída. Loss média: 2.9650
2025-11-01 16:36:23,901 - INFO - Taxa de aprendizado ajustada para: 0.010000
2025-11-01 16:36:23,905 - INFO - Iniciando inferência com o modelo ShuffleNetV2...
2025-11-01 16:36:26,160 - INFO - ==================================================
2025-11-01 16:36:26,161 - INFO - EXPERIMENT RESULTS
2025-11-01 16:36:26,161 - INFO - ==================================================
2025-11-01 16:36:26,161 - INFO - Elapsed Time Seconds     : 2.2403
2025-11-01 16:36:26,161 - INFO - Cpu Usage Percent        : 2.5531
2025-11-01 16:36:26,161 - INFO - Ram Peak Usage Bytes     : 12434546688.0000
2025-11-01 16:36:26,161 - INFO - Disk Read Bytes          : 0.0000
2025-11-01 16:36:26,161 - INFO - Disk Write Bytes         : 0.0000
2025-11-01 16:36:26,161 - INFO - Vram Peak Usage Bytes    : 1124251316.0000
2025-11-01 16:36:26,161 - INFO - Gpu Power Watts Avg      : 104.2585
2025-11-01 16:36:26,161 - INFO - Gpu Power Watts Peak     : 202.8440
2025-11-01 16:36:26,161 - INFO - Gpu Temp Celsius Avg     : 42.5909
2025-11-01 16:36:26,161 - INFO - Gpu Temp Celsius Peak    : 46.0000
2025-11-01 16:36:26,161 - INFO - Gpu Utilization Percent Avg: 18.0000
2025-11-01 16:36:26,161 - INFO - Gpu Utilization Percent Peak: 68.0000
2025-11-01 16:36:26,161 - INFO - Gpu Mem Used Bytes Avg   : 5839716352.0000
2025-11-01 16:36:26,161 - INFO - Gpu Mem Used Bytes Peak  : 5839716352.0000
2025-11-01 16:36:26,161 - INFO - Gpu Vram Used Bytes      : 5839716352.0000
2025-11-01 16:36:26,161 - INFO - Accuracy                 : 0.4787
2025-11-01 16:36:26,161 - INFO - Precision                : 0.4798
2025-11-01 16:36:26,161 - INFO - Recall                   : 0.4787
2025-11-01 16:36:26,161 - INFO - F1 Score                 : 0.4683
2025-11-01 16:36:26,161 - INFO - ==================================================
2025-11-01 16:36:44,153 - INFO - Época 56 concluída. Loss média: 2.9688
2025-11-01 16:36:44,153 - INFO - Taxa de aprendizado ajustada para: 0.010000
2025-11-01 16:36:44,155 - INFO - Iniciando inferência com o modelo ShuffleNetV2...
2025-11-01 16:36:46,411 - INFO - ==================================================
2025-11-01 16:36:46,411 - INFO - EXPERIMENT RESULTS
2025-11-01 16:36:46,411 - INFO - ==================================================
2025-11-01 16:36:46,411 - INFO - Elapsed Time Seconds     : 2.2343
2025-11-01 16:36:46,411 - INFO - Cpu Usage Percent        : 2.5438
2025-11-01 16:36:46,412 - INFO - Ram Peak Usage Bytes     : 12434546688.0000
2025-11-01 16:36:46,412 - INFO - Disk Read Bytes          : 0.0000
2025-11-01 16:36:46,412 - INFO - Disk Write Bytes         : 0.0000
2025-11-01 16:36:46,412 - INFO - Vram Peak Usage Bytes    : 1124251316.0000
2025-11-01 16:36:46,412 - INFO - Gpu Power Watts Avg      : 103.9320
2025-11-01 16:36:46,412 - INFO - Gpu Power Watts Peak     : 212.6250
2025-11-01 16:36:46,412 - INFO - Gpu Temp Celsius Avg     : 43.0455
2025-11-01 16:36:46,412 - INFO - Gpu Temp Celsius Peak    : 47.0000
2025-11-01 16:36:46,412 - INFO - Gpu Utilization Percent Avg: 23.0000
2025-11-01 16:36:46,412 - INFO - Gpu Utilization Percent Peak: 80.0000
2025-11-01 16:36:46,412 - INFO - Gpu Mem Used Bytes Avg   : 5839716352.0000
2025-11-01 16:36:46,412 - INFO - Gpu Mem Used Bytes Peak  : 5839716352.0000
2025-11-01 16:36:46,412 - INFO - Gpu Vram Used Bytes      : 5839716352.0000
2025-11-01 16:36:46,412 - INFO - Accuracy                 : 0.4777
2025-11-01 16:36:46,412 - INFO - Precision                : 0.4796
2025-11-01 16:36:46,412 - INFO - Recall                   : 0.4777
2025-11-01 16:36:46,412 - INFO - F1 Score                 : 0.4680
2025-11-01 16:36:46,412 - INFO - ==================================================
2025-11-01 16:37:09,581 - INFO - Época 57 concluída. Loss média: 2.9637
2025-11-01 16:37:09,581 - INFO - Taxa de aprendizado ajustada para: 0.010000
2025-11-01 16:37:09,586 - INFO - Iniciando inferência com o modelo ShuffleNetV2...
2025-11-01 16:37:11,951 - INFO - ==================================================
2025-11-01 16:37:11,951 - INFO - EXPERIMENT RESULTS
2025-11-01 16:37:11,951 - INFO - ==================================================
2025-11-01 16:37:11,951 - INFO - Elapsed Time Seconds     : 2.3424
2025-11-01 16:37:11,951 - INFO - Cpu Usage Percent        : 2.4813
2025-11-01 16:37:11,951 - INFO - Ram Peak Usage Bytes     : 12434546688.0000
2025-11-01 16:37:11,951 - INFO - Disk Read Bytes          : 0.0000
2025-11-01 16:37:11,951 - INFO - Disk Write Bytes         : 217088.0000
2025-11-01 16:37:11,951 - INFO - Vram Peak Usage Bytes    : 1124251316.0000
2025-11-01 16:37:11,951 - INFO - Gpu Power Watts Avg      : 95.6761
2025-11-01 16:37:11,951 - INFO - Gpu Power Watts Peak     : 176.2350
2025-11-01 16:37:11,951 - INFO - Gpu Temp Celsius Avg     : 42.6957
2025-11-01 16:37:11,951 - INFO - Gpu Temp Celsius Peak    : 47.0000
2025-11-01 16:37:11,951 - INFO - Gpu Utilization Percent Avg: 20.4348
2025-11-01 16:37:11,951 - INFO - Gpu Utilization Percent Peak: 99.0000
2025-11-01 16:37:11,951 - INFO - Gpu Mem Used Bytes Avg   : 5839716352.0000
2025-11-01 16:37:11,951 - INFO - Gpu Mem Used Bytes Peak  : 5839716352.0000
2025-11-01 16:37:11,951 - INFO - Gpu Vram Used Bytes      : 5839716352.0000
2025-11-01 16:37:11,951 - INFO - Accuracy                 : 0.4802
2025-11-01 16:37:11,952 - INFO - Precision                : 0.4879
2025-11-01 16:37:11,952 - INFO - Recall                   : 0.4802
2025-11-01 16:37:11,952 - INFO - F1 Score                 : 0.4725
2025-11-01 16:37:11,952 - INFO - ==================================================
2025-11-01 16:37:30,878 - INFO - Época 58 concluída. Loss média: 2.9546
2025-11-01 16:37:30,878 - INFO - Taxa de aprendizado ajustada para: 0.010000
2025-11-01 16:37:30,883 - INFO - Iniciando inferência com o modelo ShuffleNetV2...
2025-11-01 16:37:33,871 - INFO - ==================================================
2025-11-01 16:37:33,871 - INFO - EXPERIMENT RESULTS
2025-11-01 16:37:33,871 - INFO - ==================================================
2025-11-01 16:37:33,871 - INFO - Elapsed Time Seconds     : 2.9661
2025-11-01 16:37:33,871 - INFO - Cpu Usage Percent        : 2.9188
2025-11-01 16:37:33,871 - INFO - Ram Peak Usage Bytes     : 12434681856.0000
2025-11-01 16:37:33,871 - INFO - Disk Read Bytes          : 0.0000
2025-11-01 16:37:33,871 - INFO - Disk Write Bytes         : 102400.0000
2025-11-01 16:37:33,871 - INFO - Vram Peak Usage Bytes    : 1124251316.0000
2025-11-01 16:37:33,871 - INFO - Gpu Power Watts Avg      : 92.5494
2025-11-01 16:37:33,871 - INFO - Gpu Power Watts Peak     : 205.7750
2025-11-01 16:37:33,871 - INFO - Gpu Temp Celsius Avg     : 42.5517
2025-11-01 16:37:33,872 - INFO - Gpu Temp Celsius Peak    : 46.0000
2025-11-01 16:37:33,872 - INFO - Gpu Utilization Percent Avg: 15.3448
2025-11-01 16:37:33,872 - INFO - Gpu Utilization Percent Peak: 80.0000
2025-11-01 16:37:33,872 - INFO - Gpu Mem Used Bytes Avg   : 5839716352.0000
2025-11-01 16:37:33,872 - INFO - Gpu Mem Used Bytes Peak  : 5839716352.0000
2025-11-01 16:37:33,872 - INFO - Gpu Vram Used Bytes      : 5839716352.0000
2025-11-01 16:37:33,872 - INFO - Accuracy                 : 0.4672
2025-11-01 16:37:33,872 - INFO - Precision                : 0.4712
2025-11-01 16:37:33,872 - INFO - Recall                   : 0.4672
2025-11-01 16:37:33,872 - INFO - F1 Score                 : 0.4554
2025-11-01 16:37:33,872 - INFO - ==================================================
2025-11-01 16:37:57,863 - INFO - Época 59 concluída. Loss média: 2.9588
2025-11-01 16:37:57,863 - INFO - Taxa de aprendizado ajustada para: 0.010000
2025-11-01 16:37:57,868 - INFO - Iniciando inferência com o modelo ShuffleNetV2...
2025-11-01 16:38:00,059 - INFO - ==================================================
2025-11-01 16:38:00,059 - INFO - EXPERIMENT RESULTS
2025-11-01 16:38:00,059 - INFO - ==================================================
2025-11-01 16:38:00,059 - INFO - Elapsed Time Seconds     : 2.1686
2025-11-01 16:38:00,059 - INFO - Cpu Usage Percent        : 2.7219
2025-11-01 16:38:00,059 - INFO - Ram Peak Usage Bytes     : 12434690048.0000
2025-11-01 16:38:00,059 - INFO - Disk Read Bytes          : 0.0000
2025-11-01 16:38:00,059 - INFO - Disk Write Bytes         : 0.0000
2025-11-01 16:38:00,059 - INFO - Vram Peak Usage Bytes    : 1124251316.0000
2025-11-01 16:38:00,059 - INFO - Gpu Power Watts Avg      : 96.5973
2025-11-01 16:38:00,059 - INFO - Gpu Power Watts Peak     : 157.4290
2025-11-01 16:38:00,059 - INFO - Gpu Temp Celsius Avg     : 42.7143
2025-11-01 16:38:00,060 - INFO - Gpu Temp Celsius Peak    : 47.0000
2025-11-01 16:38:00,060 - INFO - Gpu Utilization Percent Avg: 19.1905
2025-11-01 16:38:00,060 - INFO - Gpu Utilization Percent Peak: 85.0000
2025-11-01 16:38:00,060 - INFO - Gpu Mem Used Bytes Avg   : 5839716352.0000
2025-11-01 16:38:00,060 - INFO - Gpu Mem Used Bytes Peak  : 5839716352.0000
2025-11-01 16:38:00,060 - INFO - Gpu Vram Used Bytes      : 5839716352.0000
2025-11-01 16:38:00,060 - INFO - Accuracy                 : 0.4737
2025-11-01 16:38:00,060 - INFO - Precision                : 0.4775
2025-11-01 16:38:00,060 - INFO - Recall                   : 0.4737
2025-11-01 16:38:00,060 - INFO - F1 Score                 : 0.4655
2025-11-01 16:38:00,060 - INFO - ==================================================
2025-11-01 16:38:24,079 - INFO - Época 60 concluída. Loss média: 2.9543
2025-11-01 16:38:24,079 - INFO - Taxa de aprendizado ajustada para: 0.001000
2025-11-01 16:38:24,081 - INFO - Iniciando inferência com o modelo ShuffleNetV2...
2025-11-01 16:38:26,323 - INFO - ==================================================
2025-11-01 16:38:26,323 - INFO - EXPERIMENT RESULTS
2025-11-01 16:38:26,323 - INFO - ==================================================
2025-11-01 16:38:26,323 - INFO - Elapsed Time Seconds     : 2.2272
2025-11-01 16:38:26,323 - INFO - Cpu Usage Percent        : 2.5531
2025-11-01 16:38:26,323 - INFO - Ram Peak Usage Bytes     : 12434690048.0000
2025-11-01 16:38:26,323 - INFO - Disk Read Bytes          : 0.0000
2025-11-01 16:38:26,323 - INFO - Disk Write Bytes         : 0.0000
2025-11-01 16:38:26,323 - INFO - Vram Peak Usage Bytes    : 1124251316.0000
2025-11-01 16:38:26,323 - INFO - Gpu Power Watts Avg      : 97.5620
2025-11-01 16:38:26,323 - INFO - Gpu Power Watts Peak     : 185.6740
2025-11-01 16:38:26,323 - INFO - Gpu Temp Celsius Avg     : 42.5000
2025-11-01 16:38:26,323 - INFO - Gpu Temp Celsius Peak    : 48.0000
2025-11-01 16:38:26,323 - INFO - Gpu Utilization Percent Avg: 20.5455
2025-11-01 16:38:26,323 - INFO - Gpu Utilization Percent Peak: 69.0000
2025-11-01 16:38:26,323 - INFO - Gpu Mem Used Bytes Avg   : 5839716352.0000
2025-11-01 16:38:26,323 - INFO - Gpu Mem Used Bytes Peak  : 5839716352.0000
2025-11-01 16:38:26,323 - INFO - Gpu Vram Used Bytes      : 5839716352.0000
2025-11-01 16:38:26,323 - INFO - Accuracy                 : 0.4769
2025-11-01 16:38:26,323 - INFO - Precision                : 0.4803
2025-11-01 16:38:26,323 - INFO - Recall                   : 0.4769
2025-11-01 16:38:26,323 - INFO - F1 Score                 : 0.4705
2025-11-01 16:38:26,323 - INFO - ==================================================
2025-11-01 16:38:44,807 - INFO - Época 61 concluída. Loss média: 2.8968
2025-11-01 16:38:44,807 - INFO - Taxa de aprendizado ajustada para: 0.001000
2025-11-01 16:38:44,812 - INFO - Iniciando inferência com o modelo ShuffleNetV2...
2025-11-01 16:38:47,188 - INFO - ==================================================
2025-11-01 16:38:47,188 - INFO - EXPERIMENT RESULTS
2025-11-01 16:38:47,188 - INFO - ==================================================
2025-11-01 16:38:47,188 - INFO - Elapsed Time Seconds     : 2.3533
2025-11-01 16:38:47,188 - INFO - Cpu Usage Percent        : 2.4312
2025-11-01 16:38:47,188 - INFO - Ram Peak Usage Bytes     : 12434702336.0000
2025-11-01 16:38:47,188 - INFO - Disk Read Bytes          : 0.0000
2025-11-01 16:38:47,188 - INFO - Disk Write Bytes         : 0.0000
2025-11-01 16:38:47,188 - INFO - Vram Peak Usage Bytes    : 1124251316.0000
2025-11-01 16:38:47,188 - INFO - Gpu Power Watts Avg      : 99.1582
2025-11-01 16:38:47,188 - INFO - Gpu Power Watts Peak     : 212.1610
2025-11-01 16:38:47,188 - INFO - Gpu Temp Celsius Avg     : 42.7391
2025-11-01 16:38:47,188 - INFO - Gpu Temp Celsius Peak    : 47.0000
2025-11-01 16:38:47,188 - INFO - Gpu Utilization Percent Avg: 20.8696
2025-11-01 16:38:47,188 - INFO - Gpu Utilization Percent Peak: 97.0000
2025-11-01 16:38:47,188 - INFO - Gpu Mem Used Bytes Avg   : 5839716352.0000
2025-11-01 16:38:47,188 - INFO - Gpu Mem Used Bytes Peak  : 5839716352.0000
2025-11-01 16:38:47,188 - INFO - Gpu Vram Used Bytes      : 5839716352.0000
2025-11-01 16:38:47,188 - INFO - Accuracy                 : 0.5008
2025-11-01 16:38:47,188 - INFO - Precision                : 0.4961
2025-11-01 16:38:47,188 - INFO - Recall                   : 0.5008
2025-11-01 16:38:47,188 - INFO - F1 Score                 : 0.4926
2025-11-01 16:38:47,188 - INFO - ==================================================
2025-11-01 16:39:07,214 - INFO - Época 62 concluída. Loss média: 2.8690
2025-11-01 16:39:07,214 - INFO - Taxa de aprendizado ajustada para: 0.001000
2025-11-01 16:39:07,218 - INFO - Iniciando inferência com o modelo ShuffleNetV2...
2025-11-01 16:39:10,298 - INFO - ==================================================
2025-11-01 16:39:10,298 - INFO - EXPERIMENT RESULTS
2025-11-01 16:39:10,298 - INFO - ==================================================
2025-11-01 16:39:10,298 - INFO - Elapsed Time Seconds     : 3.0569
2025-11-01 16:39:10,298 - INFO - Cpu Usage Percent        : 2.7812
2025-11-01 16:39:10,298 - INFO - Ram Peak Usage Bytes     : 12438224896.0000
2025-11-01 16:39:10,298 - INFO - Disk Read Bytes          : 0.0000
2025-11-01 16:39:10,298 - INFO - Disk Write Bytes         : 28672.0000
2025-11-01 16:39:10,298 - INFO - Vram Peak Usage Bytes    : 1124251316.0000
2025-11-01 16:39:10,298 - INFO - Gpu Power Watts Avg      : 92.1149
2025-11-01 16:39:10,298 - INFO - Gpu Power Watts Peak     : 199.3510
2025-11-01 16:39:10,298 - INFO - Gpu Temp Celsius Avg     : 42.1000
2025-11-01 16:39:10,298 - INFO - Gpu Temp Celsius Peak    : 45.0000
2025-11-01 16:39:10,298 - INFO - Gpu Utilization Percent Avg: 17.1000
2025-11-01 16:39:10,298 - INFO - Gpu Utilization Percent Peak: 99.0000
2025-11-01 16:39:10,298 - INFO - Gpu Mem Used Bytes Avg   : 5839716352.0000
2025-11-01 16:39:10,298 - INFO - Gpu Mem Used Bytes Peak  : 5839716352.0000
2025-11-01 16:39:10,298 - INFO - Gpu Vram Used Bytes      : 5839716352.0000
2025-11-01 16:39:10,298 - INFO - Accuracy                 : 0.5046
2025-11-01 16:39:10,298 - INFO - Precision                : 0.4989
2025-11-01 16:39:10,298 - INFO - Recall                   : 0.5046
2025-11-01 16:39:10,298 - INFO - F1 Score                 : 0.4956
2025-11-01 16:39:10,298 - INFO - ==================================================
2025-11-01 16:39:29,708 - INFO - Época 63 concluída. Loss média: 2.8678
2025-11-01 16:39:29,708 - INFO - Taxa de aprendizado ajustada para: 0.001000
2025-11-01 16:39:29,712 - INFO - Iniciando inferência com o modelo ShuffleNetV2...
2025-11-01 16:39:32,092 - INFO - ==================================================
2025-11-01 16:39:32,092 - INFO - EXPERIMENT RESULTS
2025-11-01 16:39:32,092 - INFO - ==================================================
2025-11-01 16:39:32,092 - INFO - Elapsed Time Seconds     : 2.3569
2025-11-01 16:39:32,092 - INFO - Cpu Usage Percent        : 2.4125
2025-11-01 16:39:32,092 - INFO - Ram Peak Usage Bytes     : 12438228992.0000
2025-11-01 16:39:32,092 - INFO - Disk Read Bytes          : 0.0000
2025-11-01 16:39:32,092 - INFO - Disk Write Bytes         : 270336.0000
2025-11-01 16:39:32,092 - INFO - Vram Peak Usage Bytes    : 1124251316.0000
2025-11-01 16:39:32,092 - INFO - Gpu Power Watts Avg      : 101.6299
2025-11-01 16:39:32,092 - INFO - Gpu Power Watts Peak     : 192.1520
2025-11-01 16:39:32,092 - INFO - Gpu Temp Celsius Avg     : 42.9565
2025-11-01 16:39:32,092 - INFO - Gpu Temp Celsius Peak    : 47.0000
2025-11-01 16:39:32,092 - INFO - Gpu Utilization Percent Avg: 19.6087
2025-11-01 16:39:32,092 - INFO - Gpu Utilization Percent Peak: 98.0000
2025-11-01 16:39:32,092 - INFO - Gpu Mem Used Bytes Avg   : 5839716352.0000
2025-11-01 16:39:32,092 - INFO - Gpu Mem Used Bytes Peak  : 5839716352.0000
2025-11-01 16:39:32,092 - INFO - Gpu Vram Used Bytes      : 5839716352.0000
2025-11-01 16:39:32,092 - INFO - Accuracy                 : 0.5043
2025-11-01 16:39:32,092 - INFO - Precision                : 0.4992
2025-11-01 16:39:32,092 - INFO - Recall                   : 0.5043
2025-11-01 16:39:32,092 - INFO - F1 Score                 : 0.4955
2025-11-01 16:39:32,092 - INFO - ==================================================
2025-11-01 16:39:56,449 - INFO - Época 64 concluída. Loss média: 2.8640
2025-11-01 16:39:56,449 - INFO - Taxa de aprendizado ajustada para: 0.001000
2025-11-01 16:39:56,454 - INFO - Iniciando inferência com o modelo ShuffleNetV2...
2025-11-01 16:39:58,706 - INFO - ==================================================
2025-11-01 16:39:58,706 - INFO - EXPERIMENT RESULTS
2025-11-01 16:39:58,706 - INFO - ==================================================
2025-11-01 16:39:58,706 - INFO - Elapsed Time Seconds     : 2.2296
2025-11-01 16:39:58,706 - INFO - Cpu Usage Percent        : 2.5500
2025-11-01 16:39:58,706 - INFO - Ram Peak Usage Bytes     : 12438228992.0000
2025-11-01 16:39:58,706 - INFO - Disk Read Bytes          : 0.0000
2025-11-01 16:39:58,706 - INFO - Disk Write Bytes         : 131072.0000
2025-11-01 16:39:58,706 - INFO - Vram Peak Usage Bytes    : 1124251316.0000
2025-11-01 16:39:58,706 - INFO - Gpu Power Watts Avg      : 93.3353
2025-11-01 16:39:58,706 - INFO - Gpu Power Watts Peak     : 176.9960
2025-11-01 16:39:58,706 - INFO - Gpu Temp Celsius Avg     : 42.2727
2025-11-01 16:39:58,706 - INFO - Gpu Temp Celsius Peak    : 47.0000
2025-11-01 16:39:58,706 - INFO - Gpu Utilization Percent Avg: 18.4545
2025-11-01 16:39:58,706 - INFO - Gpu Utilization Percent Peak: 84.0000
2025-11-01 16:39:58,706 - INFO - Gpu Mem Used Bytes Avg   : 5839716352.0000
2025-11-01 16:39:58,706 - INFO - Gpu Mem Used Bytes Peak  : 5839716352.0000
2025-11-01 16:39:58,707 - INFO - Gpu Vram Used Bytes      : 5839716352.0000
2025-11-01 16:39:58,707 - INFO - Accuracy                 : 0.5065
2025-11-01 16:39:58,707 - INFO - Precision                : 0.5011
2025-11-01 16:39:58,707 - INFO - Recall                   : 0.5065
2025-11-01 16:39:58,707 - INFO - F1 Score                 : 0.4981
2025-11-01 16:39:58,707 - INFO - ==================================================
2025-11-01 16:40:23,200 - INFO - Época 65 concluída. Loss média: 2.8655
2025-11-01 16:40:23,200 - INFO - Taxa de aprendizado ajustada para: 0.001000
2025-11-01 16:40:23,205 - INFO - Iniciando inferência com o modelo ShuffleNetV2...
2025-11-01 16:40:26,310 - INFO - ==================================================
2025-11-01 16:40:26,310 - INFO - EXPERIMENT RESULTS
2025-11-01 16:40:26,310 - INFO - ==================================================
2025-11-01 16:40:26,310 - INFO - Elapsed Time Seconds     : 3.0824
2025-11-01 16:40:26,310 - INFO - Cpu Usage Percent        : 2.7375
2025-11-01 16:40:26,310 - INFO - Ram Peak Usage Bytes     : 12438228992.0000
2025-11-01 16:40:26,310 - INFO - Disk Read Bytes          : 0.0000
2025-11-01 16:40:26,310 - INFO - Disk Write Bytes         : 0.0000
2025-11-01 16:40:26,310 - INFO - Vram Peak Usage Bytes    : 1124251316.0000
2025-11-01 16:40:26,310 - INFO - Gpu Power Watts Avg      : 84.4038
2025-11-01 16:40:26,310 - INFO - Gpu Power Watts Peak     : 157.4230
2025-11-01 16:40:26,310 - INFO - Gpu Temp Celsius Avg     : 41.8000
2025-11-01 16:40:26,310 - INFO - Gpu Temp Celsius Peak    : 47.0000
2025-11-01 16:40:26,310 - INFO - Gpu Utilization Percent Avg: 13.4667
2025-11-01 16:40:26,310 - INFO - Gpu Utilization Percent Peak: 94.0000
2025-11-01 16:40:26,310 - INFO - Gpu Mem Used Bytes Avg   : 5839716352.0000
2025-11-01 16:40:26,310 - INFO - Gpu Mem Used Bytes Peak  : 5839716352.0000
2025-11-01 16:40:26,310 - INFO - Gpu Vram Used Bytes      : 5839716352.0000
2025-11-01 16:40:26,310 - INFO - Accuracy                 : 0.5063
2025-11-01 16:40:26,310 - INFO - Precision                : 0.5021
2025-11-01 16:40:26,310 - INFO - Recall                   : 0.5063
2025-11-01 16:40:26,310 - INFO - F1 Score                 : 0.4982
2025-11-01 16:40:26,310 - INFO - ==================================================
2025-11-01 16:40:46,605 - INFO - Época 66 concluída. Loss média: 2.8537
2025-11-01 16:40:46,605 - INFO - Taxa de aprendizado ajustada para: 0.001000
2025-11-01 16:40:46,610 - INFO - Iniciando inferência com o modelo ShuffleNetV2...
2025-11-01 16:40:48,972 - INFO - ==================================================
2025-11-01 16:40:48,972 - INFO - EXPERIMENT RESULTS
2025-11-01 16:40:48,972 - INFO - ==================================================
2025-11-01 16:40:48,972 - INFO - Elapsed Time Seconds     : 2.3401
2025-11-01 16:40:48,972 - INFO - Cpu Usage Percent        : 2.5094
2025-11-01 16:40:48,972 - INFO - Ram Peak Usage Bytes     : 12438237184.0000
2025-11-01 16:40:48,972 - INFO - Disk Read Bytes          : 0.0000
2025-11-01 16:40:48,972 - INFO - Disk Write Bytes         : 0.0000
2025-11-01 16:40:48,973 - INFO - Vram Peak Usage Bytes    : 1124251316.0000
2025-11-01 16:40:48,973 - INFO - Gpu Power Watts Avg      : 103.6035
2025-11-01 16:40:48,973 - INFO - Gpu Power Watts Peak     : 196.9700
2025-11-01 16:40:48,973 - INFO - Gpu Temp Celsius Avg     : 42.7391
2025-11-01 16:40:48,973 - INFO - Gpu Temp Celsius Peak    : 48.0000
2025-11-01 16:40:48,973 - INFO - Gpu Utilization Percent Avg: 19.5217
2025-11-01 16:40:48,973 - INFO - Gpu Utilization Percent Peak: 77.0000
2025-11-01 16:40:48,973 - INFO - Gpu Mem Used Bytes Avg   : 5839716352.0000
2025-11-01 16:40:48,973 - INFO - Gpu Mem Used Bytes Peak  : 5839716352.0000
2025-11-01 16:40:48,973 - INFO - Gpu Vram Used Bytes      : 5839716352.0000
2025-11-01 16:40:48,973 - INFO - Accuracy                 : 0.5092
2025-11-01 16:40:48,973 - INFO - Precision                : 0.5043
2025-11-01 16:40:48,973 - INFO - Recall                   : 0.5092
2025-11-01 16:40:48,973 - INFO - F1 Score                 : 0.5008
2025-11-01 16:40:48,973 - INFO - ==================================================
2025-11-01 16:41:07,889 - INFO - Época 67 concluída. Loss média: 2.8593
2025-11-01 16:41:07,890 - INFO - Taxa de aprendizado ajustada para: 0.001000
2025-11-01 16:41:07,891 - INFO - Iniciando inferência com o modelo ShuffleNetV2...
2025-11-01 16:41:10,344 - INFO - ==================================================
2025-11-01 16:41:10,344 - INFO - EXPERIMENT RESULTS
2025-11-01 16:41:10,344 - INFO - ==================================================
2025-11-01 16:41:10,344 - INFO - Elapsed Time Seconds     : 2.4304
2025-11-01 16:41:10,344 - INFO - Cpu Usage Percent        : 2.4312
2025-11-01 16:41:10,344 - INFO - Ram Peak Usage Bytes     : 12438237184.0000
2025-11-01 16:41:10,344 - INFO - Disk Read Bytes          : 0.0000
2025-11-01 16:41:10,344 - INFO - Disk Write Bytes         : 0.0000
2025-11-01 16:41:10,344 - INFO - Vram Peak Usage Bytes    : 1124251316.0000
2025-11-01 16:41:10,344 - INFO - Gpu Power Watts Avg      : 100.3982
2025-11-01 16:41:10,344 - INFO - Gpu Power Watts Peak     : 200.1210
2025-11-01 16:41:10,344 - INFO - Gpu Temp Celsius Avg     : 42.7500
2025-11-01 16:41:10,344 - INFO - Gpu Temp Celsius Peak    : 48.0000
2025-11-01 16:41:10,344 - INFO - Gpu Utilization Percent Avg: 19.3333
2025-11-01 16:41:10,344 - INFO - Gpu Utilization Percent Peak: 83.0000
2025-11-01 16:41:10,344 - INFO - Gpu Mem Used Bytes Avg   : 5839716352.0000
2025-11-01 16:41:10,344 - INFO - Gpu Mem Used Bytes Peak  : 5839716352.0000
2025-11-01 16:41:10,344 - INFO - Gpu Vram Used Bytes      : 5839716352.0000
2025-11-01 16:41:10,344 - INFO - Accuracy                 : 0.5080
2025-11-01 16:41:10,344 - INFO - Precision                : 0.5041
2025-11-01 16:41:10,344 - INFO - Recall                   : 0.5080
2025-11-01 16:41:10,344 - INFO - F1 Score                 : 0.5001
2025-11-01 16:41:10,344 - INFO - ==================================================
2025-11-01 16:41:29,362 - INFO - Época 68 concluída. Loss média: 2.8556
2025-11-01 16:41:29,362 - INFO - Taxa de aprendizado ajustada para: 0.001000
2025-11-01 16:41:29,367 - INFO - Iniciando inferência com o modelo ShuffleNetV2...
2025-11-01 16:41:32,460 - INFO - ==================================================
2025-11-01 16:41:32,460 - INFO - EXPERIMENT RESULTS
2025-11-01 16:41:32,460 - INFO - ==================================================
2025-11-01 16:41:32,460 - INFO - Elapsed Time Seconds     : 3.0706
2025-11-01 16:41:32,460 - INFO - Cpu Usage Percent        : 2.7281
2025-11-01 16:41:32,460 - INFO - Ram Peak Usage Bytes     : 12441280512.0000
2025-11-01 16:41:32,460 - INFO - Disk Read Bytes          : 0.0000
2025-11-01 16:41:32,460 - INFO - Disk Write Bytes         : 86016.0000
2025-11-01 16:41:32,460 - INFO - Vram Peak Usage Bytes    : 1124251316.0000
2025-11-01 16:41:32,460 - INFO - Gpu Power Watts Avg      : 88.3792
2025-11-01 16:41:32,460 - INFO - Gpu Power Watts Peak     : 204.0830
2025-11-01 16:41:32,460 - INFO - Gpu Temp Celsius Avg     : 42.2000
2025-11-01 16:41:32,460 - INFO - Gpu Temp Celsius Peak    : 45.0000
2025-11-01 16:41:32,460 - INFO - Gpu Utilization Percent Avg: 16.7333
2025-11-01 16:41:32,460 - INFO - Gpu Utilization Percent Peak: 97.0000
2025-11-01 16:41:32,460 - INFO - Gpu Mem Used Bytes Avg   : 5839716352.0000
2025-11-01 16:41:32,460 - INFO - Gpu Mem Used Bytes Peak  : 5839716352.0000
2025-11-01 16:41:32,460 - INFO - Gpu Vram Used Bytes      : 5839716352.0000
2025-11-01 16:41:32,460 - INFO - Accuracy                 : 0.5090
2025-11-01 16:41:32,461 - INFO - Precision                : 0.5040
2025-11-01 16:41:32,461 - INFO - Recall                   : 0.5090
2025-11-01 16:41:32,461 - INFO - F1 Score                 : 0.5006
2025-11-01 16:41:32,461 - INFO - ==================================================
2025-11-01 16:41:56,888 - INFO - Época 69 concluída. Loss média: 2.8506
2025-11-01 16:41:56,888 - INFO - Taxa de aprendizado ajustada para: 0.001000
2025-11-01 16:41:56,893 - INFO - Iniciando inferência com o modelo ShuffleNetV2...
2025-11-01 16:41:59,185 - INFO - ==================================================
2025-11-01 16:41:59,185 - INFO - EXPERIMENT RESULTS
2025-11-01 16:41:59,185 - INFO - ==================================================
2025-11-01 16:41:59,185 - INFO - Elapsed Time Seconds     : 2.2696
2025-11-01 16:41:59,185 - INFO - Cpu Usage Percent        : 2.5344
2025-11-01 16:41:59,185 - INFO - Ram Peak Usage Bytes     : 12442349568.0000
2025-11-01 16:41:59,185 - INFO - Disk Read Bytes          : 0.0000
2025-11-01 16:41:59,185 - INFO - Disk Write Bytes         : 8192.0000
2025-11-01 16:41:59,185 - INFO - Vram Peak Usage Bytes    : 1124251316.0000
2025-11-01 16:41:59,185 - INFO - Gpu Power Watts Avg      : 102.6745
2025-11-01 16:41:59,185 - INFO - Gpu Power Watts Peak     : 198.0530
2025-11-01 16:41:59,185 - INFO - Gpu Temp Celsius Avg     : 42.5455
2025-11-01 16:41:59,185 - INFO - Gpu Temp Celsius Peak    : 47.0000
2025-11-01 16:41:59,185 - INFO - Gpu Utilization Percent Avg: 20.1818
2025-11-01 16:41:59,185 - INFO - Gpu Utilization Percent Peak: 93.0000
2025-11-01 16:41:59,185 - INFO - Gpu Mem Used Bytes Avg   : 5839716352.0000
2025-11-01 16:41:59,185 - INFO - Gpu Mem Used Bytes Peak  : 5839716352.0000
2025-11-01 16:41:59,185 - INFO - Gpu Vram Used Bytes      : 5839716352.0000
2025-11-01 16:41:59,185 - INFO - Accuracy                 : 0.5063
2025-11-01 16:41:59,185 - INFO - Precision                : 0.5004
2025-11-01 16:41:59,185 - INFO - Recall                   : 0.5063
2025-11-01 16:41:59,185 - INFO - F1 Score                 : 0.4980
2025-11-01 16:41:59,185 - INFO - ==================================================
2025-11-01 16:42:17,761 - INFO - Época 70 concluída. Loss média: 2.8495
2025-11-01 16:42:17,761 - INFO - Taxa de aprendizado ajustada para: 0.001000
2025-11-01 16:42:17,765 - INFO - Iniciando inferência com o modelo ShuffleNetV2...
2025-11-01 16:42:20,053 - INFO - ==================================================
2025-11-01 16:42:20,053 - INFO - EXPERIMENT RESULTS
2025-11-01 16:42:20,053 - INFO - ==================================================
2025-11-01 16:42:20,053 - INFO - Elapsed Time Seconds     : 2.2652
2025-11-01 16:42:20,053 - INFO - Cpu Usage Percent        : 2.6063
2025-11-01 16:42:20,053 - INFO - Ram Peak Usage Bytes     : 12442349568.0000
2025-11-01 16:42:20,053 - INFO - Disk Read Bytes          : 0.0000
2025-11-01 16:42:20,053 - INFO - Disk Write Bytes         : 0.0000
2025-11-01 16:42:20,053 - INFO - Vram Peak Usage Bytes    : 1124251316.0000
2025-11-01 16:42:20,053 - INFO - Gpu Power Watts Avg      : 100.9718
2025-11-01 16:42:20,053 - INFO - Gpu Power Watts Peak     : 199.8320
2025-11-01 16:42:20,053 - INFO - Gpu Temp Celsius Avg     : 42.8636
2025-11-01 16:42:20,053 - INFO - Gpu Temp Celsius Peak    : 46.0000
2025-11-01 16:42:20,053 - INFO - Gpu Utilization Percent Avg: 17.1818
2025-11-01 16:42:20,053 - INFO - Gpu Utilization Percent Peak: 75.0000
2025-11-01 16:42:20,053 - INFO - Gpu Mem Used Bytes Avg   : 5839716352.0000
2025-11-01 16:42:20,053 - INFO - Gpu Mem Used Bytes Peak  : 5839716352.0000
2025-11-01 16:42:20,053 - INFO - Gpu Vram Used Bytes      : 5839716352.0000
2025-11-01 16:42:20,053 - INFO - Accuracy                 : 0.5126
2025-11-01 16:42:20,053 - INFO - Precision                : 0.5079
2025-11-01 16:42:20,053 - INFO - Recall                   : 0.5126
2025-11-01 16:42:20,053 - INFO - F1 Score                 : 0.5044
2025-11-01 16:42:20,053 - INFO - ==================================================
2025-11-01 16:42:44,698 - INFO - Época 71 concluída. Loss média: 2.8432
2025-11-01 16:42:44,698 - INFO - Taxa de aprendizado ajustada para: 0.001000
2025-11-01 16:42:44,703 - INFO - Iniciando inferência com o modelo ShuffleNetV2...
2025-11-01 16:42:46,989 - INFO - ==================================================
2025-11-01 16:42:46,989 - INFO - EXPERIMENT RESULTS
2025-11-01 16:42:46,989 - INFO - ==================================================
2025-11-01 16:42:46,989 - INFO - Elapsed Time Seconds     : 2.2637
2025-11-01 16:42:46,989 - INFO - Cpu Usage Percent        : 2.6094
2025-11-01 16:42:46,989 - INFO - Ram Peak Usage Bytes     : 12444196864.0000
2025-11-01 16:42:46,989 - INFO - Disk Read Bytes          : 0.0000
2025-11-01 16:42:46,989 - INFO - Disk Write Bytes         : 0.0000
2025-11-01 16:42:46,989 - INFO - Vram Peak Usage Bytes    : 1124251316.0000
2025-11-01 16:42:46,989 - INFO - Gpu Power Watts Avg      : 91.9640
2025-11-01 16:42:46,989 - INFO - Gpu Power Watts Peak     : 155.6210
2025-11-01 16:42:46,989 - INFO - Gpu Temp Celsius Avg     : 42.3636
2025-11-01 16:42:46,989 - INFO - Gpu Temp Celsius Peak    : 47.0000
2025-11-01 16:42:46,989 - INFO - Gpu Utilization Percent Avg: 23.6364
2025-11-01 16:42:46,990 - INFO - Gpu Utilization Percent Peak: 99.0000
2025-11-01 16:42:46,990 - INFO - Gpu Mem Used Bytes Avg   : 5839716352.0000
2025-11-01 16:42:46,990 - INFO - Gpu Mem Used Bytes Peak  : 5839716352.0000
2025-11-01 16:42:46,990 - INFO - Gpu Vram Used Bytes      : 5839716352.0000
2025-11-01 16:42:46,990 - INFO - Accuracy                 : 0.5101
2025-11-01 16:42:46,990 - INFO - Precision                : 0.5059
2025-11-01 16:42:46,990 - INFO - Recall                   : 0.5101
2025-11-01 16:42:46,990 - INFO - F1 Score                 : 0.5027
2025-11-01 16:42:46,990 - INFO - ==================================================
2025-11-01 16:43:11,404 - INFO - Época 72 concluída. Loss média: 2.8452
2025-11-01 16:43:11,404 - INFO - Taxa de aprendizado ajustada para: 0.001000
2025-11-01 16:43:11,409 - INFO - Iniciando inferência com o modelo ShuffleNetV2...
2025-11-01 16:43:13,694 - INFO - ==================================================
2025-11-01 16:43:13,694 - INFO - EXPERIMENT RESULTS
2025-11-01 16:43:13,694 - INFO - ==================================================
2025-11-01 16:43:13,694 - INFO - Elapsed Time Seconds     : 2.2626
2025-11-01 16:43:13,694 - INFO - Cpu Usage Percent        : 2.5688
2025-11-01 16:43:13,694 - INFO - Ram Peak Usage Bytes     : 12444196864.0000
2025-11-01 16:43:13,694 - INFO - Disk Read Bytes          : 0.0000
2025-11-01 16:43:13,694 - INFO - Disk Write Bytes         : 0.0000
2025-11-01 16:43:13,694 - INFO - Vram Peak Usage Bytes    : 1124251316.0000
2025-11-01 16:43:13,694 - INFO - Gpu Power Watts Avg      : 94.8667
2025-11-01 16:43:13,694 - INFO - Gpu Power Watts Peak     : 158.5280
2025-11-01 16:43:13,694 - INFO - Gpu Temp Celsius Avg     : 42.1818
2025-11-01 16:43:13,694 - INFO - Gpu Temp Celsius Peak    : 48.0000
2025-11-01 16:43:13,694 - INFO - Gpu Utilization Percent Avg: 22.6364
2025-11-01 16:43:13,694 - INFO - Gpu Utilization Percent Peak: 89.0000
2025-11-01 16:43:13,694 - INFO - Gpu Mem Used Bytes Avg   : 5839716352.0000
2025-11-01 16:43:13,694 - INFO - Gpu Mem Used Bytes Peak  : 5839716352.0000
2025-11-01 16:43:13,694 - INFO - Gpu Vram Used Bytes      : 5839716352.0000
2025-11-01 16:43:13,694 - INFO - Accuracy                 : 0.5088
2025-11-01 16:43:13,694 - INFO - Precision                : 0.5043
2025-11-01 16:43:13,694 - INFO - Recall                   : 0.5088
2025-11-01 16:43:13,694 - INFO - F1 Score                 : 0.5006
2025-11-01 16:43:13,694 - INFO - ==================================================
2025-11-01 16:43:35,219 - INFO - Época 73 concluída. Loss média: 2.8425
2025-11-01 16:43:35,219 - INFO - Taxa de aprendizado ajustada para: 0.001000
2025-11-01 16:43:35,224 - INFO - Iniciando inferência com o modelo ShuffleNetV2...
2025-11-01 16:43:37,413 - INFO - ==================================================
2025-11-01 16:43:37,413 - INFO - EXPERIMENT RESULTS
2025-11-01 16:43:37,414 - INFO - ==================================================
2025-11-01 16:43:37,414 - INFO - Elapsed Time Seconds     : 2.1670
2025-11-01 16:43:37,414 - INFO - Cpu Usage Percent        : 2.6812
2025-11-01 16:43:37,414 - INFO - Ram Peak Usage Bytes     : 12444344320.0000
2025-11-01 16:43:37,414 - INFO - Disk Read Bytes          : 0.0000
2025-11-01 16:43:37,414 - INFO - Disk Write Bytes         : 266240.0000
2025-11-01 16:43:37,414 - INFO - Vram Peak Usage Bytes    : 1124251316.0000
2025-11-01 16:43:37,414 - INFO - Gpu Power Watts Avg      : 108.0730
2025-11-01 16:43:37,414 - INFO - Gpu Power Watts Peak     : 213.2850
2025-11-01 16:43:37,414 - INFO - Gpu Temp Celsius Avg     : 42.7619
2025-11-01 16:43:37,414 - INFO - Gpu Temp Celsius Peak    : 47.0000
2025-11-01 16:43:37,414 - INFO - Gpu Utilization Percent Avg: 20.3810
2025-11-01 16:43:37,414 - INFO - Gpu Utilization Percent Peak: 80.0000
2025-11-01 16:43:37,414 - INFO - Gpu Mem Used Bytes Avg   : 5839716352.0000
2025-11-01 16:43:37,414 - INFO - Gpu Mem Used Bytes Peak  : 5839716352.0000
2025-11-01 16:43:37,414 - INFO - Gpu Vram Used Bytes      : 5839716352.0000
2025-11-01 16:43:37,414 - INFO - Accuracy                 : 0.5088
2025-11-01 16:43:37,414 - INFO - Precision                : 0.5032
2025-11-01 16:43:37,414 - INFO - Recall                   : 0.5088
2025-11-01 16:43:37,414 - INFO - F1 Score                 : 0.5001
2025-11-01 16:43:37,414 - INFO - ==================================================
2025-11-01 16:44:02,000 - INFO - Época 74 concluída. Loss média: 2.8398
2025-11-01 16:44:02,000 - INFO - Taxa de aprendizado ajustada para: 0.001000
2025-11-01 16:44:02,004 - INFO - Iniciando inferência com o modelo ShuffleNetV2...
2025-11-01 16:44:04,271 - INFO - ==================================================
2025-11-01 16:44:04,271 - INFO - EXPERIMENT RESULTS
2025-11-01 16:44:04,271 - INFO - ==================================================
2025-11-01 16:44:04,271 - INFO - Elapsed Time Seconds     : 2.2438
2025-11-01 16:44:04,271 - INFO - Cpu Usage Percent        : 2.5625
2025-11-01 16:44:04,271 - INFO - Ram Peak Usage Bytes     : 12444348416.0000
2025-11-01 16:44:04,271 - INFO - Disk Read Bytes          : 0.0000
2025-11-01 16:44:04,271 - INFO - Disk Write Bytes         : 135168.0000
2025-11-01 16:44:04,271 - INFO - Vram Peak Usage Bytes    : 1124251316.0000
2025-11-01 16:44:04,271 - INFO - Gpu Power Watts Avg      : 96.2110
2025-11-01 16:44:04,271 - INFO - Gpu Power Watts Peak     : 136.5480
2025-11-01 16:44:04,271 - INFO - Gpu Temp Celsius Avg     : 42.1818
2025-11-01 16:44:04,271 - INFO - Gpu Temp Celsius Peak    : 46.0000
2025-11-01 16:44:04,271 - INFO - Gpu Utilization Percent Avg: 21.7727
2025-11-01 16:44:04,271 - INFO - Gpu Utilization Percent Peak: 83.0000
2025-11-01 16:44:04,271 - INFO - Gpu Mem Used Bytes Avg   : 5839716352.0000
2025-11-01 16:44:04,271 - INFO - Gpu Mem Used Bytes Peak  : 5839716352.0000
2025-11-01 16:44:04,271 - INFO - Gpu Vram Used Bytes      : 5839716352.0000
2025-11-01 16:44:04,271 - INFO - Accuracy                 : 0.5077
2025-11-01 16:44:04,271 - INFO - Precision                : 0.5030
2025-11-01 16:44:04,271 - INFO - Recall                   : 0.5077
2025-11-01 16:44:04,271 - INFO - F1 Score                 : 0.4994
2025-11-01 16:44:04,271 - INFO - ==================================================
2025-11-01 16:44:24,055 - INFO - Época 75 concluída. Loss média: 2.8421
2025-11-01 16:44:24,055 - INFO - Taxa de aprendizado ajustada para: 0.001000
2025-11-01 16:44:24,059 - INFO - Iniciando inferência com o modelo ShuffleNetV2...
2025-11-01 16:44:27,129 - INFO - ==================================================
2025-11-01 16:44:27,129 - INFO - EXPERIMENT RESULTS
2025-11-01 16:44:27,129 - INFO - ==================================================
2025-11-01 16:44:27,129 - INFO - Elapsed Time Seconds     : 3.0559
2025-11-01 16:44:27,129 - INFO - Cpu Usage Percent        : 2.7812
2025-11-01 16:44:27,129 - INFO - Ram Peak Usage Bytes     : 12444348416.0000
2025-11-01 16:44:27,129 - INFO - Disk Read Bytes          : 0.0000
2025-11-01 16:44:27,129 - INFO - Disk Write Bytes         : 0.0000
2025-11-01 16:44:27,129 - INFO - Vram Peak Usage Bytes    : 1124251316.0000
2025-11-01 16:44:27,129 - INFO - Gpu Power Watts Avg      : 90.2937
2025-11-01 16:44:27,129 - INFO - Gpu Power Watts Peak     : 191.9080
2025-11-01 16:44:27,129 - INFO - Gpu Temp Celsius Avg     : 41.7333
2025-11-01 16:44:27,129 - INFO - Gpu Temp Celsius Peak    : 44.0000
2025-11-01 16:44:27,129 - INFO - Gpu Utilization Percent Avg: 13.6667
2025-11-01 16:44:27,129 - INFO - Gpu Utilization Percent Peak: 94.0000
2025-11-01 16:44:27,129 - INFO - Gpu Mem Used Bytes Avg   : 5839716352.0000
2025-11-01 16:44:27,129 - INFO - Gpu Mem Used Bytes Peak  : 5839716352.0000
2025-11-01 16:44:27,129 - INFO - Gpu Vram Used Bytes      : 5839716352.0000
2025-11-01 16:44:27,129 - INFO - Accuracy                 : 0.5107
2025-11-01 16:44:27,129 - INFO - Precision                : 0.5056
2025-11-01 16:44:27,129 - INFO - Recall                   : 0.5107
2025-11-01 16:44:27,129 - INFO - F1 Score                 : 0.5028
2025-11-01 16:44:27,129 - INFO - ==================================================
2025-11-01 16:44:45,061 - INFO - Época 76 concluída. Loss média: 2.8389
2025-11-01 16:44:45,061 - INFO - Taxa de aprendizado ajustada para: 0.001000
2025-11-01 16:44:45,066 - INFO - Iniciando inferência com o modelo ShuffleNetV2...
2025-11-01 16:44:48,148 - INFO - ==================================================
2025-11-01 16:44:48,148 - INFO - EXPERIMENT RESULTS
2025-11-01 16:44:48,148 - INFO - ==================================================
2025-11-01 16:44:48,148 - INFO - Elapsed Time Seconds     : 3.0596
2025-11-01 16:44:48,148 - INFO - Cpu Usage Percent        : 2.7375
2025-11-01 16:44:48,148 - INFO - Ram Peak Usage Bytes     : 12444352512.0000
2025-11-01 16:44:48,148 - INFO - Disk Read Bytes          : 0.0000
2025-11-01 16:44:48,148 - INFO - Disk Write Bytes         : 0.0000
2025-11-01 16:44:48,148 - INFO - Vram Peak Usage Bytes    : 1124251316.0000
2025-11-01 16:44:48,148 - INFO - Gpu Power Watts Avg      : 94.3587
2025-11-01 16:44:48,148 - INFO - Gpu Power Watts Peak     : 205.2460
2025-11-01 16:44:48,148 - INFO - Gpu Temp Celsius Avg     : 42.1667
2025-11-01 16:44:48,148 - INFO - Gpu Temp Celsius Peak    : 46.0000
2025-11-01 16:44:48,148 - INFO - Gpu Utilization Percent Avg: 18.1667
2025-11-01 16:44:48,148 - INFO - Gpu Utilization Percent Peak: 97.0000
2025-11-01 16:44:48,148 - INFO - Gpu Mem Used Bytes Avg   : 5839716352.0000
2025-11-01 16:44:48,148 - INFO - Gpu Mem Used Bytes Peak  : 5839716352.0000
2025-11-01 16:44:48,148 - INFO - Gpu Vram Used Bytes      : 5839716352.0000
2025-11-01 16:44:48,148 - INFO - Accuracy                 : 0.5089
2025-11-01 16:44:48,148 - INFO - Precision                : 0.5032
2025-11-01 16:44:48,148 - INFO - Recall                   : 0.5089
2025-11-01 16:44:48,148 - INFO - F1 Score                 : 0.5002
2025-11-01 16:44:48,148 - INFO - ==================================================
2025-11-01 16:45:06,991 - INFO - Época 77 concluída. Loss média: 2.8401
2025-11-01 16:45:06,991 - INFO - Taxa de aprendizado ajustada para: 0.001000
2025-11-01 16:45:06,996 - INFO - Iniciando inferência com o modelo ShuffleNetV2...
2025-11-01 16:45:09,378 - INFO - ==================================================
2025-11-01 16:45:09,379 - INFO - EXPERIMENT RESULTS
2025-11-01 16:45:09,379 - INFO - ==================================================
2025-11-01 16:45:09,379 - INFO - Elapsed Time Seconds     : 2.3603
2025-11-01 16:45:09,379 - INFO - Cpu Usage Percent        : 2.5406
2025-11-01 16:45:09,379 - INFO - Ram Peak Usage Bytes     : 12444356608.0000
2025-11-01 16:45:09,379 - INFO - Disk Read Bytes          : 0.0000
2025-11-01 16:45:09,379 - INFO - Disk Write Bytes         : 0.0000
2025-11-01 16:45:09,379 - INFO - Vram Peak Usage Bytes    : 1124251316.0000
2025-11-01 16:45:09,379 - INFO - Gpu Power Watts Avg      : 104.5524
2025-11-01 16:45:09,379 - INFO - Gpu Power Watts Peak     : 212.9620
2025-11-01 16:45:09,379 - INFO - Gpu Temp Celsius Avg     : 42.8696
2025-11-01 16:45:09,379 - INFO - Gpu Temp Celsius Peak    : 47.0000
2025-11-01 16:45:09,379 - INFO - Gpu Utilization Percent Avg: 18.3478
2025-11-01 16:45:09,379 - INFO - Gpu Utilization Percent Peak: 74.0000
2025-11-01 16:45:09,379 - INFO - Gpu Mem Used Bytes Avg   : 5839716352.0000
2025-11-01 16:45:09,379 - INFO - Gpu Mem Used Bytes Peak  : 5839716352.0000
2025-11-01 16:45:09,379 - INFO - Gpu Vram Used Bytes      : 5839716352.0000
2025-11-01 16:45:09,379 - INFO - Accuracy                 : 0.5117
2025-11-01 16:45:09,379 - INFO - Precision                : 0.5075
2025-11-01 16:45:09,379 - INFO - Recall                   : 0.5117
2025-11-01 16:45:09,379 - INFO - F1 Score                 : 0.5038
2025-11-01 16:45:09,379 - INFO - ==================================================
2025-11-01 16:45:34,062 - INFO - Época 78 concluída. Loss média: 2.8415
2025-11-01 16:45:34,062 - INFO - Taxa de aprendizado ajustada para: 0.001000
2025-11-01 16:45:34,064 - INFO - Iniciando inferência com o modelo ShuffleNetV2...
2025-11-01 16:45:36,214 - INFO - ==================================================
2025-11-01 16:45:36,214 - INFO - EXPERIMENT RESULTS
2025-11-01 16:45:36,214 - INFO - ==================================================
2025-11-01 16:45:36,214 - INFO - Elapsed Time Seconds     : 2.1279
2025-11-01 16:45:36,214 - INFO - Cpu Usage Percent        : 2.6125
2025-11-01 16:45:36,214 - INFO - Ram Peak Usage Bytes     : 12444377088.0000
2025-11-01 16:45:36,214 - INFO - Disk Read Bytes          : 0.0000
2025-11-01 16:45:36,214 - INFO - Disk Write Bytes         : 253952.0000
2025-11-01 16:45:36,214 - INFO - Vram Peak Usage Bytes    : 1124251316.0000
2025-11-01 16:45:36,214 - INFO - Gpu Power Watts Avg      : 98.6615
2025-11-01 16:45:36,214 - INFO - Gpu Power Watts Peak     : 185.3180
2025-11-01 16:45:36,214 - INFO - Gpu Temp Celsius Avg     : 42.3333
2025-11-01 16:45:36,214 - INFO - Gpu Temp Celsius Peak    : 47.0000
2025-11-01 16:45:36,214 - INFO - Gpu Utilization Percent Avg: 20.7619
2025-11-01 16:45:36,214 - INFO - Gpu Utilization Percent Peak: 95.0000
2025-11-01 16:45:36,214 - INFO - Gpu Mem Used Bytes Avg   : 5839716352.0000
2025-11-01 16:45:36,214 - INFO - Gpu Mem Used Bytes Peak  : 5839716352.0000
2025-11-01 16:45:36,214 - INFO - Gpu Vram Used Bytes      : 5839716352.0000
2025-11-01 16:45:36,214 - INFO - Accuracy                 : 0.5089
2025-11-01 16:45:36,214 - INFO - Precision                : 0.5042
2025-11-01 16:45:36,215 - INFO - Recall                   : 0.5089
2025-11-01 16:45:36,215 - INFO - F1 Score                 : 0.5007
2025-11-01 16:45:36,215 - INFO - ==================================================
2025-11-01 16:45:54,999 - INFO - Época 79 concluída. Loss média: 2.8348
2025-11-01 16:45:54,999 - INFO - Taxa de aprendizado ajustada para: 0.001000
2025-11-01 16:45:55,003 - INFO - Iniciando inferência com o modelo ShuffleNetV2...
2025-11-01 16:45:57,368 - INFO - ==================================================
2025-11-01 16:45:57,369 - INFO - EXPERIMENT RESULTS
2025-11-01 16:45:57,369 - INFO - ==================================================
2025-11-01 16:45:57,369 - INFO - Elapsed Time Seconds     : 2.3426
2025-11-01 16:45:57,369 - INFO - Cpu Usage Percent        : 2.5063
2025-11-01 16:45:57,369 - INFO - Ram Peak Usage Bytes     : 12444381184.0000
2025-11-01 16:45:57,369 - INFO - Disk Read Bytes          : 0.0000
2025-11-01 16:45:57,369 - INFO - Disk Write Bytes         : 4096.0000
2025-11-01 16:45:57,369 - INFO - Vram Peak Usage Bytes    : 1124251316.0000
2025-11-01 16:45:57,369 - INFO - Gpu Power Watts Avg      : 101.0734
2025-11-01 16:45:57,369 - INFO - Gpu Power Watts Peak     : 196.8880
2025-11-01 16:45:57,369 - INFO - Gpu Temp Celsius Avg     : 42.6522
2025-11-01 16:45:57,369 - INFO - Gpu Temp Celsius Peak    : 46.0000
2025-11-01 16:45:57,369 - INFO - Gpu Utilization Percent Avg: 17.7826
2025-11-01 16:45:57,369 - INFO - Gpu Utilization Percent Peak: 73.0000
2025-11-01 16:45:57,369 - INFO - Gpu Mem Used Bytes Avg   : 5839716352.0000
2025-11-01 16:45:57,369 - INFO - Gpu Mem Used Bytes Peak  : 5839716352.0000
2025-11-01 16:45:57,369 - INFO - Gpu Vram Used Bytes      : 5839716352.0000
2025-11-01 16:45:57,369 - INFO - Accuracy                 : 0.5113
2025-11-01 16:45:57,369 - INFO - Precision                : 0.5065
2025-11-01 16:45:57,369 - INFO - Recall                   : 0.5113
2025-11-01 16:45:57,369 - INFO - F1 Score                 : 0.5028
2025-11-01 16:45:57,369 - INFO - ==================================================
2025-11-01 16:46:19,443 - INFO - Época 80 concluída. Loss média: 2.8315
2025-11-01 16:46:19,443 - INFO - Taxa de aprendizado ajustada para: 0.001000
2025-11-01 16:46:19,447 - INFO - Iniciando inferência com o modelo ShuffleNetV2...
2025-11-01 16:46:22,652 - INFO - ==================================================
2025-11-01 16:46:22,652 - INFO - EXPERIMENT RESULTS
2025-11-01 16:46:22,652 - INFO - ==================================================
2025-11-01 16:46:22,652 - INFO - Elapsed Time Seconds     : 3.1825
2025-11-01 16:46:22,653 - INFO - Cpu Usage Percent        : 2.6313
2025-11-01 16:46:22,653 - INFO - Ram Peak Usage Bytes     : 12444381184.0000
2025-11-01 16:46:22,653 - INFO - Disk Read Bytes          : 0.0000
2025-11-01 16:46:22,653 - INFO - Disk Write Bytes         : 0.0000
2025-11-01 16:46:22,653 - INFO - Vram Peak Usage Bytes    : 1124251316.0000
2025-11-01 16:46:22,653 - INFO - Gpu Power Watts Avg      : 84.4971
2025-11-01 16:46:22,653 - INFO - Gpu Power Watts Peak     : 205.4660
2025-11-01 16:46:22,653 - INFO - Gpu Temp Celsius Avg     : 41.5806
2025-11-01 16:46:22,653 - INFO - Gpu Temp Celsius Peak    : 46.0000
2025-11-01 16:46:22,653 - INFO - Gpu Utilization Percent Avg: 14.3548
2025-11-01 16:46:22,653 - INFO - Gpu Utilization Percent Peak: 95.0000
2025-11-01 16:46:22,653 - INFO - Gpu Mem Used Bytes Avg   : 5839716352.0000
2025-11-01 16:46:22,653 - INFO - Gpu Mem Used Bytes Peak  : 5839716352.0000
2025-11-01 16:46:22,653 - INFO - Gpu Vram Used Bytes      : 5839716352.0000
2025-11-01 16:46:22,653 - INFO - Accuracy                 : 0.5106
2025-11-01 16:46:22,653 - INFO - Precision                : 0.5057
2025-11-01 16:46:22,653 - INFO - Recall                   : 0.5106
2025-11-01 16:46:22,653 - INFO - F1 Score                 : 0.5025
2025-11-01 16:46:22,653 - INFO - ==================================================
2025-11-01 16:46:42,459 - INFO - Época 81 concluída. Loss média: 2.8311
2025-11-01 16:46:42,460 - INFO - Taxa de aprendizado ajustada para: 0.001000
2025-11-01 16:46:42,464 - INFO - Iniciando inferência com o modelo ShuffleNetV2...
2025-11-01 16:46:44,763 - INFO - ==================================================
2025-11-01 16:46:44,763 - INFO - EXPERIMENT RESULTS
2025-11-01 16:46:44,763 - INFO - ==================================================
2025-11-01 16:46:44,764 - INFO - Elapsed Time Seconds     : 2.2766
2025-11-01 16:46:44,764 - INFO - Cpu Usage Percent        : 2.5250
2025-11-01 16:46:44,764 - INFO - Ram Peak Usage Bytes     : 12444385280.0000
2025-11-01 16:46:44,764 - INFO - Disk Read Bytes          : 0.0000
2025-11-01 16:46:44,764 - INFO - Disk Write Bytes         : 0.0000
2025-11-01 16:46:44,764 - INFO - Vram Peak Usage Bytes    : 1124251316.0000
2025-11-01 16:46:44,764 - INFO - Gpu Power Watts Avg      : 103.8965
2025-11-01 16:46:44,764 - INFO - Gpu Power Watts Peak     : 211.4380
2025-11-01 16:46:44,764 - INFO - Gpu Temp Celsius Avg     : 42.5455
2025-11-01 16:46:44,764 - INFO - Gpu Temp Celsius Peak    : 45.0000
2025-11-01 16:46:44,764 - INFO - Gpu Utilization Percent Avg: 22.8636
2025-11-01 16:46:44,764 - INFO - Gpu Utilization Percent Peak: 99.0000
2025-11-01 16:46:44,764 - INFO - Gpu Mem Used Bytes Avg   : 5839716352.0000
2025-11-01 16:46:44,764 - INFO - Gpu Mem Used Bytes Peak  : 5839716352.0000
2025-11-01 16:46:44,764 - INFO - Gpu Vram Used Bytes      : 5839716352.0000
2025-11-01 16:46:44,764 - INFO - Accuracy                 : 0.5136
2025-11-01 16:46:44,764 - INFO - Precision                : 0.5097
2025-11-01 16:46:44,764 - INFO - Recall                   : 0.5136
2025-11-01 16:46:44,764 - INFO - F1 Score                 : 0.5059
2025-11-01 16:46:44,764 - INFO - ==================================================
2025-11-01 16:47:09,608 - INFO - Época 82 concluída. Loss média: 2.8351
2025-11-01 16:47:09,608 - INFO - Taxa de aprendizado ajustada para: 0.001000
2025-11-01 16:47:09,612 - INFO - Iniciando inferência com o modelo ShuffleNetV2...
2025-11-01 16:47:12,219 - INFO - ==================================================
2025-11-01 16:47:12,219 - INFO - EXPERIMENT RESULTS
2025-11-01 16:47:12,219 - INFO - ==================================================
2025-11-01 16:47:12,219 - INFO - Elapsed Time Seconds     : 2.5840
2025-11-01 16:47:12,219 - INFO - Cpu Usage Percent        : 2.4062
2025-11-01 16:47:12,219 - INFO - Ram Peak Usage Bytes     : 12444389376.0000
2025-11-01 16:47:12,219 - INFO - Disk Read Bytes          : 0.0000
2025-11-01 16:47:12,219 - INFO - Disk Write Bytes         : 303104.0000
2025-11-01 16:47:12,219 - INFO - Vram Peak Usage Bytes    : 1124251316.0000
2025-11-01 16:47:12,219 - INFO - Gpu Power Watts Avg      : 88.1217
2025-11-01 16:47:12,219 - INFO - Gpu Power Watts Peak     : 160.7930
2025-11-01 16:47:12,219 - INFO - Gpu Temp Celsius Avg     : 41.9200
2025-11-01 16:47:12,219 - INFO - Gpu Temp Celsius Peak    : 48.0000
2025-11-01 16:47:12,219 - INFO - Gpu Utilization Percent Avg: 17.8800
2025-11-01 16:47:12,219 - INFO - Gpu Utilization Percent Peak: 85.0000
2025-11-01 16:47:12,219 - INFO - Gpu Mem Used Bytes Avg   : 5839716352.0000
2025-11-01 16:47:12,219 - INFO - Gpu Mem Used Bytes Peak  : 5839716352.0000
2025-11-01 16:47:12,219 - INFO - Gpu Vram Used Bytes      : 5839716352.0000
2025-11-01 16:47:12,219 - INFO - Accuracy                 : 0.5088
2025-11-01 16:47:12,219 - INFO - Precision                : 0.5040
2025-11-01 16:47:12,219 - INFO - Recall                   : 0.5088
2025-11-01 16:47:12,219 - INFO - F1 Score                 : 0.5002
2025-11-01 16:47:12,219 - INFO - ==================================================
2025-11-01 16:47:36,630 - INFO - Época 83 concluída. Loss média: 2.8328
2025-11-01 16:47:36,630 - INFO - Taxa de aprendizado ajustada para: 0.001000
2025-11-01 16:47:36,635 - INFO - Iniciando inferência com o modelo ShuffleNetV2...
2025-11-01 16:47:39,033 - INFO - ==================================================
2025-11-01 16:47:39,033 - INFO - EXPERIMENT RESULTS
2025-11-01 16:47:39,033 - INFO - ==================================================
2025-11-01 16:47:39,033 - INFO - Elapsed Time Seconds     : 2.3751
2025-11-01 16:47:39,033 - INFO - Cpu Usage Percent        : 2.4062
2025-11-01 16:47:39,033 - INFO - Ram Peak Usage Bytes     : 12444389376.0000
2025-11-01 16:47:39,033 - INFO - Disk Read Bytes          : 0.0000
2025-11-01 16:47:39,033 - INFO - Disk Write Bytes         : 131072.0000
2025-11-01 16:47:39,033 - INFO - Vram Peak Usage Bytes    : 1124251316.0000
2025-11-01 16:47:39,033 - INFO - Gpu Power Watts Avg      : 86.2483
2025-11-01 16:47:39,033 - INFO - Gpu Power Watts Peak     : 154.0560
2025-11-01 16:47:39,033 - INFO - Gpu Temp Celsius Avg     : 41.6957
2025-11-01 16:47:39,033 - INFO - Gpu Temp Celsius Peak    : 47.0000
2025-11-01 16:47:39,033 - INFO - Gpu Utilization Percent Avg: 19.8696
2025-11-01 16:47:39,033 - INFO - Gpu Utilization Percent Peak: 99.0000
2025-11-01 16:47:39,033 - INFO - Gpu Mem Used Bytes Avg   : 5839716352.0000
2025-11-01 16:47:39,033 - INFO - Gpu Mem Used Bytes Peak  : 5839716352.0000
2025-11-01 16:47:39,033 - INFO - Gpu Vram Used Bytes      : 5839716352.0000
2025-11-01 16:47:39,033 - INFO - Accuracy                 : 0.5100
2025-11-01 16:47:39,033 - INFO - Precision                : 0.5040
2025-11-01 16:47:39,033 - INFO - Recall                   : 0.5100
2025-11-01 16:47:39,033 - INFO - F1 Score                 : 0.5017
2025-11-01 16:47:39,033 - INFO - ==================================================
2025-11-01 16:47:58,770 - INFO - Época 84 concluída. Loss média: 2.8269
2025-11-01 16:47:58,771 - INFO - Taxa de aprendizado ajustada para: 0.001000
2025-11-01 16:47:58,775 - INFO - Iniciando inferência com o modelo ShuffleNetV2...
2025-11-01 16:48:01,864 - INFO - ==================================================
2025-11-01 16:48:01,864 - INFO - EXPERIMENT RESULTS
2025-11-01 16:48:01,864 - INFO - ==================================================
2025-11-01 16:48:01,864 - INFO - Elapsed Time Seconds     : 3.0663
2025-11-01 16:48:01,864 - INFO - Cpu Usage Percent        : 2.7500
2025-11-01 16:48:01,864 - INFO - Ram Peak Usage Bytes     : 12444389376.0000
2025-11-01 16:48:01,864 - INFO - Disk Read Bytes          : 0.0000
2025-11-01 16:48:01,864 - INFO - Disk Write Bytes         : 0.0000
2025-11-01 16:48:01,864 - INFO - Vram Peak Usage Bytes    : 1124251316.0000
2025-11-01 16:48:01,864 - INFO - Gpu Power Watts Avg      : 89.3092
2025-11-01 16:48:01,864 - INFO - Gpu Power Watts Peak     : 201.1280
2025-11-01 16:48:01,864 - INFO - Gpu Temp Celsius Avg     : 41.7000
2025-11-01 16:48:01,864 - INFO - Gpu Temp Celsius Peak    : 46.0000
2025-11-01 16:48:01,864 - INFO - Gpu Utilization Percent Avg: 14.2000
2025-11-01 16:48:01,864 - INFO - Gpu Utilization Percent Peak: 97.0000
2025-11-01 16:48:01,864 - INFO - Gpu Mem Used Bytes Avg   : 5839716352.0000
2025-11-01 16:48:01,865 - INFO - Gpu Mem Used Bytes Peak  : 5839716352.0000
2025-11-01 16:48:01,865 - INFO - Gpu Vram Used Bytes      : 5839716352.0000
2025-11-01 16:48:01,865 - INFO - Accuracy                 : 0.5139
2025-11-01 16:48:01,865 - INFO - Precision                : 0.5090
2025-11-01 16:48:01,865 - INFO - Recall                   : 0.5139
2025-11-01 16:48:01,865 - INFO - F1 Score                 : 0.5062
2025-11-01 16:48:01,865 - INFO - ==================================================
2025-11-01 16:48:26,786 - INFO - Época 85 concluída. Loss média: 2.8339
2025-11-01 16:48:26,786 - INFO - Taxa de aprendizado ajustada para: 0.001000
2025-11-01 16:48:26,791 - INFO - Iniciando inferência com o modelo ShuffleNetV2...
2025-11-01 16:48:29,173 - INFO - ==================================================
2025-11-01 16:48:29,173 - INFO - EXPERIMENT RESULTS
2025-11-01 16:48:29,173 - INFO - ==================================================
2025-11-01 16:48:29,173 - INFO - Elapsed Time Seconds     : 2.3595
2025-11-01 16:48:29,173 - INFO - Cpu Usage Percent        : 2.4219
2025-11-01 16:48:29,173 - INFO - Ram Peak Usage Bytes     : 12444389376.0000
2025-11-01 16:48:29,173 - INFO - Disk Read Bytes          : 0.0000
2025-11-01 16:48:29,173 - INFO - Disk Write Bytes         : 278528.0000
2025-11-01 16:48:29,173 - INFO - Vram Peak Usage Bytes    : 1124251316.0000
2025-11-01 16:48:29,173 - INFO - Gpu Power Watts Avg      : 94.7245
2025-11-01 16:48:29,173 - INFO - Gpu Power Watts Peak     : 175.3830
2025-11-01 16:48:29,173 - INFO - Gpu Temp Celsius Avg     : 41.8261
2025-11-01 16:48:29,173 - INFO - Gpu Temp Celsius Peak    : 45.0000
2025-11-01 16:48:29,173 - INFO - Gpu Utilization Percent Avg: 17.3043
2025-11-01 16:48:29,173 - INFO - Gpu Utilization Percent Peak: 94.0000
2025-11-01 16:48:29,173 - INFO - Gpu Mem Used Bytes Avg   : 5839716352.0000
2025-11-01 16:48:29,173 - INFO - Gpu Mem Used Bytes Peak  : 5839716352.0000
2025-11-01 16:48:29,174 - INFO - Gpu Vram Used Bytes      : 5839716352.0000
2025-11-01 16:48:29,174 - INFO - Accuracy                 : 0.5124
2025-11-01 16:48:29,174 - INFO - Precision                : 0.5079
2025-11-01 16:48:29,174 - INFO - Recall                   : 0.5124
2025-11-01 16:48:29,174 - INFO - F1 Score                 : 0.5050
2025-11-01 16:48:29,174 - INFO - ==================================================
2025-11-01 16:48:48,575 - INFO - Época 86 concluída. Loss média: 2.8292
2025-11-01 16:48:48,575 - INFO - Taxa de aprendizado ajustada para: 0.001000
2025-11-01 16:48:48,580 - INFO - Iniciando inferência com o modelo ShuffleNetV2...
2025-11-01 16:48:50,853 - INFO - ==================================================
2025-11-01 16:48:50,853 - INFO - EXPERIMENT RESULTS
2025-11-01 16:48:50,853 - INFO - ==================================================
2025-11-01 16:48:50,853 - INFO - Elapsed Time Seconds     : 2.2504
2025-11-01 16:48:50,853 - INFO - Cpu Usage Percent        : 2.7344
2025-11-01 16:48:50,853 - INFO - Ram Peak Usage Bytes     : 12444389376.0000
2025-11-01 16:48:50,853 - INFO - Disk Read Bytes          : 0.0000
2025-11-01 16:48:50,853 - INFO - Disk Write Bytes         : 0.0000
2025-11-01 16:48:50,853 - INFO - Vram Peak Usage Bytes    : 1124251316.0000
2025-11-01 16:48:50,853 - INFO - Gpu Power Watts Avg      : 103.9915
2025-11-01 16:48:50,853 - INFO - Gpu Power Watts Peak     : 206.4690
2025-11-01 16:48:50,853 - INFO - Gpu Temp Celsius Avg     : 42.3182
2025-11-01 16:48:50,853 - INFO - Gpu Temp Celsius Peak    : 46.0000
2025-11-01 16:48:50,853 - INFO - Gpu Utilization Percent Avg: 19.6364
2025-11-01 16:48:50,853 - INFO - Gpu Utilization Percent Peak: 99.0000
2025-11-01 16:48:50,853 - INFO - Gpu Mem Used Bytes Avg   : 5839716352.0000
2025-11-01 16:48:50,853 - INFO - Gpu Mem Used Bytes Peak  : 5839716352.0000
2025-11-01 16:48:50,853 - INFO - Gpu Vram Used Bytes      : 5839716352.0000
2025-11-01 16:48:50,853 - INFO - Accuracy                 : 0.5110
2025-11-01 16:48:50,853 - INFO - Precision                : 0.5064
2025-11-01 16:48:50,853 - INFO - Recall                   : 0.5110
2025-11-01 16:48:50,853 - INFO - F1 Score                 : 0.5028
2025-11-01 16:48:50,853 - INFO - ==================================================
2025-11-01 16:49:10,119 - INFO - Época 87 concluída. Loss média: 2.8286
2025-11-01 16:49:10,119 - INFO - Taxa de aprendizado ajustada para: 0.001000
2025-11-01 16:49:10,124 - INFO - Iniciando inferência com o modelo ShuffleNetV2...
2025-11-01 16:49:13,106 - INFO - ==================================================
2025-11-01 16:49:13,106 - INFO - EXPERIMENT RESULTS
2025-11-01 16:49:13,106 - INFO - ==================================================
2025-11-01 16:49:13,106 - INFO - Elapsed Time Seconds     : 2.9676
2025-11-01 16:49:13,106 - INFO - Cpu Usage Percent        : 2.8125
2025-11-01 16:49:13,106 - INFO - Ram Peak Usage Bytes     : 12444393472.0000
2025-11-01 16:49:13,106 - INFO - Disk Read Bytes          : 0.0000
2025-11-01 16:49:13,106 - INFO - Disk Write Bytes         : 16384.0000
2025-11-01 16:49:13,106 - INFO - Vram Peak Usage Bytes    : 1124251316.0000
2025-11-01 16:49:13,106 - INFO - Gpu Power Watts Avg      : 95.1234
2025-11-01 16:49:13,106 - INFO - Gpu Power Watts Peak     : 212.4670
2025-11-01 16:49:13,106 - INFO - Gpu Temp Celsius Avg     : 41.9310
2025-11-01 16:49:13,106 - INFO - Gpu Temp Celsius Peak    : 45.0000
2025-11-01 16:49:13,106 - INFO - Gpu Utilization Percent Avg: 14.8276
2025-11-01 16:49:13,106 - INFO - Gpu Utilization Percent Peak: 82.0000
2025-11-01 16:49:13,106 - INFO - Gpu Mem Used Bytes Avg   : 5839716352.0000
2025-11-01 16:49:13,106 - INFO - Gpu Mem Used Bytes Peak  : 5839716352.0000
2025-11-01 16:49:13,106 - INFO - Gpu Vram Used Bytes      : 5839716352.0000
2025-11-01 16:49:13,106 - INFO - Accuracy                 : 0.5106
2025-11-01 16:49:13,106 - INFO - Precision                : 0.5048
2025-11-01 16:49:13,106 - INFO - Recall                   : 0.5106
2025-11-01 16:49:13,106 - INFO - F1 Score                 : 0.5018
2025-11-01 16:49:13,106 - INFO - ==================================================
2025-11-01 16:49:32,157 - INFO - Época 88 concluída. Loss média: 2.8226
2025-11-01 16:49:32,158 - INFO - Taxa de aprendizado ajustada para: 0.001000
2025-11-01 16:49:32,162 - INFO - Iniciando inferência com o modelo ShuffleNetV2...
2025-11-01 16:49:34,437 - INFO - ==================================================
2025-11-01 16:49:34,437 - INFO - EXPERIMENT RESULTS
2025-11-01 16:49:34,437 - INFO - ==================================================
2025-11-01 16:49:34,437 - INFO - Elapsed Time Seconds     : 2.2522
2025-11-01 16:49:34,437 - INFO - Cpu Usage Percent        : 2.5531
2025-11-01 16:49:34,437 - INFO - Ram Peak Usage Bytes     : 12444397568.0000
2025-11-01 16:49:34,437 - INFO - Disk Read Bytes          : 0.0000
2025-11-01 16:49:34,437 - INFO - Disk Write Bytes         : 299008.0000
2025-11-01 16:49:34,437 - INFO - Vram Peak Usage Bytes    : 1124251316.0000
2025-11-01 16:49:34,437 - INFO - Gpu Power Watts Avg      : 103.3416
2025-11-01 16:49:34,437 - INFO - Gpu Power Watts Peak     : 200.7180
2025-11-01 16:49:34,437 - INFO - Gpu Temp Celsius Avg     : 42.5455
2025-11-01 16:49:34,437 - INFO - Gpu Temp Celsius Peak    : 46.0000
2025-11-01 16:49:34,437 - INFO - Gpu Utilization Percent Avg: 18.7727
2025-11-01 16:49:34,437 - INFO - Gpu Utilization Percent Peak: 95.0000
2025-11-01 16:49:34,437 - INFO - Gpu Mem Used Bytes Avg   : 5839716352.0000
2025-11-01 16:49:34,437 - INFO - Gpu Mem Used Bytes Peak  : 5839716352.0000
2025-11-01 16:49:34,437 - INFO - Gpu Vram Used Bytes      : 5839716352.0000
2025-11-01 16:49:34,437 - INFO - Accuracy                 : 0.5127
2025-11-01 16:49:34,437 - INFO - Precision                : 0.5089
2025-11-01 16:49:34,437 - INFO - Recall                   : 0.5127
2025-11-01 16:49:34,437 - INFO - F1 Score                 : 0.5048
2025-11-01 16:49:34,437 - INFO - ==================================================
2025-11-01 16:49:53,195 - INFO - Época 89 concluída. Loss média: 2.8259
2025-11-01 16:49:53,196 - INFO - Taxa de aprendizado ajustada para: 0.001000
2025-11-01 16:49:53,200 - INFO - Iniciando inferência com o modelo ShuffleNetV2...
2025-11-01 16:49:55,496 - INFO - ==================================================
2025-11-01 16:49:55,496 - INFO - EXPERIMENT RESULTS
2025-11-01 16:49:55,496 - INFO - ==================================================
2025-11-01 16:49:55,496 - INFO - Elapsed Time Seconds     : 2.2731
2025-11-01 16:49:55,496 - INFO - Cpu Usage Percent        : 2.4750
2025-11-01 16:49:55,496 - INFO - Ram Peak Usage Bytes     : 12444401664.0000
2025-11-01 16:49:55,496 - INFO - Disk Read Bytes          : 0.0000
2025-11-01 16:49:55,496 - INFO - Disk Write Bytes         : 0.0000
2025-11-01 16:49:55,496 - INFO - Vram Peak Usage Bytes    : 1124251316.0000
2025-11-01 16:49:55,496 - INFO - Gpu Power Watts Avg      : 100.0240
2025-11-01 16:49:55,496 - INFO - Gpu Power Watts Peak     : 209.2890
2025-11-01 16:49:55,496 - INFO - Gpu Temp Celsius Avg     : 42.9091
2025-11-01 16:49:55,496 - INFO - Gpu Temp Celsius Peak    : 47.0000
2025-11-01 16:49:55,496 - INFO - Gpu Utilization Percent Avg: 23.1364
2025-11-01 16:49:55,496 - INFO - Gpu Utilization Percent Peak: 97.0000
2025-11-01 16:49:55,496 - INFO - Gpu Mem Used Bytes Avg   : 5839716352.0000
2025-11-01 16:49:55,496 - INFO - Gpu Mem Used Bytes Peak  : 5839716352.0000
2025-11-01 16:49:55,496 - INFO - Gpu Vram Used Bytes      : 5839716352.0000
2025-11-01 16:49:55,496 - INFO - Accuracy                 : 0.5135
2025-11-01 16:49:55,496 - INFO - Precision                : 0.5083
2025-11-01 16:49:55,497 - INFO - Recall                   : 0.5135
2025-11-01 16:49:55,497 - INFO - F1 Score                 : 0.5061
2025-11-01 16:49:55,497 - INFO - ==================================================
2025-11-01 16:50:14,905 - INFO - Época 90 concluída. Loss média: 2.8313
2025-11-01 16:50:14,905 - INFO - Taxa de aprendizado ajustada para: 0.000100
2025-11-01 16:50:14,910 - INFO - Iniciando inferência com o modelo ShuffleNetV2...
2025-11-01 16:50:17,073 - INFO - ==================================================
2025-11-01 16:50:17,074 - INFO - EXPERIMENT RESULTS
2025-11-01 16:50:17,074 - INFO - ==================================================
2025-11-01 16:50:17,074 - INFO - Elapsed Time Seconds     : 2.1409
2025-11-01 16:50:17,074 - INFO - Cpu Usage Percent        : 2.6719
2025-11-01 16:50:17,074 - INFO - Ram Peak Usage Bytes     : 12444405760.0000
2025-11-01 16:50:17,074 - INFO - Disk Read Bytes          : 0.0000
2025-11-01 16:50:17,074 - INFO - Disk Write Bytes         : 278528.0000
2025-11-01 16:50:17,074 - INFO - Vram Peak Usage Bytes    : 1124251316.0000
2025-11-01 16:50:17,074 - INFO - Gpu Power Watts Avg      : 108.2309
2025-11-01 16:50:17,074 - INFO - Gpu Power Watts Peak     : 199.2250
2025-11-01 16:50:17,074 - INFO - Gpu Temp Celsius Avg     : 43.0476
2025-11-01 16:50:17,074 - INFO - Gpu Temp Celsius Peak    : 47.0000
2025-11-01 16:50:17,074 - INFO - Gpu Utilization Percent Avg: 21.3810
2025-11-01 16:50:17,074 - INFO - Gpu Utilization Percent Peak: 79.0000
2025-11-01 16:50:17,074 - INFO - Gpu Mem Used Bytes Avg   : 5839716352.0000
2025-11-01 16:50:17,074 - INFO - Gpu Mem Used Bytes Peak  : 5839716352.0000
2025-11-01 16:50:17,074 - INFO - Gpu Vram Used Bytes      : 5839716352.0000
2025-11-01 16:50:17,074 - INFO - Accuracy                 : 0.5124
2025-11-01 16:50:17,074 - INFO - Precision                : 0.5073
2025-11-01 16:50:17,074 - INFO - Recall                   : 0.5124
2025-11-01 16:50:17,074 - INFO - F1 Score                 : 0.5043
2025-11-01 16:50:17,074 - INFO - ==================================================
2025-11-01 16:50:35,655 - INFO - Época 91 concluída. Loss média: 2.8148
2025-11-01 16:50:35,655 - INFO - Taxa de aprendizado ajustada para: 0.000100
2025-11-01 16:50:35,660 - INFO - Iniciando inferência com o modelo ShuffleNetV2...
2025-11-01 16:50:37,815 - INFO - ==================================================
2025-11-01 16:50:37,815 - INFO - EXPERIMENT RESULTS
2025-11-01 16:50:37,815 - INFO - ==================================================
2025-11-01 16:50:37,815 - INFO - Elapsed Time Seconds     : 2.1323
2025-11-01 16:50:37,815 - INFO - Cpu Usage Percent        : 2.7094
2025-11-01 16:50:37,815 - INFO - Ram Peak Usage Bytes     : 12444405760.0000
2025-11-01 16:50:37,815 - INFO - Disk Read Bytes          : 0.0000
2025-11-01 16:50:37,815 - INFO - Disk Write Bytes         : 274432.0000
2025-11-01 16:50:37,815 - INFO - Vram Peak Usage Bytes    : 1124251316.0000
2025-11-01 16:50:37,815 - INFO - Gpu Power Watts Avg      : 107.0083
2025-11-01 16:50:37,815 - INFO - Gpu Power Watts Peak     : 205.3640
2025-11-01 16:50:37,815 - INFO - Gpu Temp Celsius Avg     : 43.2857
2025-11-01 16:50:37,815 - INFO - Gpu Temp Celsius Peak    : 47.0000
2025-11-01 16:50:37,815 - INFO - Gpu Utilization Percent Avg: 21.3810
2025-11-01 16:50:37,815 - INFO - Gpu Utilization Percent Peak: 91.0000
2025-11-01 16:50:37,815 - INFO - Gpu Mem Used Bytes Avg   : 5839716352.0000
2025-11-01 16:50:37,815 - INFO - Gpu Mem Used Bytes Peak  : 5839716352.0000
2025-11-01 16:50:37,815 - INFO - Gpu Vram Used Bytes      : 5839716352.0000
2025-11-01 16:50:37,815 - INFO - Accuracy                 : 0.5145
2025-11-01 16:50:37,815 - INFO - Precision                : 0.5107
2025-11-01 16:50:37,815 - INFO - Recall                   : 0.5145
2025-11-01 16:50:37,815 - INFO - F1 Score                 : 0.5070
2025-11-01 16:50:37,815 - INFO - ==================================================
2025-11-01 16:50:57,115 - INFO - Época 92 concluída. Loss média: 2.8152
2025-11-01 16:50:57,115 - INFO - Taxa de aprendizado ajustada para: 0.000100
2025-11-01 16:50:57,120 - INFO - Iniciando inferência com o modelo ShuffleNetV2...
2025-11-01 16:50:59,587 - INFO - ==================================================
2025-11-01 16:50:59,587 - INFO - EXPERIMENT RESULTS
2025-11-01 16:50:59,587 - INFO - ==================================================
2025-11-01 16:50:59,587 - INFO - Elapsed Time Seconds     : 2.4445
2025-11-01 16:50:59,587 - INFO - Cpu Usage Percent        : 2.3781
2025-11-01 16:50:59,587 - INFO - Ram Peak Usage Bytes     : 12444598272.0000
2025-11-01 16:50:59,587 - INFO - Disk Read Bytes          : 0.0000
2025-11-01 16:50:59,587 - INFO - Disk Write Bytes         : 0.0000
2025-11-01 16:50:59,587 - INFO - Vram Peak Usage Bytes    : 1124251316.0000
2025-11-01 16:50:59,587 - INFO - Gpu Power Watts Avg      : 101.5560
2025-11-01 16:50:59,587 - INFO - Gpu Power Watts Peak     : 201.8670
2025-11-01 16:50:59,587 - INFO - Gpu Temp Celsius Avg     : 43.0417
2025-11-01 16:50:59,587 - INFO - Gpu Temp Celsius Peak    : 47.0000
2025-11-01 16:50:59,587 - INFO - Gpu Utilization Percent Avg: 18.0833
2025-11-01 16:50:59,587 - INFO - Gpu Utilization Percent Peak: 92.0000
2025-11-01 16:50:59,587 - INFO - Gpu Mem Used Bytes Avg   : 5839716352.0000
2025-11-01 16:50:59,587 - INFO - Gpu Mem Used Bytes Peak  : 5839716352.0000
2025-11-01 16:50:59,587 - INFO - Gpu Vram Used Bytes      : 5839716352.0000
2025-11-01 16:50:59,587 - INFO - Accuracy                 : 0.5142
2025-11-01 16:50:59,587 - INFO - Precision                : 0.5093
2025-11-01 16:50:59,587 - INFO - Recall                   : 0.5142
2025-11-01 16:50:59,587 - INFO - F1 Score                 : 0.5063
2025-11-01 16:50:59,587 - INFO - ==================================================
2025-11-01 16:51:19,263 - INFO - Época 93 concluída. Loss média: 2.8149
2025-11-01 16:51:19,264 - INFO - Taxa de aprendizado ajustada para: 0.000100
2025-11-01 16:51:19,268 - INFO - Iniciando inferência com o modelo ShuffleNetV2...
2025-11-01 16:51:21,543 - INFO - ==================================================
2025-11-01 16:51:21,543 - INFO - EXPERIMENT RESULTS
2025-11-01 16:51:21,543 - INFO - ==================================================
2025-11-01 16:51:21,544 - INFO - Elapsed Time Seconds     : 2.2524
2025-11-01 16:51:21,544 - INFO - Cpu Usage Percent        : 2.5812
2025-11-01 16:51:21,544 - INFO - Ram Peak Usage Bytes     : 12444614656.0000
2025-11-01 16:51:21,544 - INFO - Disk Read Bytes          : 0.0000
2025-11-01 16:51:21,544 - INFO - Disk Write Bytes         : 0.0000
2025-11-01 16:51:21,544 - INFO - Vram Peak Usage Bytes    : 1124251316.0000
2025-11-01 16:51:21,544 - INFO - Gpu Power Watts Avg      : 98.8623
2025-11-01 16:51:21,544 - INFO - Gpu Power Watts Peak     : 195.9070
2025-11-01 16:51:21,544 - INFO - Gpu Temp Celsius Avg     : 42.8636
2025-11-01 16:51:21,544 - INFO - Gpu Temp Celsius Peak    : 48.0000
2025-11-01 16:51:21,544 - INFO - Gpu Utilization Percent Avg: 20.1818
2025-11-01 16:51:21,544 - INFO - Gpu Utilization Percent Peak: 68.0000
2025-11-01 16:51:21,544 - INFO - Gpu Mem Used Bytes Avg   : 5839716352.0000
2025-11-01 16:51:21,544 - INFO - Gpu Mem Used Bytes Peak  : 5839716352.0000
2025-11-01 16:51:21,544 - INFO - Gpu Vram Used Bytes      : 5839716352.0000
2025-11-01 16:51:21,544 - INFO - Accuracy                 : 0.5151
2025-11-01 16:51:21,544 - INFO - Precision                : 0.5102
2025-11-01 16:51:21,544 - INFO - Recall                   : 0.5151
2025-11-01 16:51:21,544 - INFO - F1 Score                 : 0.5074
2025-11-01 16:51:21,544 - INFO - ==================================================
2025-11-01 16:51:40,269 - INFO - Época 94 concluída. Loss média: 2.8145
2025-11-01 16:51:40,269 - INFO - Taxa de aprendizado ajustada para: 0.000100
2025-11-01 16:51:40,274 - INFO - Iniciando inferência com o modelo ShuffleNetV2...
2025-11-01 16:51:42,550 - INFO - ==================================================
2025-11-01 16:51:42,550 - INFO - EXPERIMENT RESULTS
2025-11-01 16:51:42,550 - INFO - ==================================================
2025-11-01 16:51:42,550 - INFO - Elapsed Time Seconds     : 2.2615
2025-11-01 16:51:42,550 - INFO - Cpu Usage Percent        : 2.5281
2025-11-01 16:51:42,550 - INFO - Ram Peak Usage Bytes     : 12444622848.0000
2025-11-01 16:51:42,550 - INFO - Disk Read Bytes          : 0.0000
2025-11-01 16:51:42,550 - INFO - Disk Write Bytes         : 397312.0000
2025-11-01 16:51:42,550 - INFO - Vram Peak Usage Bytes    : 1124251316.0000
2025-11-01 16:51:42,550 - INFO - Gpu Power Watts Avg      : 106.5699
2025-11-01 16:51:42,550 - INFO - Gpu Power Watts Peak     : 214.6060
2025-11-01 16:51:42,550 - INFO - Gpu Temp Celsius Avg     : 43.2273
2025-11-01 16:51:42,550 - INFO - Gpu Temp Celsius Peak    : 47.0000
2025-11-01 16:51:42,550 - INFO - Gpu Utilization Percent Avg: 20.2273
2025-11-01 16:51:42,550 - INFO - Gpu Utilization Percent Peak: 77.0000
2025-11-01 16:51:42,550 - INFO - Gpu Mem Used Bytes Avg   : 5839716352.0000
2025-11-01 16:51:42,550 - INFO - Gpu Mem Used Bytes Peak  : 5839716352.0000
2025-11-01 16:51:42,550 - INFO - Gpu Vram Used Bytes      : 5839716352.0000
2025-11-01 16:51:42,550 - INFO - Accuracy                 : 0.5138
2025-11-01 16:51:42,550 - INFO - Precision                : 0.5092
2025-11-01 16:51:42,550 - INFO - Recall                   : 0.5138
2025-11-01 16:51:42,550 - INFO - F1 Score                 : 0.5060
2025-11-01 16:51:42,550 - INFO - ==================================================
2025-11-01 16:52:00,807 - INFO - Época 95 concluída. Loss média: 2.8134
2025-11-01 16:52:00,807 - INFO - Taxa de aprendizado ajustada para: 0.000100
2025-11-01 16:52:00,812 - INFO - Iniciando inferência com o modelo ShuffleNetV2...
2025-11-01 16:52:03,892 - INFO - ==================================================
2025-11-01 16:52:03,892 - INFO - EXPERIMENT RESULTS
2025-11-01 16:52:03,892 - INFO - ==================================================
2025-11-01 16:52:03,892 - INFO - Elapsed Time Seconds     : 3.0572
2025-11-01 16:52:03,892 - INFO - Cpu Usage Percent        : 2.7906
2025-11-01 16:52:03,892 - INFO - Ram Peak Usage Bytes     : 12444643328.0000
2025-11-01 16:52:03,892 - INFO - Disk Read Bytes          : 0.0000
2025-11-01 16:52:03,892 - INFO - Disk Write Bytes         : 380928.0000
2025-11-01 16:52:03,892 - INFO - Vram Peak Usage Bytes    : 1124251316.0000
2025-11-01 16:52:03,892 - INFO - Gpu Power Watts Avg      : 97.5655
2025-11-01 16:52:03,892 - INFO - Gpu Power Watts Peak     : 204.5270
2025-11-01 16:52:03,892 - INFO - Gpu Temp Celsius Avg     : 42.6333
2025-11-01 16:52:03,892 - INFO - Gpu Temp Celsius Peak    : 46.0000
2025-11-01 16:52:03,892 - INFO - Gpu Utilization Percent Avg: 14.3333
2025-11-01 16:52:03,892 - INFO - Gpu Utilization Percent Peak: 65.0000
2025-11-01 16:52:03,892 - INFO - Gpu Mem Used Bytes Avg   : 5839716352.0000
2025-11-01 16:52:03,892 - INFO - Gpu Mem Used Bytes Peak  : 5839716352.0000
2025-11-01 16:52:03,892 - INFO - Gpu Vram Used Bytes      : 5839716352.0000
2025-11-01 16:52:03,892 - INFO - Accuracy                 : 0.5117
2025-11-01 16:52:03,892 - INFO - Precision                : 0.5072
2025-11-01 16:52:03,892 - INFO - Recall                   : 0.5117
2025-11-01 16:52:03,892 - INFO - F1 Score                 : 0.5040
2025-11-01 16:52:03,892 - INFO - ==================================================
2025-11-01 16:52:24,306 - INFO - Época 96 concluída. Loss média: 2.8164
2025-11-01 16:52:24,306 - INFO - Taxa de aprendizado ajustada para: 0.000100
2025-11-01 16:52:24,310 - INFO - Iniciando inferência com o modelo ShuffleNetV2...
2025-11-01 16:52:27,402 - INFO - ==================================================
2025-11-01 16:52:27,402 - INFO - EXPERIMENT RESULTS
2025-11-01 16:52:27,402 - INFO - ==================================================
2025-11-01 16:52:27,402 - INFO - Elapsed Time Seconds     : 3.0686
2025-11-01 16:52:27,402 - INFO - Cpu Usage Percent        : 2.8000
2025-11-01 16:52:27,402 - INFO - Ram Peak Usage Bytes     : 12444663808.0000
2025-11-01 16:52:27,402 - INFO - Disk Read Bytes          : 0.0000
2025-11-01 16:52:27,402 - INFO - Disk Write Bytes         : 0.0000
2025-11-01 16:52:27,402 - INFO - Vram Peak Usage Bytes    : 1124251316.0000
2025-11-01 16:52:27,402 - INFO - Gpu Power Watts Avg      : 94.1863
2025-11-01 16:52:27,402 - INFO - Gpu Power Watts Peak     : 200.8060
2025-11-01 16:52:27,402 - INFO - Gpu Temp Celsius Avg     : 42.8000
2025-11-01 16:52:27,402 - INFO - Gpu Temp Celsius Peak    : 46.0000
2025-11-01 16:52:27,402 - INFO - Gpu Utilization Percent Avg: 15.3333
2025-11-01 16:52:27,402 - INFO - Gpu Utilization Percent Peak: 92.0000
2025-11-01 16:52:27,402 - INFO - Gpu Mem Used Bytes Avg   : 5839716352.0000
2025-11-01 16:52:27,402 - INFO - Gpu Mem Used Bytes Peak  : 5839716352.0000
2025-11-01 16:52:27,402 - INFO - Gpu Vram Used Bytes      : 5839716352.0000
2025-11-01 16:52:27,402 - INFO - Accuracy                 : 0.5147
2025-11-01 16:52:27,402 - INFO - Precision                : 0.5098
2025-11-01 16:52:27,402 - INFO - Recall                   : 0.5147
2025-11-01 16:52:27,402 - INFO - F1 Score                 : 0.5070
2025-11-01 16:52:27,402 - INFO - ==================================================
2025-11-01 16:52:46,706 - INFO - Época 97 concluída. Loss média: 2.8112
2025-11-01 16:52:46,707 - INFO - Taxa de aprendizado ajustada para: 0.000100
2025-11-01 16:52:46,711 - INFO - Iniciando inferência com o modelo ShuffleNetV2...
2025-11-01 16:52:49,092 - INFO - ==================================================
2025-11-01 16:52:49,093 - INFO - EXPERIMENT RESULTS
2025-11-01 16:52:49,093 - INFO - ==================================================
2025-11-01 16:52:49,093 - INFO - Elapsed Time Seconds     : 2.3586
2025-11-01 16:52:49,093 - INFO - Cpu Usage Percent        : 2.4500
2025-11-01 16:52:49,093 - INFO - Ram Peak Usage Bytes     : 12444680192.0000
2025-11-01 16:52:49,093 - INFO - Disk Read Bytes          : 0.0000
2025-11-01 16:52:49,093 - INFO - Disk Write Bytes         : 0.0000
2025-11-01 16:52:49,093 - INFO - Vram Peak Usage Bytes    : 1124251316.0000
2025-11-01 16:52:49,093 - INFO - Gpu Power Watts Avg      : 100.4521
2025-11-01 16:52:49,093 - INFO - Gpu Power Watts Peak     : 194.9130
2025-11-01 16:52:49,093 - INFO - Gpu Temp Celsius Avg     : 43.1304
2025-11-01 16:52:49,093 - INFO - Gpu Temp Celsius Peak    : 47.0000
2025-11-01 16:52:49,093 - INFO - Gpu Utilization Percent Avg: 17.1304
2025-11-01 16:52:49,093 - INFO - Gpu Utilization Percent Peak: 92.0000
2025-11-01 16:52:49,093 - INFO - Gpu Mem Used Bytes Avg   : 5839716352.0000
2025-11-01 16:52:49,093 - INFO - Gpu Mem Used Bytes Peak  : 5839716352.0000
2025-11-01 16:52:49,093 - INFO - Gpu Vram Used Bytes      : 5839716352.0000
2025-11-01 16:52:49,093 - INFO - Accuracy                 : 0.5141
2025-11-01 16:52:49,093 - INFO - Precision                : 0.5094
2025-11-01 16:52:49,093 - INFO - Recall                   : 0.5141
2025-11-01 16:52:49,093 - INFO - F1 Score                 : 0.5065
2025-11-01 16:52:49,093 - INFO - ==================================================
2025-11-01 16:53:08,161 - INFO - Época 98 concluída. Loss média: 2.8131
2025-11-01 16:53:08,161 - INFO - Taxa de aprendizado ajustada para: 0.000100
2025-11-01 16:53:08,166 - INFO - Iniciando inferência com o modelo ShuffleNetV2...
2025-11-01 16:53:10,418 - INFO - ==================================================
2025-11-01 16:53:10,419 - INFO - EXPERIMENT RESULTS
2025-11-01 16:53:10,419 - INFO - ==================================================
2025-11-01 16:53:10,419 - INFO - Elapsed Time Seconds     : 2.2305
2025-11-01 16:53:10,419 - INFO - Cpu Usage Percent        : 2.6469
2025-11-01 16:53:10,419 - INFO - Ram Peak Usage Bytes     : 12444696576.0000
2025-11-01 16:53:10,419 - INFO - Disk Read Bytes          : 0.0000
2025-11-01 16:53:10,419 - INFO - Disk Write Bytes         : 0.0000
2025-11-01 16:53:10,419 - INFO - Vram Peak Usage Bytes    : 1124251316.0000
2025-11-01 16:53:10,419 - INFO - Gpu Power Watts Avg      : 102.8316
2025-11-01 16:53:10,419 - INFO - Gpu Power Watts Peak     : 194.8660
2025-11-01 16:53:10,419 - INFO - Gpu Temp Celsius Avg     : 43.3636
2025-11-01 16:53:10,419 - INFO - Gpu Temp Celsius Peak    : 49.0000
2025-11-01 16:53:10,419 - INFO - Gpu Utilization Percent Avg: 19.0000
2025-11-01 16:53:10,419 - INFO - Gpu Utilization Percent Peak: 99.0000
2025-11-01 16:53:10,419 - INFO - Gpu Mem Used Bytes Avg   : 5839716352.0000
2025-11-01 16:53:10,419 - INFO - Gpu Mem Used Bytes Peak  : 5839716352.0000
2025-11-01 16:53:10,419 - INFO - Gpu Vram Used Bytes      : 5839716352.0000
2025-11-01 16:53:10,419 - INFO - Accuracy                 : 0.5142
2025-11-01 16:53:10,419 - INFO - Precision                : 0.5099
2025-11-01 16:53:10,419 - INFO - Recall                   : 0.5142
2025-11-01 16:53:10,419 - INFO - F1 Score                 : 0.5067
2025-11-01 16:53:10,419 - INFO - ==================================================
2025-11-01 16:53:30,119 - INFO - Época 99 concluída. Loss média: 2.8115
2025-11-01 16:53:30,119 - INFO - Taxa de aprendizado ajustada para: 0.000100
2025-11-01 16:53:30,124 - INFO - Iniciando inferência com o modelo ShuffleNetV2...
2025-11-01 16:53:33,294 - INFO - ==================================================
2025-11-01 16:53:33,294 - INFO - EXPERIMENT RESULTS
2025-11-01 16:53:33,294 - INFO - ==================================================
2025-11-01 16:53:33,294 - INFO - Elapsed Time Seconds     : 3.1472
2025-11-01 16:53:33,294 - INFO - Cpu Usage Percent        : 2.7500
2025-11-01 16:53:33,294 - INFO - Ram Peak Usage Bytes     : 12444717056.0000
2025-11-01 16:53:33,294 - INFO - Disk Read Bytes          : 0.0000
2025-11-01 16:53:33,294 - INFO - Disk Write Bytes         : 16384.0000
2025-11-01 16:53:33,294 - INFO - Vram Peak Usage Bytes    : 1124251316.0000
2025-11-01 16:53:33,294 - INFO - Gpu Power Watts Avg      : 88.7382
2025-11-01 16:53:33,294 - INFO - Gpu Power Watts Peak     : 204.6080
2025-11-01 16:53:33,294 - INFO - Gpu Temp Celsius Avg     : 42.4516
2025-11-01 16:53:33,294 - INFO - Gpu Temp Celsius Peak    : 46.0000
2025-11-01 16:53:33,294 - INFO - Gpu Utilization Percent Avg: 15.9355
2025-11-01 16:53:33,294 - INFO - Gpu Utilization Percent Peak: 97.0000
2025-11-01 16:53:33,294 - INFO - Gpu Mem Used Bytes Avg   : 5839716352.0000
2025-11-01 16:53:33,294 - INFO - Gpu Mem Used Bytes Peak  : 5839716352.0000
2025-11-01 16:53:33,294 - INFO - Gpu Vram Used Bytes      : 5839716352.0000
2025-11-01 16:53:33,294 - INFO - Accuracy                 : 0.5138
2025-11-01 16:53:33,294 - INFO - Precision                : 0.5086
2025-11-01 16:53:33,294 - INFO - Recall                   : 0.5138
2025-11-01 16:53:33,294 - INFO - F1 Score                 : 0.5057
2025-11-01 16:53:33,294 - INFO - ==================================================
2025-11-01 16:53:57,127 - INFO - Época 100 concluída. Loss média: 2.8090
2025-11-01 16:53:57,128 - INFO - Taxa de aprendizado ajustada para: 0.000100
2025-11-01 16:53:57,132 - INFO - Iniciando inferência com o modelo ShuffleNetV2...
2025-11-01 16:53:59,432 - INFO - ==================================================
2025-11-01 16:53:59,432 - INFO - EXPERIMENT RESULTS
2025-11-01 16:53:59,432 - INFO - ==================================================
2025-11-01 16:53:59,432 - INFO - Elapsed Time Seconds     : 2.2773
2025-11-01 16:53:59,432 - INFO - Cpu Usage Percent        : 2.5375
2025-11-01 16:53:59,432 - INFO - Ram Peak Usage Bytes     : 12444749824.0000
2025-11-01 16:53:59,432 - INFO - Disk Read Bytes          : 0.0000
2025-11-01 16:53:59,432 - INFO - Disk Write Bytes         : 0.0000
2025-11-01 16:53:59,432 - INFO - Vram Peak Usage Bytes    : 1124251316.0000
2025-11-01 16:53:59,432 - INFO - Gpu Power Watts Avg      : 95.1058
2025-11-01 16:53:59,432 - INFO - Gpu Power Watts Peak     : 158.1390
2025-11-01 16:53:59,432 - INFO - Gpu Temp Celsius Avg     : 43.0455
2025-11-01 16:53:59,432 - INFO - Gpu Temp Celsius Peak    : 48.0000
2025-11-01 16:53:59,432 - INFO - Gpu Utilization Percent Avg: 23.0455
2025-11-01 16:53:59,432 - INFO - Gpu Utilization Percent Peak: 97.0000
2025-11-01 16:53:59,432 - INFO - Gpu Mem Used Bytes Avg   : 5839716352.0000
2025-11-01 16:53:59,432 - INFO - Gpu Mem Used Bytes Peak  : 5839716352.0000
2025-11-01 16:53:59,432 - INFO - Gpu Vram Used Bytes      : 5839716352.0000
2025-11-01 16:53:59,432 - INFO - Accuracy                 : 0.5140
2025-11-01 16:53:59,432 - INFO - Precision                : 0.5085
2025-11-01 16:53:59,432 - INFO - Recall                   : 0.5140
2025-11-01 16:53:59,432 - INFO - F1 Score                 : 0.5057
2025-11-01 16:53:59,432 - INFO - ==================================================
2025-11-01 16:53:59,514 - INFO - Métricas de performance do treinamento:
2025-11-01 16:53:59,514 - INFO - ==================================================
2025-11-01 16:53:59,515 - INFO - EXPERIMENT RESULTS
2025-11-01 16:53:59,515 - INFO - ==================================================
2025-11-01 16:53:59,515 - INFO - Elapsed Time Seconds     : 2373.0096
2025-11-01 16:53:59,515 - INFO - Cpu Usage Percent        : 4.6688
2025-11-01 16:53:59,515 - INFO - Ram Peak Usage Bytes     : 12444663808.0000
2025-11-01 16:53:59,515 - INFO - Disk Read Bytes          : 827392.0000
2025-11-01 16:53:59,515 - INFO - Disk Write Bytes         : 438943744.0000
2025-11-01 16:53:59,515 - INFO - Vram Peak Usage Bytes    : 1124251316.0000
2025-11-01 16:53:59,515 - INFO - Gpu Power Watts Avg      : 146.5968
2025-11-01 16:53:59,515 - INFO - Gpu Power Watts Peak     : 221.7430
2025-11-01 16:53:59,515 - INFO - Gpu Temp Celsius Avg     : 45.5713
2025-11-01 16:53:59,515 - INFO - Gpu Temp Celsius Peak    : 52.0000
2025-11-01 16:53:59,515 - INFO - Gpu Utilization Percent Avg: 57.1894
2025-11-01 16:53:59,515 - INFO - Gpu Utilization Percent Peak: 99.0000
2025-11-01 16:53:59,515 - INFO - Gpu Mem Used Bytes Avg   : 5822358752.6312
2025-11-01 16:53:59,515 - INFO - Gpu Mem Used Bytes Peak  : 5839716352.0000
2025-11-01 16:53:59,515 - INFO - Gpu Vram Used Bytes      : 5839716352.0000
2025-11-01 16:53:59,515 - INFO - ==================================================
2025-11-01 16:53:59,785 - INFO - Modelo salvo em: trained_models/shufflenet_v2_final.pth
2025-11-01 16:53:59,795 - INFO - Pipeline de treinamento concluído. Modelo salvo em: trained_models/shufflenet_v2_final.pth
2025-11-01 16:53:59,796 - INFO - Iniciando pipeline de inferência para avaliação final no conjunto de validação...
2025-11-01 16:53:59,878 - INFO - Iniciando inferência com o modelo ShuffleNetV2...
2025-11-01 16:54:02,959 - INFO - ==================================================
2025-11-01 16:54:02,959 - INFO - EXPERIMENT RESULTS
2025-11-01 16:54:02,959 - INFO - ==================================================
2025-11-01 16:54:02,959 - INFO - Elapsed Time Seconds     : 3.0584
2025-11-01 16:54:02,959 - INFO - Cpu Usage Percent        : 2.7781
2025-11-01 16:54:02,959 - INFO - Ram Peak Usage Bytes     : 12426334208.0000
2025-11-01 16:54:02,959 - INFO - Disk Read Bytes          : 0.0000
2025-11-01 16:54:02,959 - INFO - Disk Write Bytes         : 356352.0000
2025-11-01 16:54:02,959 - INFO - Vram Peak Usage Bytes    : 1022899688.0000
2025-11-01 16:54:02,959 - INFO - Gpu Power Watts Avg      : 64.8349
2025-11-01 16:54:02,959 - INFO - Gpu Power Watts Peak     : 93.5760
2025-11-01 16:54:02,959 - INFO - Gpu Temp Celsius Avg     : 41.4000
2025-11-01 16:54:02,959 - INFO - Gpu Temp Celsius Peak    : 45.0000
2025-11-01 16:54:02,959 - INFO - Gpu Utilization Percent Avg: 13.4667
2025-11-01 16:54:02,959 - INFO - Gpu Utilization Percent Peak: 56.0000
2025-11-01 16:54:02,959 - INFO - Gpu Mem Used Bytes Avg   : 5839716352.0000
2025-11-01 16:54:02,959 - INFO - Gpu Mem Used Bytes Peak  : 5839716352.0000
2025-11-01 16:54:02,959 - INFO - Gpu Vram Used Bytes      : 5839716352.0000
2025-11-01 16:54:02,959 - INFO - Accuracy                 : 0.5140
2025-11-01 16:54:02,959 - INFO - Precision                : 0.5085
2025-11-01 16:54:02,959 - INFO - Recall                   : 0.5140
2025-11-01 16:54:02,959 - INFO - F1 Score                 : 0.5057
2025-11-01 16:54:02,959 - INFO - ==================================================
2025-11-01 16:54:02,959 - INFO - Projeto executado com sucesso!
