2025-11-21 12:39:02,440 - INFO - ==================================================
2025-11-21 12:39:02,440 - INFO - EXPERIMENT CONFIGURATION
2025-11-21 12:39:02,440 - INFO - ==================================================
2025-11-21 12:39:02,440 - INFO - Model Name          : densenet121
2025-11-21 12:39:02,440 - INFO - Config File         : configs/densenet121_config.yaml
2025-11-21 12:39:02,440 - INFO - Train Data          : /scratch/ehdmenezes//tiny-imagenet-200/train
2025-11-21 12:39:02,440 - INFO - Validation Data     : /scratch/ehdmenezes//tiny-imagenet-200/val
2025-11-21 12:39:02,440 - INFO - model_params        : {'num_classes': 200}
2025-11-21 12:39:02,440 - INFO - train_params        : {'epochs': 100, 'batch_size': 16, 'learning_rate': 0.1}
2025-11-21 12:39:02,440 - INFO - inference_params    : {'batch_size': 16}
2025-11-21 12:39:02,440 - INFO - scheduler_params    : {'type': 'StepLR', 'step_size': 30, 'gamma': 0.1}
2025-11-21 12:39:02,440 - INFO - ==================================================
2025-11-21 12:39:02,462 - INFO - Semente aleatória para esta execução foi fixada em: 62
2025-11-21 12:39:02,462 - INFO - Configuração de treinamento: {'model_params': {'num_classes': 200}, 'train_params': {'epochs': 100, 'batch_size': 16, 'learning_rate': 0.1}, 'inference_params': {'batch_size': 16}, 'scheduler_params': {'type': 'StepLR', 'step_size': 30, 'gamma': 0.1}}
2025-11-21 12:39:03,243 - INFO - Usando otimizador SGD com momento e weight decay.
2025-11-21 12:39:03,244 - INFO - Usando StepLR scheduler com step_size=30 e gamma=0.1.
2025-11-21 12:39:03,244 - INFO - AMP (Automatic Mixed Precision) ativado.
2025-11-21 12:39:03,244 - INFO - Iniciando treinamento do modelo densenet121 no dispositivo cuda.
2025-11-21 13:01:09,568 - INFO - Época 1 concluída. Loss média: 5.0996
2025-11-21 13:01:09,568 - INFO - Taxa de aprendizado ajustada para: 0.100000
2025-11-21 13:01:09,594 - INFO - Iniciando inferência com o modelo DenseNet121...
2025-11-21 13:01:49,617 - INFO - ==================================================
2025-11-21 13:01:49,618 - INFO - EXPERIMENT RESULTS
2025-11-21 13:01:49,618 - INFO - ==================================================
2025-11-21 13:01:49,618 - INFO - Elapsed Time Seconds     : 39.9769
2025-11-21 13:01:49,618 - INFO - Cpu Usage Percent        : 6.7375
2025-11-21 13:01:49,618 - INFO - Ram Peak Usage Bytes     : 2377310208.0000
2025-11-21 13:01:49,618 - INFO - Disk Read Bytes          : 0.0000
2025-11-21 13:01:49,618 - INFO - Disk Write Bytes         : 9322496.0000
2025-11-21 13:01:49,618 - INFO - Vram Peak Usage Bytes    : 1421110500.0000
2025-11-21 13:01:49,618 - INFO - Gpu Power Watts Avg      : 356.4643
2025-11-21 13:01:49,619 - INFO - Gpu Power Watts Peak     : 362.3800
2025-11-21 13:01:49,619 - INFO - Gpu Temp Celsius Avg     : 70.4586
2025-11-21 13:01:49,619 - INFO - Gpu Temp Celsius Peak    : 71.0000
2025-11-21 13:01:49,619 - INFO - Gpu Utilization Percent Avg: 97.8045
2025-11-21 13:01:49,619 - INFO - Gpu Utilization Percent Peak: 100.0000
2025-11-21 13:01:49,619 - INFO - Gpu Mem Used Bytes Avg   : 17464229888.0000
2025-11-21 13:01:49,619 - INFO - Gpu Mem Used Bytes Peak  : 17464229888.0000
2025-11-21 13:01:49,619 - INFO - Gpu Vram Used Bytes      : 17464229888.0000
2025-11-21 13:01:49,619 - INFO - Accuracy                 : 0.0389
2025-11-21 13:01:49,619 - INFO - Precision                : 0.0463
2025-11-21 13:01:49,619 - INFO - Recall                   : 0.0389
2025-11-21 13:01:49,619 - INFO - F1 Score                 : 0.0202
2025-11-21 13:01:49,619 - INFO - ==================================================
2025-11-21 13:23:55,186 - INFO - Época 2 concluída. Loss média: 4.8618
2025-11-21 13:23:55,187 - INFO - Taxa de aprendizado ajustada para: 0.100000
2025-11-21 13:23:55,196 - INFO - Iniciando inferência com o modelo DenseNet121...
2025-11-21 13:24:35,371 - INFO - ==================================================
2025-11-21 13:24:35,372 - INFO - EXPERIMENT RESULTS
2025-11-21 13:24:35,372 - INFO - ==================================================
2025-11-21 13:24:35,372 - INFO - Elapsed Time Seconds     : 40.1287
2025-11-21 13:24:35,372 - INFO - Cpu Usage Percent        : 6.7313
2025-11-21 13:24:35,372 - INFO - Ram Peak Usage Bytes     : 2383466496.0000
2025-11-21 13:24:35,372 - INFO - Disk Read Bytes          : 0.0000
2025-11-21 13:24:35,372 - INFO - Disk Write Bytes         : 528384.0000
2025-11-21 13:24:35,372 - INFO - Vram Peak Usage Bytes    : 1421110500.0000
2025-11-21 13:24:35,372 - INFO - Gpu Power Watts Avg      : 348.8841
2025-11-21 13:24:35,372 - INFO - Gpu Power Watts Peak     : 354.9850
2025-11-21 13:24:35,372 - INFO - Gpu Temp Celsius Avg     : 70.2600
2025-11-21 13:24:35,372 - INFO - Gpu Temp Celsius Peak    : 71.0000
2025-11-21 13:24:35,373 - INFO - Gpu Utilization Percent Avg: 97.7675
2025-11-21 13:24:35,373 - INFO - Gpu Utilization Percent Peak: 100.0000
2025-11-21 13:24:35,373 - INFO - Gpu Mem Used Bytes Avg   : 17464229888.0000
2025-11-21 13:24:35,373 - INFO - Gpu Mem Used Bytes Peak  : 17464229888.0000
2025-11-21 13:24:35,373 - INFO - Gpu Vram Used Bytes      : 17464229888.0000
2025-11-21 13:24:35,373 - INFO - Accuracy                 : 0.0657
2025-11-21 13:24:35,373 - INFO - Precision                : 0.0637
2025-11-21 13:24:35,373 - INFO - Recall                   : 0.0657
2025-11-21 13:24:35,373 - INFO - F1 Score                 : 0.0425
2025-11-21 13:24:35,373 - INFO - ==================================================
2025-11-21 13:46:41,100 - INFO - Época 3 concluída. Loss média: 4.7754
2025-11-21 13:46:41,101 - INFO - Taxa de aprendizado ajustada para: 0.100000
2025-11-21 13:46:41,109 - INFO - Iniciando inferência com o modelo DenseNet121...
2025-11-21 13:47:21,290 - INFO - ==================================================
2025-11-21 13:47:21,290 - INFO - EXPERIMENT RESULTS
2025-11-21 13:47:21,290 - INFO - ==================================================
2025-11-21 13:47:21,290 - INFO - Elapsed Time Seconds     : 40.1340
2025-11-21 13:47:21,290 - INFO - Cpu Usage Percent        : 6.7188
2025-11-21 13:47:21,290 - INFO - Ram Peak Usage Bytes     : 2385489920.0000
2025-11-21 13:47:21,290 - INFO - Disk Read Bytes          : 0.0000
2025-11-21 13:47:21,290 - INFO - Disk Write Bytes         : 446464.0000
2025-11-21 13:47:21,290 - INFO - Vram Peak Usage Bytes    : 1421110500.0000
2025-11-21 13:47:21,290 - INFO - Gpu Power Watts Avg      : 336.1129
2025-11-21 13:47:21,290 - INFO - Gpu Power Watts Peak     : 341.9950
2025-11-21 13:47:21,290 - INFO - Gpu Temp Celsius Avg     : 69.5525
2025-11-21 13:47:21,290 - INFO - Gpu Temp Celsius Peak    : 71.0000
2025-11-21 13:47:21,290 - INFO - Gpu Utilization Percent Avg: 97.6625
2025-11-21 13:47:21,290 - INFO - Gpu Utilization Percent Peak: 100.0000
2025-11-21 13:47:21,290 - INFO - Gpu Mem Used Bytes Avg   : 17497784320.0000
2025-11-21 13:47:21,290 - INFO - Gpu Mem Used Bytes Peak  : 17497784320.0000
2025-11-21 13:47:21,291 - INFO - Gpu Vram Used Bytes      : 17497784320.0000
2025-11-21 13:47:21,291 - INFO - Accuracy                 : 0.0560
2025-11-21 13:47:21,291 - INFO - Precision                : 0.0784
2025-11-21 13:47:21,291 - INFO - Recall                   : 0.0560
2025-11-21 13:47:21,291 - INFO - F1 Score                 : 0.0371
2025-11-21 13:47:21,291 - INFO - ==================================================
2025-11-21 14:09:26,135 - INFO - Época 4 concluída. Loss média: 4.7608
2025-11-21 14:09:26,135 - INFO - Taxa de aprendizado ajustada para: 0.100000
2025-11-21 14:09:26,144 - INFO - Iniciando inferência com o modelo DenseNet121...
2025-11-21 14:10:06,226 - INFO - ==================================================
2025-11-21 14:10:06,226 - INFO - EXPERIMENT RESULTS
2025-11-21 14:10:06,226 - INFO - ==================================================
2025-11-21 14:10:06,226 - INFO - Elapsed Time Seconds     : 40.0340
2025-11-21 14:10:06,226 - INFO - Cpu Usage Percent        : 6.7313
2025-11-21 14:10:06,226 - INFO - Ram Peak Usage Bytes     : 2386321408.0000
2025-11-21 14:10:06,226 - INFO - Disk Read Bytes          : 0.0000
2025-11-21 14:10:06,226 - INFO - Disk Write Bytes         : 393216.0000
2025-11-21 14:10:06,226 - INFO - Vram Peak Usage Bytes    : 1421110500.0000
2025-11-21 14:10:06,226 - INFO - Gpu Power Watts Avg      : 324.9175
2025-11-21 14:10:06,226 - INFO - Gpu Power Watts Peak     : 330.2060
2025-11-21 14:10:06,226 - INFO - Gpu Temp Celsius Avg     : 68.7870
2025-11-21 14:10:06,226 - INFO - Gpu Temp Celsius Peak    : 70.0000
2025-11-21 14:10:06,226 - INFO - Gpu Utilization Percent Avg: 97.9098
2025-11-21 14:10:06,227 - INFO - Gpu Utilization Percent Peak: 100.0000
2025-11-21 14:10:06,227 - INFO - Gpu Mem Used Bytes Avg   : 17497784320.0000
2025-11-21 14:10:06,227 - INFO - Gpu Mem Used Bytes Peak  : 17497784320.0000
2025-11-21 14:10:06,227 - INFO - Gpu Vram Used Bytes      : 17497784320.0000
2025-11-21 14:10:06,227 - INFO - Accuracy                 : 0.0580
2025-11-21 14:10:06,227 - INFO - Precision                : 0.0585
2025-11-21 14:10:06,227 - INFO - Recall                   : 0.0580
2025-11-21 14:10:06,227 - INFO - F1 Score                 : 0.0342
2025-11-21 14:10:06,227 - INFO - ==================================================
2025-11-21 14:32:10,530 - INFO - Época 5 concluída. Loss média: 4.7774
2025-11-21 14:32:10,531 - INFO - Taxa de aprendizado ajustada para: 0.100000
2025-11-21 14:32:10,540 - INFO - Iniciando inferência com o modelo DenseNet121...
2025-11-21 14:32:50,618 - INFO - ==================================================
2025-11-21 14:32:50,618 - INFO - EXPERIMENT RESULTS
2025-11-21 14:32:50,618 - INFO - ==================================================
2025-11-21 14:32:50,618 - INFO - Elapsed Time Seconds     : 40.0234
2025-11-21 14:32:50,618 - INFO - Cpu Usage Percent        : 6.7250
2025-11-21 14:32:50,618 - INFO - Ram Peak Usage Bytes     : 2387881984.0000
2025-11-21 14:32:50,619 - INFO - Disk Read Bytes          : 0.0000
2025-11-21 14:32:50,619 - INFO - Disk Write Bytes         : 294912.0000
2025-11-21 14:32:50,619 - INFO - Vram Peak Usage Bytes    : 1421110500.0000
2025-11-21 14:32:50,619 - INFO - Gpu Power Watts Avg      : 311.5019
2025-11-21 14:32:50,619 - INFO - Gpu Power Watts Peak     : 319.3490
2025-11-21 14:32:50,619 - INFO - Gpu Temp Celsius Avg     : 67.5990
2025-11-21 14:32:50,619 - INFO - Gpu Temp Celsius Peak    : 69.0000
2025-11-21 14:32:50,619 - INFO - Gpu Utilization Percent Avg: 97.7368
2025-11-21 14:32:50,619 - INFO - Gpu Utilization Percent Peak: 100.0000
2025-11-21 14:32:50,619 - INFO - Gpu Mem Used Bytes Avg   : 17497784320.0000
2025-11-21 14:32:50,619 - INFO - Gpu Mem Used Bytes Peak  : 17497784320.0000
2025-11-21 14:32:50,619 - INFO - Gpu Vram Used Bytes      : 17497784320.0000
2025-11-21 14:32:50,619 - INFO - Accuracy                 : 0.0609
2025-11-21 14:32:50,619 - INFO - Precision                : 0.0636
2025-11-21 14:32:50,619 - INFO - Recall                   : 0.0609
2025-11-21 14:32:50,619 - INFO - F1 Score                 : 0.0386
2025-11-21 14:32:50,619 - INFO - ==================================================
2025-11-21 14:54:53,705 - INFO - Época 6 concluída. Loss média: 4.7833
2025-11-21 14:54:53,705 - INFO - Taxa de aprendizado ajustada para: 0.100000
2025-11-21 14:54:53,714 - INFO - Iniciando inferência com o modelo DenseNet121...
2025-11-21 14:55:33,654 - INFO - ==================================================
2025-11-21 14:55:33,654 - INFO - EXPERIMENT RESULTS
2025-11-21 14:55:33,654 - INFO - ==================================================
2025-11-21 14:55:33,654 - INFO - Elapsed Time Seconds     : 39.8925
2025-11-21 14:55:33,654 - INFO - Cpu Usage Percent        : 6.7313
2025-11-21 14:55:33,654 - INFO - Ram Peak Usage Bytes     : 2392776704.0000
2025-11-21 14:55:33,654 - INFO - Disk Read Bytes          : 0.0000
2025-11-21 14:55:33,654 - INFO - Disk Write Bytes         : 405504.0000
2025-11-21 14:55:33,654 - INFO - Vram Peak Usage Bytes    : 1421110500.0000
2025-11-21 14:55:33,654 - INFO - Gpu Power Watts Avg      : 305.2804
2025-11-21 14:55:33,654 - INFO - Gpu Power Watts Peak     : 312.4310
2025-11-21 14:55:33,654 - INFO - Gpu Temp Celsius Avg     : 67.2940
2025-11-21 14:55:33,655 - INFO - Gpu Temp Celsius Peak    : 68.0000
2025-11-21 14:55:33,655 - INFO - Gpu Utilization Percent Avg: 97.6809
2025-11-21 14:55:33,655 - INFO - Gpu Utilization Percent Peak: 100.0000
2025-11-21 14:55:33,655 - INFO - Gpu Mem Used Bytes Avg   : 17497784320.0000
2025-11-21 14:55:33,655 - INFO - Gpu Mem Used Bytes Peak  : 17497784320.0000
2025-11-21 14:55:33,655 - INFO - Gpu Vram Used Bytes      : 17497784320.0000
2025-11-21 14:55:33,655 - INFO - Accuracy                 : 0.0574
2025-11-21 14:55:33,655 - INFO - Precision                : 0.0675
2025-11-21 14:55:33,655 - INFO - Recall                   : 0.0574
2025-11-21 14:55:33,655 - INFO - F1 Score                 : 0.0303
2025-11-21 14:55:33,655 - INFO - ==================================================
2025-11-21 15:17:37,250 - INFO - Época 7 concluída. Loss média: 4.7743
2025-11-21 15:17:37,251 - INFO - Taxa de aprendizado ajustada para: 0.100000
2025-11-21 15:17:37,259 - INFO - Iniciando inferência com o modelo DenseNet121...
2025-11-21 15:18:17,202 - INFO - ==================================================
2025-11-21 15:18:17,202 - INFO - EXPERIMENT RESULTS
2025-11-21 15:18:17,202 - INFO - ==================================================
2025-11-21 15:18:17,202 - INFO - Elapsed Time Seconds     : 39.8951
2025-11-21 15:18:17,202 - INFO - Cpu Usage Percent        : 6.7313
2025-11-21 15:18:17,202 - INFO - Ram Peak Usage Bytes     : 2394677248.0000
2025-11-21 15:18:17,202 - INFO - Disk Read Bytes          : 0.0000
2025-11-21 15:18:17,202 - INFO - Disk Write Bytes         : 397312.0000
2025-11-21 15:18:17,202 - INFO - Vram Peak Usage Bytes    : 1421110500.0000
2025-11-21 15:18:17,202 - INFO - Gpu Power Watts Avg      : 302.4261
2025-11-21 15:18:17,202 - INFO - Gpu Power Watts Peak     : 310.1360
2025-11-21 15:18:17,202 - INFO - Gpu Temp Celsius Avg     : 66.9497
2025-11-21 15:18:17,202 - INFO - Gpu Temp Celsius Peak    : 68.0000
2025-11-21 15:18:17,202 - INFO - Gpu Utilization Percent Avg: 97.7889
2025-11-21 15:18:17,203 - INFO - Gpu Utilization Percent Peak: 100.0000
2025-11-21 15:18:17,203 - INFO - Gpu Mem Used Bytes Avg   : 17497784320.0000
2025-11-21 15:18:17,203 - INFO - Gpu Mem Used Bytes Peak  : 17497784320.0000
2025-11-21 15:18:17,203 - INFO - Gpu Vram Used Bytes      : 17497784320.0000
2025-11-21 15:18:17,203 - INFO - Accuracy                 : 0.0535
2025-11-21 15:18:17,203 - INFO - Precision                : 0.0769
2025-11-21 15:18:17,203 - INFO - Recall                   : 0.0535
2025-11-21 15:18:17,203 - INFO - F1 Score                 : 0.0355
2025-11-21 15:18:17,203 - INFO - ==================================================
2025-11-21 15:40:20,761 - INFO - Época 8 concluída. Loss média: 4.7982
2025-11-21 15:40:20,761 - INFO - Taxa de aprendizado ajustada para: 0.100000
2025-11-21 15:40:20,770 - INFO - Iniciando inferência com o modelo DenseNet121...
2025-11-21 15:41:00,822 - INFO - ==================================================
2025-11-21 15:41:00,822 - INFO - EXPERIMENT RESULTS
2025-11-21 15:41:00,822 - INFO - ==================================================
2025-11-21 15:41:00,822 - INFO - Elapsed Time Seconds     : 40.0036
2025-11-21 15:41:00,822 - INFO - Cpu Usage Percent        : 6.7125
2025-11-21 15:41:00,822 - INFO - Ram Peak Usage Bytes     : 2397630464.0000
2025-11-21 15:41:00,822 - INFO - Disk Read Bytes          : 0.0000
2025-11-21 15:41:00,822 - INFO - Disk Write Bytes         : 331776.0000
2025-11-21 15:41:00,822 - INFO - Vram Peak Usage Bytes    : 1421110500.0000
2025-11-21 15:41:00,822 - INFO - Gpu Power Watts Avg      : 300.9201
2025-11-21 15:41:00,822 - INFO - Gpu Power Watts Peak     : 306.3340
2025-11-21 15:41:00,822 - INFO - Gpu Temp Celsius Avg     : 67.0000
2025-11-21 15:41:00,822 - INFO - Gpu Temp Celsius Peak    : 68.0000
2025-11-21 15:41:00,822 - INFO - Gpu Utilization Percent Avg: 97.5865
2025-11-21 15:41:00,822 - INFO - Gpu Utilization Percent Peak: 100.0000
2025-11-21 15:41:00,822 - INFO - Gpu Mem Used Bytes Avg   : 17497784320.0000
2025-11-21 15:41:00,822 - INFO - Gpu Mem Used Bytes Peak  : 17497784320.0000
2025-11-21 15:41:00,822 - INFO - Gpu Vram Used Bytes      : 17497784320.0000
2025-11-21 15:41:00,823 - INFO - Accuracy                 : 0.0653
2025-11-21 15:41:00,823 - INFO - Precision                : 0.0637
2025-11-21 15:41:00,823 - INFO - Recall                   : 0.0653
2025-11-21 15:41:00,823 - INFO - F1 Score                 : 0.0410
2025-11-21 15:41:00,823 - INFO - ==================================================
2025-11-21 16:03:04,338 - INFO - Época 9 concluída. Loss média: 4.7983
2025-11-21 16:03:04,339 - INFO - Taxa de aprendizado ajustada para: 0.100000
2025-11-21 16:03:04,347 - INFO - Iniciando inferência com o modelo DenseNet121...
2025-11-21 16:03:44,400 - INFO - ==================================================
2025-11-21 16:03:44,400 - INFO - EXPERIMENT RESULTS
2025-11-21 16:03:44,400 - INFO - ==================================================
2025-11-21 16:03:44,400 - INFO - Elapsed Time Seconds     : 40.0053
2025-11-21 16:03:44,400 - INFO - Cpu Usage Percent        : 6.7188
2025-11-21 16:03:44,400 - INFO - Ram Peak Usage Bytes     : 2398724096.0000
2025-11-21 16:03:44,400 - INFO - Disk Read Bytes          : 0.0000
2025-11-21 16:03:44,401 - INFO - Disk Write Bytes         : 430080.0000
2025-11-21 16:03:44,401 - INFO - Vram Peak Usage Bytes    : 1421110500.0000
2025-11-21 16:03:44,401 - INFO - Gpu Power Watts Avg      : 300.7097
2025-11-21 16:03:44,401 - INFO - Gpu Power Watts Peak     : 307.0540
2025-11-21 16:03:44,401 - INFO - Gpu Temp Celsius Avg     : 67.0476
2025-11-21 16:03:44,401 - INFO - Gpu Temp Celsius Peak    : 68.0000
2025-11-21 16:03:44,401 - INFO - Gpu Utilization Percent Avg: 97.4286
2025-11-21 16:03:44,401 - INFO - Gpu Utilization Percent Peak: 100.0000
2025-11-21 16:03:44,401 - INFO - Gpu Mem Used Bytes Avg   : 17497784320.0000
2025-11-21 16:03:44,401 - INFO - Gpu Mem Used Bytes Peak  : 17497784320.0000
2025-11-21 16:03:44,401 - INFO - Gpu Vram Used Bytes      : 17497784320.0000
2025-11-21 16:03:44,401 - INFO - Accuracy                 : 0.0699
2025-11-21 16:03:44,401 - INFO - Precision                : 0.0607
2025-11-21 16:03:44,401 - INFO - Recall                   : 0.0699
2025-11-21 16:03:44,401 - INFO - F1 Score                 : 0.0396
2025-11-21 16:03:44,401 - INFO - ==================================================
2025-11-21 16:25:48,259 - INFO - Época 10 concluída. Loss média: 4.7918
2025-11-21 16:25:48,260 - INFO - Taxa de aprendizado ajustada para: 0.100000
2025-11-21 16:25:48,268 - INFO - Iniciando inferência com o modelo DenseNet121...
2025-11-21 16:26:28,335 - INFO - ==================================================
2025-11-21 16:26:28,335 - INFO - EXPERIMENT RESULTS
2025-11-21 16:26:28,336 - INFO - ==================================================
2025-11-21 16:26:28,336 - INFO - Elapsed Time Seconds     : 40.0189
2025-11-21 16:26:28,336 - INFO - Cpu Usage Percent        : 6.7125
2025-11-21 16:26:28,336 - INFO - Ram Peak Usage Bytes     : 2399891456.0000
2025-11-21 16:26:28,336 - INFO - Disk Read Bytes          : 0.0000
2025-11-21 16:26:28,336 - INFO - Disk Write Bytes         : 438272.0000
2025-11-21 16:26:28,336 - INFO - Vram Peak Usage Bytes    : 1421110500.0000
2025-11-21 16:26:28,336 - INFO - Gpu Power Watts Avg      : 300.8877
2025-11-21 16:26:28,336 - INFO - Gpu Power Watts Peak     : 306.2780
2025-11-21 16:26:28,336 - INFO - Gpu Temp Celsius Avg     : 66.8747
2025-11-21 16:26:28,336 - INFO - Gpu Temp Celsius Peak    : 68.0000
2025-11-21 16:26:28,336 - INFO - Gpu Utilization Percent Avg: 97.7318
2025-11-21 16:26:28,336 - INFO - Gpu Utilization Percent Peak: 100.0000
2025-11-21 16:26:28,336 - INFO - Gpu Mem Used Bytes Avg   : 17497784320.0000
2025-11-21 16:26:28,336 - INFO - Gpu Mem Used Bytes Peak  : 17497784320.0000
2025-11-21 16:26:28,336 - INFO - Gpu Vram Used Bytes      : 17497784320.0000
2025-11-21 16:26:28,336 - INFO - Accuracy                 : 0.0657
2025-11-21 16:26:28,336 - INFO - Precision                : 0.0702
2025-11-21 16:26:28,336 - INFO - Recall                   : 0.0657
2025-11-21 16:26:28,336 - INFO - F1 Score                 : 0.0387
2025-11-21 16:26:28,336 - INFO - ==================================================
2025-11-21 16:48:32,051 - INFO - Época 11 concluída. Loss média: 4.8195
2025-11-21 16:48:32,052 - INFO - Taxa de aprendizado ajustada para: 0.100000
2025-11-21 16:48:32,060 - INFO - Iniciando inferência com o modelo DenseNet121...
2025-11-21 16:49:12,125 - INFO - ==================================================
2025-11-21 16:49:12,125 - INFO - EXPERIMENT RESULTS
2025-11-21 16:49:12,125 - INFO - ==================================================
2025-11-21 16:49:12,125 - INFO - Elapsed Time Seconds     : 40.0173
2025-11-21 16:49:12,126 - INFO - Cpu Usage Percent        : 6.7188
2025-11-21 16:49:12,126 - INFO - Ram Peak Usage Bytes     : 2402099200.0000
2025-11-21 16:49:12,126 - INFO - Disk Read Bytes          : 0.0000
2025-11-21 16:49:12,126 - INFO - Disk Write Bytes         : 294912.0000
2025-11-21 16:49:12,126 - INFO - Vram Peak Usage Bytes    : 1421110500.0000
2025-11-21 16:49:12,126 - INFO - Gpu Power Watts Avg      : 300.1249
2025-11-21 16:49:12,126 - INFO - Gpu Power Watts Peak     : 306.3080
2025-11-21 16:49:12,126 - INFO - Gpu Temp Celsius Avg     : 66.8947
2025-11-21 16:49:12,126 - INFO - Gpu Temp Celsius Peak    : 68.0000
2025-11-21 16:49:12,126 - INFO - Gpu Utilization Percent Avg: 97.4612
2025-11-21 16:49:12,126 - INFO - Gpu Utilization Percent Peak: 100.0000
2025-11-21 16:49:12,126 - INFO - Gpu Mem Used Bytes Avg   : 17497784320.0000
2025-11-21 16:49:12,126 - INFO - Gpu Mem Used Bytes Peak  : 17497784320.0000
2025-11-21 16:49:12,126 - INFO - Gpu Vram Used Bytes      : 17497784320.0000
2025-11-21 16:49:12,126 - INFO - Accuracy                 : 0.0577
2025-11-21 16:49:12,126 - INFO - Precision                : 0.0479
2025-11-21 16:49:12,126 - INFO - Recall                   : 0.0577
2025-11-21 16:49:12,126 - INFO - F1 Score                 : 0.0308
2025-11-21 16:49:12,126 - INFO - ==================================================
2025-11-21 17:11:15,938 - INFO - Época 12 concluída. Loss média: 4.8175
2025-11-21 17:11:15,939 - INFO - Taxa de aprendizado ajustada para: 0.100000
2025-11-21 17:11:15,947 - INFO - Iniciando inferência com o modelo DenseNet121...
2025-11-21 17:11:55,899 - INFO - ==================================================
2025-11-21 17:11:55,899 - INFO - EXPERIMENT RESULTS
2025-11-21 17:11:55,899 - INFO - ==================================================
2025-11-21 17:11:55,899 - INFO - Elapsed Time Seconds     : 39.9059
2025-11-21 17:11:55,899 - INFO - Cpu Usage Percent        : 6.7375
2025-11-21 17:11:55,900 - INFO - Ram Peak Usage Bytes     : 2403135488.0000
2025-11-21 17:11:55,900 - INFO - Disk Read Bytes          : 0.0000
2025-11-21 17:11:55,900 - INFO - Disk Write Bytes         : 356352.0000
2025-11-21 17:11:55,900 - INFO - Vram Peak Usage Bytes    : 1421110500.0000
2025-11-21 17:11:55,900 - INFO - Gpu Power Watts Avg      : 299.7763
2025-11-21 17:11:55,900 - INFO - Gpu Power Watts Peak     : 304.9150
2025-11-21 17:11:55,900 - INFO - Gpu Temp Celsius Avg     : 66.8744
2025-11-21 17:11:55,900 - INFO - Gpu Temp Celsius Peak    : 68.0000
2025-11-21 17:11:55,900 - INFO - Gpu Utilization Percent Avg: 97.7688
2025-11-21 17:11:55,900 - INFO - Gpu Utilization Percent Peak: 100.0000
2025-11-21 17:11:55,900 - INFO - Gpu Mem Used Bytes Avg   : 17497784320.0000
2025-11-21 17:11:55,900 - INFO - Gpu Mem Used Bytes Peak  : 17497784320.0000
2025-11-21 17:11:55,900 - INFO - Gpu Vram Used Bytes      : 17497784320.0000
2025-11-21 17:11:55,900 - INFO - Accuracy                 : 0.0307
2025-11-21 17:11:55,900 - INFO - Precision                : 0.0403
2025-11-21 17:11:55,900 - INFO - Recall                   : 0.0307
2025-11-21 17:11:55,900 - INFO - F1 Score                 : 0.0203
2025-11-21 17:11:55,900 - INFO - ==================================================
2025-11-21 17:33:59,668 - INFO - Época 13 concluída. Loss média: 4.8216
2025-11-21 17:33:59,668 - INFO - Taxa de aprendizado ajustada para: 0.100000
2025-11-21 17:33:59,677 - INFO - Iniciando inferência com o modelo DenseNet121...
2025-11-21 17:34:39,729 - INFO - ==================================================
2025-11-21 17:34:39,729 - INFO - EXPERIMENT RESULTS
2025-11-21 17:34:39,729 - INFO - ==================================================
2025-11-21 17:34:39,729 - INFO - Elapsed Time Seconds     : 40.0071
2025-11-21 17:34:39,729 - INFO - Cpu Usage Percent        : 6.7188
2025-11-21 17:34:39,729 - INFO - Ram Peak Usage Bytes     : 2404904960.0000
2025-11-21 17:34:39,729 - INFO - Disk Read Bytes          : 0.0000
2025-11-21 17:34:39,729 - INFO - Disk Write Bytes         : 385024.0000
2025-11-21 17:34:39,729 - INFO - Vram Peak Usage Bytes    : 1421110500.0000
2025-11-21 17:34:39,729 - INFO - Gpu Power Watts Avg      : 299.0526
2025-11-21 17:34:39,729 - INFO - Gpu Power Watts Peak     : 305.1980
2025-11-21 17:34:39,729 - INFO - Gpu Temp Celsius Avg     : 66.8521
2025-11-21 17:34:39,729 - INFO - Gpu Temp Celsius Peak    : 68.0000
2025-11-21 17:34:39,729 - INFO - Gpu Utilization Percent Avg: 97.4812
2025-11-21 17:34:39,729 - INFO - Gpu Utilization Percent Peak: 100.0000
2025-11-21 17:34:39,729 - INFO - Gpu Mem Used Bytes Avg   : 17497784320.0000
2025-11-21 17:34:39,730 - INFO - Gpu Mem Used Bytes Peak  : 17497784320.0000
2025-11-21 17:34:39,730 - INFO - Gpu Vram Used Bytes      : 17497784320.0000
2025-11-21 17:34:39,730 - INFO - Accuracy                 : 0.0262
2025-11-21 17:34:39,730 - INFO - Precision                : 0.0181
2025-11-21 17:34:39,730 - INFO - Recall                   : 0.0262
2025-11-21 17:34:39,730 - INFO - F1 Score                 : 0.0132
2025-11-21 17:34:39,730 - INFO - ==================================================
2025-11-21 17:56:43,389 - INFO - Época 14 concluída. Loss média: 4.8139
2025-11-21 17:56:43,390 - INFO - Taxa de aprendizado ajustada para: 0.100000
2025-11-21 17:56:43,398 - INFO - Iniciando inferência com o modelo DenseNet121...
2025-11-21 17:57:23,372 - INFO - ==================================================
2025-11-21 17:57:23,372 - INFO - EXPERIMENT RESULTS
2025-11-21 17:57:23,373 - INFO - ==================================================
2025-11-21 17:57:23,373 - INFO - Elapsed Time Seconds     : 39.9268
2025-11-21 17:57:23,373 - INFO - Cpu Usage Percent        : 6.7313
2025-11-21 17:57:23,373 - INFO - Ram Peak Usage Bytes     : 2406846464.0000
2025-11-21 17:57:23,373 - INFO - Disk Read Bytes          : 0.0000
2025-11-21 17:57:23,373 - INFO - Disk Write Bytes         : 405504.0000
2025-11-21 17:57:23,373 - INFO - Vram Peak Usage Bytes    : 1421110500.0000
2025-11-21 17:57:23,373 - INFO - Gpu Power Watts Avg      : 302.9240
2025-11-21 17:57:23,373 - INFO - Gpu Power Watts Peak     : 307.8570
2025-11-21 17:57:23,373 - INFO - Gpu Temp Celsius Avg     : 67.1910
2025-11-21 17:57:23,373 - INFO - Gpu Temp Celsius Peak    : 68.0000
2025-11-21 17:57:23,373 - INFO - Gpu Utilization Percent Avg: 97.6608
2025-11-21 17:57:23,373 - INFO - Gpu Utilization Percent Peak: 100.0000
2025-11-21 17:57:23,373 - INFO - Gpu Mem Used Bytes Avg   : 17497784320.0000
2025-11-21 17:57:23,373 - INFO - Gpu Mem Used Bytes Peak  : 17497784320.0000
2025-11-21 17:57:23,373 - INFO - Gpu Vram Used Bytes      : 17497784320.0000
2025-11-21 17:57:23,373 - INFO - Accuracy                 : 0.0457
2025-11-21 17:57:23,373 - INFO - Precision                : 0.0639
2025-11-21 17:57:23,373 - INFO - Recall                   : 0.0457
2025-11-21 17:57:23,373 - INFO - F1 Score                 : 0.0284
2025-11-21 17:57:23,373 - INFO - ==================================================
2025-11-21 18:19:27,240 - INFO - Época 15 concluída. Loss média: 4.8199
2025-11-21 18:19:27,344 - INFO - Taxa de aprendizado ajustada para: 0.100000
2025-11-21 18:19:27,353 - INFO - Iniciando inferência com o modelo DenseNet121...
2025-11-21 18:20:07,406 - INFO - ==================================================
2025-11-21 18:20:07,406 - INFO - EXPERIMENT RESULTS
2025-11-21 18:20:07,406 - INFO - ==================================================
2025-11-21 18:20:07,406 - INFO - Elapsed Time Seconds     : 40.0052
2025-11-21 18:20:07,406 - INFO - Cpu Usage Percent        : 6.7250
2025-11-21 18:20:07,406 - INFO - Ram Peak Usage Bytes     : 2407997440.0000
2025-11-21 18:20:07,407 - INFO - Disk Read Bytes          : 0.0000
2025-11-21 18:20:07,407 - INFO - Disk Write Bytes         : 299008.0000
2025-11-21 18:20:07,407 - INFO - Vram Peak Usage Bytes    : 1421110500.0000
2025-11-21 18:20:07,407 - INFO - Gpu Power Watts Avg      : 297.8901
2025-11-21 18:20:07,407 - INFO - Gpu Power Watts Peak     : 303.6290
2025-11-21 18:20:07,407 - INFO - Gpu Temp Celsius Avg     : 66.7594
2025-11-21 18:20:07,407 - INFO - Gpu Temp Celsius Peak    : 67.0000
2025-11-21 18:20:07,407 - INFO - Gpu Utilization Percent Avg: 97.4912
2025-11-21 18:20:07,407 - INFO - Gpu Utilization Percent Peak: 100.0000
2025-11-21 18:20:07,407 - INFO - Gpu Mem Used Bytes Avg   : 17497784320.0000
2025-11-21 18:20:07,407 - INFO - Gpu Mem Used Bytes Peak  : 17497784320.0000
2025-11-21 18:20:07,407 - INFO - Gpu Vram Used Bytes      : 17497784320.0000
2025-11-21 18:20:07,407 - INFO - Accuracy                 : 0.0551
2025-11-21 18:20:07,407 - INFO - Precision                : 0.0496
2025-11-21 18:20:07,407 - INFO - Recall                   : 0.0551
2025-11-21 18:20:07,407 - INFO - F1 Score                 : 0.0300
2025-11-21 18:20:07,407 - INFO - ==================================================
2025-11-21 18:42:11,503 - INFO - Época 16 concluída. Loss média: 4.8340
2025-11-21 18:42:11,504 - INFO - Taxa de aprendizado ajustada para: 0.100000
2025-11-21 18:42:11,512 - INFO - Iniciando inferência com o modelo DenseNet121...
2025-11-21 18:42:51,470 - INFO - ==================================================
2025-11-21 18:42:51,470 - INFO - EXPERIMENT RESULTS
2025-11-21 18:42:51,470 - INFO - ==================================================
2025-11-21 18:42:51,470 - INFO - Elapsed Time Seconds     : 39.9100
2025-11-21 18:42:51,470 - INFO - Cpu Usage Percent        : 6.7375
2025-11-21 18:42:51,470 - INFO - Ram Peak Usage Bytes     : 2408472576.0000
2025-11-21 18:42:51,470 - INFO - Disk Read Bytes          : 0.0000
2025-11-21 18:42:51,470 - INFO - Disk Write Bytes         : 380928.0000
2025-11-21 18:42:51,470 - INFO - Vram Peak Usage Bytes    : 1421110500.0000
2025-11-21 18:42:51,470 - INFO - Gpu Power Watts Avg      : 299.2240
2025-11-21 18:42:51,470 - INFO - Gpu Power Watts Peak     : 304.9540
2025-11-21 18:42:51,470 - INFO - Gpu Temp Celsius Avg     : 66.7814
2025-11-21 18:42:51,470 - INFO - Gpu Temp Celsius Peak    : 68.0000
2025-11-21 18:42:51,471 - INFO - Gpu Utilization Percent Avg: 97.9774
2025-11-21 18:42:51,471 - INFO - Gpu Utilization Percent Peak: 100.0000
2025-11-21 18:42:51,471 - INFO - Gpu Mem Used Bytes Avg   : 17497784320.0000
2025-11-21 18:42:51,471 - INFO - Gpu Mem Used Bytes Peak  : 17497784320.0000
2025-11-21 18:42:51,471 - INFO - Gpu Vram Used Bytes      : 17497784320.0000
2025-11-21 18:42:51,471 - INFO - Accuracy                 : 0.0487
2025-11-21 18:42:51,471 - INFO - Precision                : 0.0431
2025-11-21 18:42:51,471 - INFO - Recall                   : 0.0487
2025-11-21 18:42:51,471 - INFO - F1 Score                 : 0.0279
2025-11-21 18:42:51,471 - INFO - ==================================================
2025-11-21 19:04:55,241 - INFO - Época 17 concluída. Loss média: 4.8215
2025-11-21 19:04:55,242 - INFO - Taxa de aprendizado ajustada para: 0.100000
2025-11-21 19:04:55,250 - INFO - Iniciando inferência com o modelo DenseNet121...
2025-11-21 19:05:35,309 - INFO - ==================================================
2025-11-21 19:05:35,309 - INFO - EXPERIMENT RESULTS
2025-11-21 19:05:35,309 - INFO - ==================================================
2025-11-21 19:05:35,309 - INFO - Elapsed Time Seconds     : 40.0107
2025-11-21 19:05:35,309 - INFO - Cpu Usage Percent        : 6.7188
2025-11-21 19:05:35,309 - INFO - Ram Peak Usage Bytes     : 2412584960.0000
2025-11-21 19:05:35,309 - INFO - Disk Read Bytes          : 0.0000
2025-11-21 19:05:35,309 - INFO - Disk Write Bytes         : 339968.0000
2025-11-21 19:05:35,309 - INFO - Vram Peak Usage Bytes    : 1421110500.0000
2025-11-21 19:05:35,309 - INFO - Gpu Power Watts Avg      : 296.9453
2025-11-21 19:05:35,309 - INFO - Gpu Power Watts Peak     : 302.2060
2025-11-21 19:05:35,309 - INFO - Gpu Temp Celsius Avg     : 66.8997
2025-11-21 19:05:35,310 - INFO - Gpu Temp Celsius Peak    : 68.0000
2025-11-21 19:05:35,310 - INFO - Gpu Utilization Percent Avg: 97.5088
2025-11-21 19:05:35,310 - INFO - Gpu Utilization Percent Peak: 100.0000
2025-11-21 19:05:35,310 - INFO - Gpu Mem Used Bytes Avg   : 17497784320.0000
2025-11-21 19:05:35,310 - INFO - Gpu Mem Used Bytes Peak  : 17497784320.0000
2025-11-21 19:05:35,310 - INFO - Gpu Vram Used Bytes      : 17497784320.0000
2025-11-21 19:05:35,310 - INFO - Accuracy                 : 0.0352
2025-11-21 19:05:35,310 - INFO - Precision                : 0.0419
2025-11-21 19:05:35,310 - INFO - Recall                   : 0.0352
2025-11-21 19:05:35,310 - INFO - F1 Score                 : 0.0194
2025-11-21 19:05:35,310 - INFO - ==================================================
2025-11-21 19:27:39,392 - INFO - Época 18 concluída. Loss média: 4.8126
2025-11-21 19:27:39,393 - INFO - Taxa de aprendizado ajustada para: 0.100000
2025-11-21 19:27:39,402 - INFO - Iniciando inferência com o modelo DenseNet121...
2025-11-21 19:28:19,351 - INFO - ==================================================
2025-11-21 19:28:19,351 - INFO - EXPERIMENT RESULTS
2025-11-21 19:28:19,351 - INFO - ==================================================
2025-11-21 19:28:19,351 - INFO - Elapsed Time Seconds     : 39.9021
2025-11-21 19:28:19,352 - INFO - Cpu Usage Percent        : 6.7375
2025-11-21 19:28:19,352 - INFO - Ram Peak Usage Bytes     : 2413744128.0000
2025-11-21 19:28:19,352 - INFO - Disk Read Bytes          : 0.0000
2025-11-21 19:28:19,352 - INFO - Disk Write Bytes         : 385024.0000
2025-11-21 19:28:19,352 - INFO - Vram Peak Usage Bytes    : 1421110500.0000
2025-11-21 19:28:19,352 - INFO - Gpu Power Watts Avg      : 298.5606
2025-11-21 19:28:19,352 - INFO - Gpu Power Watts Peak     : 304.5400
2025-11-21 19:28:19,352 - INFO - Gpu Temp Celsius Avg     : 66.7613
2025-11-21 19:28:19,352 - INFO - Gpu Temp Celsius Peak    : 68.0000
2025-11-21 19:28:19,352 - INFO - Gpu Utilization Percent Avg: 97.7286
2025-11-21 19:28:19,352 - INFO - Gpu Utilization Percent Peak: 100.0000
2025-11-21 19:28:19,352 - INFO - Gpu Mem Used Bytes Avg   : 17497784320.0000
2025-11-21 19:28:19,352 - INFO - Gpu Mem Used Bytes Peak  : 17497784320.0000
2025-11-21 19:28:19,352 - INFO - Gpu Vram Used Bytes      : 17497784320.0000
2025-11-21 19:28:19,352 - INFO - Accuracy                 : 0.0524
2025-11-21 19:28:19,352 - INFO - Precision                : 0.0536
2025-11-21 19:28:19,352 - INFO - Recall                   : 0.0524
2025-11-21 19:28:19,352 - INFO - F1 Score                 : 0.0277
2025-11-21 19:28:19,352 - INFO - ==================================================
2025-11-21 19:50:23,667 - INFO - Época 19 concluída. Loss média: 4.8319
2025-11-21 19:50:23,668 - INFO - Taxa de aprendizado ajustada para: 0.100000
2025-11-21 19:50:23,676 - INFO - Iniciando inferência com o modelo DenseNet121...
2025-11-21 19:51:03,720 - INFO - ==================================================
2025-11-21 19:51:03,720 - INFO - EXPERIMENT RESULTS
2025-11-21 19:51:03,720 - INFO - ==================================================
2025-11-21 19:51:03,720 - INFO - Elapsed Time Seconds     : 39.9961
2025-11-21 19:51:03,720 - INFO - Cpu Usage Percent        : 6.7313
2025-11-21 19:51:03,720 - INFO - Ram Peak Usage Bytes     : 2414825472.0000
2025-11-21 19:51:03,721 - INFO - Disk Read Bytes          : 0.0000
2025-11-21 19:51:03,721 - INFO - Disk Write Bytes         : 307200.0000
2025-11-21 19:51:03,721 - INFO - Vram Peak Usage Bytes    : 1421110500.0000
2025-11-21 19:51:03,721 - INFO - Gpu Power Watts Avg      : 294.4182
2025-11-21 19:51:03,721 - INFO - Gpu Power Watts Peak     : 299.5040
2025-11-21 19:51:03,721 - INFO - Gpu Temp Celsius Avg     : 66.6892
2025-11-21 19:51:03,721 - INFO - Gpu Temp Celsius Peak    : 67.0000
2025-11-21 19:51:03,721 - INFO - Gpu Utilization Percent Avg: 97.4962
2025-11-21 19:51:03,721 - INFO - Gpu Utilization Percent Peak: 100.0000
2025-11-21 19:51:03,721 - INFO - Gpu Mem Used Bytes Avg   : 17497784320.0000
2025-11-21 19:51:03,721 - INFO - Gpu Mem Used Bytes Peak  : 17497784320.0000
2025-11-21 19:51:03,721 - INFO - Gpu Vram Used Bytes      : 17497784320.0000
2025-11-21 19:51:03,721 - INFO - Accuracy                 : 0.0388
2025-11-21 19:51:03,721 - INFO - Precision                : 0.0369
2025-11-21 19:51:03,721 - INFO - Recall                   : 0.0388
2025-11-21 19:51:03,721 - INFO - F1 Score                 : 0.0221
2025-11-21 19:51:03,721 - INFO - ==================================================
2025-11-21 20:13:07,858 - INFO - Época 20 concluída. Loss média: 4.8128
2025-11-21 20:13:07,859 - INFO - Taxa de aprendizado ajustada para: 0.100000
2025-11-21 20:13:07,868 - INFO - Iniciando inferência com o modelo DenseNet121...
2025-11-21 20:13:47,817 - INFO - ==================================================
2025-11-21 20:13:47,817 - INFO - EXPERIMENT RESULTS
2025-11-21 20:13:47,817 - INFO - ==================================================
2025-11-21 20:13:47,817 - INFO - Elapsed Time Seconds     : 39.9010
2025-11-21 20:13:47,817 - INFO - Cpu Usage Percent        : 6.7375
2025-11-21 20:13:47,817 - INFO - Ram Peak Usage Bytes     : 2415857664.0000
2025-11-21 20:13:47,817 - INFO - Disk Read Bytes          : 0.0000
2025-11-21 20:13:47,817 - INFO - Disk Write Bytes         : 372736.0000
2025-11-21 20:13:47,817 - INFO - Vram Peak Usage Bytes    : 1421110500.0000
2025-11-21 20:13:47,817 - INFO - Gpu Power Watts Avg      : 297.0585
2025-11-21 20:13:47,817 - INFO - Gpu Power Watts Peak     : 302.9430
2025-11-21 20:13:47,817 - INFO - Gpu Temp Celsius Avg     : 66.7688
2025-11-21 20:13:47,817 - INFO - Gpu Temp Celsius Peak    : 68.0000
2025-11-21 20:13:47,817 - INFO - Gpu Utilization Percent Avg: 97.6231
2025-11-21 20:13:47,817 - INFO - Gpu Utilization Percent Peak: 100.0000
2025-11-21 20:13:47,817 - INFO - Gpu Mem Used Bytes Avg   : 17497784320.0000
2025-11-21 20:13:47,817 - INFO - Gpu Mem Used Bytes Peak  : 17497784320.0000
2025-11-21 20:13:47,817 - INFO - Gpu Vram Used Bytes      : 17497784320.0000
2025-11-21 20:13:47,818 - INFO - Accuracy                 : 0.0415
2025-11-21 20:13:47,818 - INFO - Precision                : 0.0486
2025-11-21 20:13:47,818 - INFO - Recall                   : 0.0415
2025-11-21 20:13:47,818 - INFO - F1 Score                 : 0.0236
2025-11-21 20:13:47,818 - INFO - ==================================================
2025-11-21 20:35:51,821 - INFO - Época 21 concluída. Loss média: 4.8212
2025-11-21 20:35:51,822 - INFO - Taxa de aprendizado ajustada para: 0.100000
2025-11-21 20:35:51,831 - INFO - Iniciando inferência com o modelo DenseNet121...
2025-11-21 20:36:31,773 - INFO - ==================================================
2025-11-21 20:36:31,773 - INFO - EXPERIMENT RESULTS
2025-11-21 20:36:31,773 - INFO - ==================================================
2025-11-21 20:36:31,773 - INFO - Elapsed Time Seconds     : 39.8934
2025-11-21 20:36:31,773 - INFO - Cpu Usage Percent        : 6.7313
2025-11-21 20:36:31,773 - INFO - Ram Peak Usage Bytes     : 2416873472.0000
2025-11-21 20:36:31,773 - INFO - Disk Read Bytes          : 0.0000
2025-11-21 20:36:31,773 - INFO - Disk Write Bytes         : 352256.0000
2025-11-21 20:36:31,773 - INFO - Vram Peak Usage Bytes    : 1421110500.0000
2025-11-21 20:36:31,773 - INFO - Gpu Power Watts Avg      : 297.9077
2025-11-21 20:36:31,773 - INFO - Gpu Power Watts Peak     : 302.9620
2025-11-21 20:36:31,773 - INFO - Gpu Temp Celsius Avg     : 66.6307
2025-11-21 20:36:31,773 - INFO - Gpu Temp Celsius Peak    : 67.0000
2025-11-21 20:36:31,773 - INFO - Gpu Utilization Percent Avg: 97.6834
2025-11-21 20:36:31,773 - INFO - Gpu Utilization Percent Peak: 100.0000
2025-11-21 20:36:31,773 - INFO - Gpu Mem Used Bytes Avg   : 17497784320.0000
2025-11-21 20:36:31,773 - INFO - Gpu Mem Used Bytes Peak  : 17497784320.0000
2025-11-21 20:36:31,773 - INFO - Gpu Vram Used Bytes      : 17497784320.0000
2025-11-21 20:36:31,774 - INFO - Accuracy                 : 0.0541
2025-11-21 20:36:31,774 - INFO - Precision                : 0.0456
2025-11-21 20:36:31,774 - INFO - Recall                   : 0.0541
2025-11-21 20:36:31,774 - INFO - F1 Score                 : 0.0276
2025-11-21 20:36:31,774 - INFO - ==================================================
2025-11-21 20:58:35,919 - INFO - Época 22 concluída. Loss média: 4.8354
2025-11-21 20:58:35,920 - INFO - Taxa de aprendizado ajustada para: 0.100000
2025-11-21 20:58:35,928 - INFO - Iniciando inferência com o modelo DenseNet121...
2025-11-21 20:59:15,914 - INFO - ==================================================
2025-11-21 20:59:15,914 - INFO - EXPERIMENT RESULTS
2025-11-21 20:59:15,914 - INFO - ==================================================
2025-11-21 20:59:15,915 - INFO - Elapsed Time Seconds     : 39.9359
2025-11-21 20:59:15,915 - INFO - Cpu Usage Percent        : 6.7313
2025-11-21 20:59:15,915 - INFO - Ram Peak Usage Bytes     : 2417451008.0000
2025-11-21 20:59:15,915 - INFO - Disk Read Bytes          : 0.0000
2025-11-21 20:59:15,915 - INFO - Disk Write Bytes         : 667648.0000
2025-11-21 20:59:15,915 - INFO - Vram Peak Usage Bytes    : 1421110500.0000
2025-11-21 20:59:15,915 - INFO - Gpu Power Watts Avg      : 297.9353
2025-11-21 20:59:15,915 - INFO - Gpu Power Watts Peak     : 302.7110
2025-11-21 20:59:15,915 - INFO - Gpu Temp Celsius Avg     : 66.8090
2025-11-21 20:59:15,915 - INFO - Gpu Temp Celsius Peak    : 67.0000
2025-11-21 20:59:15,915 - INFO - Gpu Utilization Percent Avg: 97.6206
2025-11-21 20:59:15,915 - INFO - Gpu Utilization Percent Peak: 100.0000
2025-11-21 20:59:15,915 - INFO - Gpu Mem Used Bytes Avg   : 17497784320.0000
2025-11-21 20:59:15,915 - INFO - Gpu Mem Used Bytes Peak  : 17497784320.0000
2025-11-21 20:59:15,915 - INFO - Gpu Vram Used Bytes      : 17497784320.0000
2025-11-21 20:59:15,915 - INFO - Accuracy                 : 0.0470
2025-11-21 20:59:15,915 - INFO - Precision                : 0.0661
2025-11-21 20:59:15,915 - INFO - Recall                   : 0.0470
2025-11-21 20:59:15,915 - INFO - F1 Score                 : 0.0308
2025-11-21 20:59:15,915 - INFO - ==================================================
2025-11-21 21:21:20,126 - INFO - Época 23 concluída. Loss média: 4.8107
2025-11-21 21:21:20,126 - INFO - Taxa de aprendizado ajustada para: 0.100000
2025-11-21 21:21:20,135 - INFO - Iniciando inferência com o modelo DenseNet121...
2025-11-21 21:22:00,198 - INFO - ==================================================
2025-11-21 21:22:00,198 - INFO - EXPERIMENT RESULTS
2025-11-21 21:22:00,198 - INFO - ==================================================
2025-11-21 21:22:00,198 - INFO - Elapsed Time Seconds     : 40.0139
2025-11-21 21:22:00,198 - INFO - Cpu Usage Percent        : 6.7125
2025-11-21 21:22:00,198 - INFO - Ram Peak Usage Bytes     : 2418393088.0000
2025-11-21 21:22:00,198 - INFO - Disk Read Bytes          : 0.0000
2025-11-21 21:22:00,198 - INFO - Disk Write Bytes         : 393216.0000
2025-11-21 21:22:00,198 - INFO - Vram Peak Usage Bytes    : 1421110500.0000
2025-11-21 21:22:00,198 - INFO - Gpu Power Watts Avg      : 297.3303
2025-11-21 21:22:00,198 - INFO - Gpu Power Watts Peak     : 303.1160
2025-11-21 21:22:00,198 - INFO - Gpu Temp Celsius Avg     : 66.7895
2025-11-21 21:22:00,199 - INFO - Gpu Temp Celsius Peak    : 68.0000
2025-11-21 21:22:00,199 - INFO - Gpu Utilization Percent Avg: 97.7845
2025-11-21 21:22:00,199 - INFO - Gpu Utilization Percent Peak: 100.0000
2025-11-21 21:22:00,199 - INFO - Gpu Mem Used Bytes Avg   : 17497784320.0000
2025-11-21 21:22:00,199 - INFO - Gpu Mem Used Bytes Peak  : 17497784320.0000
2025-11-21 21:22:00,199 - INFO - Gpu Vram Used Bytes      : 17497784320.0000
2025-11-21 21:22:00,199 - INFO - Accuracy                 : 0.0535
2025-11-21 21:22:00,199 - INFO - Precision                : 0.0616
2025-11-21 21:22:00,199 - INFO - Recall                   : 0.0535
2025-11-21 21:22:00,199 - INFO - F1 Score                 : 0.0315
2025-11-21 21:22:00,199 - INFO - ==================================================
2025-11-21 21:44:04,588 - INFO - Época 24 concluída. Loss média: 4.8092
2025-11-21 21:44:04,589 - INFO - Taxa de aprendizado ajustada para: 0.100000
2025-11-21 21:44:04,597 - INFO - Iniciando inferência com o modelo DenseNet121...
2025-11-21 21:44:44,537 - INFO - ==================================================
2025-11-21 21:44:44,537 - INFO - EXPERIMENT RESULTS
2025-11-21 21:44:44,537 - INFO - ==================================================
2025-11-21 21:44:44,537 - INFO - Elapsed Time Seconds     : 39.8917
2025-11-21 21:44:44,537 - INFO - Cpu Usage Percent        : 6.7687
2025-11-21 21:44:44,537 - INFO - Ram Peak Usage Bytes     : 2421444608.0000
2025-11-21 21:44:44,538 - INFO - Disk Read Bytes          : 0.0000
2025-11-21 21:44:44,538 - INFO - Disk Write Bytes         : 294912.0000
2025-11-21 21:44:44,538 - INFO - Vram Peak Usage Bytes    : 1421110500.0000
2025-11-21 21:44:44,538 - INFO - Gpu Power Watts Avg      : 297.0024
2025-11-21 21:44:44,538 - INFO - Gpu Power Watts Peak     : 302.0840
2025-11-21 21:44:44,538 - INFO - Gpu Temp Celsius Avg     : 66.6080
2025-11-21 21:44:44,538 - INFO - Gpu Temp Celsius Peak    : 67.0000
2025-11-21 21:44:44,538 - INFO - Gpu Utilization Percent Avg: 97.6985
2025-11-21 21:44:44,538 - INFO - Gpu Utilization Percent Peak: 100.0000
2025-11-21 21:44:44,538 - INFO - Gpu Mem Used Bytes Avg   : 17497784320.0000
2025-11-21 21:44:44,538 - INFO - Gpu Mem Used Bytes Peak  : 17497784320.0000
2025-11-21 21:44:44,538 - INFO - Gpu Vram Used Bytes      : 17497784320.0000
2025-11-21 21:44:44,538 - INFO - Accuracy                 : 0.0583
2025-11-21 21:44:44,538 - INFO - Precision                : 0.0548
2025-11-21 21:44:44,538 - INFO - Recall                   : 0.0583
2025-11-21 21:44:44,538 - INFO - F1 Score                 : 0.0316
2025-11-21 21:44:44,538 - INFO - ==================================================
2025-11-21 22:06:48,843 - INFO - Época 25 concluída. Loss média: 4.8511
2025-11-21 22:06:48,844 - INFO - Taxa de aprendizado ajustada para: 0.100000
2025-11-21 22:06:48,852 - INFO - Iniciando inferência com o modelo DenseNet121...
2025-11-21 22:07:28,911 - INFO - ==================================================
2025-11-21 22:07:28,911 - INFO - EXPERIMENT RESULTS
2025-11-21 22:07:28,911 - INFO - ==================================================
2025-11-21 22:07:28,911 - INFO - Elapsed Time Seconds     : 40.0104
2025-11-21 22:07:28,911 - INFO - Cpu Usage Percent        : 6.7438
2025-11-21 22:07:28,911 - INFO - Ram Peak Usage Bytes     : 2422444032.0000
2025-11-21 22:07:28,911 - INFO - Disk Read Bytes          : 0.0000
2025-11-21 22:07:28,912 - INFO - Disk Write Bytes         : 430080.0000
2025-11-21 22:07:28,912 - INFO - Vram Peak Usage Bytes    : 1421110500.0000
2025-11-21 22:07:28,912 - INFO - Gpu Power Watts Avg      : 293.4397
2025-11-21 22:07:28,912 - INFO - Gpu Power Watts Peak     : 298.8670
2025-11-21 22:07:28,912 - INFO - Gpu Temp Celsius Avg     : 66.4486
2025-11-21 22:07:28,912 - INFO - Gpu Temp Celsius Peak    : 67.0000
2025-11-21 22:07:28,912 - INFO - Gpu Utilization Percent Avg: 97.5414
2025-11-21 22:07:28,912 - INFO - Gpu Utilization Percent Peak: 100.0000
2025-11-21 22:07:28,912 - INFO - Gpu Mem Used Bytes Avg   : 17497784320.0000
2025-11-21 22:07:28,912 - INFO - Gpu Mem Used Bytes Peak  : 17497784320.0000
2025-11-21 22:07:28,912 - INFO - Gpu Vram Used Bytes      : 17497784320.0000
2025-11-21 22:07:28,912 - INFO - Accuracy                 : 0.0442
2025-11-21 22:07:28,912 - INFO - Precision                : 0.0381
2025-11-21 22:07:28,912 - INFO - Recall                   : 0.0442
2025-11-21 22:07:28,912 - INFO - F1 Score                 : 0.0239
2025-11-21 22:07:28,912 - INFO - ==================================================
2025-11-21 22:29:32,907 - INFO - Época 26 concluída. Loss média: 4.8478
2025-11-21 22:29:32,908 - INFO - Taxa de aprendizado ajustada para: 0.100000
2025-11-21 22:29:32,916 - INFO - Iniciando inferência com o modelo DenseNet121...
2025-11-21 22:30:12,956 - INFO - ==================================================
2025-11-21 22:30:12,957 - INFO - EXPERIMENT RESULTS
2025-11-21 22:30:12,957 - INFO - ==================================================
2025-11-21 22:30:12,957 - INFO - Elapsed Time Seconds     : 39.9921
2025-11-21 22:30:12,957 - INFO - Cpu Usage Percent        : 6.7250
2025-11-21 22:30:12,957 - INFO - Ram Peak Usage Bytes     : 2423554048.0000
2025-11-21 22:30:12,957 - INFO - Disk Read Bytes          : 0.0000
2025-11-21 22:30:12,957 - INFO - Disk Write Bytes         : 385024.0000
2025-11-21 22:30:12,957 - INFO - Vram Peak Usage Bytes    : 1421110500.0000
2025-11-21 22:30:12,957 - INFO - Gpu Power Watts Avg      : 297.5631
2025-11-21 22:30:12,957 - INFO - Gpu Power Watts Peak     : 302.6210
2025-11-21 22:30:12,957 - INFO - Gpu Temp Celsius Avg     : 66.6942
2025-11-21 22:30:12,957 - INFO - Gpu Temp Celsius Peak    : 67.0000
2025-11-21 22:30:12,957 - INFO - Gpu Utilization Percent Avg: 97.5990
2025-11-21 22:30:12,957 - INFO - Gpu Utilization Percent Peak: 100.0000
2025-11-21 22:30:12,957 - INFO - Gpu Mem Used Bytes Avg   : 17497784320.0000
2025-11-21 22:30:12,957 - INFO - Gpu Mem Used Bytes Peak  : 17497784320.0000
2025-11-21 22:30:12,957 - INFO - Gpu Vram Used Bytes      : 17497784320.0000
2025-11-21 22:30:12,957 - INFO - Accuracy                 : 0.0517
2025-11-21 22:30:12,957 - INFO - Precision                : 0.0499
2025-11-21 22:30:12,958 - INFO - Recall                   : 0.0517
2025-11-21 22:30:12,958 - INFO - F1 Score                 : 0.0296
2025-11-21 22:30:12,958 - INFO - ==================================================
2025-11-21 22:52:17,337 - INFO - Época 27 concluída. Loss média: 4.8257
2025-11-21 22:52:17,338 - INFO - Taxa de aprendizado ajustada para: 0.100000
2025-11-21 22:52:17,346 - INFO - Iniciando inferência com o modelo DenseNet121...
2025-11-21 22:52:57,398 - INFO - ==================================================
2025-11-21 22:52:57,399 - INFO - EXPERIMENT RESULTS
2025-11-21 22:52:57,399 - INFO - ==================================================
2025-11-21 22:52:57,399 - INFO - Elapsed Time Seconds     : 40.0048
2025-11-21 22:52:57,399 - INFO - Cpu Usage Percent        : 6.7250
2025-11-21 22:52:57,399 - INFO - Ram Peak Usage Bytes     : 2427047936.0000
2025-11-21 22:52:57,399 - INFO - Disk Read Bytes          : 0.0000
2025-11-21 22:52:57,399 - INFO - Disk Write Bytes         : 405504.0000
2025-11-21 22:52:57,399 - INFO - Vram Peak Usage Bytes    : 1421110500.0000
2025-11-21 22:52:57,399 - INFO - Gpu Power Watts Avg      : 296.0925
2025-11-21 22:52:57,399 - INFO - Gpu Power Watts Peak     : 301.8680
2025-11-21 22:52:57,399 - INFO - Gpu Temp Celsius Avg     : 66.5815
2025-11-21 22:52:57,399 - INFO - Gpu Temp Celsius Peak    : 67.0000
2025-11-21 22:52:57,399 - INFO - Gpu Utilization Percent Avg: 97.4286
2025-11-21 22:52:57,399 - INFO - Gpu Utilization Percent Peak: 100.0000
2025-11-21 22:52:57,399 - INFO - Gpu Mem Used Bytes Avg   : 17497784320.0000
2025-11-21 22:52:57,399 - INFO - Gpu Mem Used Bytes Peak  : 17497784320.0000
2025-11-21 22:52:57,399 - INFO - Gpu Vram Used Bytes      : 17497784320.0000
2025-11-21 22:52:57,399 - INFO - Accuracy                 : 0.0361
2025-11-21 22:52:57,399 - INFO - Precision                : 0.0546
2025-11-21 22:52:57,399 - INFO - Recall                   : 0.0361
2025-11-21 22:52:57,399 - INFO - F1 Score                 : 0.0191
2025-11-21 22:52:57,399 - INFO - ==================================================
2025-11-21 23:15:01,878 - INFO - Época 28 concluída. Loss média: 4.8345
2025-11-21 23:15:01,879 - INFO - Taxa de aprendizado ajustada para: 0.100000
2025-11-21 23:15:01,887 - INFO - Iniciando inferência com o modelo DenseNet121...
2025-11-21 23:15:41,928 - INFO - ==================================================
2025-11-21 23:15:41,928 - INFO - EXPERIMENT RESULTS
2025-11-21 23:15:41,928 - INFO - ==================================================
2025-11-21 23:15:41,928 - INFO - Elapsed Time Seconds     : 39.9909
2025-11-21 23:15:41,928 - INFO - Cpu Usage Percent        : 6.7125
2025-11-21 23:15:41,928 - INFO - Ram Peak Usage Bytes     : 2428030976.0000
2025-11-21 23:15:41,928 - INFO - Disk Read Bytes          : 0.0000
2025-11-21 23:15:41,928 - INFO - Disk Write Bytes         : 294912.0000
2025-11-21 23:15:41,928 - INFO - Vram Peak Usage Bytes    : 1421110500.0000
2025-11-21 23:15:41,928 - INFO - Gpu Power Watts Avg      : 296.3311
2025-11-21 23:15:41,928 - INFO - Gpu Power Watts Peak     : 302.7540
2025-11-21 23:15:41,928 - INFO - Gpu Temp Celsius Avg     : 66.6291
2025-11-21 23:15:41,928 - INFO - Gpu Temp Celsius Peak    : 67.0000
2025-11-21 23:15:41,928 - INFO - Gpu Utilization Percent Avg: 97.5764
2025-11-21 23:15:41,928 - INFO - Gpu Utilization Percent Peak: 100.0000
2025-11-21 23:15:41,928 - INFO - Gpu Mem Used Bytes Avg   : 17497784320.0000
2025-11-21 23:15:41,928 - INFO - Gpu Mem Used Bytes Peak  : 17497784320.0000
2025-11-21 23:15:41,928 - INFO - Gpu Vram Used Bytes      : 17497784320.0000
2025-11-21 23:15:41,928 - INFO - Accuracy                 : 0.0609
2025-11-21 23:15:41,929 - INFO - Precision                : 0.0545
2025-11-21 23:15:41,929 - INFO - Recall                   : 0.0609
2025-11-21 23:15:41,929 - INFO - F1 Score                 : 0.0340
2025-11-21 23:15:41,929 - INFO - ==================================================
2025-11-21 23:37:46,426 - INFO - Época 29 concluída. Loss média: 4.8615
2025-11-21 23:37:46,426 - INFO - Taxa de aprendizado ajustada para: 0.100000
2025-11-21 23:37:46,435 - INFO - Iniciando inferência com o modelo DenseNet121...
2025-11-21 23:38:26,513 - INFO - ==================================================
2025-11-21 23:38:26,514 - INFO - EXPERIMENT RESULTS
2025-11-21 23:38:26,514 - INFO - ==================================================
2025-11-21 23:38:26,514 - INFO - Elapsed Time Seconds     : 40.0301
2025-11-21 23:38:26,514 - INFO - Cpu Usage Percent        : 6.7188
2025-11-21 23:38:26,514 - INFO - Ram Peak Usage Bytes     : 2429009920.0000
2025-11-21 23:38:26,514 - INFO - Disk Read Bytes          : 0.0000
2025-11-21 23:38:26,514 - INFO - Disk Write Bytes         : 524288.0000
2025-11-21 23:38:26,514 - INFO - Vram Peak Usage Bytes    : 1421110500.0000
2025-11-21 23:38:26,514 - INFO - Gpu Power Watts Avg      : 296.1196
2025-11-21 23:38:26,514 - INFO - Gpu Power Watts Peak     : 301.2830
2025-11-21 23:38:26,514 - INFO - Gpu Temp Celsius Avg     : 66.6090
2025-11-21 23:38:26,514 - INFO - Gpu Temp Celsius Peak    : 67.0000
2025-11-21 23:38:26,514 - INFO - Gpu Utilization Percent Avg: 97.8622
2025-11-21 23:38:26,514 - INFO - Gpu Utilization Percent Peak: 100.0000
2025-11-21 23:38:26,514 - INFO - Gpu Mem Used Bytes Avg   : 17497784320.0000
2025-11-21 23:38:26,514 - INFO - Gpu Mem Used Bytes Peak  : 17497784320.0000
2025-11-21 23:38:26,514 - INFO - Gpu Vram Used Bytes      : 17497784320.0000
2025-11-21 23:38:26,514 - INFO - Accuracy                 : 0.0390
2025-11-21 23:38:26,514 - INFO - Precision                : 0.0354
2025-11-21 23:38:26,514 - INFO - Recall                   : 0.0390
2025-11-21 23:38:26,514 - INFO - F1 Score                 : 0.0198
2025-11-21 23:38:26,514 - INFO - ==================================================
2025-11-22 00:00:30,993 - INFO - Época 30 concluída. Loss média: 4.8487
2025-11-22 00:00:30,993 - INFO - Taxa de aprendizado ajustada para: 0.010000
2025-11-22 00:00:31,002 - INFO - Iniciando inferência com o modelo DenseNet121...
2025-11-22 00:01:10,951 - INFO - ==================================================
2025-11-22 00:01:10,952 - INFO - EXPERIMENT RESULTS
2025-11-22 00:01:10,952 - INFO - ==================================================
2025-11-22 00:01:10,952 - INFO - Elapsed Time Seconds     : 39.9012
2025-11-22 00:01:10,952 - INFO - Cpu Usage Percent        : 6.8875
2025-11-22 00:01:10,952 - INFO - Ram Peak Usage Bytes     : 2430025728.0000
2025-11-22 00:01:10,952 - INFO - Disk Read Bytes          : 0.0000
2025-11-22 00:01:10,952 - INFO - Disk Write Bytes         : 1560576.0000
2025-11-22 00:01:10,952 - INFO - Vram Peak Usage Bytes    : 1421110500.0000
2025-11-22 00:01:10,952 - INFO - Gpu Power Watts Avg      : 297.1304
2025-11-22 00:01:10,952 - INFO - Gpu Power Watts Peak     : 302.3890
2025-11-22 00:01:10,952 - INFO - Gpu Temp Celsius Avg     : 66.5201
2025-11-22 00:01:10,952 - INFO - Gpu Temp Celsius Peak    : 67.0000
2025-11-22 00:01:10,952 - INFO - Gpu Utilization Percent Avg: 97.7211
2025-11-22 00:01:10,952 - INFO - Gpu Utilization Percent Peak: 100.0000
2025-11-22 00:01:10,952 - INFO - Gpu Mem Used Bytes Avg   : 17497784320.0000
2025-11-22 00:01:10,952 - INFO - Gpu Mem Used Bytes Peak  : 17497784320.0000
2025-11-22 00:01:10,952 - INFO - Gpu Vram Used Bytes      : 17497784320.0000
2025-11-22 00:01:10,952 - INFO - Accuracy                 : 0.0513
2025-11-22 00:01:10,952 - INFO - Precision                : 0.0451
2025-11-22 00:01:10,952 - INFO - Recall                   : 0.0513
2025-11-22 00:01:10,952 - INFO - F1 Score                 : 0.0299
2025-11-22 00:01:10,952 - INFO - ==================================================
2025-11-22 00:23:15,403 - INFO - Época 31 concluída. Loss média: 4.6153
2025-11-22 00:23:15,404 - INFO - Taxa de aprendizado ajustada para: 0.010000
2025-11-22 00:23:15,413 - INFO - Iniciando inferência com o modelo DenseNet121...
2025-11-22 00:23:55,474 - INFO - ==================================================
2025-11-22 00:23:55,474 - INFO - EXPERIMENT RESULTS
2025-11-22 00:23:55,474 - INFO - ==================================================
2025-11-22 00:23:55,474 - INFO - Elapsed Time Seconds     : 40.0102
2025-11-22 00:23:55,474 - INFO - Cpu Usage Percent        : 6.7250
2025-11-22 00:23:55,474 - INFO - Ram Peak Usage Bytes     : 2430902272.0000
2025-11-22 00:23:55,474 - INFO - Disk Read Bytes          : 0.0000
2025-11-22 00:23:55,474 - INFO - Disk Write Bytes         : 430080.0000
2025-11-22 00:23:55,474 - INFO - Vram Peak Usage Bytes    : 1421110500.0000
2025-11-22 00:23:55,474 - INFO - Gpu Power Watts Avg      : 296.5354
2025-11-22 00:23:55,474 - INFO - Gpu Power Watts Peak     : 302.6050
2025-11-22 00:23:55,474 - INFO - Gpu Temp Celsius Avg     : 66.6867
2025-11-22 00:23:55,474 - INFO - Gpu Temp Celsius Peak    : 67.0000
2025-11-22 00:23:55,474 - INFO - Gpu Utilization Percent Avg: 97.6015
2025-11-22 00:23:55,474 - INFO - Gpu Utilization Percent Peak: 100.0000
2025-11-22 00:23:55,474 - INFO - Gpu Mem Used Bytes Avg   : 17497784320.0000
2025-11-22 00:23:55,474 - INFO - Gpu Mem Used Bytes Peak  : 17497784320.0000
2025-11-22 00:23:55,474 - INFO - Gpu Vram Used Bytes      : 17497784320.0000
2025-11-22 00:23:55,474 - INFO - Accuracy                 : 0.1111
2025-11-22 00:23:55,474 - INFO - Precision                : 0.1221
2025-11-22 00:23:55,475 - INFO - Recall                   : 0.1111
2025-11-22 00:23:55,475 - INFO - F1 Score                 : 0.0801
2025-11-22 00:23:55,475 - INFO - ==================================================
2025-11-22 00:45:59,816 - INFO - Época 32 concluída. Loss média: 4.5792
2025-11-22 00:45:59,817 - INFO - Taxa de aprendizado ajustada para: 0.010000
2025-11-22 00:45:59,825 - INFO - Iniciando inferência com o modelo DenseNet121...
2025-11-22 00:46:39,900 - INFO - ==================================================
2025-11-22 00:46:39,900 - INFO - EXPERIMENT RESULTS
2025-11-22 00:46:39,900 - INFO - ==================================================
2025-11-22 00:46:39,900 - INFO - Elapsed Time Seconds     : 40.0234
2025-11-22 00:46:39,900 - INFO - Cpu Usage Percent        : 6.7250
2025-11-22 00:46:39,900 - INFO - Ram Peak Usage Bytes     : 2431877120.0000
2025-11-22 00:46:39,900 - INFO - Disk Read Bytes          : 0.0000
2025-11-22 00:46:39,900 - INFO - Disk Write Bytes         : 389120.0000
2025-11-22 00:46:39,900 - INFO - Vram Peak Usage Bytes    : 1421110500.0000
2025-11-22 00:46:39,900 - INFO - Gpu Power Watts Avg      : 293.1788
2025-11-22 00:46:39,900 - INFO - Gpu Power Watts Peak     : 298.1690
2025-11-22 00:46:39,900 - INFO - Gpu Temp Celsius Avg     : 66.4110
2025-11-22 00:46:39,900 - INFO - Gpu Temp Celsius Peak    : 67.0000
2025-11-22 00:46:39,900 - INFO - Gpu Utilization Percent Avg: 97.6692
2025-11-22 00:46:39,900 - INFO - Gpu Utilization Percent Peak: 100.0000
2025-11-22 00:46:39,900 - INFO - Gpu Mem Used Bytes Avg   : 17497784320.0000
2025-11-22 00:46:39,900 - INFO - Gpu Mem Used Bytes Peak  : 17497784320.0000
2025-11-22 00:46:39,900 - INFO - Gpu Vram Used Bytes      : 17497784320.0000
2025-11-22 00:46:39,900 - INFO - Accuracy                 : 0.1000
2025-11-22 00:46:39,900 - INFO - Precision                : 0.0903
2025-11-22 00:46:39,901 - INFO - Recall                   : 0.1000
2025-11-22 00:46:39,901 - INFO - F1 Score                 : 0.0696
2025-11-22 00:46:39,901 - INFO - ==================================================
2025-11-22 01:08:44,152 - INFO - Época 33 concluída. Loss média: 4.5886
2025-11-22 01:08:44,152 - INFO - Taxa de aprendizado ajustada para: 0.010000
2025-11-22 01:08:44,161 - INFO - Iniciando inferência com o modelo DenseNet121...
2025-11-22 01:09:24,240 - INFO - ==================================================
2025-11-22 01:09:24,241 - INFO - EXPERIMENT RESULTS
2025-11-22 01:09:24,241 - INFO - ==================================================
2025-11-22 01:09:24,241 - INFO - Elapsed Time Seconds     : 40.0287
2025-11-22 01:09:24,241 - INFO - Cpu Usage Percent        : 6.7313
2025-11-22 01:09:24,241 - INFO - Ram Peak Usage Bytes     : 2432737280.0000
2025-11-22 01:09:24,241 - INFO - Disk Read Bytes          : 0.0000
2025-11-22 01:09:24,241 - INFO - Disk Write Bytes         : 393216.0000
2025-11-22 01:09:24,241 - INFO - Vram Peak Usage Bytes    : 1421110500.0000
2025-11-22 01:09:24,241 - INFO - Gpu Power Watts Avg      : 295.9472
2025-11-22 01:09:24,241 - INFO - Gpu Power Watts Peak     : 301.4080
2025-11-22 01:09:24,241 - INFO - Gpu Temp Celsius Avg     : 66.6491
2025-11-22 01:09:24,241 - INFO - Gpu Temp Celsius Peak    : 67.0000
2025-11-22 01:09:24,241 - INFO - Gpu Utilization Percent Avg: 97.5689
2025-11-22 01:09:24,241 - INFO - Gpu Utilization Percent Peak: 100.0000
2025-11-22 01:09:24,241 - INFO - Gpu Mem Used Bytes Avg   : 17497784320.0000
2025-11-22 01:09:24,241 - INFO - Gpu Mem Used Bytes Peak  : 17497784320.0000
2025-11-22 01:09:24,241 - INFO - Gpu Vram Used Bytes      : 17497784320.0000
2025-11-22 01:09:24,241 - INFO - Accuracy                 : 0.0942
2025-11-22 01:09:24,241 - INFO - Precision                : 0.0977
2025-11-22 01:09:24,241 - INFO - Recall                   : 0.0942
2025-11-22 01:09:24,241 - INFO - F1 Score                 : 0.0674
2025-11-22 01:09:24,241 - INFO - ==================================================
2025-11-22 01:31:28,568 - INFO - Época 34 concluída. Loss média: 4.5848
2025-11-22 01:31:28,568 - INFO - Taxa de aprendizado ajustada para: 0.010000
2025-11-22 01:31:28,577 - INFO - Iniciando inferência com o modelo DenseNet121...
2025-11-22 01:32:08,584 - INFO - ==================================================
2025-11-22 01:32:08,584 - INFO - EXPERIMENT RESULTS
2025-11-22 01:32:08,584 - INFO - ==================================================
2025-11-22 01:32:08,584 - INFO - Elapsed Time Seconds     : 39.9571
2025-11-22 01:32:08,584 - INFO - Cpu Usage Percent        : 6.7313
2025-11-22 01:32:08,584 - INFO - Ram Peak Usage Bytes     : 2433613824.0000
2025-11-22 01:32:08,584 - INFO - Disk Read Bytes          : 0.0000
2025-11-22 01:32:08,584 - INFO - Disk Write Bytes         : 397312.0000
2025-11-22 01:32:08,584 - INFO - Vram Peak Usage Bytes    : 1421110500.0000
2025-11-22 01:32:08,584 - INFO - Gpu Power Watts Avg      : 296.9049
2025-11-22 01:32:08,585 - INFO - Gpu Power Watts Peak     : 302.0640
2025-11-22 01:32:08,585 - INFO - Gpu Temp Celsius Avg     : 66.8769
2025-11-22 01:32:08,585 - INFO - Gpu Temp Celsius Peak    : 68.0000
2025-11-22 01:32:08,585 - INFO - Gpu Utilization Percent Avg: 97.6231
2025-11-22 01:32:08,585 - INFO - Gpu Utilization Percent Peak: 100.0000
2025-11-22 01:32:08,585 - INFO - Gpu Mem Used Bytes Avg   : 17497784320.0000
2025-11-22 01:32:08,585 - INFO - Gpu Mem Used Bytes Peak  : 17497784320.0000
2025-11-22 01:32:08,585 - INFO - Gpu Vram Used Bytes      : 17497784320.0000
2025-11-22 01:32:08,585 - INFO - Accuracy                 : 0.0997
2025-11-22 01:32:08,585 - INFO - Precision                : 0.0958
2025-11-22 01:32:08,585 - INFO - Recall                   : 0.0997
2025-11-22 01:32:08,585 - INFO - F1 Score                 : 0.0734
2025-11-22 01:32:08,585 - INFO - ==================================================
2025-11-22 01:54:13,282 - INFO - Época 35 concluída. Loss média: 4.5713
2025-11-22 01:54:13,283 - INFO - Taxa de aprendizado ajustada para: 0.010000
2025-11-22 01:54:13,292 - INFO - Iniciando inferência com o modelo DenseNet121...
2025-11-22 01:54:53,289 - INFO - ==================================================
2025-11-22 01:54:53,289 - INFO - EXPERIMENT RESULTS
2025-11-22 01:54:53,289 - INFO - ==================================================
2025-11-22 01:54:53,289 - INFO - Elapsed Time Seconds     : 39.9468
2025-11-22 01:54:53,289 - INFO - Cpu Usage Percent        : 6.7250
2025-11-22 01:54:53,289 - INFO - Ram Peak Usage Bytes     : 2438307840.0000
2025-11-22 01:54:53,289 - INFO - Disk Read Bytes          : 0.0000
2025-11-22 01:54:53,289 - INFO - Disk Write Bytes         : 331776.0000
2025-11-22 01:54:53,289 - INFO - Vram Peak Usage Bytes    : 1421110500.0000
2025-11-22 01:54:53,290 - INFO - Gpu Power Watts Avg      : 297.3696
2025-11-22 01:54:53,290 - INFO - Gpu Power Watts Peak     : 302.3430
2025-11-22 01:54:53,290 - INFO - Gpu Temp Celsius Avg     : 66.8492
2025-11-22 01:54:53,290 - INFO - Gpu Temp Celsius Peak    : 68.0000
2025-11-22 01:54:53,290 - INFO - Gpu Utilization Percent Avg: 97.6658
2025-11-22 01:54:53,290 - INFO - Gpu Utilization Percent Peak: 100.0000
2025-11-22 01:54:53,290 - INFO - Gpu Mem Used Bytes Avg   : 17497784320.0000
2025-11-22 01:54:53,290 - INFO - Gpu Mem Used Bytes Peak  : 17497784320.0000
2025-11-22 01:54:53,290 - INFO - Gpu Vram Used Bytes      : 17497784320.0000
2025-11-22 01:54:53,290 - INFO - Accuracy                 : 0.1217
2025-11-22 01:54:53,290 - INFO - Precision                : 0.1304
2025-11-22 01:54:53,290 - INFO - Recall                   : 0.1217
2025-11-22 01:54:53,290 - INFO - F1 Score                 : 0.0932
2025-11-22 01:54:53,290 - INFO - ==================================================
2025-11-22 02:16:57,605 - INFO - Época 36 concluída. Loss média: 4.5729
2025-11-22 02:16:57,605 - INFO - Taxa de aprendizado ajustada para: 0.010000
2025-11-22 02:16:57,614 - INFO - Iniciando inferência com o modelo DenseNet121...
2025-11-22 02:17:37,601 - INFO - ==================================================
2025-11-22 02:17:37,601 - INFO - EXPERIMENT RESULTS
2025-11-22 02:17:37,601 - INFO - ==================================================
2025-11-22 02:17:37,601 - INFO - Elapsed Time Seconds     : 39.9366
2025-11-22 02:17:37,601 - INFO - Cpu Usage Percent        : 6.7313
2025-11-22 02:17:37,601 - INFO - Ram Peak Usage Bytes     : 2439299072.0000
2025-11-22 02:17:37,601 - INFO - Disk Read Bytes          : 0.0000
2025-11-22 02:17:37,601 - INFO - Disk Write Bytes         : 618496.0000
2025-11-22 02:17:37,601 - INFO - Vram Peak Usage Bytes    : 1421110500.0000
2025-11-22 02:17:37,601 - INFO - Gpu Power Watts Avg      : 296.6098
2025-11-22 02:17:37,601 - INFO - Gpu Power Watts Peak     : 301.2770
2025-11-22 02:17:37,601 - INFO - Gpu Temp Celsius Avg     : 66.7739
2025-11-22 02:17:37,601 - INFO - Gpu Temp Celsius Peak    : 67.0000
2025-11-22 02:17:37,601 - INFO - Gpu Utilization Percent Avg: 97.6734
2025-11-22 02:17:37,601 - INFO - Gpu Utilization Percent Peak: 100.0000
2025-11-22 02:17:37,602 - INFO - Gpu Mem Used Bytes Avg   : 17497784320.0000
2025-11-22 02:17:37,602 - INFO - Gpu Mem Used Bytes Peak  : 17497784320.0000
2025-11-22 02:17:37,602 - INFO - Gpu Vram Used Bytes      : 17497784320.0000
2025-11-22 02:17:37,602 - INFO - Accuracy                 : 0.1137
2025-11-22 02:17:37,602 - INFO - Precision                : 0.1127
2025-11-22 02:17:37,602 - INFO - Recall                   : 0.1137
2025-11-22 02:17:37,602 - INFO - F1 Score                 : 0.0849
2025-11-22 02:17:37,602 - INFO - ==================================================
2025-11-22 02:39:41,946 - INFO - Época 37 concluída. Loss média: 4.5509
2025-11-22 02:39:41,946 - INFO - Taxa de aprendizado ajustada para: 0.010000
2025-11-22 02:39:41,955 - INFO - Iniciando inferência com o modelo DenseNet121...
2025-11-22 02:40:22,119 - INFO - ==================================================
2025-11-22 02:40:22,120 - INFO - EXPERIMENT RESULTS
2025-11-22 02:40:22,120 - INFO - ==================================================
2025-11-22 02:40:22,120 - INFO - Elapsed Time Seconds     : 40.1141
2025-11-22 02:40:22,120 - INFO - Cpu Usage Percent        : 6.7062
2025-11-22 02:40:22,120 - INFO - Ram Peak Usage Bytes     : 2440282112.0000
2025-11-22 02:40:22,120 - INFO - Disk Read Bytes          : 0.0000
2025-11-22 02:40:22,120 - INFO - Disk Write Bytes         : 397312.0000
2025-11-22 02:40:22,120 - INFO - Vram Peak Usage Bytes    : 1421110500.0000
2025-11-22 02:40:22,120 - INFO - Gpu Power Watts Avg      : 295.4645
2025-11-22 02:40:22,120 - INFO - Gpu Power Watts Peak     : 302.3640
2025-11-22 02:40:22,120 - INFO - Gpu Temp Celsius Avg     : 66.6500
2025-11-22 02:40:22,120 - INFO - Gpu Temp Celsius Peak    : 67.0000
2025-11-22 02:40:22,120 - INFO - Gpu Utilization Percent Avg: 97.4300
2025-11-22 02:40:22,120 - INFO - Gpu Utilization Percent Peak: 100.0000
2025-11-22 02:40:22,120 - INFO - Gpu Mem Used Bytes Avg   : 17497784320.0000
2025-11-22 02:40:22,120 - INFO - Gpu Mem Used Bytes Peak  : 17497784320.0000
2025-11-22 02:40:22,120 - INFO - Gpu Vram Used Bytes      : 17497784320.0000
2025-11-22 02:40:22,120 - INFO - Accuracy                 : 0.0977
2025-11-22 02:40:22,120 - INFO - Precision                : 0.1226
2025-11-22 02:40:22,120 - INFO - Recall                   : 0.0977
2025-11-22 02:40:22,120 - INFO - F1 Score                 : 0.0763
2025-11-22 02:40:22,120 - INFO - ==================================================
2025-11-22 03:02:26,818 - INFO - Época 38 concluída. Loss média: 4.5358
2025-11-22 03:02:26,818 - INFO - Taxa de aprendizado ajustada para: 0.010000
2025-11-22 03:02:26,827 - INFO - Iniciando inferência com o modelo DenseNet121...
2025-11-22 03:03:06,902 - INFO - ==================================================
2025-11-22 03:03:06,902 - INFO - EXPERIMENT RESULTS
2025-11-22 03:03:06,902 - INFO - ==================================================
2025-11-22 03:03:06,902 - INFO - Elapsed Time Seconds     : 40.0250
2025-11-22 03:03:06,902 - INFO - Cpu Usage Percent        : 6.7188
2025-11-22 03:03:06,902 - INFO - Ram Peak Usage Bytes     : 2441322496.0000
2025-11-22 03:03:06,902 - INFO - Disk Read Bytes          : 0.0000
2025-11-22 03:03:06,902 - INFO - Disk Write Bytes         : 372736.0000
2025-11-22 03:03:06,902 - INFO - Vram Peak Usage Bytes    : 1421110500.0000
2025-11-22 03:03:06,902 - INFO - Gpu Power Watts Avg      : 295.3598
2025-11-22 03:03:06,902 - INFO - Gpu Power Watts Peak     : 300.6190
2025-11-22 03:03:06,903 - INFO - Gpu Temp Celsius Avg     : 66.8145
2025-11-22 03:03:06,903 - INFO - Gpu Temp Celsius Peak    : 68.0000
2025-11-22 03:03:06,903 - INFO - Gpu Utilization Percent Avg: 97.5414
2025-11-22 03:03:06,903 - INFO - Gpu Utilization Percent Peak: 100.0000
2025-11-22 03:03:06,903 - INFO - Gpu Mem Used Bytes Avg   : 17497784320.0000
2025-11-22 03:03:06,903 - INFO - Gpu Mem Used Bytes Peak  : 17497784320.0000
2025-11-22 03:03:06,903 - INFO - Gpu Vram Used Bytes      : 17497784320.0000
2025-11-22 03:03:06,903 - INFO - Accuracy                 : 0.1098
2025-11-22 03:03:06,903 - INFO - Precision                : 0.1235
2025-11-22 03:03:06,903 - INFO - Recall                   : 0.1098
2025-11-22 03:03:06,903 - INFO - F1 Score                 : 0.0870
2025-11-22 03:03:06,903 - INFO - ==================================================
2025-11-22 03:25:11,484 - INFO - Época 39 concluída. Loss média: 4.5228
2025-11-22 03:25:11,485 - INFO - Taxa de aprendizado ajustada para: 0.010000
2025-11-22 03:25:11,494 - INFO - Iniciando inferência com o modelo DenseNet121...
2025-11-22 03:25:51,557 - INFO - ==================================================
2025-11-22 03:25:51,557 - INFO - EXPERIMENT RESULTS
2025-11-22 03:25:51,557 - INFO - ==================================================
2025-11-22 03:25:51,557 - INFO - Elapsed Time Seconds     : 40.0125
2025-11-22 03:25:51,557 - INFO - Cpu Usage Percent        : 6.7188
2025-11-22 03:25:51,557 - INFO - Ram Peak Usage Bytes     : 2446655488.0000
2025-11-22 03:25:51,557 - INFO - Disk Read Bytes          : 0.0000
2025-11-22 03:25:51,557 - INFO - Disk Write Bytes         : 401408.0000
2025-11-22 03:25:51,557 - INFO - Vram Peak Usage Bytes    : 1421110500.0000
2025-11-22 03:25:51,557 - INFO - Gpu Power Watts Avg      : 295.9131
2025-11-22 03:25:51,557 - INFO - Gpu Power Watts Peak     : 304.1640
2025-11-22 03:25:51,557 - INFO - Gpu Temp Celsius Avg     : 66.5589
2025-11-22 03:25:51,557 - INFO - Gpu Temp Celsius Peak    : 68.0000
2025-11-22 03:25:51,557 - INFO - Gpu Utilization Percent Avg: 97.4586
2025-11-22 03:25:51,557 - INFO - Gpu Utilization Percent Peak: 100.0000
2025-11-22 03:25:51,557 - INFO - Gpu Mem Used Bytes Avg   : 17497784320.0000
2025-11-22 03:25:51,557 - INFO - Gpu Mem Used Bytes Peak  : 17497784320.0000
2025-11-22 03:25:51,558 - INFO - Gpu Vram Used Bytes      : 17497784320.0000
2025-11-22 03:25:51,558 - INFO - Accuracy                 : 0.1222
2025-11-22 03:25:51,558 - INFO - Precision                : 0.1313
2025-11-22 03:25:51,558 - INFO - Recall                   : 0.1222
2025-11-22 03:25:51,558 - INFO - F1 Score                 : 0.0910
2025-11-22 03:25:51,558 - INFO - ==================================================
2025-11-22 03:47:56,069 - INFO - Época 40 concluída. Loss média: 4.5211
2025-11-22 03:47:56,070 - INFO - Taxa de aprendizado ajustada para: 0.010000
2025-11-22 03:47:56,079 - INFO - Iniciando inferência com o modelo DenseNet121...
2025-11-22 03:48:36,119 - INFO - ==================================================
2025-11-22 03:48:36,120 - INFO - EXPERIMENT RESULTS
2025-11-22 03:48:36,120 - INFO - ==================================================
2025-11-22 03:48:36,120 - INFO - Elapsed Time Seconds     : 39.9902
2025-11-22 03:48:36,120 - INFO - Cpu Usage Percent        : 6.7250
2025-11-22 03:48:36,120 - INFO - Ram Peak Usage Bytes     : 2447646720.0000
2025-11-22 03:48:36,120 - INFO - Disk Read Bytes          : 0.0000
2025-11-22 03:48:36,120 - INFO - Disk Write Bytes         : 462848.0000
2025-11-22 03:48:36,120 - INFO - Vram Peak Usage Bytes    : 1421110500.0000
2025-11-22 03:48:36,120 - INFO - Gpu Power Watts Avg      : 296.0634
2025-11-22 03:48:36,120 - INFO - Gpu Power Watts Peak     : 302.1100
2025-11-22 03:48:36,120 - INFO - Gpu Temp Celsius Avg     : 66.6015
2025-11-22 03:48:36,120 - INFO - Gpu Temp Celsius Peak    : 67.0000
2025-11-22 03:48:36,120 - INFO - Gpu Utilization Percent Avg: 97.6992
2025-11-22 03:48:36,120 - INFO - Gpu Utilization Percent Peak: 100.0000
2025-11-22 03:48:36,120 - INFO - Gpu Mem Used Bytes Avg   : 17497784320.0000
2025-11-22 03:48:36,120 - INFO - Gpu Mem Used Bytes Peak  : 17497784320.0000
2025-11-22 03:48:36,120 - INFO - Gpu Vram Used Bytes      : 17497784320.0000
2025-11-22 03:48:36,120 - INFO - Accuracy                 : 0.1245
2025-11-22 03:48:36,120 - INFO - Precision                : 0.1449
2025-11-22 03:48:36,120 - INFO - Recall                   : 0.1245
2025-11-22 03:48:36,121 - INFO - F1 Score                 : 0.0962
2025-11-22 03:48:36,121 - INFO - ==================================================
2025-11-22 04:10:40,798 - INFO - Época 41 concluída. Loss média: 4.5037
2025-11-22 04:10:40,799 - INFO - Taxa de aprendizado ajustada para: 0.010000
2025-11-22 04:10:40,808 - INFO - Iniciando inferência com o modelo DenseNet121...
2025-11-22 04:11:20,869 - INFO - ==================================================
2025-11-22 04:11:20,869 - INFO - EXPERIMENT RESULTS
2025-11-22 04:11:20,869 - INFO - ==================================================
2025-11-22 04:11:20,869 - INFO - Elapsed Time Seconds     : 40.0106
2025-11-22 04:11:20,869 - INFO - Cpu Usage Percent        : 6.7188
2025-11-22 04:11:20,869 - INFO - Ram Peak Usage Bytes     : 2448707584.0000
2025-11-22 04:11:20,869 - INFO - Disk Read Bytes          : 0.0000
2025-11-22 04:11:20,869 - INFO - Disk Write Bytes         : 368640.0000
2025-11-22 04:11:20,869 - INFO - Vram Peak Usage Bytes    : 1421110500.0000
2025-11-22 04:11:20,869 - INFO - Gpu Power Watts Avg      : 296.3730
2025-11-22 04:11:20,869 - INFO - Gpu Power Watts Peak     : 301.4590
2025-11-22 04:11:20,869 - INFO - Gpu Temp Celsius Avg     : 66.7494
2025-11-22 04:11:20,869 - INFO - Gpu Temp Celsius Peak    : 68.0000
2025-11-22 04:11:20,869 - INFO - Gpu Utilization Percent Avg: 97.5514
2025-11-22 04:11:20,869 - INFO - Gpu Utilization Percent Peak: 100.0000
2025-11-22 04:11:20,870 - INFO - Gpu Mem Used Bytes Avg   : 17497784320.0000
2025-11-22 04:11:20,870 - INFO - Gpu Mem Used Bytes Peak  : 17497784320.0000
2025-11-22 04:11:20,870 - INFO - Gpu Vram Used Bytes      : 17497784320.0000
2025-11-22 04:11:20,870 - INFO - Accuracy                 : 0.1256
2025-11-22 04:11:20,870 - INFO - Precision                : 0.1372
2025-11-22 04:11:20,870 - INFO - Recall                   : 0.1256
2025-11-22 04:11:20,870 - INFO - F1 Score                 : 0.0964
2025-11-22 04:11:20,870 - INFO - ==================================================
2025-11-22 04:33:25,698 - INFO - Época 42 concluída. Loss média: 4.5114
2025-11-22 04:33:25,699 - INFO - Taxa de aprendizado ajustada para: 0.010000
2025-11-22 04:33:25,708 - INFO - Iniciando inferência com o modelo DenseNet121...
2025-11-22 04:34:05,676 - INFO - ==================================================
2025-11-22 04:34:05,676 - INFO - EXPERIMENT RESULTS
2025-11-22 04:34:05,676 - INFO - ==================================================
2025-11-22 04:34:05,676 - INFO - Elapsed Time Seconds     : 39.9181
2025-11-22 04:34:05,676 - INFO - Cpu Usage Percent        : 6.7250
2025-11-22 04:34:05,676 - INFO - Ram Peak Usage Bytes     : 2449817600.0000
2025-11-22 04:34:05,676 - INFO - Disk Read Bytes          : 0.0000
2025-11-22 04:34:05,676 - INFO - Disk Write Bytes         : 409600.0000
2025-11-22 04:34:05,676 - INFO - Vram Peak Usage Bytes    : 1421110500.0000
2025-11-22 04:34:05,676 - INFO - Gpu Power Watts Avg      : 296.7657
2025-11-22 04:34:05,676 - INFO - Gpu Power Watts Peak     : 301.6150
2025-11-22 04:34:05,676 - INFO - Gpu Temp Celsius Avg     : 66.7437
2025-11-22 04:34:05,676 - INFO - Gpu Temp Celsius Peak    : 67.0000
2025-11-22 04:34:05,676 - INFO - Gpu Utilization Percent Avg: 97.7261
2025-11-22 04:34:05,677 - INFO - Gpu Utilization Percent Peak: 100.0000
2025-11-22 04:34:05,677 - INFO - Gpu Mem Used Bytes Avg   : 17497784320.0000
2025-11-22 04:34:05,677 - INFO - Gpu Mem Used Bytes Peak  : 17497784320.0000
2025-11-22 04:34:05,677 - INFO - Gpu Vram Used Bytes      : 17497784320.0000
2025-11-22 04:34:05,677 - INFO - Accuracy                 : 0.1140
2025-11-22 04:34:05,677 - INFO - Precision                : 0.1310
2025-11-22 04:34:05,677 - INFO - Recall                   : 0.1140
2025-11-22 04:34:05,677 - INFO - F1 Score                 : 0.0860
2025-11-22 04:34:05,677 - INFO - ==================================================
2025-11-22 04:56:10,040 - INFO - Época 43 concluída. Loss média: 4.4981
2025-11-22 04:56:10,045 - INFO - Taxa de aprendizado ajustada para: 0.010000
2025-11-22 04:56:10,055 - INFO - Iniciando inferência com o modelo DenseNet121...
2025-11-22 04:56:50,111 - INFO - ==================================================
2025-11-22 04:56:50,111 - INFO - EXPERIMENT RESULTS
2025-11-22 04:56:50,111 - INFO - ==================================================
2025-11-22 04:56:50,111 - INFO - Elapsed Time Seconds     : 40.0055
2025-11-22 04:56:50,112 - INFO - Cpu Usage Percent        : 6.7188
2025-11-22 04:56:50,112 - INFO - Ram Peak Usage Bytes     : 2450903040.0000
2025-11-22 04:56:50,112 - INFO - Disk Read Bytes          : 0.0000
2025-11-22 04:56:50,112 - INFO - Disk Write Bytes         : 430080.0000
2025-11-22 04:56:50,112 - INFO - Vram Peak Usage Bytes    : 1421110500.0000
2025-11-22 04:56:50,112 - INFO - Gpu Power Watts Avg      : 295.4081
2025-11-22 04:56:50,112 - INFO - Gpu Power Watts Peak     : 301.0340
2025-11-22 04:56:50,112 - INFO - Gpu Temp Celsius Avg     : 66.6942
2025-11-22 04:56:50,112 - INFO - Gpu Temp Celsius Peak    : 67.0000
2025-11-22 04:56:50,112 - INFO - Gpu Utilization Percent Avg: 97.7168
2025-11-22 04:56:50,112 - INFO - Gpu Utilization Percent Peak: 100.0000
2025-11-22 04:56:50,112 - INFO - Gpu Mem Used Bytes Avg   : 17497784320.0000
2025-11-22 04:56:50,112 - INFO - Gpu Mem Used Bytes Peak  : 17497784320.0000
2025-11-22 04:56:50,112 - INFO - Gpu Vram Used Bytes      : 17497784320.0000
2025-11-22 04:56:50,112 - INFO - Accuracy                 : 0.1206
2025-11-22 04:56:50,112 - INFO - Precision                : 0.1355
2025-11-22 04:56:50,112 - INFO - Recall                   : 0.1206
2025-11-22 04:56:50,112 - INFO - F1 Score                 : 0.0980
2025-11-22 04:56:50,112 - INFO - ==================================================
2025-11-22 05:18:55,054 - INFO - Época 44 concluída. Loss média: 4.4850
2025-11-22 05:18:55,054 - INFO - Taxa de aprendizado ajustada para: 0.010000
2025-11-22 05:18:55,063 - INFO - Iniciando inferência com o modelo DenseNet121...
2025-11-22 05:19:35,120 - INFO - ==================================================
2025-11-22 05:19:35,121 - INFO - EXPERIMENT RESULTS
2025-11-22 05:19:35,121 - INFO - ==================================================
2025-11-22 05:19:35,121 - INFO - Elapsed Time Seconds     : 40.0073
2025-11-22 05:19:35,121 - INFO - Cpu Usage Percent        : 6.7188
2025-11-22 05:19:35,121 - INFO - Ram Peak Usage Bytes     : 2452008960.0000
2025-11-22 05:19:35,121 - INFO - Disk Read Bytes          : 0.0000
2025-11-22 05:19:35,121 - INFO - Disk Write Bytes         : 376832.0000
2025-11-22 05:19:35,121 - INFO - Vram Peak Usage Bytes    : 1421110500.0000
2025-11-22 05:19:35,121 - INFO - Gpu Power Watts Avg      : 295.6537
2025-11-22 05:19:35,121 - INFO - Gpu Power Watts Peak     : 301.5880
2025-11-22 05:19:35,121 - INFO - Gpu Temp Celsius Avg     : 66.8271
2025-11-22 05:19:35,121 - INFO - Gpu Temp Celsius Peak    : 68.0000
2025-11-22 05:19:35,121 - INFO - Gpu Utilization Percent Avg: 97.4336
2025-11-22 05:19:35,121 - INFO - Gpu Utilization Percent Peak: 100.0000
2025-11-22 05:19:35,121 - INFO - Gpu Mem Used Bytes Avg   : 17497784320.0000
2025-11-22 05:19:35,121 - INFO - Gpu Mem Used Bytes Peak  : 17497784320.0000
2025-11-22 05:19:35,121 - INFO - Gpu Vram Used Bytes      : 17497784320.0000
2025-11-22 05:19:35,121 - INFO - Accuracy                 : 0.1289
2025-11-22 05:19:35,121 - INFO - Precision                : 0.1525
2025-11-22 05:19:35,121 - INFO - Recall                   : 0.1289
2025-11-22 05:19:35,121 - INFO - F1 Score                 : 0.1022
2025-11-22 05:19:35,122 - INFO - ==================================================
2025-11-22 05:41:39,659 - INFO - Época 45 concluída. Loss média: 4.4895
2025-11-22 05:41:39,660 - INFO - Taxa de aprendizado ajustada para: 0.010000
2025-11-22 05:41:39,669 - INFO - Iniciando inferência com o modelo DenseNet121...
2025-11-22 05:42:19,652 - INFO - ==================================================
2025-11-22 05:42:19,652 - INFO - EXPERIMENT RESULTS
2025-11-22 05:42:19,652 - INFO - ==================================================
2025-11-22 05:42:19,652 - INFO - Elapsed Time Seconds     : 39.9331
2025-11-22 05:42:19,652 - INFO - Cpu Usage Percent        : 6.7313
2025-11-22 05:42:19,652 - INFO - Ram Peak Usage Bytes     : 2453270528.0000
2025-11-22 05:42:19,652 - INFO - Disk Read Bytes          : 0.0000
2025-11-22 05:42:19,652 - INFO - Disk Write Bytes         : 409600.0000
2025-11-22 05:42:19,652 - INFO - Vram Peak Usage Bytes    : 1421110500.0000
2025-11-22 05:42:19,652 - INFO - Gpu Power Watts Avg      : 296.0471
2025-11-22 05:42:19,653 - INFO - Gpu Power Watts Peak     : 300.5800
2025-11-22 05:42:19,653 - INFO - Gpu Temp Celsius Avg     : 66.6583
2025-11-22 05:42:19,653 - INFO - Gpu Temp Celsius Peak    : 67.0000
2025-11-22 05:42:19,653 - INFO - Gpu Utilization Percent Avg: 97.6658
2025-11-22 05:42:19,653 - INFO - Gpu Utilization Percent Peak: 100.0000
2025-11-22 05:42:19,653 - INFO - Gpu Mem Used Bytes Avg   : 17497784320.0000
2025-11-22 05:42:19,653 - INFO - Gpu Mem Used Bytes Peak  : 17497784320.0000
2025-11-22 05:42:19,653 - INFO - Gpu Vram Used Bytes      : 17497784320.0000
2025-11-22 05:42:19,653 - INFO - Accuracy                 : 0.1354
2025-11-22 05:42:19,653 - INFO - Precision                : 0.1637
2025-11-22 05:42:19,653 - INFO - Recall                   : 0.1354
2025-11-22 05:42:19,653 - INFO - F1 Score                 : 0.1036
2025-11-22 05:42:19,653 - INFO - ==================================================
2025-11-22 06:04:24,142 - INFO - Época 46 concluída. Loss média: 4.4588
2025-11-22 06:04:24,142 - INFO - Taxa de aprendizado ajustada para: 0.010000
2025-11-22 06:04:24,151 - INFO - Iniciando inferência com o modelo DenseNet121...
2025-11-22 06:05:04,117 - INFO - ==================================================
2025-11-22 06:05:04,117 - INFO - EXPERIMENT RESULTS
2025-11-22 06:05:04,117 - INFO - ==================================================
2025-11-22 06:05:04,117 - INFO - Elapsed Time Seconds     : 39.9162
2025-11-22 06:05:04,117 - INFO - Cpu Usage Percent        : 6.7375
2025-11-22 06:05:04,117 - INFO - Ram Peak Usage Bytes     : 2454183936.0000
2025-11-22 06:05:04,118 - INFO - Disk Read Bytes          : 0.0000
2025-11-22 06:05:04,118 - INFO - Disk Write Bytes         : 389120.0000
2025-11-22 06:05:04,118 - INFO - Vram Peak Usage Bytes    : 1421110500.0000
2025-11-22 06:05:04,118 - INFO - Gpu Power Watts Avg      : 295.7696
2025-11-22 06:05:04,118 - INFO - Gpu Power Watts Peak     : 300.8470
2025-11-22 06:05:04,118 - INFO - Gpu Temp Celsius Avg     : 66.4950
2025-11-22 06:05:04,118 - INFO - Gpu Temp Celsius Peak    : 67.0000
2025-11-22 06:05:04,118 - INFO - Gpu Utilization Percent Avg: 97.6332
2025-11-22 06:05:04,118 - INFO - Gpu Utilization Percent Peak: 100.0000
2025-11-22 06:05:04,118 - INFO - Gpu Mem Used Bytes Avg   : 17497784320.0000
2025-11-22 06:05:04,118 - INFO - Gpu Mem Used Bytes Peak  : 17497784320.0000
2025-11-22 06:05:04,118 - INFO - Gpu Vram Used Bytes      : 17497784320.0000
2025-11-22 06:05:04,118 - INFO - Accuracy                 : 0.1367
2025-11-22 06:05:04,118 - INFO - Precision                : 0.1585
2025-11-22 06:05:04,118 - INFO - Recall                   : 0.1367
2025-11-22 06:05:04,118 - INFO - F1 Score                 : 0.1095
2025-11-22 06:05:04,118 - INFO - ==================================================
2025-11-22 06:27:08,864 - INFO - Época 47 concluída. Loss média: 4.4569
2025-11-22 06:27:08,865 - INFO - Taxa de aprendizado ajustada para: 0.010000
2025-11-22 06:27:08,873 - INFO - Iniciando inferência com o modelo DenseNet121...
2025-11-22 06:27:48,913 - INFO - ==================================================
2025-11-22 06:27:48,913 - INFO - EXPERIMENT RESULTS
2025-11-22 06:27:48,913 - INFO - ==================================================
2025-11-22 06:27:48,913 - INFO - Elapsed Time Seconds     : 39.9891
2025-11-22 06:27:48,913 - INFO - Cpu Usage Percent        : 6.7250
2025-11-22 06:27:48,913 - INFO - Ram Peak Usage Bytes     : 2455289856.0000
2025-11-22 06:27:48,913 - INFO - Disk Read Bytes          : 0.0000
2025-11-22 06:27:48,913 - INFO - Disk Write Bytes         : 389120.0000
2025-11-22 06:27:48,913 - INFO - Vram Peak Usage Bytes    : 1421110500.0000
2025-11-22 06:27:48,913 - INFO - Gpu Power Watts Avg      : 294.6785
2025-11-22 06:27:48,913 - INFO - Gpu Power Watts Peak     : 300.9770
2025-11-22 06:27:48,914 - INFO - Gpu Temp Celsius Avg     : 66.7143
2025-11-22 06:27:48,914 - INFO - Gpu Temp Celsius Peak    : 68.0000
2025-11-22 06:27:48,914 - INFO - Gpu Utilization Percent Avg: 97.5088
2025-11-22 06:27:48,914 - INFO - Gpu Utilization Percent Peak: 100.0000
2025-11-22 06:27:48,914 - INFO - Gpu Mem Used Bytes Avg   : 17497784320.0000
2025-11-22 06:27:48,914 - INFO - Gpu Mem Used Bytes Peak  : 17497784320.0000
2025-11-22 06:27:48,914 - INFO - Gpu Vram Used Bytes      : 17497784320.0000
2025-11-22 06:27:48,914 - INFO - Accuracy                 : 0.1463
2025-11-22 06:27:48,914 - INFO - Precision                : 0.1432
2025-11-22 06:27:48,914 - INFO - Recall                   : 0.1463
2025-11-22 06:27:48,914 - INFO - F1 Score                 : 0.1155
2025-11-22 06:27:48,914 - INFO - ==================================================
2025-11-22 06:49:53,399 - INFO - Época 48 concluída. Loss média: 4.4426
2025-11-22 06:49:53,400 - INFO - Taxa de aprendizado ajustada para: 0.010000
2025-11-22 06:49:53,408 - INFO - Iniciando inferência com o modelo DenseNet121...
2025-11-22 06:50:33,453 - INFO - ==================================================
2025-11-22 06:50:33,453 - INFO - EXPERIMENT RESULTS
2025-11-22 06:50:33,453 - INFO - ==================================================
2025-11-22 06:50:33,453 - INFO - Elapsed Time Seconds     : 39.9936
2025-11-22 06:50:33,453 - INFO - Cpu Usage Percent        : 6.7188
2025-11-22 06:50:33,453 - INFO - Ram Peak Usage Bytes     : 2456391680.0000
2025-11-22 06:50:33,453 - INFO - Disk Read Bytes          : 0.0000
2025-11-22 06:50:33,453 - INFO - Disk Write Bytes         : 372736.0000
2025-11-22 06:50:33,453 - INFO - Vram Peak Usage Bytes    : 1421110500.0000
2025-11-22 06:50:33,453 - INFO - Gpu Power Watts Avg      : 297.5044
2025-11-22 06:50:33,453 - INFO - Gpu Power Watts Peak     : 302.4640
2025-11-22 06:50:33,453 - INFO - Gpu Temp Celsius Avg     : 66.7744
2025-11-22 06:50:33,453 - INFO - Gpu Temp Celsius Peak    : 68.0000
2025-11-22 06:50:33,453 - INFO - Gpu Utilization Percent Avg: 97.6266
2025-11-22 06:50:33,453 - INFO - Gpu Utilization Percent Peak: 100.0000
2025-11-22 06:50:33,454 - INFO - Gpu Mem Used Bytes Avg   : 17497784320.0000
2025-11-22 06:50:33,454 - INFO - Gpu Mem Used Bytes Peak  : 17497784320.0000
2025-11-22 06:50:33,454 - INFO - Gpu Vram Used Bytes      : 17497784320.0000
2025-11-22 06:50:33,454 - INFO - Accuracy                 : 0.1414
2025-11-22 06:50:33,454 - INFO - Precision                : 0.1722
2025-11-22 06:50:33,454 - INFO - Recall                   : 0.1414
2025-11-22 06:50:33,454 - INFO - F1 Score                 : 0.1170
2025-11-22 06:50:33,454 - INFO - ==================================================
2025-11-22 07:12:38,186 - INFO - Época 49 concluída. Loss média: 4.4269
2025-11-22 07:12:38,186 - INFO - Taxa de aprendizado ajustada para: 0.010000
2025-11-22 07:12:38,195 - INFO - Iniciando inferência com o modelo DenseNet121...
2025-11-22 07:13:18,231 - INFO - ==================================================
2025-11-22 07:13:18,231 - INFO - EXPERIMENT RESULTS
2025-11-22 07:13:18,231 - INFO - ==================================================
2025-11-22 07:13:18,231 - INFO - Elapsed Time Seconds     : 39.9852
2025-11-22 07:13:18,231 - INFO - Cpu Usage Percent        : 6.7188
2025-11-22 07:13:18,231 - INFO - Ram Peak Usage Bytes     : 2457481216.0000
2025-11-22 07:13:18,231 - INFO - Disk Read Bytes          : 0.0000
2025-11-22 07:13:18,231 - INFO - Disk Write Bytes         : 442368.0000
2025-11-22 07:13:18,231 - INFO - Vram Peak Usage Bytes    : 1421110500.0000
2025-11-22 07:13:18,231 - INFO - Gpu Power Watts Avg      : 294.2553
2025-11-22 07:13:18,231 - INFO - Gpu Power Watts Peak     : 299.5390
2025-11-22 07:13:18,232 - INFO - Gpu Temp Celsius Avg     : 66.3559
2025-11-22 07:13:18,232 - INFO - Gpu Temp Celsius Peak    : 67.0000
2025-11-22 07:13:18,232 - INFO - Gpu Utilization Percent Avg: 97.5940
2025-11-22 07:13:18,232 - INFO - Gpu Utilization Percent Peak: 100.0000
2025-11-22 07:13:18,232 - INFO - Gpu Mem Used Bytes Avg   : 17497784320.0000
2025-11-22 07:13:18,232 - INFO - Gpu Mem Used Bytes Peak  : 17497784320.0000
2025-11-22 07:13:18,232 - INFO - Gpu Vram Used Bytes      : 17497784320.0000
2025-11-22 07:13:18,232 - INFO - Accuracy                 : 0.1469
2025-11-22 07:13:18,232 - INFO - Precision                : 0.1697
2025-11-22 07:13:18,232 - INFO - Recall                   : 0.1469
2025-11-22 07:13:18,232 - INFO - F1 Score                 : 0.1180
2025-11-22 07:13:18,232 - INFO - ==================================================
2025-11-22 07:35:22,587 - INFO - Época 50 concluída. Loss média: 4.4126
2025-11-22 07:35:22,589 - INFO - Taxa de aprendizado ajustada para: 0.010000
2025-11-22 07:35:22,598 - INFO - Iniciando inferência com o modelo DenseNet121...
2025-11-22 07:36:02,677 - INFO - ==================================================
2025-11-22 07:36:02,677 - INFO - EXPERIMENT RESULTS
2025-11-22 07:36:02,677 - INFO - ==================================================
2025-11-22 07:36:02,677 - INFO - Elapsed Time Seconds     : 40.0283
2025-11-22 07:36:02,677 - INFO - Cpu Usage Percent        : 6.7438
2025-11-22 07:36:02,677 - INFO - Ram Peak Usage Bytes     : 2458566656.0000
2025-11-22 07:36:02,677 - INFO - Disk Read Bytes          : 0.0000
2025-11-22 07:36:02,677 - INFO - Disk Write Bytes         : 409600.0000
2025-11-22 07:36:02,677 - INFO - Vram Peak Usage Bytes    : 1421110500.0000
2025-11-22 07:36:02,678 - INFO - Gpu Power Watts Avg      : 291.3156
2025-11-22 07:36:02,678 - INFO - Gpu Power Watts Peak     : 299.9590
2025-11-22 07:36:02,678 - INFO - Gpu Temp Celsius Avg     : 66.1830
2025-11-22 07:36:02,678 - INFO - Gpu Temp Celsius Peak    : 67.0000
2025-11-22 07:36:02,678 - INFO - Gpu Utilization Percent Avg: 97.6065
2025-11-22 07:36:02,678 - INFO - Gpu Utilization Percent Peak: 100.0000
2025-11-22 07:36:02,678 - INFO - Gpu Mem Used Bytes Avg   : 17497784320.0000
2025-11-22 07:36:02,678 - INFO - Gpu Mem Used Bytes Peak  : 17497784320.0000
2025-11-22 07:36:02,678 - INFO - Gpu Vram Used Bytes      : 17497784320.0000
2025-11-22 07:36:02,678 - INFO - Accuracy                 : 0.1564
2025-11-22 07:36:02,678 - INFO - Precision                : 0.1747
2025-11-22 07:36:02,678 - INFO - Recall                   : 0.1564
2025-11-22 07:36:02,678 - INFO - F1 Score                 : 0.1312
2025-11-22 07:36:02,678 - INFO - ==================================================
2025-11-22 07:58:07,178 - INFO - Época 51 concluída. Loss média: 4.4108
2025-11-22 07:58:07,179 - INFO - Taxa de aprendizado ajustada para: 0.010000
2025-11-22 07:58:07,187 - INFO - Iniciando inferência com o modelo DenseNet121...
2025-11-22 07:58:47,265 - INFO - ==================================================
2025-11-22 07:58:47,265 - INFO - EXPERIMENT RESULTS
2025-11-22 07:58:47,265 - INFO - ==================================================
2025-11-22 07:58:47,265 - INFO - Elapsed Time Seconds     : 40.0268
2025-11-22 07:58:47,265 - INFO - Cpu Usage Percent        : 6.7188
2025-11-22 07:58:47,265 - INFO - Ram Peak Usage Bytes     : 2459766784.0000
2025-11-22 07:58:47,265 - INFO - Disk Read Bytes          : 0.0000
2025-11-22 07:58:47,265 - INFO - Disk Write Bytes         : 294912.0000
2025-11-22 07:58:47,265 - INFO - Vram Peak Usage Bytes    : 1421110500.0000
2025-11-22 07:58:47,265 - INFO - Gpu Power Watts Avg      : 297.4672
2025-11-22 07:58:47,265 - INFO - Gpu Power Watts Peak     : 302.5940
2025-11-22 07:58:47,265 - INFO - Gpu Temp Celsius Avg     : 66.5589
2025-11-22 07:58:47,265 - INFO - Gpu Temp Celsius Peak    : 67.0000
2025-11-22 07:58:47,265 - INFO - Gpu Utilization Percent Avg: 97.4862
2025-11-22 07:58:47,265 - INFO - Gpu Utilization Percent Peak: 100.0000
2025-11-22 07:58:47,265 - INFO - Gpu Mem Used Bytes Avg   : 17497784320.0000
2025-11-22 07:58:47,265 - INFO - Gpu Mem Used Bytes Peak  : 17497784320.0000
2025-11-22 07:58:47,265 - INFO - Gpu Vram Used Bytes      : 17497784320.0000
2025-11-22 07:58:47,265 - INFO - Accuracy                 : 0.1567
2025-11-22 07:58:47,266 - INFO - Precision                : 0.1931
2025-11-22 07:58:47,266 - INFO - Recall                   : 0.1567
2025-11-22 07:58:47,266 - INFO - F1 Score                 : 0.1315
2025-11-22 07:58:47,266 - INFO - ==================================================
2025-11-22 08:20:51,794 - INFO - Época 52 concluída. Loss média: 4.4020
2025-11-22 08:20:51,795 - INFO - Taxa de aprendizado ajustada para: 0.010000
2025-11-22 08:20:51,804 - INFO - Iniciando inferência com o modelo DenseNet121...
2025-11-22 08:21:31,847 - INFO - ==================================================
2025-11-22 08:21:31,847 - INFO - EXPERIMENT RESULTS
2025-11-22 08:21:31,847 - INFO - ==================================================
2025-11-22 08:21:31,847 - INFO - Elapsed Time Seconds     : 39.9920
2025-11-22 08:21:31,847 - INFO - Cpu Usage Percent        : 6.7188
2025-11-22 08:21:31,847 - INFO - Ram Peak Usage Bytes     : 2460770304.0000
2025-11-22 08:21:31,847 - INFO - Disk Read Bytes          : 0.0000
2025-11-22 08:21:31,847 - INFO - Disk Write Bytes         : 356352.0000
2025-11-22 08:21:31,847 - INFO - Vram Peak Usage Bytes    : 1421110500.0000
2025-11-22 08:21:31,847 - INFO - Gpu Power Watts Avg      : 295.9669
2025-11-22 08:21:31,847 - INFO - Gpu Power Watts Peak     : 301.1280
2025-11-22 08:21:31,847 - INFO - Gpu Temp Celsius Avg     : 66.4035
2025-11-22 08:21:31,848 - INFO - Gpu Temp Celsius Peak    : 67.0000
2025-11-22 08:21:31,848 - INFO - Gpu Utilization Percent Avg: 97.6291
2025-11-22 08:21:31,848 - INFO - Gpu Utilization Percent Peak: 100.0000
2025-11-22 08:21:31,848 - INFO - Gpu Mem Used Bytes Avg   : 17497784320.0000
2025-11-22 08:21:31,848 - INFO - Gpu Mem Used Bytes Peak  : 17497784320.0000
2025-11-22 08:21:31,848 - INFO - Gpu Vram Used Bytes      : 17497784320.0000
2025-11-22 08:21:31,848 - INFO - Accuracy                 : 0.1480
2025-11-22 08:21:31,848 - INFO - Precision                : 0.1780
2025-11-22 08:21:31,848 - INFO - Recall                   : 0.1480
2025-11-22 08:21:31,848 - INFO - F1 Score                 : 0.1215
2025-11-22 08:21:31,848 - INFO - ==================================================
2025-11-22 08:43:36,211 - INFO - Época 53 concluída. Loss média: 4.4184
2025-11-22 08:43:36,212 - INFO - Taxa de aprendizado ajustada para: 0.010000
2025-11-22 08:43:36,221 - INFO - Iniciando inferência com o modelo DenseNet121...
2025-11-22 08:44:16,275 - INFO - ==================================================
2025-11-22 08:44:16,275 - INFO - EXPERIMENT RESULTS
2025-11-22 08:44:16,275 - INFO - ==================================================
2025-11-22 08:44:16,275 - INFO - Elapsed Time Seconds     : 40.0029
2025-11-22 08:44:16,275 - INFO - Cpu Usage Percent        : 6.7188
2025-11-22 08:44:16,275 - INFO - Ram Peak Usage Bytes     : 2461851648.0000
2025-11-22 08:44:16,275 - INFO - Disk Read Bytes          : 0.0000
2025-11-22 08:44:16,275 - INFO - Disk Write Bytes         : 393216.0000
2025-11-22 08:44:16,275 - INFO - Vram Peak Usage Bytes    : 1421110500.0000
2025-11-22 08:44:16,275 - INFO - Gpu Power Watts Avg      : 295.0565
2025-11-22 08:44:16,275 - INFO - Gpu Power Watts Peak     : 301.1770
2025-11-22 08:44:16,275 - INFO - Gpu Temp Celsius Avg     : 66.4687
2025-11-22 08:44:16,275 - INFO - Gpu Temp Celsius Peak    : 67.0000
2025-11-22 08:44:16,275 - INFO - Gpu Utilization Percent Avg: 97.5388
2025-11-22 08:44:16,275 - INFO - Gpu Utilization Percent Peak: 100.0000
2025-11-22 08:44:16,275 - INFO - Gpu Mem Used Bytes Avg   : 17497784320.0000
2025-11-22 08:44:16,275 - INFO - Gpu Mem Used Bytes Peak  : 17497784320.0000
2025-11-22 08:44:16,275 - INFO - Gpu Vram Used Bytes      : 17497784320.0000
2025-11-22 08:44:16,276 - INFO - Accuracy                 : 0.1445
2025-11-22 08:44:16,276 - INFO - Precision                : 0.1827
2025-11-22 08:44:16,276 - INFO - Recall                   : 0.1445
2025-11-22 08:44:16,276 - INFO - F1 Score                 : 0.1193
2025-11-22 08:44:16,276 - INFO - ==================================================
2025-11-22 09:06:21,074 - INFO - Época 54 concluída. Loss média: 4.4068
2025-11-22 09:06:21,075 - INFO - Taxa de aprendizado ajustada para: 0.010000
2025-11-22 09:06:21,084 - INFO - Iniciando inferência com o modelo DenseNet121...
2025-11-22 09:07:01,130 - INFO - ==================================================
2025-11-22 09:07:01,130 - INFO - EXPERIMENT RESULTS
2025-11-22 09:07:01,130 - INFO - ==================================================
2025-11-22 09:07:01,130 - INFO - Elapsed Time Seconds     : 39.9965
2025-11-22 09:07:01,130 - INFO - Cpu Usage Percent        : 6.7250
2025-11-22 09:07:01,131 - INFO - Ram Peak Usage Bytes     : 2462957568.0000
2025-11-22 09:07:01,131 - INFO - Disk Read Bytes          : 0.0000
2025-11-22 09:07:01,131 - INFO - Disk Write Bytes         : 413696.0000
2025-11-22 09:07:01,131 - INFO - Vram Peak Usage Bytes    : 1421110500.0000
2025-11-22 09:07:01,131 - INFO - Gpu Power Watts Avg      : 291.4141
2025-11-22 09:07:01,131 - INFO - Gpu Power Watts Peak     : 296.6100
2025-11-22 09:07:01,131 - INFO - Gpu Temp Celsius Avg     : 66.1805
2025-11-22 09:07:01,131 - INFO - Gpu Temp Celsius Peak    : 67.0000
2025-11-22 09:07:01,131 - INFO - Gpu Utilization Percent Avg: 97.4361
2025-11-22 09:07:01,131 - INFO - Gpu Utilization Percent Peak: 100.0000
2025-11-22 09:07:01,131 - INFO - Gpu Mem Used Bytes Avg   : 17497784320.0000
2025-11-22 09:07:01,131 - INFO - Gpu Mem Used Bytes Peak  : 17497784320.0000
2025-11-22 09:07:01,131 - INFO - Gpu Vram Used Bytes      : 17497784320.0000
2025-11-22 09:07:01,131 - INFO - Accuracy                 : 0.1287
2025-11-22 09:07:01,131 - INFO - Precision                : 0.1630
2025-11-22 09:07:01,131 - INFO - Recall                   : 0.1287
2025-11-22 09:07:01,131 - INFO - F1 Score                 : 0.1005
2025-11-22 09:07:01,131 - INFO - ==================================================
2025-11-22 09:29:05,484 - INFO - Época 55 concluída. Loss média: 4.3958
2025-11-22 09:29:05,485 - INFO - Taxa de aprendizado ajustada para: 0.010000
2025-11-22 09:29:05,494 - INFO - Iniciando inferência com o modelo DenseNet121...
2025-11-22 09:29:45,551 - INFO - ==================================================
2025-11-22 09:29:45,551 - INFO - EXPERIMENT RESULTS
2025-11-22 09:29:45,551 - INFO - ==================================================
2025-11-22 09:29:45,551 - INFO - Elapsed Time Seconds     : 40.0062
2025-11-22 09:29:45,551 - INFO - Cpu Usage Percent        : 6.7250
2025-11-22 09:29:45,551 - INFO - Ram Peak Usage Bytes     : 2464055296.0000
2025-11-22 09:29:45,551 - INFO - Disk Read Bytes          : 0.0000
2025-11-22 09:29:45,552 - INFO - Disk Write Bytes         : 393216.0000
2025-11-22 09:29:45,552 - INFO - Vram Peak Usage Bytes    : 1421110500.0000
2025-11-22 09:29:45,552 - INFO - Gpu Power Watts Avg      : 294.8963
2025-11-22 09:29:45,552 - INFO - Gpu Power Watts Peak     : 300.0310
2025-11-22 09:29:45,552 - INFO - Gpu Temp Celsius Avg     : 66.5088
2025-11-22 09:29:45,552 - INFO - Gpu Temp Celsius Peak    : 67.0000
2025-11-22 09:29:45,552 - INFO - Gpu Utilization Percent Avg: 97.5564
2025-11-22 09:29:45,552 - INFO - Gpu Utilization Percent Peak: 100.0000
2025-11-22 09:29:45,552 - INFO - Gpu Mem Used Bytes Avg   : 17497784320.0000
2025-11-22 09:29:45,552 - INFO - Gpu Mem Used Bytes Peak  : 17497784320.0000
2025-11-22 09:29:45,552 - INFO - Gpu Vram Used Bytes      : 17497784320.0000
2025-11-22 09:29:45,552 - INFO - Accuracy                 : 0.1549
2025-11-22 09:29:45,552 - INFO - Precision                : 0.1779
2025-11-22 09:29:45,552 - INFO - Recall                   : 0.1549
2025-11-22 09:29:45,552 - INFO - F1 Score                 : 0.1268
2025-11-22 09:29:45,552 - INFO - ==================================================
2025-11-22 09:51:50,253 - INFO - Época 56 concluída. Loss média: 4.3904
2025-11-22 09:51:50,253 - INFO - Taxa de aprendizado ajustada para: 0.010000
2025-11-22 09:51:50,262 - INFO - Iniciando inferência com o modelo DenseNet121...
2025-11-22 09:52:30,328 - INFO - ==================================================
2025-11-22 09:52:30,328 - INFO - EXPERIMENT RESULTS
2025-11-22 09:52:30,328 - INFO - ==================================================
2025-11-22 09:52:30,328 - INFO - Elapsed Time Seconds     : 40.0163
2025-11-22 09:52:30,328 - INFO - Cpu Usage Percent        : 6.7188
2025-11-22 09:52:30,329 - INFO - Ram Peak Usage Bytes     : 2465132544.0000
2025-11-22 09:52:30,329 - INFO - Disk Read Bytes          : 0.0000
2025-11-22 09:52:30,329 - INFO - Disk Write Bytes         : 356352.0000
2025-11-22 09:52:30,329 - INFO - Vram Peak Usage Bytes    : 1421110500.0000
2025-11-22 09:52:30,329 - INFO - Gpu Power Watts Avg      : 295.4890
2025-11-22 09:52:30,329 - INFO - Gpu Power Watts Peak     : 301.8350
2025-11-22 09:52:30,329 - INFO - Gpu Temp Celsius Avg     : 66.5940
2025-11-22 09:52:30,329 - INFO - Gpu Temp Celsius Peak    : 67.0000
2025-11-22 09:52:30,329 - INFO - Gpu Utilization Percent Avg: 97.4561
2025-11-22 09:52:30,329 - INFO - Gpu Utilization Percent Peak: 100.0000
2025-11-22 09:52:30,329 - INFO - Gpu Mem Used Bytes Avg   : 17497784320.0000
2025-11-22 09:52:30,329 - INFO - Gpu Mem Used Bytes Peak  : 17497784320.0000
2025-11-22 09:52:30,329 - INFO - Gpu Vram Used Bytes      : 17497784320.0000
2025-11-22 09:52:30,329 - INFO - Accuracy                 : 0.1391
2025-11-22 09:52:30,329 - INFO - Precision                : 0.1668
2025-11-22 09:52:30,329 - INFO - Recall                   : 0.1391
2025-11-22 09:52:30,329 - INFO - F1 Score                 : 0.1154
2025-11-22 09:52:30,329 - INFO - ==================================================
2025-11-22 10:14:34,573 - INFO - Época 57 concluída. Loss média: 4.4680
2025-11-22 10:14:34,576 - INFO - Taxa de aprendizado ajustada para: 0.010000
2025-11-22 10:14:34,584 - INFO - Iniciando inferência com o modelo DenseNet121...
2025-11-22 10:15:14,650 - INFO - ==================================================
2025-11-22 10:15:14,651 - INFO - EXPERIMENT RESULTS
2025-11-22 10:15:14,651 - INFO - ==================================================
2025-11-22 10:15:14,651 - INFO - Elapsed Time Seconds     : 40.0162
2025-11-22 10:15:14,651 - INFO - Cpu Usage Percent        : 6.7125
2025-11-22 10:15:14,651 - INFO - Ram Peak Usage Bytes     : 2466250752.0000
2025-11-22 10:15:14,651 - INFO - Disk Read Bytes          : 0.0000
2025-11-22 10:15:14,651 - INFO - Disk Write Bytes         : 303104.0000
2025-11-22 10:15:14,651 - INFO - Vram Peak Usage Bytes    : 1421110500.0000
2025-11-22 10:15:14,651 - INFO - Gpu Power Watts Avg      : 294.8249
2025-11-22 10:15:14,651 - INFO - Gpu Power Watts Peak     : 300.0430
2025-11-22 10:15:14,651 - INFO - Gpu Temp Celsius Avg     : 66.5414
2025-11-22 10:15:14,651 - INFO - Gpu Temp Celsius Peak    : 67.0000
2025-11-22 10:15:14,651 - INFO - Gpu Utilization Percent Avg: 97.4536
2025-11-22 10:15:14,651 - INFO - Gpu Utilization Percent Peak: 100.0000
2025-11-22 10:15:14,651 - INFO - Gpu Mem Used Bytes Avg   : 17497784320.0000
2025-11-22 10:15:14,651 - INFO - Gpu Mem Used Bytes Peak  : 17497784320.0000
2025-11-22 10:15:14,651 - INFO - Gpu Vram Used Bytes      : 17497784320.0000
2025-11-22 10:15:14,651 - INFO - Accuracy                 : 0.1359
2025-11-22 10:15:14,651 - INFO - Precision                : 0.1601
2025-11-22 10:15:14,651 - INFO - Recall                   : 0.1359
2025-11-22 10:15:14,651 - INFO - F1 Score                 : 0.1095
2025-11-22 10:15:14,651 - INFO - ==================================================
2025-11-22 10:37:19,336 - INFO - Época 58 concluída. Loss média: 4.4047
2025-11-22 10:37:19,337 - INFO - Taxa de aprendizado ajustada para: 0.010000
2025-11-22 10:37:19,345 - INFO - Iniciando inferência com o modelo DenseNet121...
2025-11-22 10:37:59,422 - INFO - ==================================================
2025-11-22 10:37:59,422 - INFO - EXPERIMENT RESULTS
2025-11-22 10:37:59,422 - INFO - ==================================================
2025-11-22 10:37:59,422 - INFO - Elapsed Time Seconds     : 40.0268
2025-11-22 10:37:59,422 - INFO - Cpu Usage Percent        : 6.7250
2025-11-22 10:37:59,423 - INFO - Ram Peak Usage Bytes     : 2467483648.0000
2025-11-22 10:37:59,423 - INFO - Disk Read Bytes          : 0.0000
2025-11-22 10:37:59,423 - INFO - Disk Write Bytes         : 348160.0000
2025-11-22 10:37:59,423 - INFO - Vram Peak Usage Bytes    : 1421110500.0000
2025-11-22 10:37:59,423 - INFO - Gpu Power Watts Avg      : 294.9154
2025-11-22 10:37:59,423 - INFO - Gpu Power Watts Peak     : 300.2260
2025-11-22 10:37:59,423 - INFO - Gpu Temp Celsius Avg     : 66.4987
2025-11-22 10:37:59,423 - INFO - Gpu Temp Celsius Peak    : 67.0000
2025-11-22 10:37:59,423 - INFO - Gpu Utilization Percent Avg: 97.4436
2025-11-22 10:37:59,423 - INFO - Gpu Utilization Percent Peak: 100.0000
2025-11-22 10:37:59,423 - INFO - Gpu Mem Used Bytes Avg   : 17497784320.0000
2025-11-22 10:37:59,423 - INFO - Gpu Mem Used Bytes Peak  : 17497784320.0000
2025-11-22 10:37:59,423 - INFO - Gpu Vram Used Bytes      : 17497784320.0000
2025-11-22 10:37:59,423 - INFO - Accuracy                 : 0.1638
2025-11-22 10:37:59,423 - INFO - Precision                : 0.1987
2025-11-22 10:37:59,423 - INFO - Recall                   : 0.1638
2025-11-22 10:37:59,423 - INFO - F1 Score                 : 0.1372
2025-11-22 10:37:59,423 - INFO - ==================================================
2025-11-22 11:00:04,023 - INFO - Época 59 concluída. Loss média: 4.3935
2025-11-22 11:00:04,023 - INFO - Taxa de aprendizado ajustada para: 0.010000
2025-11-22 11:00:04,032 - INFO - Iniciando inferência com o modelo DenseNet121...
2025-11-22 11:00:44,089 - INFO - ==================================================
2025-11-22 11:00:44,089 - INFO - EXPERIMENT RESULTS
2025-11-22 11:00:44,089 - INFO - ==================================================
2025-11-22 11:00:44,090 - INFO - Elapsed Time Seconds     : 40.0064
2025-11-22 11:00:44,090 - INFO - Cpu Usage Percent        : 6.7125
2025-11-22 11:00:44,090 - INFO - Ram Peak Usage Bytes     : 2468450304.0000
2025-11-22 11:00:44,090 - INFO - Disk Read Bytes          : 0.0000
2025-11-22 11:00:44,090 - INFO - Disk Write Bytes         : 364544.0000
2025-11-22 11:00:44,090 - INFO - Vram Peak Usage Bytes    : 1421110500.0000
2025-11-22 11:00:44,090 - INFO - Gpu Power Watts Avg      : 294.5044
2025-11-22 11:00:44,090 - INFO - Gpu Power Watts Peak     : 300.8080
2025-11-22 11:00:44,090 - INFO - Gpu Temp Celsius Avg     : 66.0827
2025-11-22 11:00:44,090 - INFO - Gpu Temp Celsius Peak    : 67.0000
2025-11-22 11:00:44,090 - INFO - Gpu Utilization Percent Avg: 97.5138
2025-11-22 11:00:44,090 - INFO - Gpu Utilization Percent Peak: 100.0000
2025-11-22 11:00:44,090 - INFO - Gpu Mem Used Bytes Avg   : 17497784320.0000
2025-11-22 11:00:44,090 - INFO - Gpu Mem Used Bytes Peak  : 17497784320.0000
2025-11-22 11:00:44,090 - INFO - Gpu Vram Used Bytes      : 17497784320.0000
2025-11-22 11:00:44,090 - INFO - Accuracy                 : 0.1404
2025-11-22 11:00:44,090 - INFO - Precision                : 0.1585
2025-11-22 11:00:44,090 - INFO - Recall                   : 0.1404
2025-11-22 11:00:44,090 - INFO - F1 Score                 : 0.1114
2025-11-22 11:00:44,090 - INFO - ==================================================
2025-11-22 11:22:48,775 - INFO - Época 60 concluída. Loss média: 4.3872
2025-11-22 11:22:48,776 - INFO - Taxa de aprendizado ajustada para: 0.001000
2025-11-22 11:22:48,784 - INFO - Iniciando inferência com o modelo DenseNet121...
2025-11-22 11:23:28,832 - INFO - ==================================================
2025-11-22 11:23:28,832 - INFO - EXPERIMENT RESULTS
2025-11-22 11:23:28,832 - INFO - ==================================================
2025-11-22 11:23:28,832 - INFO - Elapsed Time Seconds     : 39.9970
2025-11-22 11:23:28,832 - INFO - Cpu Usage Percent        : 6.7188
2025-11-22 11:23:28,832 - INFO - Ram Peak Usage Bytes     : 2469531648.0000
2025-11-22 11:23:28,832 - INFO - Disk Read Bytes          : 0.0000
2025-11-22 11:23:28,832 - INFO - Disk Write Bytes         : 516096.0000
2025-11-22 11:23:28,832 - INFO - Vram Peak Usage Bytes    : 1421110500.0000
2025-11-22 11:23:28,832 - INFO - Gpu Power Watts Avg      : 295.8626
2025-11-22 11:23:28,833 - INFO - Gpu Power Watts Peak     : 301.1070
2025-11-22 11:23:28,833 - INFO - Gpu Temp Celsius Avg     : 66.6717
2025-11-22 11:23:28,833 - INFO - Gpu Temp Celsius Peak    : 67.0000
2025-11-22 11:23:28,833 - INFO - Gpu Utilization Percent Avg: 97.5714
2025-11-22 11:23:28,833 - INFO - Gpu Utilization Percent Peak: 100.0000
2025-11-22 11:23:28,833 - INFO - Gpu Mem Used Bytes Avg   : 17497784320.0000
2025-11-22 11:23:28,833 - INFO - Gpu Mem Used Bytes Peak  : 17497784320.0000
2025-11-22 11:23:28,833 - INFO - Gpu Vram Used Bytes      : 17497784320.0000
2025-11-22 11:23:28,833 - INFO - Accuracy                 : 0.1636
2025-11-22 11:23:28,833 - INFO - Precision                : 0.2015
2025-11-22 11:23:28,833 - INFO - Recall                   : 0.1636
2025-11-22 11:23:28,833 - INFO - F1 Score                 : 0.1375
2025-11-22 11:23:28,833 - INFO - ==================================================
2025-11-22 11:45:33,528 - INFO - Época 61 concluída. Loss média: 4.2691
2025-11-22 11:45:33,528 - INFO - Taxa de aprendizado ajustada para: 0.001000
2025-11-22 11:45:33,537 - INFO - Iniciando inferência com o modelo DenseNet121...
2025-11-22 11:46:13,664 - INFO - ==================================================
2025-11-22 11:46:13,664 - INFO - EXPERIMENT RESULTS
2025-11-22 11:46:13,664 - INFO - ==================================================
2025-11-22 11:46:13,664 - INFO - Elapsed Time Seconds     : 40.0754
2025-11-22 11:46:13,664 - INFO - Cpu Usage Percent        : 6.7000
2025-11-22 11:46:13,664 - INFO - Ram Peak Usage Bytes     : 2470604800.0000
2025-11-22 11:46:13,664 - INFO - Disk Read Bytes          : 0.0000
2025-11-22 11:46:13,664 - INFO - Disk Write Bytes         : 462848.0000
2025-11-22 11:46:13,664 - INFO - Vram Peak Usage Bytes    : 1421110500.0000
2025-11-22 11:46:13,664 - INFO - Gpu Power Watts Avg      : 298.0830
2025-11-22 11:46:13,664 - INFO - Gpu Power Watts Peak     : 304.7690
2025-11-22 11:46:13,664 - INFO - Gpu Temp Celsius Avg     : 66.5800
2025-11-22 11:46:13,664 - INFO - Gpu Temp Celsius Peak    : 67.0000
2025-11-22 11:46:13,665 - INFO - Gpu Utilization Percent Avg: 97.6825
2025-11-22 11:46:13,665 - INFO - Gpu Utilization Percent Peak: 100.0000
2025-11-22 11:46:13,665 - INFO - Gpu Mem Used Bytes Avg   : 17497784320.0000
2025-11-22 11:46:13,665 - INFO - Gpu Mem Used Bytes Peak  : 17497784320.0000
2025-11-22 11:46:13,665 - INFO - Gpu Vram Used Bytes      : 17497784320.0000
2025-11-22 11:46:13,665 - INFO - Accuracy                 : 0.2035
2025-11-22 11:46:13,665 - INFO - Precision                : 0.1986
2025-11-22 11:46:13,665 - INFO - Recall                   : 0.2035
2025-11-22 11:46:13,665 - INFO - F1 Score                 : 0.1752
2025-11-22 11:46:13,665 - INFO - ==================================================
2025-11-22 12:08:18,284 - INFO - Época 62 concluída. Loss média: 4.2439
2025-11-22 12:08:18,285 - INFO - Taxa de aprendizado ajustada para: 0.001000
2025-11-22 12:08:18,293 - INFO - Iniciando inferência com o modelo DenseNet121...
2025-11-22 12:08:58,322 - INFO - ==================================================
2025-11-22 12:08:58,322 - INFO - EXPERIMENT RESULTS
2025-11-22 12:08:58,322 - INFO - ==================================================
2025-11-22 12:08:58,323 - INFO - Elapsed Time Seconds     : 39.9779
2025-11-22 12:08:58,323 - INFO - Cpu Usage Percent        : 6.7250
2025-11-22 12:08:58,323 - INFO - Ram Peak Usage Bytes     : 2471710720.0000
2025-11-22 12:08:58,323 - INFO - Disk Read Bytes          : 0.0000
2025-11-22 12:08:58,323 - INFO - Disk Write Bytes         : 335872.0000
2025-11-22 12:08:58,323 - INFO - Vram Peak Usage Bytes    : 1421110500.0000
2025-11-22 12:08:58,323 - INFO - Gpu Power Watts Avg      : 294.0780
2025-11-22 12:08:58,323 - INFO - Gpu Power Watts Peak     : 300.2080
2025-11-22 12:08:58,323 - INFO - Gpu Temp Celsius Avg     : 66.3734
2025-11-22 12:08:58,323 - INFO - Gpu Temp Celsius Peak    : 67.0000
2025-11-22 12:08:58,323 - INFO - Gpu Utilization Percent Avg: 97.4762
2025-11-22 12:08:58,323 - INFO - Gpu Utilization Percent Peak: 100.0000
2025-11-22 12:08:58,323 - INFO - Gpu Mem Used Bytes Avg   : 17497784320.0000
2025-11-22 12:08:58,323 - INFO - Gpu Mem Used Bytes Peak  : 17497784320.0000
2025-11-22 12:08:58,323 - INFO - Gpu Vram Used Bytes      : 17497784320.0000
2025-11-22 12:08:58,323 - INFO - Accuracy                 : 0.2043
2025-11-22 12:08:58,323 - INFO - Precision                : 0.2033
2025-11-22 12:08:58,323 - INFO - Recall                   : 0.2043
2025-11-22 12:08:58,323 - INFO - F1 Score                 : 0.1761
2025-11-22 12:08:58,323 - INFO - ==================================================
2025-11-22 12:31:03,043 - INFO - Época 63 concluída. Loss média: 4.2343
2025-11-22 12:31:03,043 - INFO - Taxa de aprendizado ajustada para: 0.001000
2025-11-22 12:31:03,052 - INFO - Iniciando inferência com o modelo DenseNet121...
2025-11-22 12:31:43,086 - INFO - ==================================================
2025-11-22 12:31:43,086 - INFO - EXPERIMENT RESULTS
2025-11-22 12:31:43,086 - INFO - ==================================================
2025-11-22 12:31:43,086 - INFO - Elapsed Time Seconds     : 39.9834
2025-11-22 12:31:43,086 - INFO - Cpu Usage Percent        : 6.7250
2025-11-22 12:31:43,086 - INFO - Ram Peak Usage Bytes     : 2472792064.0000
2025-11-22 12:31:43,086 - INFO - Disk Read Bytes          : 0.0000
2025-11-22 12:31:43,086 - INFO - Disk Write Bytes         : 393216.0000
2025-11-22 12:31:43,086 - INFO - Vram Peak Usage Bytes    : 1421110500.0000
2025-11-22 12:31:43,086 - INFO - Gpu Power Watts Avg      : 295.1167
2025-11-22 12:31:43,086 - INFO - Gpu Power Watts Peak     : 301.3540
2025-11-22 12:31:43,086 - INFO - Gpu Temp Celsius Avg     : 66.6717
2025-11-22 12:31:43,086 - INFO - Gpu Temp Celsius Peak    : 67.0000
2025-11-22 12:31:43,086 - INFO - Gpu Utilization Percent Avg: 97.5539
2025-11-22 12:31:43,086 - INFO - Gpu Utilization Percent Peak: 100.0000
2025-11-22 12:31:43,087 - INFO - Gpu Mem Used Bytes Avg   : 17497784320.0000
2025-11-22 12:31:43,087 - INFO - Gpu Mem Used Bytes Peak  : 17497784320.0000
2025-11-22 12:31:43,087 - INFO - Gpu Vram Used Bytes      : 17497784320.0000
2025-11-22 12:31:43,087 - INFO - Accuracy                 : 0.2055
2025-11-22 12:31:43,087 - INFO - Precision                : 0.2001
2025-11-22 12:31:43,087 - INFO - Recall                   : 0.2055
2025-11-22 12:31:43,087 - INFO - F1 Score                 : 0.1760
2025-11-22 12:31:43,087 - INFO - ==================================================
