2025-11-27 00:25:02,059 - INFO - ==================================================
2025-11-27 00:25:02,059 - INFO - EXPERIMENT CONFIGURATION
2025-11-27 00:25:02,059 - INFO - ==================================================
2025-11-27 00:25:02,059 - INFO - Model Name          : densenet121
2025-11-27 00:25:02,059 - INFO - Config File         : configs/densenet121_config.yaml
2025-11-27 00:25:02,059 - INFO - Train Data          : /scratch/ehdmenezes//tiny-imagenet-200/train
2025-11-27 00:25:02,059 - INFO - Validation Data     : /scratch/ehdmenezes//tiny-imagenet-200/val
2025-11-27 00:25:02,059 - INFO - model_params        : {'num_classes': 200}
2025-11-27 00:25:02,059 - INFO - train_params        : {'epochs': 100, 'batch_size': 16, 'learning_rate': 0.1}
2025-11-27 00:25:02,059 - INFO - inference_params    : {'batch_size': 16}
2025-11-27 00:25:02,059 - INFO - scheduler_params    : {'type': 'StepLR', 'step_size': 30, 'gamma': 0.1}
2025-11-27 00:25:02,059 - INFO - ==================================================
2025-11-27 00:25:02,084 - INFO - Semente aleatória para esta execução foi fixada em: 82
2025-11-27 00:25:02,084 - INFO - Configuração de treinamento: {'model_params': {'num_classes': 200}, 'train_params': {'epochs': 100, 'batch_size': 16, 'learning_rate': 0.1}, 'inference_params': {'batch_size': 16}, 'scheduler_params': {'type': 'StepLR', 'step_size': 30, 'gamma': 0.1}}
2025-11-27 00:25:02,745 - INFO - Usando otimizador SGD com momento e weight decay.
2025-11-27 00:25:02,745 - INFO - Usando StepLR scheduler com step_size=30 e gamma=0.1.
2025-11-27 00:25:02,745 - INFO - AMP (Automatic Mixed Precision) ativado.
2025-11-27 00:25:02,746 - INFO - Iniciando treinamento do modelo densenet121 no dispositivo cuda.
2025-11-27 00:47:18,796 - INFO - Época 1 concluída. Loss média: 5.1094
2025-11-27 00:47:18,796 - INFO - Taxa de aprendizado ajustada para: 0.100000
2025-11-27 00:47:18,807 - INFO - Iniciando inferência com o modelo DenseNet121...
2025-11-27 00:47:58,587 - INFO - ==================================================
2025-11-27 00:47:58,588 - INFO - EXPERIMENT RESULTS
2025-11-27 00:47:58,588 - INFO - ==================================================
2025-11-27 00:47:58,588 - INFO - Elapsed Time Seconds     : 39.7434
2025-11-27 00:47:58,588 - INFO - Cpu Usage Percent        : 3.2969
2025-11-27 00:47:58,588 - INFO - Ram Peak Usage Bytes     : 2194837504.0000
2025-11-27 00:47:58,588 - INFO - Disk Read Bytes          : 0.0000
2025-11-27 00:47:58,588 - INFO - Disk Write Bytes         : 5971968.0000
2025-11-27 00:47:58,588 - INFO - Vram Peak Usage Bytes    : 1421110500.0000
2025-11-27 00:47:58,588 - INFO - Gpu Power Watts Avg      : 333.1078
2025-11-27 00:47:58,588 - INFO - Gpu Power Watts Peak     : 336.4980
2025-11-27 00:47:58,588 - INFO - Gpu Temp Celsius Avg     : 61.5025
2025-11-27 00:47:58,588 - INFO - Gpu Temp Celsius Peak    : 62.0000
2025-11-27 00:47:58,588 - INFO - Gpu Utilization Percent Avg: 98.3553
2025-11-27 00:47:58,588 - INFO - Gpu Utilization Percent Peak: 100.0000
2025-11-27 00:47:58,588 - INFO - Gpu Mem Used Bytes Avg   : 17466327040.0000
2025-11-27 00:47:58,588 - INFO - Gpu Mem Used Bytes Peak  : 17466327040.0000
2025-11-27 00:47:58,588 - INFO - Gpu Vram Used Bytes      : 17466327040.0000
2025-11-27 00:47:58,589 - INFO - Accuracy                 : 0.0382
2025-11-27 00:47:58,589 - INFO - Precision                : 0.0212
2025-11-27 00:47:58,589 - INFO - Recall                   : 0.0382
2025-11-27 00:47:58,589 - INFO - F1 Score                 : 0.0191
2025-11-27 00:47:58,589 - INFO - ==================================================
2025-11-27 01:10:15,373 - INFO - Época 2 concluída. Loss média: 4.9164
2025-11-27 01:10:15,373 - INFO - Taxa de aprendizado ajustada para: 0.100000
2025-11-27 01:10:15,384 - INFO - Iniciando inferência com o modelo DenseNet121...
2025-11-27 01:10:55,171 - INFO - ==================================================
2025-11-27 01:10:55,171 - INFO - EXPERIMENT RESULTS
2025-11-27 01:10:55,171 - INFO - ==================================================
2025-11-27 01:10:55,171 - INFO - Elapsed Time Seconds     : 39.7506
2025-11-27 01:10:55,171 - INFO - Cpu Usage Percent        : 3.2969
2025-11-27 01:10:55,172 - INFO - Ram Peak Usage Bytes     : 2200735744.0000
2025-11-27 01:10:55,172 - INFO - Disk Read Bytes          : 0.0000
2025-11-27 01:10:55,172 - INFO - Disk Write Bytes         : 729088.0000
2025-11-27 01:10:55,172 - INFO - Vram Peak Usage Bytes    : 1421110500.0000
2025-11-27 01:10:55,172 - INFO - Gpu Power Watts Avg      : 325.3539
2025-11-27 01:10:55,172 - INFO - Gpu Power Watts Peak     : 328.7340
2025-11-27 01:10:55,172 - INFO - Gpu Temp Celsius Avg     : 60.9594
2025-11-27 01:10:55,172 - INFO - Gpu Temp Celsius Peak    : 62.0000
2025-11-27 01:10:55,172 - INFO - Gpu Utilization Percent Avg: 98.2081
2025-11-27 01:10:55,172 - INFO - Gpu Utilization Percent Peak: 100.0000
2025-11-27 01:10:55,172 - INFO - Gpu Mem Used Bytes Avg   : 17466327040.0000
2025-11-27 01:10:55,172 - INFO - Gpu Mem Used Bytes Peak  : 17466327040.0000
2025-11-27 01:10:55,172 - INFO - Gpu Vram Used Bytes      : 17466327040.0000
2025-11-27 01:10:55,172 - INFO - Accuracy                 : 0.0506
2025-11-27 01:10:55,172 - INFO - Precision                : 0.0496
2025-11-27 01:10:55,172 - INFO - Recall                   : 0.0506
2025-11-27 01:10:55,172 - INFO - F1 Score                 : 0.0283
2025-11-27 01:10:55,172 - INFO - ==================================================
2025-11-27 01:33:10,611 - INFO - Época 3 concluída. Loss média: 4.8156
2025-11-27 01:33:10,612 - INFO - Taxa de aprendizado ajustada para: 0.100000
2025-11-27 01:33:10,623 - INFO - Iniciando inferência com o modelo DenseNet121...
2025-11-27 01:33:50,414 - INFO - ==================================================
2025-11-27 01:33:50,415 - INFO - EXPERIMENT RESULTS
2025-11-27 01:33:50,415 - INFO - ==================================================
2025-11-27 01:33:50,415 - INFO - Elapsed Time Seconds     : 39.7551
2025-11-27 01:33:50,415 - INFO - Cpu Usage Percent        : 3.2906
2025-11-27 01:33:50,415 - INFO - Ram Peak Usage Bytes     : 2202771456.0000
2025-11-27 01:33:50,415 - INFO - Disk Read Bytes          : 0.0000
2025-11-27 01:33:50,415 - INFO - Disk Write Bytes         : 745472.0000
2025-11-27 01:33:50,415 - INFO - Vram Peak Usage Bytes    : 1421110500.0000
2025-11-27 01:33:50,415 - INFO - Gpu Power Watts Avg      : 314.6904
2025-11-27 01:33:50,415 - INFO - Gpu Power Watts Peak     : 317.9450
2025-11-27 01:33:50,415 - INFO - Gpu Temp Celsius Avg     : 60.8020
2025-11-27 01:33:50,415 - INFO - Gpu Temp Celsius Peak    : 62.0000
2025-11-27 01:33:50,415 - INFO - Gpu Utilization Percent Avg: 98.3756
2025-11-27 01:33:50,415 - INFO - Gpu Utilization Percent Peak: 100.0000
2025-11-27 01:33:50,415 - INFO - Gpu Mem Used Bytes Avg   : 17499881472.0000
2025-11-27 01:33:50,415 - INFO - Gpu Mem Used Bytes Peak  : 17499881472.0000
2025-11-27 01:33:50,415 - INFO - Gpu Vram Used Bytes      : 17499881472.0000
2025-11-27 01:33:50,415 - INFO - Accuracy                 : 0.0440
2025-11-27 01:33:50,415 - INFO - Precision                : 0.0366
2025-11-27 01:33:50,415 - INFO - Recall                   : 0.0440
2025-11-27 01:33:50,415 - INFO - F1 Score                 : 0.0276
2025-11-27 01:33:50,415 - INFO - ==================================================
2025-11-27 01:56:06,056 - INFO - Época 4 concluída. Loss média: 4.7797
2025-11-27 01:56:06,057 - INFO - Taxa de aprendizado ajustada para: 0.100000
2025-11-27 01:56:06,067 - INFO - Iniciando inferência com o modelo DenseNet121...
2025-11-27 01:56:45,861 - INFO - ==================================================
2025-11-27 01:56:45,861 - INFO - EXPERIMENT RESULTS
2025-11-27 01:56:45,861 - INFO - ==================================================
2025-11-27 01:56:45,861 - INFO - Elapsed Time Seconds     : 39.7575
2025-11-27 01:56:45,861 - INFO - Cpu Usage Percent        : 3.3531
2025-11-27 01:56:45,861 - INFO - Ram Peak Usage Bytes     : 2203529216.0000
2025-11-27 01:56:45,861 - INFO - Disk Read Bytes          : 0.0000
2025-11-27 01:56:45,861 - INFO - Disk Write Bytes         : 626688.0000
2025-11-27 01:56:45,861 - INFO - Vram Peak Usage Bytes    : 1421110500.0000
2025-11-27 01:56:45,861 - INFO - Gpu Power Watts Avg      : 302.8478
2025-11-27 01:56:45,861 - INFO - Gpu Power Watts Peak     : 306.1350
2025-11-27 01:56:45,861 - INFO - Gpu Temp Celsius Avg     : 60.1827
2025-11-27 01:56:45,861 - INFO - Gpu Temp Celsius Peak    : 61.0000
2025-11-27 01:56:45,861 - INFO - Gpu Utilization Percent Avg: 98.0888
2025-11-27 01:56:45,862 - INFO - Gpu Utilization Percent Peak: 100.0000
2025-11-27 01:56:45,862 - INFO - Gpu Mem Used Bytes Avg   : 17499881472.0000
2025-11-27 01:56:45,862 - INFO - Gpu Mem Used Bytes Peak  : 17499881472.0000
2025-11-27 01:56:45,862 - INFO - Gpu Vram Used Bytes      : 17499881472.0000
2025-11-27 01:56:45,862 - INFO - Accuracy                 : 0.0391
2025-11-27 01:56:45,862 - INFO - Precision                : 0.0510
2025-11-27 01:56:45,862 - INFO - Recall                   : 0.0391
2025-11-27 01:56:45,862 - INFO - F1 Score                 : 0.0261
2025-11-27 01:56:45,862 - INFO - ==================================================
2025-11-27 02:19:00,292 - INFO - Época 5 concluída. Loss média: 4.7776
2025-11-27 02:19:00,292 - INFO - Taxa de aprendizado ajustada para: 0.100000
2025-11-27 02:19:00,303 - INFO - Iniciando inferência com o modelo DenseNet121...
2025-11-27 02:19:40,021 - INFO - ==================================================
2025-11-27 02:19:40,021 - INFO - EXPERIMENT RESULTS
2025-11-27 02:19:40,021 - INFO - ==================================================
2025-11-27 02:19:40,021 - INFO - Elapsed Time Seconds     : 39.6803
2025-11-27 02:19:40,021 - INFO - Cpu Usage Percent        : 3.3031
2025-11-27 02:19:40,021 - INFO - Ram Peak Usage Bytes     : 2205171712.0000
2025-11-27 02:19:40,021 - INFO - Disk Read Bytes          : 0.0000
2025-11-27 02:19:40,021 - INFO - Disk Write Bytes         : 655360.0000
2025-11-27 02:19:40,021 - INFO - Vram Peak Usage Bytes    : 1421110500.0000
2025-11-27 02:19:40,021 - INFO - Gpu Power Watts Avg      : 293.7480
2025-11-27 02:19:40,021 - INFO - Gpu Power Watts Peak     : 296.9270
2025-11-27 02:19:40,021 - INFO - Gpu Temp Celsius Avg     : 59.4427
2025-11-27 02:19:40,021 - INFO - Gpu Temp Celsius Peak    : 60.0000
2025-11-27 02:19:40,021 - INFO - Gpu Utilization Percent Avg: 98.3282
2025-11-27 02:19:40,021 - INFO - Gpu Utilization Percent Peak: 100.0000
2025-11-27 02:19:40,022 - INFO - Gpu Mem Used Bytes Avg   : 17499881472.0000
2025-11-27 02:19:40,022 - INFO - Gpu Mem Used Bytes Peak  : 17499881472.0000
2025-11-27 02:19:40,022 - INFO - Gpu Vram Used Bytes      : 17499881472.0000
2025-11-27 02:19:40,022 - INFO - Accuracy                 : 0.0686
2025-11-27 02:19:40,022 - INFO - Precision                : 0.0763
2025-11-27 02:19:40,022 - INFO - Recall                   : 0.0686
2025-11-27 02:19:40,022 - INFO - F1 Score                 : 0.0434
2025-11-27 02:19:40,022 - INFO - ==================================================
2025-11-27 02:41:54,587 - INFO - Época 6 concluída. Loss média: 4.7765
2025-11-27 02:41:54,587 - INFO - Taxa de aprendizado ajustada para: 0.100000
2025-11-27 02:41:54,598 - INFO - Iniciando inferência com o modelo DenseNet121...
2025-11-27 02:42:34,420 - INFO - ==================================================
2025-11-27 02:42:34,420 - INFO - EXPERIMENT RESULTS
2025-11-27 02:42:34,421 - INFO - ==================================================
2025-11-27 02:42:34,421 - INFO - Elapsed Time Seconds     : 39.7849
2025-11-27 02:42:34,421 - INFO - Cpu Usage Percent        : 3.3719
2025-11-27 02:42:34,421 - INFO - Ram Peak Usage Bytes     : 2206896128.0000
2025-11-27 02:42:34,421 - INFO - Disk Read Bytes          : 0.0000
2025-11-27 02:42:34,421 - INFO - Disk Write Bytes         : 757760.0000
2025-11-27 02:42:34,421 - INFO - Vram Peak Usage Bytes    : 1421110500.0000
2025-11-27 02:42:34,421 - INFO - Gpu Power Watts Avg      : 288.1849
2025-11-27 02:42:34,421 - INFO - Gpu Power Watts Peak     : 291.0490
2025-11-27 02:42:34,421 - INFO - Gpu Temp Celsius Avg     : 59.5838
2025-11-27 02:42:34,421 - INFO - Gpu Temp Celsius Peak    : 60.0000
2025-11-27 02:42:34,421 - INFO - Gpu Utilization Percent Avg: 98.1396
2025-11-27 02:42:34,421 - INFO - Gpu Utilization Percent Peak: 100.0000
2025-11-27 02:42:34,421 - INFO - Gpu Mem Used Bytes Avg   : 17499881472.0000
2025-11-27 02:42:34,421 - INFO - Gpu Mem Used Bytes Peak  : 17499881472.0000
2025-11-27 02:42:34,421 - INFO - Gpu Vram Used Bytes      : 17499881472.0000
2025-11-27 02:42:34,421 - INFO - Accuracy                 : 0.0579
2025-11-27 02:42:34,421 - INFO - Precision                : 0.0504
2025-11-27 02:42:34,421 - INFO - Recall                   : 0.0579
2025-11-27 02:42:34,421 - INFO - F1 Score                 : 0.0349
2025-11-27 02:42:34,421 - INFO - ==================================================
2025-11-27 03:04:49,322 - INFO - Época 7 concluída. Loss média: 4.7754
2025-11-27 03:04:49,323 - INFO - Taxa de aprendizado ajustada para: 0.100000
2025-11-27 03:04:49,334 - INFO - Iniciando inferência com o modelo DenseNet121...
2025-11-27 03:05:29,047 - INFO - ==================================================
2025-11-27 03:05:29,047 - INFO - EXPERIMENT RESULTS
2025-11-27 03:05:29,047 - INFO - ==================================================
2025-11-27 03:05:29,047 - INFO - Elapsed Time Seconds     : 39.6755
2025-11-27 03:05:29,047 - INFO - Cpu Usage Percent        : 3.4062
2025-11-27 03:05:29,047 - INFO - Ram Peak Usage Bytes     : 2208821248.0000
2025-11-27 03:05:29,047 - INFO - Disk Read Bytes          : 0.0000
2025-11-27 03:05:29,047 - INFO - Disk Write Bytes         : 765952.0000
2025-11-27 03:05:29,047 - INFO - Vram Peak Usage Bytes    : 1421110500.0000
2025-11-27 03:05:29,047 - INFO - Gpu Power Watts Avg      : 287.1359
2025-11-27 03:05:29,047 - INFO - Gpu Power Watts Peak     : 290.3240
2025-11-27 03:05:29,047 - INFO - Gpu Temp Celsius Avg     : 59.4860
2025-11-27 03:05:29,047 - INFO - Gpu Temp Celsius Peak    : 60.0000
2025-11-27 03:05:29,048 - INFO - Gpu Utilization Percent Avg: 98.0814
2025-11-27 03:05:29,048 - INFO - Gpu Utilization Percent Peak: 100.0000
2025-11-27 03:05:29,048 - INFO - Gpu Mem Used Bytes Avg   : 17499881472.0000
2025-11-27 03:05:29,048 - INFO - Gpu Mem Used Bytes Peak  : 17499881472.0000
2025-11-27 03:05:29,048 - INFO - Gpu Vram Used Bytes      : 17499881472.0000
2025-11-27 03:05:29,048 - INFO - Accuracy                 : 0.0556
2025-11-27 03:05:29,048 - INFO - Precision                : 0.0656
2025-11-27 03:05:29,048 - INFO - Recall                   : 0.0556
2025-11-27 03:05:29,048 - INFO - F1 Score                 : 0.0371
2025-11-27 03:05:29,048 - INFO - ==================================================
2025-11-27 03:27:44,509 - INFO - Época 8 concluída. Loss média: 4.7654
2025-11-27 03:27:44,509 - INFO - Taxa de aprendizado ajustada para: 0.100000
2025-11-27 03:27:44,514 - INFO - Iniciando inferência com o modelo DenseNet121...
2025-11-27 03:28:24,180 - INFO - ==================================================
2025-11-27 03:28:24,180 - INFO - EXPERIMENT RESULTS
2025-11-27 03:28:24,180 - INFO - ==================================================
2025-11-27 03:28:24,180 - INFO - Elapsed Time Seconds     : 39.6293
2025-11-27 03:28:24,180 - INFO - Cpu Usage Percent        : 3.3000
2025-11-27 03:28:24,180 - INFO - Ram Peak Usage Bytes     : 2211708928.0000
2025-11-27 03:28:24,180 - INFO - Disk Read Bytes          : 0.0000
2025-11-27 03:28:24,180 - INFO - Disk Write Bytes         : 749568.0000
2025-11-27 03:28:24,180 - INFO - Vram Peak Usage Bytes    : 1421110500.0000
2025-11-27 03:28:24,180 - INFO - Gpu Power Watts Avg      : 286.4116
2025-11-27 03:28:24,180 - INFO - Gpu Power Watts Peak     : 289.1210
2025-11-27 03:28:24,180 - INFO - Gpu Temp Celsius Avg     : 59.0611
2025-11-27 03:28:24,180 - INFO - Gpu Temp Celsius Peak    : 60.0000
2025-11-27 03:28:24,180 - INFO - Gpu Utilization Percent Avg: 98.3690
2025-11-27 03:28:24,180 - INFO - Gpu Utilization Percent Peak: 100.0000
2025-11-27 03:28:24,180 - INFO - Gpu Mem Used Bytes Avg   : 17499881472.0000
2025-11-27 03:28:24,180 - INFO - Gpu Mem Used Bytes Peak  : 17499881472.0000
2025-11-27 03:28:24,180 - INFO - Gpu Vram Used Bytes      : 17499881472.0000
2025-11-27 03:28:24,181 - INFO - Accuracy                 : 0.0622
2025-11-27 03:28:24,181 - INFO - Precision                : 0.0774
2025-11-27 03:28:24,181 - INFO - Recall                   : 0.0622
2025-11-27 03:28:24,181 - INFO - F1 Score                 : 0.0392
2025-11-27 03:28:24,181 - INFO - ==================================================
2025-11-27 03:50:39,612 - INFO - Época 9 concluída. Loss média: 4.7831
2025-11-27 03:50:39,612 - INFO - Taxa de aprendizado ajustada para: 0.100000
2025-11-27 03:50:39,623 - INFO - Iniciando inferência com o modelo DenseNet121...
2025-11-27 03:51:19,454 - INFO - ==================================================
2025-11-27 03:51:19,454 - INFO - EXPERIMENT RESULTS
2025-11-27 03:51:19,454 - INFO - ==================================================
2025-11-27 03:51:19,454 - INFO - Elapsed Time Seconds     : 39.7931
2025-11-27 03:51:19,454 - INFO - Cpu Usage Percent        : 3.3969
2025-11-27 03:51:19,454 - INFO - Ram Peak Usage Bytes     : 2212798464.0000
2025-11-27 03:51:19,454 - INFO - Disk Read Bytes          : 0.0000
2025-11-27 03:51:19,454 - INFO - Disk Write Bytes         : 798720.0000
2025-11-27 03:51:19,454 - INFO - Vram Peak Usage Bytes    : 1421110500.0000
2025-11-27 03:51:19,454 - INFO - Gpu Power Watts Avg      : 286.3157
2025-11-27 03:51:19,454 - INFO - Gpu Power Watts Peak     : 289.4250
2025-11-27 03:51:19,455 - INFO - Gpu Temp Celsius Avg     : 59.6878
2025-11-27 03:51:19,455 - INFO - Gpu Temp Celsius Peak    : 60.0000
2025-11-27 03:51:19,455 - INFO - Gpu Utilization Percent Avg: 98.1802
2025-11-27 03:51:19,455 - INFO - Gpu Utilization Percent Peak: 100.0000
2025-11-27 03:51:19,455 - INFO - Gpu Mem Used Bytes Avg   : 17499881472.0000
2025-11-27 03:51:19,455 - INFO - Gpu Mem Used Bytes Peak  : 17499881472.0000
2025-11-27 03:51:19,455 - INFO - Gpu Vram Used Bytes      : 17499881472.0000
2025-11-27 03:51:19,455 - INFO - Accuracy                 : 0.0655
2025-11-27 03:51:19,455 - INFO - Precision                : 0.0814
2025-11-27 03:51:19,455 - INFO - Recall                   : 0.0655
2025-11-27 03:51:19,455 - INFO - F1 Score                 : 0.0434
2025-11-27 03:51:19,455 - INFO - ==================================================
2025-11-27 04:13:34,963 - INFO - Época 10 concluída. Loss média: 4.7732
2025-11-27 04:13:34,964 - INFO - Taxa de aprendizado ajustada para: 0.100000
2025-11-27 04:13:34,975 - INFO - Iniciando inferência com o modelo DenseNet121...
2025-11-27 04:14:14,754 - INFO - ==================================================
2025-11-27 04:14:14,754 - INFO - EXPERIMENT RESULTS
2025-11-27 04:14:14,754 - INFO - ==================================================
2025-11-27 04:14:14,754 - INFO - Elapsed Time Seconds     : 39.7411
2025-11-27 04:14:14,754 - INFO - Cpu Usage Percent        : 3.3719
2025-11-27 04:14:14,754 - INFO - Ram Peak Usage Bytes     : 2213965824.0000
2025-11-27 04:14:14,754 - INFO - Disk Read Bytes          : 0.0000
2025-11-27 04:14:14,754 - INFO - Disk Write Bytes         : 753664.0000
2025-11-27 04:14:14,755 - INFO - Vram Peak Usage Bytes    : 1421110500.0000
2025-11-27 04:14:14,755 - INFO - Gpu Power Watts Avg      : 285.1748
2025-11-27 04:14:14,755 - INFO - Gpu Power Watts Peak     : 288.2130
2025-11-27 04:14:14,755 - INFO - Gpu Temp Celsius Avg     : 59.0051
2025-11-27 04:14:14,755 - INFO - Gpu Temp Celsius Peak    : 60.0000
2025-11-27 04:14:14,755 - INFO - Gpu Utilization Percent Avg: 98.0914
2025-11-27 04:14:14,755 - INFO - Gpu Utilization Percent Peak: 100.0000
2025-11-27 04:14:14,755 - INFO - Gpu Mem Used Bytes Avg   : 17499881472.0000
2025-11-27 04:14:14,755 - INFO - Gpu Mem Used Bytes Peak  : 17499881472.0000
2025-11-27 04:14:14,755 - INFO - Gpu Vram Used Bytes      : 17499881472.0000
2025-11-27 04:14:14,755 - INFO - Accuracy                 : 0.0632
2025-11-27 04:14:14,755 - INFO - Precision                : 0.0837
2025-11-27 04:14:14,755 - INFO - Recall                   : 0.0632
2025-11-27 04:14:14,755 - INFO - F1 Score                 : 0.0411
2025-11-27 04:14:14,755 - INFO - ==================================================
2025-11-27 04:36:23,850 - INFO - Época 11 concluída. Loss média: 4.7926
2025-11-27 04:36:23,850 - INFO - Taxa de aprendizado ajustada para: 0.100000
2025-11-27 04:36:23,861 - INFO - Iniciando inferência com o modelo DenseNet121...
2025-11-27 04:37:03,688 - INFO - ==================================================
2025-11-27 04:37:03,688 - INFO - EXPERIMENT RESULTS
2025-11-27 04:37:03,688 - INFO - ==================================================
2025-11-27 04:37:03,688 - INFO - Elapsed Time Seconds     : 39.7883
2025-11-27 04:37:03,688 - INFO - Cpu Usage Percent        : 3.3750
2025-11-27 04:37:03,688 - INFO - Ram Peak Usage Bytes     : 2216169472.0000
2025-11-27 04:37:03,688 - INFO - Disk Read Bytes          : 0.0000
2025-11-27 04:37:03,688 - INFO - Disk Write Bytes         : 741376.0000
2025-11-27 04:37:03,688 - INFO - Vram Peak Usage Bytes    : 1421110500.0000
2025-11-27 04:37:03,688 - INFO - Gpu Power Watts Avg      : 284.2864
2025-11-27 04:37:03,688 - INFO - Gpu Power Watts Peak     : 287.7630
2025-11-27 04:37:03,688 - INFO - Gpu Temp Celsius Avg     : 59.2437
2025-11-27 04:37:03,688 - INFO - Gpu Temp Celsius Peak    : 60.0000
2025-11-27 04:37:03,688 - INFO - Gpu Utilization Percent Avg: 98.2563
2025-11-27 04:37:03,688 - INFO - Gpu Utilization Percent Peak: 100.0000
2025-11-27 04:37:03,688 - INFO - Gpu Mem Used Bytes Avg   : 17499881472.0000
2025-11-27 04:37:03,689 - INFO - Gpu Mem Used Bytes Peak  : 17499881472.0000
2025-11-27 04:37:03,689 - INFO - Gpu Vram Used Bytes      : 17499881472.0000
2025-11-27 04:37:03,689 - INFO - Accuracy                 : 0.0580
2025-11-27 04:37:03,689 - INFO - Precision                : 0.0509
2025-11-27 04:37:03,689 - INFO - Recall                   : 0.0580
2025-11-27 04:37:03,689 - INFO - F1 Score                 : 0.0317
2025-11-27 04:37:03,689 - INFO - ==================================================
2025-11-27 04:59:18,251 - INFO - Época 12 concluída. Loss média: 4.7832
2025-11-27 04:59:18,252 - INFO - Taxa de aprendizado ajustada para: 0.100000
2025-11-27 04:59:18,263 - INFO - Iniciando inferência com o modelo DenseNet121...
2025-11-27 04:59:57,934 - INFO - ==================================================
2025-11-27 04:59:57,934 - INFO - EXPERIMENT RESULTS
2025-11-27 04:59:57,934 - INFO - ==================================================
2025-11-27 04:59:57,934 - INFO - Elapsed Time Seconds     : 39.6340
2025-11-27 04:59:57,934 - INFO - Cpu Usage Percent        : 3.3719
2025-11-27 04:59:57,934 - INFO - Ram Peak Usage Bytes     : 2217213952.0000
2025-11-27 04:59:57,934 - INFO - Disk Read Bytes          : 0.0000
2025-11-27 04:59:57,934 - INFO - Disk Write Bytes         : 745472.0000
2025-11-27 04:59:57,934 - INFO - Vram Peak Usage Bytes    : 1421110500.0000
2025-11-27 04:59:57,934 - INFO - Gpu Power Watts Avg      : 285.0890
2025-11-27 04:59:57,934 - INFO - Gpu Power Watts Peak     : 288.1610
2025-11-27 04:59:57,934 - INFO - Gpu Temp Celsius Avg     : 58.9898
2025-11-27 04:59:57,934 - INFO - Gpu Temp Celsius Peak    : 60.0000
2025-11-27 04:59:57,934 - INFO - Gpu Utilization Percent Avg: 98.8571
2025-11-27 04:59:57,935 - INFO - Gpu Utilization Percent Peak: 100.0000
2025-11-27 04:59:57,935 - INFO - Gpu Mem Used Bytes Avg   : 17499881472.0000
2025-11-27 04:59:57,935 - INFO - Gpu Mem Used Bytes Peak  : 17499881472.0000
2025-11-27 04:59:57,935 - INFO - Gpu Vram Used Bytes      : 17499881472.0000
2025-11-27 04:59:57,935 - INFO - Accuracy                 : 0.0409
2025-11-27 04:59:57,935 - INFO - Precision                : 0.0547
2025-11-27 04:59:57,935 - INFO - Recall                   : 0.0409
2025-11-27 04:59:57,935 - INFO - F1 Score                 : 0.0246
2025-11-27 04:59:57,935 - INFO - ==================================================
2025-11-27 05:22:09,663 - INFO - Época 13 concluída. Loss média: 4.8015
2025-11-27 05:22:09,664 - INFO - Taxa de aprendizado ajustada para: 0.100000
2025-11-27 05:22:09,675 - INFO - Iniciando inferência com o modelo DenseNet121...
2025-11-27 05:22:49,482 - INFO - ==================================================
2025-11-27 05:22:49,482 - INFO - EXPERIMENT RESULTS
2025-11-27 05:22:49,482 - INFO - ==================================================
2025-11-27 05:22:49,482 - INFO - Elapsed Time Seconds     : 39.7692
2025-11-27 05:22:49,482 - INFO - Cpu Usage Percent        : 3.3687
2025-11-27 05:22:49,482 - INFO - Ram Peak Usage Bytes     : 2218950656.0000
2025-11-27 05:22:49,482 - INFO - Disk Read Bytes          : 0.0000
2025-11-27 05:22:49,482 - INFO - Disk Write Bytes         : 786432.0000
2025-11-27 05:22:49,482 - INFO - Vram Peak Usage Bytes    : 1421110500.0000
2025-11-27 05:22:49,482 - INFO - Gpu Power Watts Avg      : 284.4827
2025-11-27 05:22:49,482 - INFO - Gpu Power Watts Peak     : 287.9210
2025-11-27 05:22:49,482 - INFO - Gpu Temp Celsius Avg     : 58.8173
2025-11-27 05:22:49,482 - INFO - Gpu Temp Celsius Peak    : 60.0000
2025-11-27 05:22:49,482 - INFO - Gpu Utilization Percent Avg: 98.0127
2025-11-27 05:22:49,483 - INFO - Gpu Utilization Percent Peak: 100.0000
2025-11-27 05:22:49,483 - INFO - Gpu Mem Used Bytes Avg   : 17499881472.0000
2025-11-27 05:22:49,483 - INFO - Gpu Mem Used Bytes Peak  : 17499881472.0000
2025-11-27 05:22:49,483 - INFO - Gpu Vram Used Bytes      : 17499881472.0000
2025-11-27 05:22:49,483 - INFO - Accuracy                 : 0.0604
2025-11-27 05:22:49,483 - INFO - Precision                : 0.0546
2025-11-27 05:22:49,483 - INFO - Recall                   : 0.0604
2025-11-27 05:22:49,483 - INFO - F1 Score                 : 0.0339
2025-11-27 05:22:49,483 - INFO - ==================================================
2025-11-27 05:45:01,957 - INFO - Época 14 concluída. Loss média: 4.7901
2025-11-27 05:45:01,957 - INFO - Taxa de aprendizado ajustada para: 0.100000
2025-11-27 05:45:01,962 - INFO - Iniciando inferência com o modelo DenseNet121...
2025-11-27 05:45:41,820 - INFO - ==================================================
2025-11-27 05:45:41,820 - INFO - EXPERIMENT RESULTS
2025-11-27 05:45:41,820 - INFO - ==================================================
2025-11-27 05:45:41,820 - INFO - Elapsed Time Seconds     : 39.8201
2025-11-27 05:45:41,821 - INFO - Cpu Usage Percent        : 3.2812
2025-11-27 05:45:41,821 - INFO - Ram Peak Usage Bytes     : 2220904448.0000
2025-11-27 05:45:41,821 - INFO - Disk Read Bytes          : 0.0000
2025-11-27 05:45:41,821 - INFO - Disk Write Bytes         : 663552.0000
2025-11-27 05:45:41,821 - INFO - Vram Peak Usage Bytes    : 1421110500.0000
2025-11-27 05:45:41,821 - INFO - Gpu Power Watts Avg      : 284.8736
2025-11-27 05:45:41,821 - INFO - Gpu Power Watts Peak     : 287.6890
2025-11-27 05:45:41,821 - INFO - Gpu Temp Celsius Avg     : 59.4025
2025-11-27 05:45:41,821 - INFO - Gpu Temp Celsius Peak    : 60.0000
2025-11-27 05:45:41,821 - INFO - Gpu Utilization Percent Avg: 98.1873
2025-11-27 05:45:41,821 - INFO - Gpu Utilization Percent Peak: 100.0000
2025-11-27 05:45:41,821 - INFO - Gpu Mem Used Bytes Avg   : 17499881472.0000
2025-11-27 05:45:41,821 - INFO - Gpu Mem Used Bytes Peak  : 17499881472.0000
2025-11-27 05:45:41,821 - INFO - Gpu Vram Used Bytes      : 17499881472.0000
2025-11-27 05:45:41,821 - INFO - Accuracy                 : 0.0512
2025-11-27 05:45:41,821 - INFO - Precision                : 0.0522
2025-11-27 05:45:41,821 - INFO - Recall                   : 0.0512
2025-11-27 05:45:41,821 - INFO - F1 Score                 : 0.0288
2025-11-27 05:45:41,821 - INFO - ==================================================
2025-11-27 06:07:56,956 - INFO - Época 15 concluída. Loss média: 4.7940
2025-11-27 06:07:56,956 - INFO - Taxa de aprendizado ajustada para: 0.100000
2025-11-27 06:07:56,967 - INFO - Iniciando inferência com o modelo DenseNet121...
2025-11-27 06:08:36,813 - INFO - ==================================================
2025-11-27 06:08:36,813 - INFO - EXPERIMENT RESULTS
2025-11-27 06:08:36,813 - INFO - ==================================================
2025-11-27 06:08:36,813 - INFO - Elapsed Time Seconds     : 39.8088
2025-11-27 06:08:36,813 - INFO - Cpu Usage Percent        : 3.3062
2025-11-27 06:08:36,813 - INFO - Ram Peak Usage Bytes     : 2222116864.0000
2025-11-27 06:08:36,814 - INFO - Disk Read Bytes          : 0.0000
2025-11-27 06:08:36,814 - INFO - Disk Write Bytes         : 770048.0000
2025-11-27 06:08:36,814 - INFO - Vram Peak Usage Bytes    : 1421110500.0000
2025-11-27 06:08:36,814 - INFO - Gpu Power Watts Avg      : 283.8362
2025-11-27 06:08:36,814 - INFO - Gpu Power Watts Peak     : 286.8590
2025-11-27 06:08:36,814 - INFO - Gpu Temp Celsius Avg     : 59.1548
2025-11-27 06:08:36,814 - INFO - Gpu Temp Celsius Peak    : 60.0000
2025-11-27 06:08:36,814 - INFO - Gpu Utilization Percent Avg: 98.3020
2025-11-27 06:08:36,814 - INFO - Gpu Utilization Percent Peak: 100.0000
2025-11-27 06:08:36,814 - INFO - Gpu Mem Used Bytes Avg   : 17499881472.0000
2025-11-27 06:08:36,814 - INFO - Gpu Mem Used Bytes Peak  : 17499881472.0000
2025-11-27 06:08:36,814 - INFO - Gpu Vram Used Bytes      : 17499881472.0000
2025-11-27 06:08:36,814 - INFO - Accuracy                 : 0.0541
2025-11-27 06:08:36,814 - INFO - Precision                : 0.0576
2025-11-27 06:08:36,814 - INFO - Recall                   : 0.0541
2025-11-27 06:08:36,814 - INFO - F1 Score                 : 0.0296
2025-11-27 06:08:36,814 - INFO - ==================================================
2025-11-27 06:30:53,336 - INFO - Época 16 concluída. Loss média: 4.8055
2025-11-27 06:30:53,337 - INFO - Taxa de aprendizado ajustada para: 0.100000
2025-11-27 06:30:53,348 - INFO - Iniciando inferência com o modelo DenseNet121...
2025-11-27 06:31:33,155 - INFO - ==================================================
2025-11-27 06:31:33,155 - INFO - EXPERIMENT RESULTS
2025-11-27 06:31:33,155 - INFO - ==================================================
2025-11-27 06:31:33,155 - INFO - Elapsed Time Seconds     : 39.7698
2025-11-27 06:31:33,155 - INFO - Cpu Usage Percent        : 3.3969
2025-11-27 06:31:33,155 - INFO - Ram Peak Usage Bytes     : 2222690304.0000
2025-11-27 06:31:33,155 - INFO - Disk Read Bytes          : 0.0000
2025-11-27 06:31:33,155 - INFO - Disk Write Bytes         : 798720.0000
2025-11-27 06:31:33,156 - INFO - Vram Peak Usage Bytes    : 1421110500.0000
2025-11-27 06:31:33,156 - INFO - Gpu Power Watts Avg      : 283.2998
2025-11-27 06:31:33,156 - INFO - Gpu Power Watts Peak     : 287.0570
2025-11-27 06:31:33,156 - INFO - Gpu Temp Celsius Avg     : 59.2513
2025-11-27 06:31:33,156 - INFO - Gpu Temp Celsius Peak    : 60.0000
2025-11-27 06:31:33,156 - INFO - Gpu Utilization Percent Avg: 97.9848
2025-11-27 06:31:33,156 - INFO - Gpu Utilization Percent Peak: 100.0000
2025-11-27 06:31:33,156 - INFO - Gpu Mem Used Bytes Avg   : 17499881472.0000
2025-11-27 06:31:33,156 - INFO - Gpu Mem Used Bytes Peak  : 17499881472.0000
2025-11-27 06:31:33,156 - INFO - Gpu Vram Used Bytes      : 17499881472.0000
2025-11-27 06:31:33,156 - INFO - Accuracy                 : 0.0461
2025-11-27 06:31:33,156 - INFO - Precision                : 0.0466
2025-11-27 06:31:33,156 - INFO - Recall                   : 0.0461
2025-11-27 06:31:33,156 - INFO - F1 Score                 : 0.0246
2025-11-27 06:31:33,156 - INFO - ==================================================
2025-11-27 06:53:47,806 - INFO - Época 17 concluída. Loss média: 4.7948
2025-11-27 06:53:47,807 - INFO - Taxa de aprendizado ajustada para: 0.100000
2025-11-27 06:53:47,818 - INFO - Iniciando inferência com o modelo DenseNet121...
2025-11-27 06:54:27,546 - INFO - ==================================================
2025-11-27 06:54:27,546 - INFO - EXPERIMENT RESULTS
2025-11-27 06:54:27,546 - INFO - ==================================================
2025-11-27 06:54:27,546 - INFO - Elapsed Time Seconds     : 39.6891
2025-11-27 06:54:27,546 - INFO - Cpu Usage Percent        : 3.3750
2025-11-27 06:54:27,546 - INFO - Ram Peak Usage Bytes     : 2226806784.0000
2025-11-27 06:54:27,546 - INFO - Disk Read Bytes          : 0.0000
2025-11-27 06:54:27,546 - INFO - Disk Write Bytes         : 794624.0000
2025-11-27 06:54:27,546 - INFO - Vram Peak Usage Bytes    : 1421110500.0000
2025-11-27 06:54:27,546 - INFO - Gpu Power Watts Avg      : 283.7299
2025-11-27 06:54:27,546 - INFO - Gpu Power Watts Peak     : 286.7040
2025-11-27 06:54:27,546 - INFO - Gpu Temp Celsius Avg     : 59.5013
2025-11-27 06:54:27,546 - INFO - Gpu Temp Celsius Peak    : 60.0000
2025-11-27 06:54:27,546 - INFO - Gpu Utilization Percent Avg: 98.7430
2025-11-27 06:54:27,547 - INFO - Gpu Utilization Percent Peak: 100.0000
2025-11-27 06:54:27,547 - INFO - Gpu Mem Used Bytes Avg   : 17499881472.0000
2025-11-27 06:54:27,547 - INFO - Gpu Mem Used Bytes Peak  : 17499881472.0000
2025-11-27 06:54:27,547 - INFO - Gpu Vram Used Bytes      : 17499881472.0000
2025-11-27 06:54:27,547 - INFO - Accuracy                 : 0.0695
2025-11-27 06:54:27,547 - INFO - Precision                : 0.0894
2025-11-27 06:54:27,547 - INFO - Recall                   : 0.0695
2025-11-27 06:54:27,547 - INFO - F1 Score                 : 0.0437
2025-11-27 06:54:27,547 - INFO - ==================================================
2025-11-27 07:16:43,238 - INFO - Época 18 concluída. Loss média: 4.8031
2025-11-27 07:16:43,238 - INFO - Taxa de aprendizado ajustada para: 0.100000
2025-11-27 07:16:43,249 - INFO - Iniciando inferência com o modelo DenseNet121...
2025-11-27 07:17:23,098 - INFO - ==================================================
2025-11-27 07:17:23,098 - INFO - EXPERIMENT RESULTS
2025-11-27 07:17:23,098 - INFO - ==================================================
2025-11-27 07:17:23,098 - INFO - Elapsed Time Seconds     : 39.8109
2025-11-27 07:17:23,099 - INFO - Cpu Usage Percent        : 3.3750
2025-11-27 07:17:23,099 - INFO - Ram Peak Usage Bytes     : 2227896320.0000
2025-11-27 07:17:23,099 - INFO - Disk Read Bytes          : 0.0000
2025-11-27 07:17:23,099 - INFO - Disk Write Bytes         : 1089536.0000
2025-11-27 07:17:23,099 - INFO - Vram Peak Usage Bytes    : 1421110500.0000
2025-11-27 07:17:23,099 - INFO - Gpu Power Watts Avg      : 282.7232
2025-11-27 07:17:23,099 - INFO - Gpu Power Watts Peak     : 286.1900
2025-11-27 07:17:23,099 - INFO - Gpu Temp Celsius Avg     : 58.9188
2025-11-27 07:17:23,099 - INFO - Gpu Temp Celsius Peak    : 60.0000
2025-11-27 07:17:23,099 - INFO - Gpu Utilization Percent Avg: 98.1751
2025-11-27 07:17:23,099 - INFO - Gpu Utilization Percent Peak: 100.0000
2025-11-27 07:17:23,099 - INFO - Gpu Mem Used Bytes Avg   : 17499881472.0000
2025-11-27 07:17:23,099 - INFO - Gpu Mem Used Bytes Peak  : 17499881472.0000
2025-11-27 07:17:23,099 - INFO - Gpu Vram Used Bytes      : 17499881472.0000
2025-11-27 07:17:23,099 - INFO - Accuracy                 : 0.0588
2025-11-27 07:17:23,099 - INFO - Precision                : 0.0516
2025-11-27 07:17:23,099 - INFO - Recall                   : 0.0588
2025-11-27 07:17:23,099 - INFO - F1 Score                 : 0.0339
2025-11-27 07:17:23,099 - INFO - ==================================================
2025-11-27 07:39:39,609 - INFO - Época 19 concluída. Loss média: 4.8260
2025-11-27 07:39:39,610 - INFO - Taxa de aprendizado ajustada para: 0.100000
2025-11-27 07:39:39,621 - INFO - Iniciando inferência com o modelo DenseNet121...
2025-11-27 07:40:19,451 - INFO - ==================================================
2025-11-27 07:40:19,451 - INFO - EXPERIMENT RESULTS
2025-11-27 07:40:19,451 - INFO - ==================================================
2025-11-27 07:40:19,451 - INFO - Elapsed Time Seconds     : 39.7923
2025-11-27 07:40:19,451 - INFO - Cpu Usage Percent        : 3.2969
2025-11-27 07:40:19,451 - INFO - Ram Peak Usage Bytes     : 2229043200.0000
2025-11-27 07:40:19,451 - INFO - Disk Read Bytes          : 0.0000
2025-11-27 07:40:19,451 - INFO - Disk Write Bytes         : 794624.0000
2025-11-27 07:40:19,451 - INFO - Vram Peak Usage Bytes    : 1421110500.0000
2025-11-27 07:40:19,451 - INFO - Gpu Power Watts Avg      : 283.2013
2025-11-27 07:40:19,451 - INFO - Gpu Power Watts Peak     : 285.9210
2025-11-27 07:40:19,451 - INFO - Gpu Temp Celsius Avg     : 59.7310
2025-11-27 07:40:19,451 - INFO - Gpu Temp Celsius Peak    : 60.0000
2025-11-27 07:40:19,451 - INFO - Gpu Utilization Percent Avg: 98.2563
2025-11-27 07:40:19,451 - INFO - Gpu Utilization Percent Peak: 100.0000
2025-11-27 07:40:19,451 - INFO - Gpu Mem Used Bytes Avg   : 17499881472.0000
2025-11-27 07:40:19,451 - INFO - Gpu Mem Used Bytes Peak  : 17499881472.0000
2025-11-27 07:40:19,451 - INFO - Gpu Vram Used Bytes      : 17499881472.0000
2025-11-27 07:40:19,452 - INFO - Accuracy                 : 0.0584
2025-11-27 07:40:19,452 - INFO - Precision                : 0.0626
2025-11-27 07:40:19,452 - INFO - Recall                   : 0.0584
2025-11-27 07:40:19,452 - INFO - F1 Score                 : 0.0351
2025-11-27 07:40:19,452 - INFO - ==================================================
2025-11-27 08:02:34,655 - INFO - Época 20 concluída. Loss média: 4.7924
2025-11-27 08:02:34,655 - INFO - Taxa de aprendizado ajustada para: 0.100000
2025-11-27 08:02:34,666 - INFO - Iniciando inferência com o modelo DenseNet121...
2025-11-27 08:03:14,462 - INFO - ==================================================
2025-11-27 08:03:14,462 - INFO - EXPERIMENT RESULTS
2025-11-27 08:03:14,462 - INFO - ==================================================
2025-11-27 08:03:14,462 - INFO - Elapsed Time Seconds     : 39.7577
2025-11-27 08:03:14,462 - INFO - Cpu Usage Percent        : 3.4000
2025-11-27 08:03:14,462 - INFO - Ram Peak Usage Bytes     : 2230059008.0000
2025-11-27 08:03:14,462 - INFO - Disk Read Bytes          : 0.0000
2025-11-27 08:03:14,462 - INFO - Disk Write Bytes         : 1150976.0000
2025-11-27 08:03:14,462 - INFO - Vram Peak Usage Bytes    : 1421110500.0000
2025-11-27 08:03:14,462 - INFO - Gpu Power Watts Avg      : 282.9088
2025-11-27 08:03:14,462 - INFO - Gpu Power Watts Peak     : 286.1940
2025-11-27 08:03:14,462 - INFO - Gpu Temp Celsius Avg     : 59.5508
2025-11-27 08:03:14,462 - INFO - Gpu Temp Celsius Peak    : 60.0000
2025-11-27 08:03:14,462 - INFO - Gpu Utilization Percent Avg: 98.0685
2025-11-27 08:03:14,462 - INFO - Gpu Utilization Percent Peak: 100.0000
2025-11-27 08:03:14,462 - INFO - Gpu Mem Used Bytes Avg   : 17499881472.0000
2025-11-27 08:03:14,462 - INFO - Gpu Mem Used Bytes Peak  : 17499881472.0000
2025-11-27 08:03:14,462 - INFO - Gpu Vram Used Bytes      : 17499881472.0000
2025-11-27 08:03:14,462 - INFO - Accuracy                 : 0.0446
2025-11-27 08:03:14,462 - INFO - Precision                : 0.0607
2025-11-27 08:03:14,463 - INFO - Recall                   : 0.0446
2025-11-27 08:03:14,463 - INFO - F1 Score                 : 0.0259
2025-11-27 08:03:14,463 - INFO - ==================================================
2025-11-27 08:25:30,291 - INFO - Época 21 concluída. Loss média: 4.8299
2025-11-27 08:25:30,292 - INFO - Taxa de aprendizado ajustada para: 0.100000
2025-11-27 08:25:30,303 - INFO - Iniciando inferência com o modelo DenseNet121...
2025-11-27 08:26:10,124 - INFO - ==================================================
2025-11-27 08:26:10,124 - INFO - EXPERIMENT RESULTS
2025-11-27 08:26:10,124 - INFO - ==================================================
2025-11-27 08:26:10,124 - INFO - Elapsed Time Seconds     : 39.7840
2025-11-27 08:26:10,124 - INFO - Cpu Usage Percent        : 3.3969
2025-11-27 08:26:10,124 - INFO - Ram Peak Usage Bytes     : 2231083008.0000
2025-11-27 08:26:10,124 - INFO - Disk Read Bytes          : 0.0000
2025-11-27 08:26:10,124 - INFO - Disk Write Bytes         : 872448.0000
2025-11-27 08:26:10,124 - INFO - Vram Peak Usage Bytes    : 1421110500.0000
2025-11-27 08:26:10,124 - INFO - Gpu Power Watts Avg      : 282.6209
2025-11-27 08:26:10,125 - INFO - Gpu Power Watts Peak     : 285.9690
2025-11-27 08:26:10,125 - INFO - Gpu Temp Celsius Avg     : 59.6244
2025-11-27 08:26:10,125 - INFO - Gpu Temp Celsius Peak    : 60.0000
2025-11-27 08:26:10,125 - INFO - Gpu Utilization Percent Avg: 98.2513
2025-11-27 08:26:10,125 - INFO - Gpu Utilization Percent Peak: 100.0000
2025-11-27 08:26:10,125 - INFO - Gpu Mem Used Bytes Avg   : 17499881472.0000
2025-11-27 08:26:10,125 - INFO - Gpu Mem Used Bytes Peak  : 17499881472.0000
2025-11-27 08:26:10,125 - INFO - Gpu Vram Used Bytes      : 17499881472.0000
2025-11-27 08:26:10,125 - INFO - Accuracy                 : 0.0545
2025-11-27 08:26:10,125 - INFO - Precision                : 0.0584
2025-11-27 08:26:10,125 - INFO - Recall                   : 0.0545
2025-11-27 08:26:10,125 - INFO - F1 Score                 : 0.0304
2025-11-27 08:26:10,125 - INFO - ==================================================
2025-11-27 08:48:26,574 - INFO - Época 22 concluída. Loss média: 4.7969
2025-11-27 08:48:26,575 - INFO - Taxa de aprendizado ajustada para: 0.100000
2025-11-27 08:48:26,586 - INFO - Iniciando inferência com o modelo DenseNet121...
2025-11-27 08:49:06,442 - INFO - ==================================================
2025-11-27 08:49:06,442 - INFO - EXPERIMENT RESULTS
2025-11-27 08:49:06,442 - INFO - ==================================================
2025-11-27 08:49:06,442 - INFO - Elapsed Time Seconds     : 39.8186
2025-11-27 08:49:06,442 - INFO - Cpu Usage Percent        : 3.3937
2025-11-27 08:49:06,442 - INFO - Ram Peak Usage Bytes     : 2231689216.0000
2025-11-27 08:49:06,442 - INFO - Disk Read Bytes          : 0.0000
2025-11-27 08:49:06,442 - INFO - Disk Write Bytes         : 880640.0000
2025-11-27 08:49:06,443 - INFO - Vram Peak Usage Bytes    : 1421110500.0000
2025-11-27 08:49:06,443 - INFO - Gpu Power Watts Avg      : 282.8572
2025-11-27 08:49:06,443 - INFO - Gpu Power Watts Peak     : 285.9850
2025-11-27 08:49:06,443 - INFO - Gpu Temp Celsius Avg     : 59.5051
2025-11-27 08:49:06,443 - INFO - Gpu Temp Celsius Peak    : 60.0000
2025-11-27 08:49:06,443 - INFO - Gpu Utilization Percent Avg: 98.1878
2025-11-27 08:49:06,443 - INFO - Gpu Utilization Percent Peak: 100.0000
2025-11-27 08:49:06,443 - INFO - Gpu Mem Used Bytes Avg   : 17499881472.0000
2025-11-27 08:49:06,443 - INFO - Gpu Mem Used Bytes Peak  : 17499881472.0000
2025-11-27 08:49:06,443 - INFO - Gpu Vram Used Bytes      : 17499881472.0000
2025-11-27 08:49:06,443 - INFO - Accuracy                 : 0.0361
2025-11-27 08:49:06,443 - INFO - Precision                : 0.0241
2025-11-27 08:49:06,443 - INFO - Recall                   : 0.0361
2025-11-27 08:49:06,443 - INFO - F1 Score                 : 0.0197
2025-11-27 08:49:06,443 - INFO - ==================================================
2025-11-27 09:11:23,267 - INFO - Época 23 concluída. Loss média: 4.7975
2025-11-27 09:11:23,267 - INFO - Taxa de aprendizado ajustada para: 0.100000
2025-11-27 09:11:23,278 - INFO - Iniciando inferência com o modelo DenseNet121...
2025-11-27 09:12:03,090 - INFO - ==================================================
2025-11-27 09:12:03,090 - INFO - EXPERIMENT RESULTS
2025-11-27 09:12:03,091 - INFO - ==================================================
2025-11-27 09:12:03,091 - INFO - Elapsed Time Seconds     : 39.7737
2025-11-27 09:12:03,091 - INFO - Cpu Usage Percent        : 3.3937
2025-11-27 09:12:03,091 - INFO - Ram Peak Usage Bytes     : 2232647680.0000
2025-11-27 09:12:03,091 - INFO - Disk Read Bytes          : 0.0000
2025-11-27 09:12:03,091 - INFO - Disk Write Bytes         : 856064.0000
2025-11-27 09:12:03,091 - INFO - Vram Peak Usage Bytes    : 1421110500.0000
2025-11-27 09:12:03,091 - INFO - Gpu Power Watts Avg      : 282.5852
2025-11-27 09:12:03,091 - INFO - Gpu Power Watts Peak     : 285.4630
2025-11-27 09:12:03,091 - INFO - Gpu Temp Celsius Avg     : 59.0431
2025-11-27 09:12:03,091 - INFO - Gpu Temp Celsius Peak    : 60.0000
2025-11-27 09:12:03,091 - INFO - Gpu Utilization Percent Avg: 98.0990
2025-11-27 09:12:03,091 - INFO - Gpu Utilization Percent Peak: 100.0000
2025-11-27 09:12:03,091 - INFO - Gpu Mem Used Bytes Avg   : 17499881472.0000
2025-11-27 09:12:03,091 - INFO - Gpu Mem Used Bytes Peak  : 17499881472.0000
2025-11-27 09:12:03,091 - INFO - Gpu Vram Used Bytes      : 17499881472.0000
2025-11-27 09:12:03,091 - INFO - Accuracy                 : 0.0581
2025-11-27 09:12:03,091 - INFO - Precision                : 0.0585
2025-11-27 09:12:03,091 - INFO - Recall                   : 0.0581
2025-11-27 09:12:03,091 - INFO - F1 Score                 : 0.0335
2025-11-27 09:12:03,091 - INFO - ==================================================
2025-11-27 09:33:56,324 - INFO - Época 24 concluída. Loss média: 4.7978
2025-11-27 09:33:56,325 - INFO - Taxa de aprendizado ajustada para: 0.100000
2025-11-27 09:33:56,329 - INFO - Iniciando inferência com o modelo DenseNet121...
2025-11-27 09:34:36,013 - INFO - ==================================================
2025-11-27 09:34:36,013 - INFO - EXPERIMENT RESULTS
2025-11-27 09:34:36,013 - INFO - ==================================================
2025-11-27 09:34:36,013 - INFO - Elapsed Time Seconds     : 39.6462
2025-11-27 09:34:36,013 - INFO - Cpu Usage Percent        : 3.4094
2025-11-27 09:34:36,013 - INFO - Ram Peak Usage Bytes     : 2235699200.0000
2025-11-27 09:34:36,013 - INFO - Disk Read Bytes          : 0.0000
2025-11-27 09:34:36,013 - INFO - Disk Write Bytes         : 843776.0000
2025-11-27 09:34:36,013 - INFO - Vram Peak Usage Bytes    : 1421110500.0000
2025-11-27 09:34:36,013 - INFO - Gpu Power Watts Avg      : 283.3232
2025-11-27 09:34:36,013 - INFO - Gpu Power Watts Peak     : 285.8700
2025-11-27 09:34:36,013 - INFO - Gpu Temp Celsius Avg     : 59.6539
2025-11-27 09:34:36,013 - INFO - Gpu Temp Celsius Peak    : 60.0000
2025-11-27 09:34:36,014 - INFO - Gpu Utilization Percent Avg: 98.2799
2025-11-27 09:34:36,014 - INFO - Gpu Utilization Percent Peak: 100.0000
2025-11-27 09:34:36,014 - INFO - Gpu Mem Used Bytes Avg   : 17499881472.0000
2025-11-27 09:34:36,014 - INFO - Gpu Mem Used Bytes Peak  : 17499881472.0000
2025-11-27 09:34:36,014 - INFO - Gpu Vram Used Bytes      : 17499881472.0000
2025-11-27 09:34:36,014 - INFO - Accuracy                 : 0.0666
2025-11-27 09:34:36,014 - INFO - Precision                : 0.0720
2025-11-27 09:34:36,014 - INFO - Recall                   : 0.0666
2025-11-27 09:34:36,014 - INFO - F1 Score                 : 0.0388
2025-11-27 09:34:36,014 - INFO - ==================================================
2025-11-27 09:56:28,195 - INFO - Época 25 concluída. Loss média: 4.8120
2025-11-27 09:56:28,196 - INFO - Taxa de aprendizado ajustada para: 0.100000
2025-11-27 09:56:28,207 - INFO - Iniciando inferência com o modelo DenseNet121...
2025-11-27 09:57:08,009 - INFO - ==================================================
2025-11-27 09:57:08,009 - INFO - EXPERIMENT RESULTS
2025-11-27 09:57:08,009 - INFO - ==================================================
2025-11-27 09:57:08,009 - INFO - Elapsed Time Seconds     : 39.7645
2025-11-27 09:57:08,009 - INFO - Cpu Usage Percent        : 3.2938
2025-11-27 09:57:08,009 - INFO - Ram Peak Usage Bytes     : 2236674048.0000
2025-11-27 09:57:08,009 - INFO - Disk Read Bytes          : 0.0000
2025-11-27 09:57:08,009 - INFO - Disk Write Bytes         : 892928.0000
2025-11-27 09:57:08,009 - INFO - Vram Peak Usage Bytes    : 1421110500.0000
2025-11-27 09:57:08,009 - INFO - Gpu Power Watts Avg      : 282.7322
2025-11-27 09:57:08,009 - INFO - Gpu Power Watts Peak     : 285.6930
2025-11-27 09:57:08,009 - INFO - Gpu Temp Celsius Avg     : 59.5254
2025-11-27 09:57:08,010 - INFO - Gpu Temp Celsius Peak    : 60.0000
2025-11-27 09:57:08,010 - INFO - Gpu Utilization Percent Avg: 98.1041
2025-11-27 09:57:08,010 - INFO - Gpu Utilization Percent Peak: 100.0000
2025-11-27 09:57:08,010 - INFO - Gpu Mem Used Bytes Avg   : 17499881472.0000
2025-11-27 09:57:08,010 - INFO - Gpu Mem Used Bytes Peak  : 17499881472.0000
2025-11-27 09:57:08,010 - INFO - Gpu Vram Used Bytes      : 17499881472.0000
2025-11-27 09:57:08,010 - INFO - Accuracy                 : 0.0524
2025-11-27 09:57:08,010 - INFO - Precision                : 0.0444
2025-11-27 09:57:08,010 - INFO - Recall                   : 0.0524
2025-11-27 09:57:08,010 - INFO - F1 Score                 : 0.0251
2025-11-27 09:57:08,010 - INFO - ==================================================
2025-11-27 10:19:24,981 - INFO - Época 26 concluída. Loss média: 4.8001
2025-11-27 10:19:24,982 - INFO - Taxa de aprendizado ajustada para: 0.100000
2025-11-27 10:19:24,993 - INFO - Iniciando inferência com o modelo DenseNet121...
2025-11-27 10:20:04,801 - INFO - ==================================================
2025-11-27 10:20:04,801 - INFO - EXPERIMENT RESULTS
2025-11-27 10:20:04,801 - INFO - ==================================================
2025-11-27 10:20:04,801 - INFO - Elapsed Time Seconds     : 39.7672
2025-11-27 10:20:04,801 - INFO - Cpu Usage Percent        : 3.2938
2025-11-27 10:20:04,801 - INFO - Ram Peak Usage Bytes     : 2237743104.0000
2025-11-27 10:20:04,801 - INFO - Disk Read Bytes          : 0.0000
2025-11-27 10:20:04,801 - INFO - Disk Write Bytes         : 835584.0000
2025-11-27 10:20:04,802 - INFO - Vram Peak Usage Bytes    : 1421110500.0000
2025-11-27 10:20:04,802 - INFO - Gpu Power Watts Avg      : 282.5748
2025-11-27 10:20:04,802 - INFO - Gpu Power Watts Peak     : 285.3930
2025-11-27 10:20:04,802 - INFO - Gpu Temp Celsius Avg     : 59.1497
2025-11-27 10:20:04,802 - INFO - Gpu Temp Celsius Peak    : 60.0000
2025-11-27 10:20:04,802 - INFO - Gpu Utilization Percent Avg: 98.1650
2025-11-27 10:20:04,802 - INFO - Gpu Utilization Percent Peak: 100.0000
2025-11-27 10:20:04,802 - INFO - Gpu Mem Used Bytes Avg   : 17499881472.0000
2025-11-27 10:20:04,802 - INFO - Gpu Mem Used Bytes Peak  : 17499881472.0000
2025-11-27 10:20:04,802 - INFO - Gpu Vram Used Bytes      : 17499881472.0000
2025-11-27 10:20:04,802 - INFO - Accuracy                 : 0.0550
2025-11-27 10:20:04,802 - INFO - Precision                : 0.0604
2025-11-27 10:20:04,802 - INFO - Recall                   : 0.0550
2025-11-27 10:20:04,802 - INFO - F1 Score                 : 0.0318
2025-11-27 10:20:04,802 - INFO - ==================================================
2025-11-27 10:42:04,118 - INFO - Época 27 concluída. Loss média: 4.8055
2025-11-27 10:42:04,119 - INFO - Taxa de aprendizado ajustada para: 0.100000
2025-11-27 10:42:04,130 - INFO - Iniciando inferência com o modelo DenseNet121...
2025-11-27 10:42:43,946 - INFO - ==================================================
2025-11-27 10:42:43,946 - INFO - EXPERIMENT RESULTS
2025-11-27 10:42:43,946 - INFO - ==================================================
2025-11-27 10:42:43,947 - INFO - Elapsed Time Seconds     : 39.7920
2025-11-27 10:42:43,947 - INFO - Cpu Usage Percent        : 3.3750
2025-11-27 10:42:43,947 - INFO - Ram Peak Usage Bytes     : 2241531904.0000
2025-11-27 10:42:43,947 - INFO - Disk Read Bytes          : 0.0000
2025-11-27 10:42:43,947 - INFO - Disk Write Bytes         : 757760.0000
2025-11-27 10:42:43,947 - INFO - Vram Peak Usage Bytes    : 1421110500.0000
2025-11-27 10:42:43,947 - INFO - Gpu Power Watts Avg      : 283.0515
2025-11-27 10:42:43,947 - INFO - Gpu Power Watts Peak     : 285.9490
2025-11-27 10:42:43,947 - INFO - Gpu Temp Celsius Avg     : 59.8782
2025-11-27 10:42:43,947 - INFO - Gpu Temp Celsius Peak    : 60.0000
2025-11-27 10:42:43,947 - INFO - Gpu Utilization Percent Avg: 98.2284
2025-11-27 10:42:43,947 - INFO - Gpu Utilization Percent Peak: 100.0000
2025-11-27 10:42:43,947 - INFO - Gpu Mem Used Bytes Avg   : 17499881472.0000
2025-11-27 10:42:43,947 - INFO - Gpu Mem Used Bytes Peak  : 17499881472.0000
2025-11-27 10:42:43,947 - INFO - Gpu Vram Used Bytes      : 17499881472.0000
2025-11-27 10:42:43,947 - INFO - Accuracy                 : 0.0542
2025-11-27 10:42:43,947 - INFO - Precision                : 0.0567
2025-11-27 10:42:43,947 - INFO - Recall                   : 0.0542
2025-11-27 10:42:43,947 - INFO - F1 Score                 : 0.0324
2025-11-27 10:42:43,947 - INFO - ==================================================
2025-11-27 11:04:41,742 - INFO - Época 28 concluída. Loss média: 4.8174
2025-11-27 11:04:41,746 - INFO - Taxa de aprendizado ajustada para: 0.100000
2025-11-27 11:04:41,750 - INFO - Iniciando inferência com o modelo DenseNet121...
2025-11-27 11:05:21,552 - INFO - ==================================================
2025-11-27 11:05:21,552 - INFO - EXPERIMENT RESULTS
2025-11-27 11:05:21,552 - INFO - ==================================================
2025-11-27 11:05:21,552 - INFO - Elapsed Time Seconds     : 39.7638
2025-11-27 11:05:21,552 - INFO - Cpu Usage Percent        : 3.3687
2025-11-27 11:05:21,552 - INFO - Ram Peak Usage Bytes     : 2242248704.0000
2025-11-27 11:05:21,552 - INFO - Disk Read Bytes          : 0.0000
2025-11-27 11:05:21,552 - INFO - Disk Write Bytes         : 806912.0000
2025-11-27 11:05:21,552 - INFO - Vram Peak Usage Bytes    : 1421110500.0000
2025-11-27 11:05:21,552 - INFO - Gpu Power Watts Avg      : 282.6389
2025-11-27 11:05:21,552 - INFO - Gpu Power Watts Peak     : 285.1580
2025-11-27 11:05:21,552 - INFO - Gpu Temp Celsius Avg     : 59.7970
2025-11-27 11:05:21,552 - INFO - Gpu Temp Celsius Peak    : 60.0000
2025-11-27 11:05:21,552 - INFO - Gpu Utilization Percent Avg: 98.2766
2025-11-27 11:05:21,553 - INFO - Gpu Utilization Percent Peak: 100.0000
2025-11-27 11:05:21,553 - INFO - Gpu Mem Used Bytes Avg   : 17499881472.0000
2025-11-27 11:05:21,553 - INFO - Gpu Mem Used Bytes Peak  : 17499881472.0000
2025-11-27 11:05:21,553 - INFO - Gpu Vram Used Bytes      : 17499881472.0000
2025-11-27 11:05:21,553 - INFO - Accuracy                 : 0.0588
2025-11-27 11:05:21,553 - INFO - Precision                : 0.0607
2025-11-27 11:05:21,553 - INFO - Recall                   : 0.0588
2025-11-27 11:05:21,553 - INFO - F1 Score                 : 0.0335
2025-11-27 11:05:21,553 - INFO - ==================================================
2025-11-27 11:27:15,231 - INFO - Época 29 concluída. Loss média: 4.8202
2025-11-27 11:27:15,235 - INFO - Taxa de aprendizado ajustada para: 0.100000
2025-11-27 11:27:15,239 - INFO - Iniciando inferência com o modelo DenseNet121...
2025-11-27 11:27:55,035 - INFO - ==================================================
2025-11-27 11:27:55,035 - INFO - EXPERIMENT RESULTS
2025-11-27 11:27:55,035 - INFO - ==================================================
2025-11-27 11:27:55,035 - INFO - Elapsed Time Seconds     : 39.7588
2025-11-27 11:27:55,035 - INFO - Cpu Usage Percent        : 3.3906
2025-11-27 11:27:55,036 - INFO - Ram Peak Usage Bytes     : 2243207168.0000
2025-11-27 11:27:55,036 - INFO - Disk Read Bytes          : 0.0000
2025-11-27 11:27:55,036 - INFO - Disk Write Bytes         : 643072.0000
2025-11-27 11:27:55,036 - INFO - Vram Peak Usage Bytes    : 1421110500.0000
2025-11-27 11:27:55,036 - INFO - Gpu Power Watts Avg      : 281.8991
2025-11-27 11:27:55,036 - INFO - Gpu Power Watts Peak     : 284.9080
2025-11-27 11:27:55,036 - INFO - Gpu Temp Celsius Avg     : 59.6853
2025-11-27 11:27:55,036 - INFO - Gpu Temp Celsius Peak    : 60.0000
2025-11-27 11:27:55,036 - INFO - Gpu Utilization Percent Avg: 98.1421
2025-11-27 11:27:55,036 - INFO - Gpu Utilization Percent Peak: 100.0000
2025-11-27 11:27:55,036 - INFO - Gpu Mem Used Bytes Avg   : 17499881472.0000
2025-11-27 11:27:55,036 - INFO - Gpu Mem Used Bytes Peak  : 17499881472.0000
2025-11-27 11:27:55,036 - INFO - Gpu Vram Used Bytes      : 17499881472.0000
2025-11-27 11:27:55,036 - INFO - Accuracy                 : 0.0489
2025-11-27 11:27:55,036 - INFO - Precision                : 0.0507
2025-11-27 11:27:55,036 - INFO - Recall                   : 0.0489
2025-11-27 11:27:55,036 - INFO - F1 Score                 : 0.0262
2025-11-27 11:27:55,036 - INFO - ==================================================
2025-11-27 11:50:11,355 - INFO - Época 30 concluída. Loss média: 4.8250
2025-11-27 11:50:11,358 - INFO - Taxa de aprendizado ajustada para: 0.010000
2025-11-27 11:50:11,370 - INFO - Iniciando inferência com o modelo DenseNet121...
2025-11-27 11:50:51,124 - INFO - ==================================================
2025-11-27 11:50:51,124 - INFO - EXPERIMENT RESULTS
2025-11-27 11:50:51,124 - INFO - ==================================================
2025-11-27 11:50:51,124 - INFO - Elapsed Time Seconds     : 39.7163
2025-11-27 11:50:51,124 - INFO - Cpu Usage Percent        : 3.4031
2025-11-27 11:50:51,124 - INFO - Ram Peak Usage Bytes     : 2244206592.0000
2025-11-27 11:50:51,124 - INFO - Disk Read Bytes          : 0.0000
2025-11-27 11:50:51,124 - INFO - Disk Write Bytes         : 729088.0000
2025-11-27 11:50:51,124 - INFO - Vram Peak Usage Bytes    : 1421110500.0000
2025-11-27 11:50:51,124 - INFO - Gpu Power Watts Avg      : 280.9919
2025-11-27 11:50:51,124 - INFO - Gpu Power Watts Peak     : 284.8500
2025-11-27 11:50:51,124 - INFO - Gpu Temp Celsius Avg     : 59.7710
2025-11-27 11:50:51,124 - INFO - Gpu Temp Celsius Peak    : 60.0000
2025-11-27 11:50:51,124 - INFO - Gpu Utilization Percent Avg: 98.0204
2025-11-27 11:50:51,124 - INFO - Gpu Utilization Percent Peak: 100.0000
2025-11-27 11:50:51,124 - INFO - Gpu Mem Used Bytes Avg   : 17499881472.0000
2025-11-27 11:50:51,124 - INFO - Gpu Mem Used Bytes Peak  : 17499881472.0000
2025-11-27 11:50:51,125 - INFO - Gpu Vram Used Bytes      : 17499881472.0000
2025-11-27 11:50:51,125 - INFO - Accuracy                 : 0.0493
2025-11-27 11:50:51,125 - INFO - Precision                : 0.0724
2025-11-27 11:50:51,125 - INFO - Recall                   : 0.0493
2025-11-27 11:50:51,125 - INFO - F1 Score                 : 0.0309
2025-11-27 11:50:51,125 - INFO - ==================================================
2025-11-27 12:13:06,406 - INFO - Época 31 concluída. Loss média: 4.6042
2025-11-27 12:13:06,410 - INFO - Taxa de aprendizado ajustada para: 0.010000
2025-11-27 12:13:06,421 - INFO - Iniciando inferência com o modelo DenseNet121...
2025-11-27 12:13:46,286 - INFO - ==================================================
2025-11-27 12:13:46,286 - INFO - EXPERIMENT RESULTS
2025-11-27 12:13:46,287 - INFO - ==================================================
2025-11-27 12:13:46,287 - INFO - Elapsed Time Seconds     : 39.8255
2025-11-27 12:13:46,287 - INFO - Cpu Usage Percent        : 3.3969
2025-11-27 12:13:46,287 - INFO - Ram Peak Usage Bytes     : 2245132288.0000
2025-11-27 12:13:46,287 - INFO - Disk Read Bytes          : 0.0000
2025-11-27 12:13:46,287 - INFO - Disk Write Bytes         : 782336.0000
2025-11-27 12:13:46,287 - INFO - Vram Peak Usage Bytes    : 1421110500.0000
2025-11-27 12:13:46,287 - INFO - Gpu Power Watts Avg      : 281.8867
2025-11-27 12:13:46,287 - INFO - Gpu Power Watts Peak     : 284.9910
2025-11-27 12:13:46,287 - INFO - Gpu Temp Celsius Avg     : 59.7893
2025-11-27 12:13:46,287 - INFO - Gpu Temp Celsius Peak    : 60.0000
2025-11-27 12:13:46,287 - INFO - Gpu Utilization Percent Avg: 98.1599
2025-11-27 12:13:46,287 - INFO - Gpu Utilization Percent Peak: 100.0000
2025-11-27 12:13:46,287 - INFO - Gpu Mem Used Bytes Avg   : 17499881472.0000
2025-11-27 12:13:46,287 - INFO - Gpu Mem Used Bytes Peak  : 17499881472.0000
2025-11-27 12:13:46,287 - INFO - Gpu Vram Used Bytes      : 17499881472.0000
2025-11-27 12:13:46,287 - INFO - Accuracy                 : 0.1182
2025-11-27 12:13:46,287 - INFO - Precision                : 0.1191
2025-11-27 12:13:46,287 - INFO - Recall                   : 0.1182
2025-11-27 12:13:46,287 - INFO - F1 Score                 : 0.0899
2025-11-27 12:13:46,287 - INFO - ==================================================
2025-11-27 12:36:01,429 - INFO - Época 32 concluída. Loss média: 4.5695
2025-11-27 12:36:01,433 - INFO - Taxa de aprendizado ajustada para: 0.010000
2025-11-27 12:36:01,444 - INFO - Iniciando inferência com o modelo DenseNet121...
2025-11-27 12:36:41,144 - INFO - ==================================================
2025-11-27 12:36:41,144 - INFO - EXPERIMENT RESULTS
2025-11-27 12:36:41,144 - INFO - ==================================================
2025-11-27 12:36:41,144 - INFO - Elapsed Time Seconds     : 39.6601
2025-11-27 12:36:41,144 - INFO - Cpu Usage Percent        : 3.2969
2025-11-27 12:36:41,144 - INFO - Ram Peak Usage Bytes     : 2246017024.0000
2025-11-27 12:36:41,144 - INFO - Disk Read Bytes          : 0.0000
2025-11-27 12:36:41,144 - INFO - Disk Write Bytes         : 778240.0000
2025-11-27 12:36:41,144 - INFO - Vram Peak Usage Bytes    : 1421110500.0000
2025-11-27 12:36:41,144 - INFO - Gpu Power Watts Avg      : 282.6517
2025-11-27 12:36:41,144 - INFO - Gpu Power Watts Peak     : 285.6720
2025-11-27 12:36:41,144 - INFO - Gpu Temp Celsius Avg     : 59.8168
2025-11-27 12:36:41,144 - INFO - Gpu Temp Celsius Peak    : 61.0000
2025-11-27 12:36:41,144 - INFO - Gpu Utilization Percent Avg: 98.8702
2025-11-27 12:36:41,145 - INFO - Gpu Utilization Percent Peak: 100.0000
2025-11-27 12:36:41,145 - INFO - Gpu Mem Used Bytes Avg   : 17533435904.0000
2025-11-27 12:36:41,145 - INFO - Gpu Mem Used Bytes Peak  : 17533435904.0000
2025-11-27 12:36:41,145 - INFO - Gpu Vram Used Bytes      : 17533435904.0000
2025-11-27 12:36:41,145 - INFO - Accuracy                 : 0.1102
2025-11-27 12:36:41,145 - INFO - Precision                : 0.1127
2025-11-27 12:36:41,145 - INFO - Recall                   : 0.1102
2025-11-27 12:36:41,145 - INFO - F1 Score                 : 0.0851
2025-11-27 12:36:41,145 - INFO - ==================================================
2025-11-27 12:58:33,649 - INFO - Época 33 concluída. Loss média: 4.5587
2025-11-27 12:58:33,652 - INFO - Taxa de aprendizado ajustada para: 0.010000
2025-11-27 12:58:33,663 - INFO - Iniciando inferência com o modelo DenseNet121...
2025-11-27 12:59:13,486 - INFO - ==================================================
2025-11-27 12:59:13,486 - INFO - EXPERIMENT RESULTS
2025-11-27 12:59:13,486 - INFO - ==================================================
2025-11-27 12:59:13,486 - INFO - Elapsed Time Seconds     : 39.7835
2025-11-27 12:59:13,487 - INFO - Cpu Usage Percent        : 3.2906
2025-11-27 12:59:13,487 - INFO - Ram Peak Usage Bytes     : 2247049216.0000
2025-11-27 12:59:13,487 - INFO - Disk Read Bytes          : 0.0000
2025-11-27 12:59:13,487 - INFO - Disk Write Bytes         : 843776.0000
2025-11-27 12:59:13,487 - INFO - Vram Peak Usage Bytes    : 1421110500.0000
2025-11-27 12:59:13,487 - INFO - Gpu Power Watts Avg      : 281.4786
2025-11-27 12:59:13,487 - INFO - Gpu Power Watts Peak     : 284.9740
2025-11-27 12:59:13,487 - INFO - Gpu Temp Celsius Avg     : 59.7690
2025-11-27 12:59:13,487 - INFO - Gpu Temp Celsius Peak    : 60.0000
2025-11-27 12:59:13,487 - INFO - Gpu Utilization Percent Avg: 98.8782
2025-11-27 12:59:13,487 - INFO - Gpu Utilization Percent Peak: 100.0000
2025-11-27 12:59:13,487 - INFO - Gpu Mem Used Bytes Avg   : 17533435904.0000
2025-11-27 12:59:13,487 - INFO - Gpu Mem Used Bytes Peak  : 17533435904.0000
2025-11-27 12:59:13,487 - INFO - Gpu Vram Used Bytes      : 17533435904.0000
2025-11-27 12:59:13,487 - INFO - Accuracy                 : 0.1084
2025-11-27 12:59:13,487 - INFO - Precision                : 0.1104
2025-11-27 12:59:13,487 - INFO - Recall                   : 0.1084
2025-11-27 12:59:13,487 - INFO - F1 Score                 : 0.0789
2025-11-27 12:59:13,487 - INFO - ==================================================
2025-11-27 13:21:20,293 - INFO - Época 34 concluída. Loss média: 4.5493
2025-11-27 13:21:20,296 - INFO - Taxa de aprendizado ajustada para: 0.010000
2025-11-27 13:21:20,307 - INFO - Iniciando inferência com o modelo DenseNet121...
2025-11-27 13:22:00,118 - INFO - ==================================================
2025-11-27 13:22:00,118 - INFO - EXPERIMENT RESULTS
2025-11-27 13:22:00,118 - INFO - ==================================================
2025-11-27 13:22:00,118 - INFO - Elapsed Time Seconds     : 39.7845
2025-11-27 13:22:00,118 - INFO - Cpu Usage Percent        : 3.2875
2025-11-27 13:22:00,118 - INFO - Ram Peak Usage Bytes     : 2247720960.0000
2025-11-27 13:22:00,118 - INFO - Disk Read Bytes          : 0.0000
2025-11-27 13:22:00,118 - INFO - Disk Write Bytes         : 626688.0000
2025-11-27 13:22:00,118 - INFO - Vram Peak Usage Bytes    : 1421110500.0000
2025-11-27 13:22:00,118 - INFO - Gpu Power Watts Avg      : 281.2911
2025-11-27 13:22:00,118 - INFO - Gpu Power Watts Peak     : 284.7250
2025-11-27 13:22:00,118 - INFO - Gpu Temp Celsius Avg     : 59.0635
2025-11-27 13:22:00,118 - INFO - Gpu Temp Celsius Peak    : 60.0000
2025-11-27 13:22:00,118 - INFO - Gpu Utilization Percent Avg: 98.7944
2025-11-27 13:22:00,118 - INFO - Gpu Utilization Percent Peak: 100.0000
2025-11-27 13:22:00,118 - INFO - Gpu Mem Used Bytes Avg   : 17533435904.0000
2025-11-27 13:22:00,119 - INFO - Gpu Mem Used Bytes Peak  : 17533435904.0000
2025-11-27 13:22:00,119 - INFO - Gpu Vram Used Bytes      : 17533435904.0000
2025-11-27 13:22:00,119 - INFO - Accuracy                 : 0.1222
2025-11-27 13:22:00,119 - INFO - Precision                : 0.1331
2025-11-27 13:22:00,119 - INFO - Recall                   : 0.1222
2025-11-27 13:22:00,119 - INFO - F1 Score                 : 0.0945
2025-11-27 13:22:00,119 - INFO - ==================================================
2025-11-27 13:44:15,950 - INFO - Época 35 concluída. Loss média: 4.5443
2025-11-27 13:44:15,953 - INFO - Taxa de aprendizado ajustada para: 0.010000
2025-11-27 13:44:15,965 - INFO - Iniciando inferência com o modelo DenseNet121...
2025-11-27 13:44:55,789 - INFO - ==================================================
2025-11-27 13:44:55,789 - INFO - EXPERIMENT RESULTS
2025-11-27 13:44:55,789 - INFO - ==================================================
2025-11-27 13:44:55,789 - INFO - Elapsed Time Seconds     : 39.7851
2025-11-27 13:44:55,789 - INFO - Cpu Usage Percent        : 3.3781
2025-11-27 13:44:55,789 - INFO - Ram Peak Usage Bytes     : 2252410880.0000
2025-11-27 13:44:55,789 - INFO - Disk Read Bytes          : 0.0000
2025-11-27 13:44:55,789 - INFO - Disk Write Bytes         : 770048.0000
2025-11-27 13:44:55,789 - INFO - Vram Peak Usage Bytes    : 1421110500.0000
2025-11-27 13:44:55,789 - INFO - Gpu Power Watts Avg      : 281.5652
2025-11-27 13:44:55,789 - INFO - Gpu Power Watts Peak     : 284.6350
2025-11-27 13:44:55,789 - INFO - Gpu Temp Celsius Avg     : 59.4797
2025-11-27 13:44:55,789 - INFO - Gpu Temp Celsius Peak    : 60.0000
2025-11-27 13:44:55,789 - INFO - Gpu Utilization Percent Avg: 98.1701
2025-11-27 13:44:55,789 - INFO - Gpu Utilization Percent Peak: 100.0000
2025-11-27 13:44:55,789 - INFO - Gpu Mem Used Bytes Avg   : 17533435904.0000
2025-11-27 13:44:55,790 - INFO - Gpu Mem Used Bytes Peak  : 17533435904.0000
2025-11-27 13:44:55,790 - INFO - Gpu Vram Used Bytes      : 17533435904.0000
2025-11-27 13:44:55,790 - INFO - Accuracy                 : 0.1144
2025-11-27 13:44:55,790 - INFO - Precision                : 0.1157
2025-11-27 13:44:55,790 - INFO - Recall                   : 0.1144
2025-11-27 13:44:55,790 - INFO - F1 Score                 : 0.0833
2025-11-27 13:44:55,790 - INFO - ==================================================
2025-11-27 14:07:12,607 - INFO - Época 36 concluída. Loss média: 4.5342
2025-11-27 14:07:12,611 - INFO - Taxa de aprendizado ajustada para: 0.010000
2025-11-27 14:07:12,622 - INFO - Iniciando inferência com o modelo DenseNet121...
2025-11-27 14:07:52,367 - INFO - ==================================================
2025-11-27 14:07:52,367 - INFO - EXPERIMENT RESULTS
2025-11-27 14:07:52,367 - INFO - ==================================================
2025-11-27 14:07:52,367 - INFO - Elapsed Time Seconds     : 39.7075
2025-11-27 14:07:52,367 - INFO - Cpu Usage Percent        : 3.3000
2025-11-27 14:07:52,367 - INFO - Ram Peak Usage Bytes     : 2253385728.0000
2025-11-27 14:07:52,367 - INFO - Disk Read Bytes          : 0.0000
2025-11-27 14:07:52,367 - INFO - Disk Write Bytes         : 643072.0000
2025-11-27 14:07:52,367 - INFO - Vram Peak Usage Bytes    : 1421110500.0000
2025-11-27 14:07:52,367 - INFO - Gpu Power Watts Avg      : 281.4154
2025-11-27 14:07:52,367 - INFO - Gpu Power Watts Peak     : 284.9560
2025-11-27 14:07:52,367 - INFO - Gpu Temp Celsius Avg     : 59.7481
2025-11-27 14:07:52,367 - INFO - Gpu Temp Celsius Peak    : 60.0000
2025-11-27 14:07:52,368 - INFO - Gpu Utilization Percent Avg: 98.1196
2025-11-27 14:07:52,368 - INFO - Gpu Utilization Percent Peak: 100.0000
2025-11-27 14:07:52,368 - INFO - Gpu Mem Used Bytes Avg   : 17533435904.0000
2025-11-27 14:07:52,368 - INFO - Gpu Mem Used Bytes Peak  : 17533435904.0000
2025-11-27 14:07:52,368 - INFO - Gpu Vram Used Bytes      : 17533435904.0000
2025-11-27 14:07:52,368 - INFO - Accuracy                 : 0.1212
2025-11-27 14:07:52,368 - INFO - Precision                : 0.1320
2025-11-27 14:07:52,368 - INFO - Recall                   : 0.1212
2025-11-27 14:07:52,368 - INFO - F1 Score                 : 0.0903
2025-11-27 14:07:52,368 - INFO - ==================================================
2025-11-27 14:30:07,234 - INFO - Época 37 concluída. Loss média: 4.5500
2025-11-27 14:30:07,237 - INFO - Taxa de aprendizado ajustada para: 0.010000
2025-11-27 14:30:07,248 - INFO - Iniciando inferência com o modelo DenseNet121...
2025-11-27 14:30:47,160 - INFO - ==================================================
2025-11-27 14:30:47,161 - INFO - EXPERIMENT RESULTS
2025-11-27 14:30:47,161 - INFO - ==================================================
2025-11-27 14:30:47,161 - INFO - Elapsed Time Seconds     : 39.8735
2025-11-27 14:30:47,161 - INFO - Cpu Usage Percent        : 3.2844
2025-11-27 14:30:47,161 - INFO - Ram Peak Usage Bytes     : 2254385152.0000
2025-11-27 14:30:47,161 - INFO - Disk Read Bytes          : 0.0000
2025-11-27 14:30:47,161 - INFO - Disk Write Bytes         : 729088.0000
2025-11-27 14:30:47,161 - INFO - Vram Peak Usage Bytes    : 1421110500.0000
2025-11-27 14:30:47,161 - INFO - Gpu Power Watts Avg      : 281.3675
2025-11-27 14:30:47,161 - INFO - Gpu Power Watts Peak     : 284.5370
2025-11-27 14:30:47,161 - INFO - Gpu Temp Celsius Avg     : 59.7316
2025-11-27 14:30:47,161 - INFO - Gpu Temp Celsius Peak    : 60.0000
2025-11-27 14:30:47,161 - INFO - Gpu Utilization Percent Avg: 98.1823
2025-11-27 14:30:47,161 - INFO - Gpu Utilization Percent Peak: 100.0000
2025-11-27 14:30:47,161 - INFO - Gpu Mem Used Bytes Avg   : 17533435904.0000
2025-11-27 14:30:47,161 - INFO - Gpu Mem Used Bytes Peak  : 17533435904.0000
2025-11-27 14:30:47,161 - INFO - Gpu Vram Used Bytes      : 17533435904.0000
2025-11-27 14:30:47,161 - INFO - Accuracy                 : 0.1284
2025-11-27 14:30:47,162 - INFO - Precision                : 0.1439
2025-11-27 14:30:47,162 - INFO - Recall                   : 0.1284
2025-11-27 14:30:47,162 - INFO - F1 Score                 : 0.0999
2025-11-27 14:30:47,162 - INFO - ==================================================
2025-11-27 14:53:02,900 - INFO - Época 38 concluída. Loss média: 4.5267
2025-11-27 14:53:02,900 - INFO - Taxa de aprendizado ajustada para: 0.010000
2025-11-27 14:53:02,911 - INFO - Iniciando inferência com o modelo DenseNet121...
2025-11-27 14:53:42,695 - INFO - ==================================================
2025-11-27 14:53:42,695 - INFO - EXPERIMENT RESULTS
2025-11-27 14:53:42,695 - INFO - ==================================================
2025-11-27 14:53:42,695 - INFO - Elapsed Time Seconds     : 39.7454
2025-11-27 14:53:42,695 - INFO - Cpu Usage Percent        : 3.2938
2025-11-27 14:53:42,695 - INFO - Ram Peak Usage Bytes     : 2255364096.0000
2025-11-27 14:53:42,695 - INFO - Disk Read Bytes          : 0.0000
2025-11-27 14:53:42,695 - INFO - Disk Write Bytes         : 761856.0000
2025-11-27 14:53:42,695 - INFO - Vram Peak Usage Bytes    : 1421110500.0000
2025-11-27 14:53:42,695 - INFO - Gpu Power Watts Avg      : 282.3194
2025-11-27 14:53:42,695 - INFO - Gpu Power Watts Peak     : 285.0220
2025-11-27 14:53:42,695 - INFO - Gpu Temp Celsius Avg     : 59.4924
2025-11-27 14:53:42,695 - INFO - Gpu Temp Celsius Peak    : 60.0000
2025-11-27 14:53:42,695 - INFO - Gpu Utilization Percent Avg: 98.1624
2025-11-27 14:53:42,695 - INFO - Gpu Utilization Percent Peak: 100.0000
2025-11-27 14:53:42,695 - INFO - Gpu Mem Used Bytes Avg   : 17533435904.0000
2025-11-27 14:53:42,696 - INFO - Gpu Mem Used Bytes Peak  : 17533435904.0000
2025-11-27 14:53:42,696 - INFO - Gpu Vram Used Bytes      : 17533435904.0000
2025-11-27 14:53:42,696 - INFO - Accuracy                 : 0.1238
2025-11-27 14:53:42,696 - INFO - Precision                : 0.1255
2025-11-27 14:53:42,696 - INFO - Recall                   : 0.1238
2025-11-27 14:53:42,696 - INFO - F1 Score                 : 0.0965
2025-11-27 14:53:42,696 - INFO - ==================================================
2025-11-27 15:15:58,812 - INFO - Época 39 concluída. Loss média: 4.5209
2025-11-27 15:15:58,812 - INFO - Taxa de aprendizado ajustada para: 0.010000
2025-11-27 15:15:58,823 - INFO - Iniciando inferência com o modelo DenseNet121...
2025-11-27 15:16:38,508 - INFO - ==================================================
2025-11-27 15:16:38,508 - INFO - EXPERIMENT RESULTS
2025-11-27 15:16:38,508 - INFO - ==================================================
2025-11-27 15:16:38,508 - INFO - Elapsed Time Seconds     : 39.6580
2025-11-27 15:16:38,508 - INFO - Cpu Usage Percent        : 3.3719
2025-11-27 15:16:38,508 - INFO - Ram Peak Usage Bytes     : 2261159936.0000
2025-11-27 15:16:38,508 - INFO - Disk Read Bytes          : 0.0000
2025-11-27 15:16:38,508 - INFO - Disk Write Bytes         : 913408.0000
2025-11-27 15:16:38,508 - INFO - Vram Peak Usage Bytes    : 1421110500.0000
2025-11-27 15:16:38,508 - INFO - Gpu Power Watts Avg      : 282.3431
2025-11-27 15:16:38,508 - INFO - Gpu Power Watts Peak     : 285.1980
2025-11-27 15:16:38,508 - INFO - Gpu Temp Celsius Avg     : 59.7837
2025-11-27 15:16:38,508 - INFO - Gpu Temp Celsius Peak    : 60.0000
2025-11-27 15:16:38,508 - INFO - Gpu Utilization Percent Avg: 98.7277
2025-11-27 15:16:38,508 - INFO - Gpu Utilization Percent Peak: 100.0000
2025-11-27 15:16:38,508 - INFO - Gpu Mem Used Bytes Avg   : 17533435904.0000
2025-11-27 15:16:38,508 - INFO - Gpu Mem Used Bytes Peak  : 17533435904.0000
2025-11-27 15:16:38,508 - INFO - Gpu Vram Used Bytes      : 17533435904.0000
2025-11-27 15:16:38,508 - INFO - Accuracy                 : 0.1160
2025-11-27 15:16:38,508 - INFO - Precision                : 0.1258
2025-11-27 15:16:38,508 - INFO - Recall                   : 0.1160
2025-11-27 15:16:38,508 - INFO - F1 Score                 : 0.0892
2025-11-27 15:16:38,508 - INFO - ==================================================
2025-11-27 15:38:30,604 - INFO - Época 40 concluída. Loss média: 4.5111
2025-11-27 15:38:30,604 - INFO - Taxa de aprendizado ajustada para: 0.010000
2025-11-27 15:38:30,615 - INFO - Iniciando inferência com o modelo DenseNet121...
2025-11-27 15:39:10,368 - INFO - ==================================================
2025-11-27 15:39:10,368 - INFO - EXPERIMENT RESULTS
2025-11-27 15:39:10,368 - INFO - ==================================================
2025-11-27 15:39:10,368 - INFO - Elapsed Time Seconds     : 39.7273
2025-11-27 15:39:10,368 - INFO - Cpu Usage Percent        : 3.3813
2025-11-27 15:39:10,368 - INFO - Ram Peak Usage Bytes     : 2262024192.0000
2025-11-27 15:39:10,368 - INFO - Disk Read Bytes          : 0.0000
2025-11-27 15:39:10,368 - INFO - Disk Write Bytes         : 806912.0000
2025-11-27 15:39:10,368 - INFO - Vram Peak Usage Bytes    : 1421110500.0000
2025-11-27 15:39:10,368 - INFO - Gpu Power Watts Avg      : 282.5727
2025-11-27 15:39:10,368 - INFO - Gpu Power Watts Peak     : 285.2650
2025-11-27 15:39:10,368 - INFO - Gpu Temp Celsius Avg     : 59.5700
2025-11-27 15:39:10,368 - INFO - Gpu Temp Celsius Peak    : 60.0000
2025-11-27 15:39:10,368 - INFO - Gpu Utilization Percent Avg: 99.0127
2025-11-27 15:39:10,368 - INFO - Gpu Utilization Percent Peak: 100.0000
2025-11-27 15:39:10,368 - INFO - Gpu Mem Used Bytes Avg   : 17533435904.0000
2025-11-27 15:39:10,368 - INFO - Gpu Mem Used Bytes Peak  : 17533435904.0000
2025-11-27 15:39:10,368 - INFO - Gpu Vram Used Bytes      : 17533435904.0000
2025-11-27 15:39:10,368 - INFO - Accuracy                 : 0.1138
2025-11-27 15:39:10,368 - INFO - Precision                : 0.1162
2025-11-27 15:39:10,368 - INFO - Recall                   : 0.1138
2025-11-27 15:39:10,368 - INFO - F1 Score                 : 0.0818
2025-11-27 15:39:10,368 - INFO - ==================================================
2025-11-27 16:01:25,277 - INFO - Época 41 concluída. Loss média: 4.5035
2025-11-27 16:01:25,278 - INFO - Taxa de aprendizado ajustada para: 0.010000
2025-11-27 16:01:25,288 - INFO - Iniciando inferência com o modelo DenseNet121...
2025-11-27 16:02:05,537 - INFO - ==================================================
2025-11-27 16:02:05,537 - INFO - EXPERIMENT RESULTS
2025-11-27 16:02:05,537 - INFO - ==================================================
2025-11-27 16:02:05,538 - INFO - Elapsed Time Seconds     : 40.2095
2025-11-27 16:02:05,538 - INFO - Cpu Usage Percent        : 3.3687
2025-11-27 16:02:05,538 - INFO - Ram Peak Usage Bytes     : 2328920064.0000
2025-11-27 16:02:05,538 - INFO - Disk Read Bytes          : 0.0000
2025-11-27 16:02:05,538 - INFO - Disk Write Bytes         : 806912.0000
2025-11-27 16:02:05,538 - INFO - Vram Peak Usage Bytes    : 1421110500.0000
2025-11-27 16:02:05,538 - INFO - Gpu Power Watts Avg      : 281.5111
2025-11-27 16:02:05,538 - INFO - Gpu Power Watts Peak     : 284.6640
2025-11-27 16:02:05,538 - INFO - Gpu Temp Celsius Avg     : 59.6281
2025-11-27 16:02:05,538 - INFO - Gpu Temp Celsius Peak    : 60.0000
2025-11-27 16:02:05,538 - INFO - Gpu Utilization Percent Avg: 97.6231
2025-11-27 16:02:05,538 - INFO - Gpu Utilization Percent Peak: 100.0000
2025-11-27 16:02:05,538 - INFO - Gpu Mem Used Bytes Avg   : 17533435904.0000
2025-11-27 16:02:05,538 - INFO - Gpu Mem Used Bytes Peak  : 17533435904.0000
2025-11-27 16:02:05,538 - INFO - Gpu Vram Used Bytes      : 17533435904.0000
2025-11-27 16:02:05,538 - INFO - Accuracy                 : 0.1236
2025-11-27 16:02:05,538 - INFO - Precision                : 0.1447
2025-11-27 16:02:05,538 - INFO - Recall                   : 0.1236
2025-11-27 16:02:05,538 - INFO - F1 Score                 : 0.0955
2025-11-27 16:02:05,538 - INFO - ==================================================
2025-11-27 16:24:21,324 - INFO - Época 42 concluída. Loss média: 4.5198
2025-11-27 16:24:21,324 - INFO - Taxa de aprendizado ajustada para: 0.010000
2025-11-27 16:24:21,335 - INFO - Iniciando inferência com o modelo DenseNet121...
2025-11-27 16:25:01,176 - INFO - ==================================================
2025-11-27 16:25:01,177 - INFO - EXPERIMENT RESULTS
2025-11-27 16:25:01,177 - INFO - ==================================================
2025-11-27 16:25:01,177 - INFO - Elapsed Time Seconds     : 39.8018
2025-11-27 16:25:01,177 - INFO - Cpu Usage Percent        : 3.2969
2025-11-27 16:25:01,177 - INFO - Ram Peak Usage Bytes     : 2329927680.0000
2025-11-27 16:25:01,177 - INFO - Disk Read Bytes          : 0.0000
2025-11-27 16:25:01,177 - INFO - Disk Write Bytes         : 741376.0000
2025-11-27 16:25:01,177 - INFO - Vram Peak Usage Bytes    : 1421110500.0000
2025-11-27 16:25:01,177 - INFO - Gpu Power Watts Avg      : 281.3392
2025-11-27 16:25:01,177 - INFO - Gpu Power Watts Peak     : 285.0070
2025-11-27 16:25:01,177 - INFO - Gpu Temp Celsius Avg     : 59.7335
2025-11-27 16:25:01,177 - INFO - Gpu Temp Celsius Peak    : 60.0000
2025-11-27 16:25:01,177 - INFO - Gpu Utilization Percent Avg: 98.3223
2025-11-27 16:25:01,177 - INFO - Gpu Utilization Percent Peak: 100.0000
2025-11-27 16:25:01,177 - INFO - Gpu Mem Used Bytes Avg   : 17533435904.0000
2025-11-27 16:25:01,177 - INFO - Gpu Mem Used Bytes Peak  : 17533435904.0000
2025-11-27 16:25:01,177 - INFO - Gpu Vram Used Bytes      : 17533435904.0000
2025-11-27 16:25:01,177 - INFO - Accuracy                 : 0.1102
2025-11-27 16:25:01,177 - INFO - Precision                : 0.1292
2025-11-27 16:25:01,177 - INFO - Recall                   : 0.1102
2025-11-27 16:25:01,177 - INFO - F1 Score                 : 0.0836
2025-11-27 16:25:01,178 - INFO - ==================================================
2025-11-27 16:47:16,962 - INFO - Época 43 concluída. Loss média: 4.5150
2025-11-27 16:47:16,962 - INFO - Taxa de aprendizado ajustada para: 0.010000
2025-11-27 16:47:16,973 - INFO - Iniciando inferência com o modelo DenseNet121...
2025-11-27 16:47:56,729 - INFO - ==================================================
2025-11-27 16:47:56,729 - INFO - EXPERIMENT RESULTS
2025-11-27 16:47:56,729 - INFO - ==================================================
2025-11-27 16:47:56,729 - INFO - Elapsed Time Seconds     : 39.7159
2025-11-27 16:47:56,729 - INFO - Cpu Usage Percent        : 3.4031
2025-11-27 16:47:56,729 - INFO - Ram Peak Usage Bytes     : 2330910720.0000
2025-11-27 16:47:56,729 - INFO - Disk Read Bytes          : 0.0000
2025-11-27 16:47:56,729 - INFO - Disk Write Bytes         : 905216.0000
2025-11-27 16:47:56,729 - INFO - Vram Peak Usage Bytes    : 1421110500.0000
2025-11-27 16:47:56,729 - INFO - Gpu Power Watts Avg      : 280.5915
2025-11-27 16:47:56,729 - INFO - Gpu Power Watts Peak     : 283.7750
2025-11-27 16:47:56,729 - INFO - Gpu Temp Celsius Avg     : 59.7939
2025-11-27 16:47:56,729 - INFO - Gpu Temp Celsius Peak    : 60.0000
2025-11-27 16:47:56,729 - INFO - Gpu Utilization Percent Avg: 97.9975
2025-11-27 16:47:56,729 - INFO - Gpu Utilization Percent Peak: 100.0000
2025-11-27 16:47:56,729 - INFO - Gpu Mem Used Bytes Avg   : 17533435904.0000
2025-11-27 16:47:56,729 - INFO - Gpu Mem Used Bytes Peak  : 17533435904.0000
2025-11-27 16:47:56,729 - INFO - Gpu Vram Used Bytes      : 17533435904.0000
2025-11-27 16:47:56,730 - INFO - Accuracy                 : 0.1292
2025-11-27 16:47:56,730 - INFO - Precision                : 0.1452
2025-11-27 16:47:56,730 - INFO - Recall                   : 0.1292
2025-11-27 16:47:56,730 - INFO - F1 Score                 : 0.1035
2025-11-27 16:47:56,730 - INFO - ==================================================
2025-11-27 17:10:12,829 - INFO - Época 44 concluída. Loss média: 4.5024
2025-11-27 17:10:12,830 - INFO - Taxa de aprendizado ajustada para: 0.010000
2025-11-27 17:10:12,841 - INFO - Iniciando inferência com o modelo DenseNet121...
2025-11-27 17:10:52,672 - INFO - ==================================================
2025-11-27 17:10:52,672 - INFO - EXPERIMENT RESULTS
2025-11-27 17:10:52,672 - INFO - ==================================================
2025-11-27 17:10:52,672 - INFO - Elapsed Time Seconds     : 39.7917
2025-11-27 17:10:52,672 - INFO - Cpu Usage Percent        : 3.3969
2025-11-27 17:10:52,672 - INFO - Ram Peak Usage Bytes     : 2331987968.0000
2025-11-27 17:10:52,672 - INFO - Disk Read Bytes          : 0.0000
2025-11-27 17:10:52,672 - INFO - Disk Write Bytes         : 643072.0000
2025-11-27 17:10:52,672 - INFO - Vram Peak Usage Bytes    : 1421110500.0000
2025-11-27 17:10:52,672 - INFO - Gpu Power Watts Avg      : 281.7284
2025-11-27 17:10:52,672 - INFO - Gpu Power Watts Peak     : 285.0820
2025-11-27 17:10:52,672 - INFO - Gpu Temp Celsius Avg     : 59.9112
2025-11-27 17:10:52,672 - INFO - Gpu Temp Celsius Peak    : 61.0000
2025-11-27 17:10:52,672 - INFO - Gpu Utilization Percent Avg: 98.0787
2025-11-27 17:10:52,672 - INFO - Gpu Utilization Percent Peak: 100.0000
2025-11-27 17:10:52,672 - INFO - Gpu Mem Used Bytes Avg   : 17533435904.0000
2025-11-27 17:10:52,673 - INFO - Gpu Mem Used Bytes Peak  : 17533435904.0000
2025-11-27 17:10:52,673 - INFO - Gpu Vram Used Bytes      : 17533435904.0000
2025-11-27 17:10:52,673 - INFO - Accuracy                 : 0.1248
2025-11-27 17:10:52,673 - INFO - Precision                : 0.1298
2025-11-27 17:10:52,673 - INFO - Recall                   : 0.1248
2025-11-27 17:10:52,673 - INFO - F1 Score                 : 0.0975
2025-11-27 17:10:52,673 - INFO - ==================================================
2025-11-27 17:32:44,780 - INFO - Época 45 concluída. Loss média: 4.4834
2025-11-27 17:32:44,781 - INFO - Taxa de aprendizado ajustada para: 0.010000
2025-11-27 17:32:44,785 - INFO - Iniciando inferência com o modelo DenseNet121...
2025-11-27 17:33:24,353 - INFO - ==================================================
2025-11-27 17:33:24,353 - INFO - EXPERIMENT RESULTS
2025-11-27 17:33:24,353 - INFO - ==================================================
2025-11-27 17:33:24,353 - INFO - Elapsed Time Seconds     : 39.5421
2025-11-27 17:33:24,353 - INFO - Cpu Usage Percent        : 3.3031
2025-11-27 17:33:24,353 - INFO - Ram Peak Usage Bytes     : 2333167616.0000
2025-11-27 17:33:24,353 - INFO - Disk Read Bytes          : 0.0000
2025-11-27 17:33:24,353 - INFO - Disk Write Bytes         : 864256.0000
2025-11-27 17:33:24,353 - INFO - Vram Peak Usage Bytes    : 1421110500.0000
2025-11-27 17:33:24,353 - INFO - Gpu Power Watts Avg      : 283.0328
2025-11-27 17:33:24,353 - INFO - Gpu Power Watts Peak     : 285.5280
2025-11-27 17:33:24,353 - INFO - Gpu Temp Celsius Avg     : 59.9617
2025-11-27 17:33:24,353 - INFO - Gpu Temp Celsius Peak    : 61.0000
2025-11-27 17:33:24,353 - INFO - Gpu Utilization Percent Avg: 99.0689
2025-11-27 17:33:24,353 - INFO - Gpu Utilization Percent Peak: 100.0000
2025-11-27 17:33:24,353 - INFO - Gpu Mem Used Bytes Avg   : 17533435904.0000
2025-11-27 17:33:24,353 - INFO - Gpu Mem Used Bytes Peak  : 17533435904.0000
2025-11-27 17:33:24,353 - INFO - Gpu Vram Used Bytes      : 17533435904.0000
2025-11-27 17:33:24,353 - INFO - Accuracy                 : 0.1378
2025-11-27 17:33:24,353 - INFO - Precision                : 0.1425
2025-11-27 17:33:24,353 - INFO - Recall                   : 0.1378
2025-11-27 17:33:24,353 - INFO - F1 Score                 : 0.1075
2025-11-27 17:33:24,353 - INFO - ==================================================
2025-11-27 17:55:40,790 - INFO - Época 46 concluída. Loss média: 4.4762
2025-11-27 17:55:40,791 - INFO - Taxa de aprendizado ajustada para: 0.010000
2025-11-27 17:55:40,802 - INFO - Iniciando inferência com o modelo DenseNet121...
2025-11-27 17:56:20,727 - INFO - ==================================================
2025-11-27 17:56:20,727 - INFO - EXPERIMENT RESULTS
2025-11-27 17:56:20,727 - INFO - ==================================================
2025-11-27 17:56:20,727 - INFO - Elapsed Time Seconds     : 39.8865
2025-11-27 17:56:20,727 - INFO - Cpu Usage Percent        : 3.3906
2025-11-27 17:56:20,727 - INFO - Ram Peak Usage Bytes     : 2334175232.0000
2025-11-27 17:56:20,727 - INFO - Disk Read Bytes          : 0.0000
2025-11-27 17:56:20,727 - INFO - Disk Write Bytes         : 868352.0000
2025-11-27 17:56:20,727 - INFO - Vram Peak Usage Bytes    : 1421110500.0000
2025-11-27 17:56:20,727 - INFO - Gpu Power Watts Avg      : 281.4375
2025-11-27 17:56:20,727 - INFO - Gpu Power Watts Peak     : 284.5820
2025-11-27 17:56:20,727 - INFO - Gpu Temp Celsius Avg     : 59.9013
2025-11-27 17:56:20,727 - INFO - Gpu Temp Celsius Peak    : 61.0000
2025-11-27 17:56:20,727 - INFO - Gpu Utilization Percent Avg: 98.1266
2025-11-27 17:56:20,727 - INFO - Gpu Utilization Percent Peak: 100.0000
2025-11-27 17:56:20,727 - INFO - Gpu Mem Used Bytes Avg   : 17533435904.0000
2025-11-27 17:56:20,727 - INFO - Gpu Mem Used Bytes Peak  : 17533435904.0000
2025-11-27 17:56:20,728 - INFO - Gpu Vram Used Bytes      : 17533435904.0000
2025-11-27 17:56:20,728 - INFO - Accuracy                 : 0.1120
2025-11-27 17:56:20,728 - INFO - Precision                : 0.1452
2025-11-27 17:56:20,728 - INFO - Recall                   : 0.1120
2025-11-27 17:56:20,728 - INFO - F1 Score                 : 0.0864
2025-11-27 17:56:20,728 - INFO - ==================================================
2025-11-27 18:18:37,053 - INFO - Época 47 concluída. Loss média: 4.4623
2025-11-27 18:18:37,053 - INFO - Taxa de aprendizado ajustada para: 0.010000
2025-11-27 18:18:37,057 - INFO - Iniciando inferência com o modelo DenseNet121...
2025-11-27 18:19:16,760 - INFO - ==================================================
2025-11-27 18:19:16,760 - INFO - EXPERIMENT RESULTS
2025-11-27 18:19:16,760 - INFO - ==================================================
2025-11-27 18:19:16,760 - INFO - Elapsed Time Seconds     : 39.6633
2025-11-27 18:19:16,760 - INFO - Cpu Usage Percent        : 3.4000
2025-11-27 18:19:16,760 - INFO - Ram Peak Usage Bytes     : 2335264768.0000
2025-11-27 18:19:16,760 - INFO - Disk Read Bytes          : 0.0000
2025-11-27 18:19:16,760 - INFO - Disk Write Bytes         : 868352.0000
2025-11-27 18:19:16,760 - INFO - Vram Peak Usage Bytes    : 1421110500.0000
2025-11-27 18:19:16,760 - INFO - Gpu Power Watts Avg      : 282.3271
2025-11-27 18:19:16,760 - INFO - Gpu Power Watts Peak     : 285.2910
2025-11-27 18:19:16,760 - INFO - Gpu Temp Celsius Avg     : 59.9415
2025-11-27 18:19:16,760 - INFO - Gpu Temp Celsius Peak    : 61.0000
2025-11-27 18:19:16,760 - INFO - Gpu Utilization Percent Avg: 98.2366
2025-11-27 18:19:16,760 - INFO - Gpu Utilization Percent Peak: 100.0000
2025-11-27 18:19:16,760 - INFO - Gpu Mem Used Bytes Avg   : 17533435904.0000
2025-11-27 18:19:16,761 - INFO - Gpu Mem Used Bytes Peak  : 17533435904.0000
2025-11-27 18:19:16,761 - INFO - Gpu Vram Used Bytes      : 17533435904.0000
2025-11-27 18:19:16,761 - INFO - Accuracy                 : 0.1279
2025-11-27 18:19:16,761 - INFO - Precision                : 0.1608
2025-11-27 18:19:16,761 - INFO - Recall                   : 0.1279
2025-11-27 18:19:16,761 - INFO - F1 Score                 : 0.1021
2025-11-27 18:19:16,761 - INFO - ==================================================
2025-11-27 18:41:27,336 - INFO - Época 48 concluída. Loss média: 4.4560
2025-11-27 18:41:27,336 - INFO - Taxa de aprendizado ajustada para: 0.010000
2025-11-27 18:41:27,340 - INFO - Iniciando inferência com o modelo DenseNet121...
2025-11-27 18:42:07,029 - INFO - ==================================================
2025-11-27 18:42:07,029 - INFO - EXPERIMENT RESULTS
2025-11-27 18:42:07,029 - INFO - ==================================================
2025-11-27 18:42:07,029 - INFO - Elapsed Time Seconds     : 39.6628
2025-11-27 18:42:07,029 - INFO - Cpu Usage Percent        : 3.2938
2025-11-27 18:42:07,029 - INFO - Ram Peak Usage Bytes     : 2336346112.0000
2025-11-27 18:42:07,030 - INFO - Disk Read Bytes          : 0.0000
2025-11-27 18:42:07,030 - INFO - Disk Write Bytes         : 749568.0000
2025-11-27 18:42:07,030 - INFO - Vram Peak Usage Bytes    : 1421110500.0000
2025-11-27 18:42:07,030 - INFO - Gpu Power Watts Avg      : 282.0765
2025-11-27 18:42:07,030 - INFO - Gpu Power Watts Peak     : 284.8170
2025-11-27 18:42:07,030 - INFO - Gpu Temp Celsius Avg     : 59.9033
2025-11-27 18:42:07,030 - INFO - Gpu Temp Celsius Peak    : 61.0000
2025-11-27 18:42:07,030 - INFO - Gpu Utilization Percent Avg: 98.3308
2025-11-27 18:42:07,030 - INFO - Gpu Utilization Percent Peak: 100.0000
2025-11-27 18:42:07,030 - INFO - Gpu Mem Used Bytes Avg   : 17533435904.0000
2025-11-27 18:42:07,030 - INFO - Gpu Mem Used Bytes Peak  : 17533435904.0000
2025-11-27 18:42:07,030 - INFO - Gpu Vram Used Bytes      : 17533435904.0000
2025-11-27 18:42:07,030 - INFO - Accuracy                 : 0.1385
2025-11-27 18:42:07,030 - INFO - Precision                : 0.1497
2025-11-27 18:42:07,030 - INFO - Recall                   : 0.1385
2025-11-27 18:42:07,030 - INFO - F1 Score                 : 0.1079
2025-11-27 18:42:07,030 - INFO - ==================================================
2025-11-27 19:04:23,203 - INFO - Época 49 concluída. Loss média: 4.4432
2025-11-27 19:04:23,204 - INFO - Taxa de aprendizado ajustada para: 0.010000
2025-11-27 19:04:23,215 - INFO - Iniciando inferência com o modelo DenseNet121...
2025-11-27 19:05:03,010 - INFO - ==================================================
2025-11-27 19:05:03,011 - INFO - EXPERIMENT RESULTS
2025-11-27 19:05:03,011 - INFO - ==================================================
2025-11-27 19:05:03,011 - INFO - Elapsed Time Seconds     : 39.7563
2025-11-27 19:05:03,011 - INFO - Cpu Usage Percent        : 3.3750
2025-11-27 19:05:03,011 - INFO - Ram Peak Usage Bytes     : 2337452032.0000
2025-11-27 19:05:03,011 - INFO - Disk Read Bytes          : 0.0000
2025-11-27 19:05:03,011 - INFO - Disk Write Bytes         : 741376.0000
2025-11-27 19:05:03,011 - INFO - Vram Peak Usage Bytes    : 1421110500.0000
2025-11-27 19:05:03,011 - INFO - Gpu Power Watts Avg      : 281.9618
2025-11-27 19:05:03,011 - INFO - Gpu Power Watts Peak     : 285.0480
2025-11-27 19:05:03,011 - INFO - Gpu Temp Celsius Avg     : 59.9594
2025-11-27 19:05:03,011 - INFO - Gpu Temp Celsius Peak    : 61.0000
2025-11-27 19:05:03,011 - INFO - Gpu Utilization Percent Avg: 98.0431
2025-11-27 19:05:03,011 - INFO - Gpu Utilization Percent Peak: 100.0000
2025-11-27 19:05:03,011 - INFO - Gpu Mem Used Bytes Avg   : 17533435904.0000
2025-11-27 19:05:03,011 - INFO - Gpu Mem Used Bytes Peak  : 17533435904.0000
2025-11-27 19:05:03,011 - INFO - Gpu Vram Used Bytes      : 17533435904.0000
2025-11-27 19:05:03,011 - INFO - Accuracy                 : 0.1433
2025-11-27 19:05:03,011 - INFO - Precision                : 0.1706
2025-11-27 19:05:03,011 - INFO - Recall                   : 0.1433
2025-11-27 19:05:03,011 - INFO - F1 Score                 : 0.1167
2025-11-27 19:05:03,011 - INFO - ==================================================
2025-11-27 19:27:15,043 - INFO - Época 50 concluída. Loss média: 4.4378
2025-11-27 19:27:15,044 - INFO - Taxa de aprendizado ajustada para: 0.010000
2025-11-27 19:27:15,055 - INFO - Iniciando inferência com o modelo DenseNet121...
2025-11-27 19:27:54,888 - INFO - ==================================================
2025-11-27 19:27:54,888 - INFO - EXPERIMENT RESULTS
2025-11-27 19:27:54,888 - INFO - ==================================================
2025-11-27 19:27:54,888 - INFO - Elapsed Time Seconds     : 39.7931
2025-11-27 19:27:54,888 - INFO - Cpu Usage Percent        : 3.4000
2025-11-27 19:27:54,888 - INFO - Ram Peak Usage Bytes     : 2338537472.0000
2025-11-27 19:27:54,888 - INFO - Disk Read Bytes          : 0.0000
2025-11-27 19:27:54,888 - INFO - Disk Write Bytes         : 647168.0000
2025-11-27 19:27:54,888 - INFO - Vram Peak Usage Bytes    : 1421110500.0000
2025-11-27 19:27:54,888 - INFO - Gpu Power Watts Avg      : 281.9749
2025-11-27 19:27:54,888 - INFO - Gpu Power Watts Peak     : 285.5550
2025-11-27 19:27:54,889 - INFO - Gpu Temp Celsius Avg     : 59.9543
2025-11-27 19:27:54,889 - INFO - Gpu Temp Celsius Peak    : 61.0000
2025-11-27 19:27:54,889 - INFO - Gpu Utilization Percent Avg: 97.9898
2025-11-27 19:27:54,889 - INFO - Gpu Utilization Percent Peak: 100.0000
2025-11-27 19:27:54,889 - INFO - Gpu Mem Used Bytes Avg   : 17533435904.0000
2025-11-27 19:27:54,889 - INFO - Gpu Mem Used Bytes Peak  : 17533435904.0000
2025-11-27 19:27:54,889 - INFO - Gpu Vram Used Bytes      : 17533435904.0000
2025-11-27 19:27:54,889 - INFO - Accuracy                 : 0.1342
2025-11-27 19:27:54,889 - INFO - Precision                : 0.1601
2025-11-27 19:27:54,889 - INFO - Recall                   : 0.1342
2025-11-27 19:27:54,889 - INFO - F1 Score                 : 0.1087
2025-11-27 19:27:54,889 - INFO - ==================================================
2025-11-27 19:50:13,609 - INFO - Época 51 concluída. Loss média: 4.4394
2025-11-27 19:50:13,610 - INFO - Taxa de aprendizado ajustada para: 0.010000
2025-11-27 19:50:13,621 - INFO - Iniciando inferência com o modelo DenseNet121...
2025-11-27 19:50:53,455 - INFO - ==================================================
2025-11-27 19:50:53,455 - INFO - EXPERIMENT RESULTS
2025-11-27 19:50:53,455 - INFO - ==================================================
2025-11-27 19:50:53,455 - INFO - Elapsed Time Seconds     : 39.7935
2025-11-27 19:50:53,455 - INFO - Cpu Usage Percent        : 3.4000
2025-11-27 19:50:53,455 - INFO - Ram Peak Usage Bytes     : 2339659776.0000
2025-11-27 19:50:53,455 - INFO - Disk Read Bytes          : 0.0000
2025-11-27 19:50:53,455 - INFO - Disk Write Bytes         : 626688.0000
2025-11-27 19:50:53,455 - INFO - Vram Peak Usage Bytes    : 1421110500.0000
2025-11-27 19:50:53,455 - INFO - Gpu Power Watts Avg      : 282.1840
2025-11-27 19:50:53,455 - INFO - Gpu Power Watts Peak     : 285.7020
2025-11-27 19:50:53,455 - INFO - Gpu Temp Celsius Avg     : 59.8198
2025-11-27 19:50:53,455 - INFO - Gpu Temp Celsius Peak    : 60.0000
2025-11-27 19:50:53,455 - INFO - Gpu Utilization Percent Avg: 98.0228
2025-11-27 19:50:53,455 - INFO - Gpu Utilization Percent Peak: 100.0000
2025-11-27 19:50:53,455 - INFO - Gpu Mem Used Bytes Avg   : 17533435904.0000
2025-11-27 19:50:53,455 - INFO - Gpu Mem Used Bytes Peak  : 17533435904.0000
2025-11-27 19:50:53,455 - INFO - Gpu Vram Used Bytes      : 17533435904.0000
2025-11-27 19:50:53,455 - INFO - Accuracy                 : 0.1427
2025-11-27 19:50:53,455 - INFO - Precision                : 0.1707
2025-11-27 19:50:53,455 - INFO - Recall                   : 0.1427
2025-11-27 19:50:53,455 - INFO - F1 Score                 : 0.1105
2025-11-27 19:50:53,455 - INFO - ==================================================
2025-11-27 20:13:09,474 - INFO - Época 52 concluída. Loss média: 4.4347
2025-11-27 20:13:09,474 - INFO - Taxa de aprendizado ajustada para: 0.010000
2025-11-27 20:13:09,485 - INFO - Iniciando inferência com o modelo DenseNet121...
2025-11-27 20:13:49,338 - INFO - ==================================================
2025-11-27 20:13:49,338 - INFO - EXPERIMENT RESULTS
2025-11-27 20:13:49,338 - INFO - ==================================================
2025-11-27 20:13:49,338 - INFO - Elapsed Time Seconds     : 39.8127
2025-11-27 20:13:49,338 - INFO - Cpu Usage Percent        : 3.2938
2025-11-27 20:13:49,338 - INFO - Ram Peak Usage Bytes     : 2340896768.0000
2025-11-27 20:13:49,338 - INFO - Disk Read Bytes          : 0.0000
2025-11-27 20:13:49,338 - INFO - Disk Write Bytes         : 643072.0000
2025-11-27 20:13:49,338 - INFO - Vram Peak Usage Bytes    : 1421110500.0000
2025-11-27 20:13:49,338 - INFO - Gpu Power Watts Avg      : 281.4371
2025-11-27 20:13:49,338 - INFO - Gpu Power Watts Peak     : 284.2360
2025-11-27 20:13:49,338 - INFO - Gpu Temp Celsius Avg     : 59.9213
2025-11-27 20:13:49,338 - INFO - Gpu Temp Celsius Peak    : 61.0000
2025-11-27 20:13:49,338 - INFO - Gpu Utilization Percent Avg: 98.1980
2025-11-27 20:13:49,338 - INFO - Gpu Utilization Percent Peak: 100.0000
2025-11-27 20:13:49,338 - INFO - Gpu Mem Used Bytes Avg   : 17533435904.0000
2025-11-27 20:13:49,338 - INFO - Gpu Mem Used Bytes Peak  : 17533435904.0000
2025-11-27 20:13:49,338 - INFO - Gpu Vram Used Bytes      : 17533435904.0000
2025-11-27 20:13:49,338 - INFO - Accuracy                 : 0.1550
2025-11-27 20:13:49,338 - INFO - Precision                : 0.1723
2025-11-27 20:13:49,339 - INFO - Recall                   : 0.1550
2025-11-27 20:13:49,339 - INFO - F1 Score                 : 0.1247
2025-11-27 20:13:49,339 - INFO - ==================================================
2025-11-27 20:36:02,011 - INFO - Época 53 concluída. Loss média: 4.4303
2025-11-27 20:36:02,012 - INFO - Taxa de aprendizado ajustada para: 0.010000
2025-11-27 20:36:02,023 - INFO - Iniciando inferência com o modelo DenseNet121...
2025-11-27 20:36:41,801 - INFO - ==================================================
2025-11-27 20:36:41,801 - INFO - EXPERIMENT RESULTS
2025-11-27 20:36:41,801 - INFO - ==================================================
2025-11-27 20:36:41,801 - INFO - Elapsed Time Seconds     : 39.7510
2025-11-27 20:36:41,801 - INFO - Cpu Usage Percent        : 3.3656
2025-11-27 20:36:41,801 - INFO - Ram Peak Usage Bytes     : 2341814272.0000
2025-11-27 20:36:41,801 - INFO - Disk Read Bytes          : 0.0000
2025-11-27 20:36:41,801 - INFO - Disk Write Bytes         : 643072.0000
2025-11-27 20:36:41,801 - INFO - Vram Peak Usage Bytes    : 1421110500.0000
2025-11-27 20:36:41,801 - INFO - Gpu Power Watts Avg      : 282.6487
2025-11-27 20:36:41,801 - INFO - Gpu Power Watts Peak     : 285.8280
2025-11-27 20:36:41,801 - INFO - Gpu Temp Celsius Avg     : 60.0076
2025-11-27 20:36:41,801 - INFO - Gpu Temp Celsius Peak    : 61.0000
2025-11-27 20:36:41,801 - INFO - Gpu Utilization Percent Avg: 98.9186
2025-11-27 20:36:41,801 - INFO - Gpu Utilization Percent Peak: 100.0000
2025-11-27 20:36:41,801 - INFO - Gpu Mem Used Bytes Avg   : 17533435904.0000
2025-11-27 20:36:41,801 - INFO - Gpu Mem Used Bytes Peak  : 17533435904.0000
2025-11-27 20:36:41,801 - INFO - Gpu Vram Used Bytes      : 17533435904.0000
2025-11-27 20:36:41,801 - INFO - Accuracy                 : 0.1489
2025-11-27 20:36:41,801 - INFO - Precision                : 0.1577
2025-11-27 20:36:41,801 - INFO - Recall                   : 0.1489
2025-11-27 20:36:41,801 - INFO - F1 Score                 : 0.1187
2025-11-27 20:36:41,801 - INFO - ==================================================
2025-11-27 20:58:58,410 - INFO - Época 54 concluída. Loss média: 4.4225
2025-11-27 20:58:58,411 - INFO - Taxa de aprendizado ajustada para: 0.010000
2025-11-27 20:58:58,422 - INFO - Iniciando inferência com o modelo DenseNet121...
2025-11-27 20:59:38,256 - INFO - ==================================================
2025-11-27 20:59:38,256 - INFO - EXPERIMENT RESULTS
2025-11-27 20:59:38,257 - INFO - ==================================================
2025-11-27 20:59:38,257 - INFO - Elapsed Time Seconds     : 39.7952
2025-11-27 20:59:38,257 - INFO - Cpu Usage Percent        : 3.4000
2025-11-27 20:59:38,257 - INFO - Ram Peak Usage Bytes     : 2342920192.0000
2025-11-27 20:59:38,257 - INFO - Disk Read Bytes          : 0.0000
2025-11-27 20:59:38,257 - INFO - Disk Write Bytes         : 737280.0000
2025-11-27 20:59:38,257 - INFO - Vram Peak Usage Bytes    : 1421110500.0000
2025-11-27 20:59:38,257 - INFO - Gpu Power Watts Avg      : 282.3678
2025-11-27 20:59:38,257 - INFO - Gpu Power Watts Peak     : 285.4850
2025-11-27 20:59:38,257 - INFO - Gpu Temp Celsius Avg     : 59.9137
2025-11-27 20:59:38,257 - INFO - Gpu Temp Celsius Peak    : 61.0000
2025-11-27 20:59:38,257 - INFO - Gpu Utilization Percent Avg: 98.0178
2025-11-27 20:59:38,257 - INFO - Gpu Utilization Percent Peak: 100.0000
2025-11-27 20:59:38,257 - INFO - Gpu Mem Used Bytes Avg   : 17533435904.0000
2025-11-27 20:59:38,257 - INFO - Gpu Mem Used Bytes Peak  : 17533435904.0000
2025-11-27 20:59:38,257 - INFO - Gpu Vram Used Bytes      : 17533435904.0000
2025-11-27 20:59:38,257 - INFO - Accuracy                 : 0.1476
2025-11-27 20:59:38,257 - INFO - Precision                : 0.1757
2025-11-27 20:59:38,257 - INFO - Recall                   : 0.1476
2025-11-27 20:59:38,257 - INFO - F1 Score                 : 0.1225
2025-11-27 20:59:38,257 - INFO - ==================================================
2025-11-27 21:21:46,709 - INFO - Época 55 concluída. Loss média: 4.4252
2025-11-27 21:21:46,709 - INFO - Taxa de aprendizado ajustada para: 0.010000
2025-11-27 21:21:46,720 - INFO - Iniciando inferência com o modelo DenseNet121...
2025-11-27 21:22:26,591 - INFO - ==================================================
2025-11-27 21:22:26,592 - INFO - EXPERIMENT RESULTS
2025-11-27 21:22:26,592 - INFO - ==================================================
2025-11-27 21:22:26,592 - INFO - Elapsed Time Seconds     : 39.8315
2025-11-27 21:22:26,592 - INFO - Cpu Usage Percent        : 3.3937
2025-11-27 21:22:26,592 - INFO - Ram Peak Usage Bytes     : 2344026112.0000
2025-11-27 21:22:26,592 - INFO - Disk Read Bytes          : 0.0000
2025-11-27 21:22:26,592 - INFO - Disk Write Bytes         : 749568.0000
2025-11-27 21:22:26,592 - INFO - Vram Peak Usage Bytes    : 1421110500.0000
2025-11-27 21:22:26,592 - INFO - Gpu Power Watts Avg      : 281.4970
2025-11-27 21:22:26,592 - INFO - Gpu Power Watts Peak     : 284.5390
2025-11-27 21:22:26,592 - INFO - Gpu Temp Celsius Avg     : 59.8680
2025-11-27 21:22:26,592 - INFO - Gpu Temp Celsius Peak    : 60.0000
2025-11-27 21:22:26,592 - INFO - Gpu Utilization Percent Avg: 98.2005
2025-11-27 21:22:26,592 - INFO - Gpu Utilization Percent Peak: 100.0000
2025-11-27 21:22:26,592 - INFO - Gpu Mem Used Bytes Avg   : 17533435904.0000
2025-11-27 21:22:26,592 - INFO - Gpu Mem Used Bytes Peak  : 17533435904.0000
2025-11-27 21:22:26,592 - INFO - Gpu Vram Used Bytes      : 17533435904.0000
2025-11-27 21:22:26,592 - INFO - Accuracy                 : 0.1476
2025-11-27 21:22:26,592 - INFO - Precision                : 0.1733
2025-11-27 21:22:26,593 - INFO - Recall                   : 0.1476
2025-11-27 21:22:26,593 - INFO - F1 Score                 : 0.1176
2025-11-27 21:22:26,593 - INFO - ==================================================
2025-11-27 21:44:42,039 - INFO - Época 56 concluída. Loss média: 4.4215
2025-11-27 21:44:42,040 - INFO - Taxa de aprendizado ajustada para: 0.010000
2025-11-27 21:44:42,051 - INFO - Iniciando inferência com o modelo DenseNet121...
2025-11-27 21:45:21,874 - INFO - ==================================================
2025-11-27 21:45:21,875 - INFO - EXPERIMENT RESULTS
2025-11-27 21:45:21,875 - INFO - ==================================================
2025-11-27 21:45:21,875 - INFO - Elapsed Time Seconds     : 39.7843
2025-11-27 21:45:21,875 - INFO - Cpu Usage Percent        : 3.3969
2025-11-27 21:45:21,875 - INFO - Ram Peak Usage Bytes     : 2345123840.0000
2025-11-27 21:45:21,875 - INFO - Disk Read Bytes          : 0.0000
2025-11-27 21:45:21,875 - INFO - Disk Write Bytes         : 1277952.0000
2025-11-27 21:45:21,875 - INFO - Vram Peak Usage Bytes    : 1421110500.0000
2025-11-27 21:45:21,875 - INFO - Gpu Power Watts Avg      : 281.7788
2025-11-27 21:45:21,875 - INFO - Gpu Power Watts Peak     : 285.3830
2025-11-27 21:45:21,875 - INFO - Gpu Temp Celsius Avg     : 59.8173
2025-11-27 21:45:21,875 - INFO - Gpu Temp Celsius Peak    : 60.0000
2025-11-27 21:45:21,875 - INFO - Gpu Utilization Percent Avg: 98.0685
2025-11-27 21:45:21,875 - INFO - Gpu Utilization Percent Peak: 100.0000
2025-11-27 21:45:21,875 - INFO - Gpu Mem Used Bytes Avg   : 17533435904.0000
2025-11-27 21:45:21,875 - INFO - Gpu Mem Used Bytes Peak  : 17533435904.0000
2025-11-27 21:45:21,875 - INFO - Gpu Vram Used Bytes      : 17533435904.0000
2025-11-27 21:45:21,875 - INFO - Accuracy                 : 0.1446
2025-11-27 21:45:21,875 - INFO - Precision                : 0.1579
2025-11-27 21:45:21,875 - INFO - Recall                   : 0.1446
2025-11-27 21:45:21,875 - INFO - F1 Score                 : 0.1167
2025-11-27 21:45:21,875 - INFO - ==================================================
2025-11-27 22:07:37,639 - INFO - Época 57 concluída. Loss média: 4.4340
2025-11-27 22:07:37,640 - INFO - Taxa de aprendizado ajustada para: 0.010000
2025-11-27 22:07:37,650 - INFO - Iniciando inferência com o modelo DenseNet121...
2025-11-27 22:08:17,358 - INFO - ==================================================
2025-11-27 22:08:17,358 - INFO - EXPERIMENT RESULTS
2025-11-27 22:08:17,358 - INFO - ==================================================
2025-11-27 22:08:17,358 - INFO - Elapsed Time Seconds     : 39.6818
2025-11-27 22:08:17,358 - INFO - Cpu Usage Percent        : 3.3000
2025-11-27 22:08:17,358 - INFO - Ram Peak Usage Bytes     : 2346196992.0000
2025-11-27 22:08:17,358 - INFO - Disk Read Bytes          : 0.0000
2025-11-27 22:08:17,358 - INFO - Disk Write Bytes         : 778240.0000
2025-11-27 22:08:17,358 - INFO - Vram Peak Usage Bytes    : 1421110500.0000
2025-11-27 22:08:17,358 - INFO - Gpu Power Watts Avg      : 281.9117
2025-11-27 22:08:17,358 - INFO - Gpu Power Watts Peak     : 285.2320
2025-11-27 22:08:17,358 - INFO - Gpu Temp Celsius Avg     : 59.8855
2025-11-27 22:08:17,358 - INFO - Gpu Temp Celsius Peak    : 61.0000
2025-11-27 22:08:17,358 - INFO - Gpu Utilization Percent Avg: 98.7608
2025-11-27 22:08:17,358 - INFO - Gpu Utilization Percent Peak: 100.0000
2025-11-27 22:08:17,358 - INFO - Gpu Mem Used Bytes Avg   : 17533435904.0000
2025-11-27 22:08:17,358 - INFO - Gpu Mem Used Bytes Peak  : 17533435904.0000
2025-11-27 22:08:17,358 - INFO - Gpu Vram Used Bytes      : 17533435904.0000
2025-11-27 22:08:17,358 - INFO - Accuracy                 : 0.1568
2025-11-27 22:08:17,358 - INFO - Precision                : 0.2001
2025-11-27 22:08:17,358 - INFO - Recall                   : 0.1568
2025-11-27 22:08:17,358 - INFO - F1 Score                 : 0.1299
2025-11-27 22:08:17,358 - INFO - ==================================================
2025-11-27 22:30:10,411 - INFO - Época 58 concluída. Loss média: 4.4252
2025-11-27 22:30:10,411 - INFO - Taxa de aprendizado ajustada para: 0.010000
2025-11-27 22:30:10,415 - INFO - Iniciando inferência com o modelo DenseNet121...
2025-11-27 22:30:49,977 - INFO - ==================================================
2025-11-27 22:30:49,977 - INFO - EXPERIMENT RESULTS
2025-11-27 22:30:49,977 - INFO - ==================================================
2025-11-27 22:30:49,977 - INFO - Elapsed Time Seconds     : 39.5359
2025-11-27 22:30:49,977 - INFO - Cpu Usage Percent        : 3.2969
2025-11-27 22:30:49,977 - INFO - Ram Peak Usage Bytes     : 2347376640.0000
2025-11-27 22:30:49,977 - INFO - Disk Read Bytes          : 0.0000
2025-11-27 22:30:49,977 - INFO - Disk Write Bytes         : 634880.0000
2025-11-27 22:30:49,977 - INFO - Vram Peak Usage Bytes    : 1421110500.0000
2025-11-27 22:30:49,978 - INFO - Gpu Power Watts Avg      : 283.1206
2025-11-27 22:30:49,978 - INFO - Gpu Power Watts Peak     : 285.7000
2025-11-27 22:30:49,978 - INFO - Gpu Temp Celsius Avg     : 60.0077
2025-11-27 22:30:49,978 - INFO - Gpu Temp Celsius Peak    : 61.0000
2025-11-27 22:30:49,978 - INFO - Gpu Utilization Percent Avg: 99.1429
2025-11-27 22:30:49,978 - INFO - Gpu Utilization Percent Peak: 100.0000
2025-11-27 22:30:49,978 - INFO - Gpu Mem Used Bytes Avg   : 17533435904.0000
2025-11-27 22:30:49,978 - INFO - Gpu Mem Used Bytes Peak  : 17533435904.0000
2025-11-27 22:30:49,978 - INFO - Gpu Vram Used Bytes      : 17533435904.0000
2025-11-27 22:30:49,978 - INFO - Accuracy                 : 0.1511
2025-11-27 22:30:49,978 - INFO - Precision                : 0.1893
2025-11-27 22:30:49,978 - INFO - Recall                   : 0.1511
2025-11-27 22:30:49,978 - INFO - F1 Score                 : 0.1209
2025-11-27 22:30:49,978 - INFO - ==================================================
2025-11-27 22:53:06,171 - INFO - Época 59 concluída. Loss média: 4.4138
2025-11-27 22:53:06,172 - INFO - Taxa de aprendizado ajustada para: 0.010000
2025-11-27 22:53:06,183 - INFO - Iniciando inferência com o modelo DenseNet121...
2025-11-27 22:53:45,993 - INFO - ==================================================
2025-11-27 22:53:45,993 - INFO - EXPERIMENT RESULTS
2025-11-27 22:53:45,993 - INFO - ==================================================
2025-11-27 22:53:45,993 - INFO - Elapsed Time Seconds     : 39.7712
2025-11-27 22:53:45,994 - INFO - Cpu Usage Percent        : 3.3906
2025-11-27 22:53:45,994 - INFO - Ram Peak Usage Bytes     : 2348359680.0000
2025-11-27 22:53:45,994 - INFO - Disk Read Bytes          : 0.0000
2025-11-27 22:53:45,994 - INFO - Disk Write Bytes         : 647168.0000
2025-11-27 22:53:45,994 - INFO - Vram Peak Usage Bytes    : 1421110500.0000
2025-11-27 22:53:45,994 - INFO - Gpu Power Watts Avg      : 281.7466
2025-11-27 22:53:45,994 - INFO - Gpu Power Watts Peak     : 284.8900
2025-11-27 22:53:45,994 - INFO - Gpu Temp Celsius Avg     : 59.8122
2025-11-27 22:53:45,994 - INFO - Gpu Temp Celsius Peak    : 60.0000
2025-11-27 22:53:45,994 - INFO - Gpu Utilization Percent Avg: 98.0964
2025-11-27 22:53:45,994 - INFO - Gpu Utilization Percent Peak: 100.0000
2025-11-27 22:53:45,994 - INFO - Gpu Mem Used Bytes Avg   : 17533435904.0000
2025-11-27 22:53:45,994 - INFO - Gpu Mem Used Bytes Peak  : 17533435904.0000
2025-11-27 22:53:45,994 - INFO - Gpu Vram Used Bytes      : 17533435904.0000
2025-11-27 22:53:45,994 - INFO - Accuracy                 : 0.1569
2025-11-27 22:53:45,994 - INFO - Precision                : 0.1780
2025-11-27 22:53:45,994 - INFO - Recall                   : 0.1569
2025-11-27 22:53:45,994 - INFO - F1 Score                 : 0.1270
2025-11-27 22:53:45,994 - INFO - ==================================================
2025-11-27 23:16:01,981 - INFO - Época 60 concluída. Loss média: 4.4071
2025-11-27 23:16:01,981 - INFO - Taxa de aprendizado ajustada para: 0.001000
2025-11-27 23:16:01,992 - INFO - Iniciando inferência com o modelo DenseNet121...
2025-11-27 23:16:41,830 - INFO - ==================================================
2025-11-27 23:16:41,830 - INFO - EXPERIMENT RESULTS
2025-11-27 23:16:41,830 - INFO - ==================================================
2025-11-27 23:16:41,830 - INFO - Elapsed Time Seconds     : 39.7992
2025-11-27 23:16:41,830 - INFO - Cpu Usage Percent        : 3.3719
2025-11-27 23:16:41,830 - INFO - Ram Peak Usage Bytes     : 2349465600.0000
2025-11-27 23:16:41,830 - INFO - Disk Read Bytes          : 0.0000
2025-11-27 23:16:41,831 - INFO - Disk Write Bytes         : 765952.0000
2025-11-27 23:16:41,831 - INFO - Vram Peak Usage Bytes    : 1421110500.0000
2025-11-27 23:16:41,831 - INFO - Gpu Power Watts Avg      : 281.3751
2025-11-27 23:16:41,831 - INFO - Gpu Power Watts Peak     : 284.5470
2025-11-27 23:16:41,831 - INFO - Gpu Temp Celsius Avg     : 59.1827
2025-11-27 23:16:41,831 - INFO - Gpu Temp Celsius Peak    : 60.0000
2025-11-27 23:16:41,831 - INFO - Gpu Utilization Percent Avg: 97.9721
2025-11-27 23:16:41,831 - INFO - Gpu Utilization Percent Peak: 100.0000
2025-11-27 23:16:41,831 - INFO - Gpu Mem Used Bytes Avg   : 17533435904.0000
2025-11-27 23:16:41,831 - INFO - Gpu Mem Used Bytes Peak  : 17533435904.0000
2025-11-27 23:16:41,831 - INFO - Gpu Vram Used Bytes      : 17533435904.0000
2025-11-27 23:16:41,831 - INFO - Accuracy                 : 0.1526
2025-11-27 23:16:41,831 - INFO - Precision                : 0.1763
2025-11-27 23:16:41,831 - INFO - Recall                   : 0.1526
2025-11-27 23:16:41,831 - INFO - F1 Score                 : 0.1192
2025-11-27 23:16:41,831 - INFO - ==================================================
2025-11-27 23:38:58,279 - INFO - Época 61 concluída. Loss média: 4.3003
2025-11-27 23:38:58,279 - INFO - Taxa de aprendizado ajustada para: 0.001000
2025-11-27 23:38:58,290 - INFO - Iniciando inferência com o modelo DenseNet121...
2025-11-27 23:39:38,135 - INFO - ==================================================
2025-11-27 23:39:38,135 - INFO - EXPERIMENT RESULTS
2025-11-27 23:39:38,135 - INFO - ==================================================
2025-11-27 23:39:38,135 - INFO - Elapsed Time Seconds     : 39.8046
2025-11-27 23:39:38,135 - INFO - Cpu Usage Percent        : 3.3750
2025-11-27 23:39:38,135 - INFO - Ram Peak Usage Bytes     : 2350559232.0000
2025-11-27 23:39:38,135 - INFO - Disk Read Bytes          : 0.0000
2025-11-27 23:39:38,135 - INFO - Disk Write Bytes         : 892928.0000
2025-11-27 23:39:38,135 - INFO - Vram Peak Usage Bytes    : 1421110500.0000
2025-11-27 23:39:38,135 - INFO - Gpu Power Watts Avg      : 281.4032
2025-11-27 23:39:38,135 - INFO - Gpu Power Watts Peak     : 285.1900
2025-11-27 23:39:38,135 - INFO - Gpu Temp Celsius Avg     : 58.9289
2025-11-27 23:39:38,135 - INFO - Gpu Temp Celsius Peak    : 60.0000
2025-11-27 23:39:38,135 - INFO - Gpu Utilization Percent Avg: 97.9467
2025-11-27 23:39:38,135 - INFO - Gpu Utilization Percent Peak: 100.0000
2025-11-27 23:39:38,135 - INFO - Gpu Mem Used Bytes Avg   : 17533435904.0000
2025-11-27 23:39:38,135 - INFO - Gpu Mem Used Bytes Peak  : 17533435904.0000
2025-11-27 23:39:38,135 - INFO - Gpu Vram Used Bytes      : 17533435904.0000
2025-11-27 23:39:38,135 - INFO - Accuracy                 : 0.1965
2025-11-27 23:39:38,136 - INFO - Precision                : 0.1929
2025-11-27 23:39:38,136 - INFO - Recall                   : 0.1965
2025-11-27 23:39:38,136 - INFO - F1 Score                 : 0.1668
2025-11-27 23:39:38,136 - INFO - ==================================================
2025-11-28 00:01:53,848 - INFO - Época 62 concluída. Loss média: 4.2780
2025-11-28 00:01:53,848 - INFO - Taxa de aprendizado ajustada para: 0.001000
2025-11-28 00:01:53,859 - INFO - Iniciando inferência com o modelo DenseNet121...
2025-11-28 00:02:33,703 - INFO - ==================================================
2025-11-28 00:02:33,703 - INFO - EXPERIMENT RESULTS
2025-11-28 00:02:33,703 - INFO - ==================================================
2025-11-28 00:02:33,703 - INFO - Elapsed Time Seconds     : 39.8037
2025-11-28 00:02:33,703 - INFO - Cpu Usage Percent        : 3.3937
2025-11-28 00:02:33,703 - INFO - Ram Peak Usage Bytes     : 2351656960.0000
2025-11-28 00:02:33,703 - INFO - Disk Read Bytes          : 0.0000
2025-11-28 00:02:33,703 - INFO - Disk Write Bytes         : 1007616.0000
2025-11-28 00:02:33,703 - INFO - Vram Peak Usage Bytes    : 1421110500.0000
2025-11-28 00:02:33,703 - INFO - Gpu Power Watts Avg      : 281.9314
2025-11-28 00:02:33,703 - INFO - Gpu Power Watts Peak     : 285.3100
2025-11-28 00:02:33,703 - INFO - Gpu Temp Celsius Avg     : 59.8579
2025-11-28 00:02:33,703 - INFO - Gpu Temp Celsius Peak    : 61.0000
2025-11-28 00:02:33,703 - INFO - Gpu Utilization Percent Avg: 97.9949
2025-11-28 00:02:33,703 - INFO - Gpu Utilization Percent Peak: 100.0000
2025-11-28 00:02:33,703 - INFO - Gpu Mem Used Bytes Avg   : 17533435904.0000
2025-11-28 00:02:33,703 - INFO - Gpu Mem Used Bytes Peak  : 17533435904.0000
2025-11-28 00:02:33,703 - INFO - Gpu Vram Used Bytes      : 17533435904.0000
2025-11-28 00:02:33,704 - INFO - Accuracy                 : 0.1977
2025-11-28 00:02:33,704 - INFO - Precision                : 0.1832
2025-11-28 00:02:33,704 - INFO - Recall                   : 0.1977
2025-11-28 00:02:33,704 - INFO - F1 Score                 : 0.1680
2025-11-28 00:02:33,704 - INFO - ==================================================
