2025-11-27 12:16:34,640 - INFO - ==================================================
2025-11-27 12:16:34,641 - INFO - EXPERIMENT CONFIGURATION
2025-11-27 12:16:34,641 - INFO - ==================================================
2025-11-27 12:16:34,641 - INFO - Model Name          : efficientnet_b7
2025-11-27 12:16:34,641 - INFO - Config File         : configs/efficientnet_b7_config.yaml
2025-11-27 12:16:34,641 - INFO - Train Data          : /scratch/ehdmenezes//tiny-imagenet-200/train
2025-11-27 12:16:34,641 - INFO - Validation Data     : /scratch/ehdmenezes//tiny-imagenet-200/val
2025-11-27 12:16:34,641 - INFO - model_params        : {'num_classes': 200}
2025-11-27 12:16:34,641 - INFO - train_params        : {'epochs': 100, 'batch_size': 64, 'learning_rate': 0.1}
2025-11-27 12:16:34,641 - INFO - inference_params    : {'batch_size': 64}
2025-11-27 12:16:34,641 - INFO - scheduler_params    : {'type': 'StepLR', 'step_size': 30, 'gamma': 0.1}
2025-11-27 12:16:34,641 - INFO - ==================================================
2025-11-27 12:16:34,695 - INFO - Semente aleatória para esta execução foi fixada em: 72
2025-11-27 12:16:34,695 - INFO - Configuração de treinamento: {'model_params': {'num_classes': 200}, 'train_params': {'epochs': 100, 'batch_size': 64, 'learning_rate': 0.1}, 'inference_params': {'batch_size': 64}, 'scheduler_params': {'type': 'StepLR', 'step_size': 30, 'gamma': 0.1}}
2025-11-27 12:16:37,079 - INFO - Usando otimizador SGD com momento e weight decay.
2025-11-27 12:16:37,080 - INFO - Usando StepLR scheduler com step_size=30 e gamma=0.1.
2025-11-27 12:16:37,080 - INFO - AMP (Automatic Mixed Precision) ativado.
2025-11-27 12:16:37,080 - INFO - Iniciando treinamento do modelo efficientnet_b7 no dispositivo cuda.
2025-11-27 12:22:54,191 - INFO - Época 1 concluída. Loss média: 5.1307
2025-11-27 12:22:54,195 - INFO - Taxa de aprendizado ajustada para: 0.100000
2025-11-27 12:22:54,213 - INFO - Iniciando inferência com o modelo EfficientNetB7...
2025-11-27 12:23:04,438 - INFO - ==================================================
2025-11-27 12:23:04,438 - INFO - EXPERIMENT RESULTS
2025-11-27 12:23:04,438 - INFO - ==================================================
2025-11-27 12:23:04,438 - INFO - Elapsed Time Seconds     : 10.1779
2025-11-27 12:23:04,438 - INFO - Cpu Usage Percent        : 7.6875
2025-11-27 12:23:04,438 - INFO - Ram Peak Usage Bytes     : 4079968256.0000
2025-11-27 12:23:04,438 - INFO - Disk Read Bytes          : 393216.0000
2025-11-27 12:23:04,438 - INFO - Disk Write Bytes         : 19591168.0000
2025-11-27 12:23:04,438 - INFO - Vram Peak Usage Bytes    : 1746396276.0000
2025-11-27 12:23:04,438 - INFO - Gpu Power Watts Avg      : 275.8314
2025-11-27 12:23:04,438 - INFO - Gpu Power Watts Peak     : 333.6200
2025-11-27 12:23:04,439 - INFO - Gpu Temp Celsius Avg     : 70.3465
2025-11-27 12:23:04,439 - INFO - Gpu Temp Celsius Peak    : 74.0000
2025-11-27 12:23:04,439 - INFO - Gpu Utilization Percent Avg: 66.1188
2025-11-27 12:23:04,439 - INFO - Gpu Utilization Percent Peak: 83.0000
2025-11-27 12:23:04,439 - INFO - Gpu Mem Used Bytes Avg   : 22002466816.0000
2025-11-27 12:23:04,439 - INFO - Gpu Mem Used Bytes Peak  : 22002466816.0000
2025-11-27 12:23:04,439 - INFO - Gpu Vram Used Bytes      : 22002466816.0000
2025-11-27 12:23:04,439 - INFO - Accuracy                 : 0.0260
2025-11-27 12:23:04,439 - INFO - Precision                : 0.0201
2025-11-27 12:23:04,439 - INFO - Recall                   : 0.0260
2025-11-27 12:23:04,439 - INFO - F1 Score                 : 0.0138
2025-11-27 12:23:04,439 - INFO - ==================================================
2025-11-27 12:29:25,456 - INFO - Época 2 concluída. Loss média: 4.8599
2025-11-27 12:29:25,459 - INFO - Taxa de aprendizado ajustada para: 0.100000
2025-11-27 12:29:25,478 - INFO - Iniciando inferência com o modelo EfficientNetB7...
2025-11-27 12:29:35,592 - INFO - ==================================================
2025-11-27 12:29:35,592 - INFO - EXPERIMENT RESULTS
2025-11-27 12:29:35,592 - INFO - ==================================================
2025-11-27 12:29:35,592 - INFO - Elapsed Time Seconds     : 10.0679
2025-11-27 12:29:35,592 - INFO - Cpu Usage Percent        : 7.7687
2025-11-27 12:29:35,592 - INFO - Ram Peak Usage Bytes     : 4084178944.0000
2025-11-27 12:29:35,592 - INFO - Disk Read Bytes          : 0.0000
2025-11-27 12:29:35,592 - INFO - Disk Write Bytes         : 356352.0000
2025-11-27 12:29:35,592 - INFO - Vram Peak Usage Bytes    : 1746396276.0000
2025-11-27 12:29:35,592 - INFO - Gpu Power Watts Avg      : 282.6264
2025-11-27 12:29:35,593 - INFO - Gpu Power Watts Peak     : 338.3640
2025-11-27 12:29:35,593 - INFO - Gpu Temp Celsius Avg     : 70.4800
2025-11-27 12:29:35,593 - INFO - Gpu Temp Celsius Peak    : 74.0000
2025-11-27 12:29:35,593 - INFO - Gpu Utilization Percent Avg: 66.3800
2025-11-27 12:29:35,593 - INFO - Gpu Utilization Percent Peak: 85.0000
2025-11-27 12:29:35,593 - INFO - Gpu Mem Used Bytes Avg   : 22237347840.0000
2025-11-27 12:29:35,593 - INFO - Gpu Mem Used Bytes Peak  : 22237347840.0000
2025-11-27 12:29:35,593 - INFO - Gpu Vram Used Bytes      : 22237347840.0000
2025-11-27 12:29:35,593 - INFO - Accuracy                 : 0.0445
2025-11-27 12:29:35,593 - INFO - Precision                : 0.0394
2025-11-27 12:29:35,593 - INFO - Recall                   : 0.0445
2025-11-27 12:29:35,593 - INFO - F1 Score                 : 0.0241
2025-11-27 12:29:35,593 - INFO - ==================================================
2025-11-27 12:35:58,607 - INFO - Época 3 concluída. Loss média: 4.7751
2025-11-27 12:35:58,611 - INFO - Taxa de aprendizado ajustada para: 0.100000
2025-11-27 12:35:58,629 - INFO - Iniciando inferência com o modelo EfficientNetB7...
2025-11-27 12:36:08,437 - INFO - ==================================================
2025-11-27 12:36:08,437 - INFO - EXPERIMENT RESULTS
2025-11-27 12:36:08,437 - INFO - ==================================================
2025-11-27 12:36:08,437 - INFO - Elapsed Time Seconds     : 9.7610
2025-11-27 12:36:08,437 - INFO - Cpu Usage Percent        : 7.7250
2025-11-27 12:36:08,437 - INFO - Ram Peak Usage Bytes     : 4084551680.0000
2025-11-27 12:36:08,437 - INFO - Disk Read Bytes          : 0.0000
2025-11-27 12:36:08,437 - INFO - Disk Write Bytes         : 299008.0000
2025-11-27 12:36:08,437 - INFO - Vram Peak Usage Bytes    : 1746396276.0000
2025-11-27 12:36:08,437 - INFO - Gpu Power Watts Avg      : 282.0679
2025-11-27 12:36:08,438 - INFO - Gpu Power Watts Peak     : 334.2820
2025-11-27 12:36:08,438 - INFO - Gpu Temp Celsius Avg     : 67.7113
2025-11-27 12:36:08,438 - INFO - Gpu Temp Celsius Peak    : 71.0000
2025-11-27 12:36:08,438 - INFO - Gpu Utilization Percent Avg: 68.0825
2025-11-27 12:36:08,438 - INFO - Gpu Utilization Percent Peak: 84.0000
2025-11-27 12:36:08,438 - INFO - Gpu Mem Used Bytes Avg   : 22237347840.0000
2025-11-27 12:36:08,438 - INFO - Gpu Mem Used Bytes Peak  : 22237347840.0000
2025-11-27 12:36:08,438 - INFO - Gpu Vram Used Bytes      : 22237347840.0000
2025-11-27 12:36:08,438 - INFO - Accuracy                 : 0.0719
2025-11-27 12:36:08,438 - INFO - Precision                : 0.0563
2025-11-27 12:36:08,438 - INFO - Recall                   : 0.0719
2025-11-27 12:36:08,438 - INFO - F1 Score                 : 0.0465
2025-11-27 12:36:08,438 - INFO - ==================================================
2025-11-27 12:42:33,326 - INFO - Época 4 concluída. Loss média: 4.7071
2025-11-27 12:42:33,326 - INFO - Taxa de aprendizado ajustada para: 0.100000
2025-11-27 12:42:33,344 - INFO - Iniciando inferência com o modelo EfficientNetB7...
2025-11-27 12:42:43,170 - INFO - ==================================================
2025-11-27 12:42:43,171 - INFO - EXPERIMENT RESULTS
2025-11-27 12:42:43,171 - INFO - ==================================================
2025-11-27 12:42:43,171 - INFO - Elapsed Time Seconds     : 9.7797
2025-11-27 12:42:43,171 - INFO - Cpu Usage Percent        : 7.8063
2025-11-27 12:42:43,171 - INFO - Ram Peak Usage Bytes     : 4085026816.0000
2025-11-27 12:42:43,171 - INFO - Disk Read Bytes          : 0.0000
2025-11-27 12:42:43,171 - INFO - Disk Write Bytes         : 167936.0000
2025-11-27 12:42:43,171 - INFO - Vram Peak Usage Bytes    : 1746396276.0000
2025-11-27 12:42:43,171 - INFO - Gpu Power Watts Avg      : 280.6901
2025-11-27 12:42:43,171 - INFO - Gpu Power Watts Peak     : 324.1460
2025-11-27 12:42:43,171 - INFO - Gpu Temp Celsius Avg     : 66.6907
2025-11-27 12:42:43,171 - INFO - Gpu Temp Celsius Peak    : 70.0000
2025-11-27 12:42:43,171 - INFO - Gpu Utilization Percent Avg: 67.4639
2025-11-27 12:42:43,171 - INFO - Gpu Utilization Percent Peak: 83.0000
2025-11-27 12:42:43,171 - INFO - Gpu Mem Used Bytes Avg   : 22237347840.0000
2025-11-27 12:42:43,171 - INFO - Gpu Mem Used Bytes Peak  : 22237347840.0000
2025-11-27 12:42:43,171 - INFO - Gpu Vram Used Bytes      : 22237347840.0000
2025-11-27 12:42:43,171 - INFO - Accuracy                 : 0.0637
2025-11-27 12:42:43,171 - INFO - Precision                : 0.0732
2025-11-27 12:42:43,172 - INFO - Recall                   : 0.0637
2025-11-27 12:42:43,172 - INFO - F1 Score                 : 0.0408
2025-11-27 12:42:43,172 - INFO - ==================================================
2025-11-27 12:49:06,202 - INFO - Época 5 concluída. Loss média: 4.6129
2025-11-27 12:49:06,207 - INFO - Taxa de aprendizado ajustada para: 0.100000
2025-11-27 12:49:06,225 - INFO - Iniciando inferência com o modelo EfficientNetB7...
2025-11-27 12:49:16,284 - INFO - ==================================================
2025-11-27 12:49:16,285 - INFO - EXPERIMENT RESULTS
2025-11-27 12:49:16,285 - INFO - ==================================================
2025-11-27 12:49:16,285 - INFO - Elapsed Time Seconds     : 10.0122
2025-11-27 12:49:16,285 - INFO - Cpu Usage Percent        : 7.8187
2025-11-27 12:49:16,285 - INFO - Ram Peak Usage Bytes     : 4086136832.0000
2025-11-27 12:49:16,285 - INFO - Disk Read Bytes          : 0.0000
2025-11-27 12:49:16,285 - INFO - Disk Write Bytes         : 151552.0000
2025-11-27 12:49:16,285 - INFO - Vram Peak Usage Bytes    : 1746396276.0000
2025-11-27 12:49:16,285 - INFO - Gpu Power Watts Avg      : 279.2589
2025-11-27 12:49:16,285 - INFO - Gpu Power Watts Peak     : 329.8270
2025-11-27 12:49:16,285 - INFO - Gpu Temp Celsius Avg     : 66.7879
2025-11-27 12:49:16,285 - INFO - Gpu Temp Celsius Peak    : 70.0000
2025-11-27 12:49:16,285 - INFO - Gpu Utilization Percent Avg: 67.0303
2025-11-27 12:49:16,285 - INFO - Gpu Utilization Percent Peak: 84.0000
2025-11-27 12:49:16,285 - INFO - Gpu Mem Used Bytes Avg   : 22237347840.0000
2025-11-27 12:49:16,285 - INFO - Gpu Mem Used Bytes Peak  : 22237347840.0000
2025-11-27 12:49:16,285 - INFO - Gpu Vram Used Bytes      : 22237347840.0000
2025-11-27 12:49:16,285 - INFO - Accuracy                 : 0.0783
2025-11-27 12:49:16,285 - INFO - Precision                : 0.0646
2025-11-27 12:49:16,285 - INFO - Recall                   : 0.0783
2025-11-27 12:49:16,285 - INFO - F1 Score                 : 0.0513
2025-11-27 12:49:16,285 - INFO - ==================================================
2025-11-27 12:55:40,705 - INFO - Época 6 concluída. Loss média: 4.5225
2025-11-27 12:55:40,709 - INFO - Taxa de aprendizado ajustada para: 0.100000
2025-11-27 12:55:40,728 - INFO - Iniciando inferência com o modelo EfficientNetB7...
2025-11-27 12:55:50,558 - INFO - ==================================================
2025-11-27 12:55:50,558 - INFO - EXPERIMENT RESULTS
2025-11-27 12:55:50,558 - INFO - ==================================================
2025-11-27 12:55:50,558 - INFO - Elapsed Time Seconds     : 9.7833
2025-11-27 12:55:50,558 - INFO - Cpu Usage Percent        : 7.7875
2025-11-27 12:55:50,558 - INFO - Ram Peak Usage Bytes     : 4086407168.0000
2025-11-27 12:55:50,558 - INFO - Disk Read Bytes          : 0.0000
2025-11-27 12:55:50,558 - INFO - Disk Write Bytes         : 151552.0000
2025-11-27 12:55:50,558 - INFO - Vram Peak Usage Bytes    : 1746396276.0000
2025-11-27 12:55:50,558 - INFO - Gpu Power Watts Avg      : 279.3084
2025-11-27 12:55:50,559 - INFO - Gpu Power Watts Peak     : 327.7840
2025-11-27 12:55:50,559 - INFO - Gpu Temp Celsius Avg     : 66.4227
2025-11-27 12:55:50,559 - INFO - Gpu Temp Celsius Peak    : 70.0000
2025-11-27 12:55:50,559 - INFO - Gpu Utilization Percent Avg: 68.3196
2025-11-27 12:55:50,559 - INFO - Gpu Utilization Percent Peak: 84.0000
2025-11-27 12:55:50,559 - INFO - Gpu Mem Used Bytes Avg   : 22338011136.0000
2025-11-27 12:55:50,559 - INFO - Gpu Mem Used Bytes Peak  : 22338011136.0000
2025-11-27 12:55:50,559 - INFO - Gpu Vram Used Bytes      : 22338011136.0000
2025-11-27 12:55:50,559 - INFO - Accuracy                 : 0.0692
2025-11-27 12:55:50,559 - INFO - Precision                : 0.0699
2025-11-27 12:55:50,559 - INFO - Recall                   : 0.0692
2025-11-27 12:55:50,559 - INFO - F1 Score                 : 0.0457
2025-11-27 12:55:50,559 - INFO - ==================================================
2025-11-27 13:02:12,775 - INFO - Época 7 concluída. Loss média: 4.4678
2025-11-27 13:02:12,779 - INFO - Taxa de aprendizado ajustada para: 0.100000
2025-11-27 13:02:12,797 - INFO - Iniciando inferência com o modelo EfficientNetB7...
2025-11-27 13:02:22,638 - INFO - ==================================================
2025-11-27 13:02:22,638 - INFO - EXPERIMENT RESULTS
2025-11-27 13:02:22,638 - INFO - ==================================================
2025-11-27 13:02:22,638 - INFO - Elapsed Time Seconds     : 9.7934
2025-11-27 13:02:22,638 - INFO - Cpu Usage Percent        : 7.8438
2025-11-27 13:02:22,638 - INFO - Ram Peak Usage Bytes     : 4086763520.0000
2025-11-27 13:02:22,638 - INFO - Disk Read Bytes          : 0.0000
2025-11-27 13:02:22,639 - INFO - Disk Write Bytes         : 135168.0000
2025-11-27 13:02:22,639 - INFO - Vram Peak Usage Bytes    : 1746396276.0000
2025-11-27 13:02:22,639 - INFO - Gpu Power Watts Avg      : 273.3037
2025-11-27 13:02:22,639 - INFO - Gpu Power Watts Peak     : 322.3560
2025-11-27 13:02:22,639 - INFO - Gpu Temp Celsius Avg     : 66.1340
2025-11-27 13:02:22,639 - INFO - Gpu Temp Celsius Peak    : 69.0000
2025-11-27 13:02:22,639 - INFO - Gpu Utilization Percent Avg: 67.7010
2025-11-27 13:02:22,639 - INFO - Gpu Utilization Percent Peak: 84.0000
2025-11-27 13:02:22,639 - INFO - Gpu Mem Used Bytes Avg   : 22338011136.0000
2025-11-27 13:02:22,639 - INFO - Gpu Mem Used Bytes Peak  : 22338011136.0000
2025-11-27 13:02:22,639 - INFO - Gpu Vram Used Bytes      : 22338011136.0000
2025-11-27 13:02:22,639 - INFO - Accuracy                 : 0.1024
2025-11-27 13:02:22,639 - INFO - Precision                : 0.1132
2025-11-27 13:02:22,639 - INFO - Recall                   : 0.1024
2025-11-27 13:02:22,639 - INFO - F1 Score                 : 0.0770
2025-11-27 13:02:22,639 - INFO - ==================================================
2025-11-27 13:08:45,152 - INFO - Época 8 concluída. Loss média: 4.4211
2025-11-27 13:08:45,157 - INFO - Taxa de aprendizado ajustada para: 0.100000
2025-11-27 13:08:45,174 - INFO - Iniciando inferência com o modelo EfficientNetB7...
2025-11-27 13:08:55,128 - INFO - ==================================================
2025-11-27 13:08:55,128 - INFO - EXPERIMENT RESULTS
2025-11-27 13:08:55,128 - INFO - ==================================================
2025-11-27 13:08:55,129 - INFO - Elapsed Time Seconds     : 9.9050
2025-11-27 13:08:55,129 - INFO - Cpu Usage Percent        : 7.6875
2025-11-27 13:08:55,129 - INFO - Ram Peak Usage Bytes     : 4087259136.0000
2025-11-27 13:08:55,129 - INFO - Disk Read Bytes          : 0.0000
2025-11-27 13:08:55,129 - INFO - Disk Write Bytes         : 135168.0000
2025-11-27 13:08:55,129 - INFO - Vram Peak Usage Bytes    : 1746396276.0000
2025-11-27 13:08:55,129 - INFO - Gpu Power Watts Avg      : 270.8037
2025-11-27 13:08:55,129 - INFO - Gpu Power Watts Peak     : 311.4320
2025-11-27 13:08:55,129 - INFO - Gpu Temp Celsius Avg     : 65.7449
2025-11-27 13:08:55,129 - INFO - Gpu Temp Celsius Peak    : 69.0000
2025-11-27 13:08:55,129 - INFO - Gpu Utilization Percent Avg: 67.5000
2025-11-27 13:08:55,129 - INFO - Gpu Utilization Percent Peak: 84.0000
2025-11-27 13:08:55,129 - INFO - Gpu Mem Used Bytes Avg   : 22338011136.0000
2025-11-27 13:08:55,129 - INFO - Gpu Mem Used Bytes Peak  : 22338011136.0000
2025-11-27 13:08:55,129 - INFO - Gpu Vram Used Bytes      : 22338011136.0000
2025-11-27 13:08:55,129 - INFO - Accuracy                 : 0.1070
2025-11-27 13:08:55,129 - INFO - Precision                : 0.1210
2025-11-27 13:08:55,129 - INFO - Recall                   : 0.1070
2025-11-27 13:08:55,129 - INFO - F1 Score                 : 0.0795
2025-11-27 13:08:55,129 - INFO - ==================================================
2025-11-27 13:15:15,187 - INFO - Época 9 concluída. Loss média: 4.3888
2025-11-27 13:15:15,192 - INFO - Taxa de aprendizado ajustada para: 0.100000
2025-11-27 13:15:15,209 - INFO - Iniciando inferência com o modelo EfficientNetB7...
2025-11-27 13:15:25,041 - INFO - ==================================================
2025-11-27 13:15:25,041 - INFO - EXPERIMENT RESULTS
2025-11-27 13:15:25,041 - INFO - ==================================================
2025-11-27 13:15:25,041 - INFO - Elapsed Time Seconds     : 9.7836
2025-11-27 13:15:25,041 - INFO - Cpu Usage Percent        : 7.8438
2025-11-27 13:15:25,041 - INFO - Ram Peak Usage Bytes     : 4087783424.0000
2025-11-27 13:15:25,041 - INFO - Disk Read Bytes          : 0.0000
2025-11-27 13:15:25,041 - INFO - Disk Write Bytes         : 135168.0000
2025-11-27 13:15:25,041 - INFO - Vram Peak Usage Bytes    : 1746396276.0000
2025-11-27 13:15:25,041 - INFO - Gpu Power Watts Avg      : 270.1682
2025-11-27 13:15:25,041 - INFO - Gpu Power Watts Peak     : 311.0010
2025-11-27 13:15:25,041 - INFO - Gpu Temp Celsius Avg     : 66.0103
2025-11-27 13:15:25,041 - INFO - Gpu Temp Celsius Peak    : 69.0000
2025-11-27 13:15:25,041 - INFO - Gpu Utilization Percent Avg: 68.9794
2025-11-27 13:15:25,041 - INFO - Gpu Utilization Percent Peak: 84.0000
2025-11-27 13:15:25,041 - INFO - Gpu Mem Used Bytes Avg   : 22338011136.0000
2025-11-27 13:15:25,041 - INFO - Gpu Mem Used Bytes Peak  : 22338011136.0000
2025-11-27 13:15:25,041 - INFO - Gpu Vram Used Bytes      : 22338011136.0000
2025-11-27 13:15:25,042 - INFO - Accuracy                 : 0.1263
2025-11-27 13:15:25,042 - INFO - Precision                : 0.1437
2025-11-27 13:15:25,042 - INFO - Recall                   : 0.1263
2025-11-27 13:15:25,042 - INFO - F1 Score                 : 0.1025
2025-11-27 13:15:25,042 - INFO - ==================================================
2025-11-27 13:21:47,839 - INFO - Época 10 concluída. Loss média: 4.3489
2025-11-27 13:21:47,843 - INFO - Taxa de aprendizado ajustada para: 0.100000
2025-11-27 13:21:47,861 - INFO - Iniciando inferência com o modelo EfficientNetB7...
2025-11-27 13:21:57,800 - INFO - ==================================================
2025-11-27 13:21:57,800 - INFO - EXPERIMENT RESULTS
2025-11-27 13:21:57,800 - INFO - ==================================================
2025-11-27 13:21:57,800 - INFO - Elapsed Time Seconds     : 9.8902
2025-11-27 13:21:57,800 - INFO - Cpu Usage Percent        : 7.7562
2025-11-27 13:21:57,800 - INFO - Ram Peak Usage Bytes     : 4088745984.0000
2025-11-27 13:21:57,800 - INFO - Disk Read Bytes          : 0.0000
2025-11-27 13:21:57,800 - INFO - Disk Write Bytes         : 135168.0000
2025-11-27 13:21:57,800 - INFO - Vram Peak Usage Bytes    : 1746396276.0000
2025-11-27 13:21:57,801 - INFO - Gpu Power Watts Avg      : 265.9532
2025-11-27 13:21:57,801 - INFO - Gpu Power Watts Peak     : 310.5560
2025-11-27 13:21:57,801 - INFO - Gpu Temp Celsius Avg     : 65.6837
2025-11-27 13:21:57,801 - INFO - Gpu Temp Celsius Peak    : 69.0000
2025-11-27 13:21:57,801 - INFO - Gpu Utilization Percent Avg: 67.7653
2025-11-27 13:21:57,801 - INFO - Gpu Utilization Percent Peak: 84.0000
2025-11-27 13:21:57,801 - INFO - Gpu Mem Used Bytes Avg   : 22338011136.0000
2025-11-27 13:21:57,801 - INFO - Gpu Mem Used Bytes Peak  : 22338011136.0000
2025-11-27 13:21:57,801 - INFO - Gpu Vram Used Bytes      : 22338011136.0000
2025-11-27 13:21:57,801 - INFO - Accuracy                 : 0.1157
2025-11-27 13:21:57,801 - INFO - Precision                : 0.1452
2025-11-27 13:21:57,801 - INFO - Recall                   : 0.1157
2025-11-27 13:21:57,801 - INFO - F1 Score                 : 0.0910
2025-11-27 13:21:57,801 - INFO - ==================================================
2025-11-27 13:28:20,048 - INFO - Época 11 concluída. Loss média: 4.3148
2025-11-27 13:28:20,052 - INFO - Taxa de aprendizado ajustada para: 0.100000
2025-11-27 13:28:20,070 - INFO - Iniciando inferência com o modelo EfficientNetB7...
2025-11-27 13:28:30,233 - INFO - ==================================================
2025-11-27 13:28:30,233 - INFO - EXPERIMENT RESULTS
2025-11-27 13:28:30,233 - INFO - ==================================================
2025-11-27 13:28:30,233 - INFO - Elapsed Time Seconds     : 10.1147
2025-11-27 13:28:30,233 - INFO - Cpu Usage Percent        : 7.6625
2025-11-27 13:28:30,233 - INFO - Ram Peak Usage Bytes     : 4088852480.0000
2025-11-27 13:28:30,233 - INFO - Disk Read Bytes          : 0.0000
2025-11-27 13:28:30,233 - INFO - Disk Write Bytes         : 217088.0000
2025-11-27 13:28:30,233 - INFO - Vram Peak Usage Bytes    : 1746396276.0000
2025-11-27 13:28:30,234 - INFO - Gpu Power Watts Avg      : 258.2568
2025-11-27 13:28:30,234 - INFO - Gpu Power Watts Peak     : 304.7320
2025-11-27 13:28:30,234 - INFO - Gpu Temp Celsius Avg     : 64.8700
2025-11-27 13:28:30,234 - INFO - Gpu Temp Celsius Peak    : 68.0000
2025-11-27 13:28:30,234 - INFO - Gpu Utilization Percent Avg: 65.6200
2025-11-27 13:28:30,234 - INFO - Gpu Utilization Percent Peak: 83.0000
2025-11-27 13:28:30,234 - INFO - Gpu Mem Used Bytes Avg   : 22338011136.0000
2025-11-27 13:28:30,234 - INFO - Gpu Mem Used Bytes Peak  : 22338011136.0000
2025-11-27 13:28:30,234 - INFO - Gpu Vram Used Bytes      : 22338011136.0000
2025-11-27 13:28:30,234 - INFO - Accuracy                 : 0.1180
2025-11-27 13:28:30,234 - INFO - Precision                : 0.1412
2025-11-27 13:28:30,234 - INFO - Recall                   : 0.1180
2025-11-27 13:28:30,234 - INFO - F1 Score                 : 0.0970
2025-11-27 13:28:30,234 - INFO - ==================================================
2025-11-27 13:34:51,725 - INFO - Época 12 concluída. Loss média: 4.2903
2025-11-27 13:34:51,729 - INFO - Taxa de aprendizado ajustada para: 0.100000
2025-11-27 13:34:51,747 - INFO - Iniciando inferência com o modelo EfficientNetB7...
2025-11-27 13:35:01,771 - INFO - ==================================================
2025-11-27 13:35:01,772 - INFO - EXPERIMENT RESULTS
2025-11-27 13:35:01,772 - INFO - ==================================================
2025-11-27 13:35:01,772 - INFO - Elapsed Time Seconds     : 9.9757
2025-11-27 13:35:01,772 - INFO - Cpu Usage Percent        : 7.7687
2025-11-27 13:35:01,772 - INFO - Ram Peak Usage Bytes     : 4088983552.0000
2025-11-27 13:35:01,772 - INFO - Disk Read Bytes          : 0.0000
2025-11-27 13:35:01,772 - INFO - Disk Write Bytes         : 151552.0000
2025-11-27 13:35:01,772 - INFO - Vram Peak Usage Bytes    : 1746396276.0000
2025-11-27 13:35:01,772 - INFO - Gpu Power Watts Avg      : 256.6360
2025-11-27 13:35:01,772 - INFO - Gpu Power Watts Peak     : 299.4340
2025-11-27 13:35:01,772 - INFO - Gpu Temp Celsius Avg     : 65.8889
2025-11-27 13:35:01,772 - INFO - Gpu Temp Celsius Peak    : 69.0000
2025-11-27 13:35:01,772 - INFO - Gpu Utilization Percent Avg: 66.3434
2025-11-27 13:35:01,772 - INFO - Gpu Utilization Percent Peak: 83.0000
2025-11-27 13:35:01,772 - INFO - Gpu Mem Used Bytes Avg   : 22338011136.0000
2025-11-27 13:35:01,772 - INFO - Gpu Mem Used Bytes Peak  : 22338011136.0000
2025-11-27 13:35:01,772 - INFO - Gpu Vram Used Bytes      : 22338011136.0000
2025-11-27 13:35:01,772 - INFO - Accuracy                 : 0.1469
2025-11-27 13:35:01,772 - INFO - Precision                : 0.1706
2025-11-27 13:35:01,772 - INFO - Recall                   : 0.1469
2025-11-27 13:35:01,772 - INFO - F1 Score                 : 0.1163
2025-11-27 13:35:01,772 - INFO - ==================================================
2025-11-27 13:41:25,369 - INFO - Época 13 concluída. Loss média: 4.2669
2025-11-27 13:41:25,373 - INFO - Taxa de aprendizado ajustada para: 0.100000
2025-11-27 13:41:25,391 - INFO - Iniciando inferência com o modelo EfficientNetB7...
2025-11-27 13:41:35,401 - INFO - ==================================================
2025-11-27 13:41:35,402 - INFO - EXPERIMENT RESULTS
2025-11-27 13:41:35,402 - INFO - ==================================================
2025-11-27 13:41:35,402 - INFO - Elapsed Time Seconds     : 9.9625
2025-11-27 13:41:35,402 - INFO - Cpu Usage Percent        : 7.8812
2025-11-27 13:41:35,402 - INFO - Ram Peak Usage Bytes     : 4089528320.0000
2025-11-27 13:41:35,402 - INFO - Disk Read Bytes          : 0.0000
2025-11-27 13:41:35,402 - INFO - Disk Write Bytes         : 249856.0000
2025-11-27 13:41:35,402 - INFO - Vram Peak Usage Bytes    : 1746396276.0000
2025-11-27 13:41:35,402 - INFO - Gpu Power Watts Avg      : 256.5772
2025-11-27 13:41:35,402 - INFO - Gpu Power Watts Peak     : 296.9820
2025-11-27 13:41:35,402 - INFO - Gpu Temp Celsius Avg     : 64.8788
2025-11-27 13:41:35,402 - INFO - Gpu Temp Celsius Peak    : 68.0000
2025-11-27 13:41:35,402 - INFO - Gpu Utilization Percent Avg: 66.9899
2025-11-27 13:41:35,402 - INFO - Gpu Utilization Percent Peak: 83.0000
2025-11-27 13:41:35,402 - INFO - Gpu Mem Used Bytes Avg   : 22338011136.0000
2025-11-27 13:41:35,402 - INFO - Gpu Mem Used Bytes Peak  : 22338011136.0000
2025-11-27 13:41:35,402 - INFO - Gpu Vram Used Bytes      : 22338011136.0000
2025-11-27 13:41:35,402 - INFO - Accuracy                 : 0.1424
2025-11-27 13:41:35,402 - INFO - Precision                : 0.1738
2025-11-27 13:41:35,402 - INFO - Recall                   : 0.1424
2025-11-27 13:41:35,402 - INFO - F1 Score                 : 0.1146
2025-11-27 13:41:35,402 - INFO - ==================================================
2025-11-27 13:47:58,746 - INFO - Época 14 concluída. Loss média: 4.2422
2025-11-27 13:47:58,749 - INFO - Taxa de aprendizado ajustada para: 0.100000
2025-11-27 13:47:58,767 - INFO - Iniciando inferência com o modelo EfficientNetB7...
2025-11-27 13:48:09,211 - INFO - ==================================================
2025-11-27 13:48:09,212 - INFO - EXPERIMENT RESULTS
2025-11-27 13:48:09,212 - INFO - ==================================================
2025-11-27 13:48:09,212 - INFO - Elapsed Time Seconds     : 10.3973
2025-11-27 13:48:09,212 - INFO - Cpu Usage Percent        : 7.4000
2025-11-27 13:48:09,212 - INFO - Ram Peak Usage Bytes     : 4089819136.0000
2025-11-27 13:48:09,212 - INFO - Disk Read Bytes          : 0.0000
2025-11-27 13:48:09,212 - INFO - Disk Write Bytes         : 294912.0000
2025-11-27 13:48:09,212 - INFO - Vram Peak Usage Bytes    : 1746396276.0000
2025-11-27 13:48:09,212 - INFO - Gpu Power Watts Avg      : 246.0386
2025-11-27 13:48:09,212 - INFO - Gpu Power Watts Peak     : 302.1610
2025-11-27 13:48:09,212 - INFO - Gpu Temp Celsius Avg     : 64.6471
2025-11-27 13:48:09,212 - INFO - Gpu Temp Celsius Peak    : 68.0000
2025-11-27 13:48:09,212 - INFO - Gpu Utilization Percent Avg: 64.1667
2025-11-27 13:48:09,212 - INFO - Gpu Utilization Percent Peak: 85.0000
2025-11-27 13:48:09,212 - INFO - Gpu Mem Used Bytes Avg   : 22338011136.0000
2025-11-27 13:48:09,212 - INFO - Gpu Mem Used Bytes Peak  : 22338011136.0000
2025-11-27 13:48:09,212 - INFO - Gpu Vram Used Bytes      : 22338011136.0000
2025-11-27 13:48:09,212 - INFO - Accuracy                 : 0.1538
2025-11-27 13:48:09,212 - INFO - Precision                : 0.1749
2025-11-27 13:48:09,212 - INFO - Recall                   : 0.1538
2025-11-27 13:48:09,212 - INFO - F1 Score                 : 0.1241
2025-11-27 13:48:09,212 - INFO - ==================================================
2025-11-27 13:54:31,569 - INFO - Época 15 concluída. Loss média: 4.2255
2025-11-27 13:54:31,573 - INFO - Taxa de aprendizado ajustada para: 0.100000
2025-11-27 13:54:31,591 - INFO - Iniciando inferência com o modelo EfficientNetB7...
2025-11-27 13:54:41,627 - INFO - ==================================================
2025-11-27 13:54:41,627 - INFO - EXPERIMENT RESULTS
2025-11-27 13:54:41,627 - INFO - ==================================================
2025-11-27 13:54:41,627 - INFO - Elapsed Time Seconds     : 9.9874
2025-11-27 13:54:41,627 - INFO - Cpu Usage Percent        : 7.7750
2025-11-27 13:54:41,627 - INFO - Ram Peak Usage Bytes     : 4090241024.0000
2025-11-27 13:54:41,627 - INFO - Disk Read Bytes          : 0.0000
2025-11-27 13:54:41,627 - INFO - Disk Write Bytes         : 163840.0000
2025-11-27 13:54:41,627 - INFO - Vram Peak Usage Bytes    : 1746396276.0000
2025-11-27 13:54:41,627 - INFO - Gpu Power Watts Avg      : 251.9227
2025-11-27 13:54:41,627 - INFO - Gpu Power Watts Peak     : 294.5520
2025-11-27 13:54:41,627 - INFO - Gpu Temp Celsius Avg     : 64.5354
2025-11-27 13:54:41,627 - INFO - Gpu Temp Celsius Peak    : 68.0000
2025-11-27 13:54:41,627 - INFO - Gpu Utilization Percent Avg: 67.3737
2025-11-27 13:54:41,627 - INFO - Gpu Utilization Percent Peak: 84.0000
2025-11-27 13:54:41,627 - INFO - Gpu Mem Used Bytes Avg   : 22338011136.0000
2025-11-27 13:54:41,627 - INFO - Gpu Mem Used Bytes Peak  : 22338011136.0000
2025-11-27 13:54:41,627 - INFO - Gpu Vram Used Bytes      : 22338011136.0000
2025-11-27 13:54:41,628 - INFO - Accuracy                 : 0.1614
2025-11-27 13:54:41,628 - INFO - Precision                : 0.1911
2025-11-27 13:54:41,628 - INFO - Recall                   : 0.1614
2025-11-27 13:54:41,628 - INFO - F1 Score                 : 0.1321
2025-11-27 13:54:41,628 - INFO - ==================================================
2025-11-27 14:01:03,507 - INFO - Época 16 concluída. Loss média: 4.2116
2025-11-27 14:01:03,511 - INFO - Taxa de aprendizado ajustada para: 0.100000
2025-11-27 14:01:03,529 - INFO - Iniciando inferência com o modelo EfficientNetB7...
2025-11-27 14:01:13,542 - INFO - ==================================================
2025-11-27 14:01:13,543 - INFO - EXPERIMENT RESULTS
2025-11-27 14:01:13,543 - INFO - ==================================================
2025-11-27 14:01:13,543 - INFO - Elapsed Time Seconds     : 9.9653
2025-11-27 14:01:13,543 - INFO - Cpu Usage Percent        : 7.6437
2025-11-27 14:01:13,543 - INFO - Ram Peak Usage Bytes     : 4090949632.0000
2025-11-27 14:01:13,543 - INFO - Disk Read Bytes          : 0.0000
2025-11-27 14:01:13,543 - INFO - Disk Write Bytes         : 151552.0000
2025-11-27 14:01:13,543 - INFO - Vram Peak Usage Bytes    : 1746396276.0000
2025-11-27 14:01:13,543 - INFO - Gpu Power Watts Avg      : 250.4812
2025-11-27 14:01:13,543 - INFO - Gpu Power Watts Peak     : 291.1180
2025-11-27 14:01:13,543 - INFO - Gpu Temp Celsius Avg     : 64.6162
2025-11-27 14:01:13,543 - INFO - Gpu Temp Celsius Peak    : 68.0000
2025-11-27 14:01:13,543 - INFO - Gpu Utilization Percent Avg: 66.9899
2025-11-27 14:01:13,543 - INFO - Gpu Utilization Percent Peak: 83.0000
2025-11-27 14:01:13,543 - INFO - Gpu Mem Used Bytes Avg   : 22338011136.0000
2025-11-27 14:01:13,543 - INFO - Gpu Mem Used Bytes Peak  : 22338011136.0000
2025-11-27 14:01:13,543 - INFO - Gpu Vram Used Bytes      : 22338011136.0000
2025-11-27 14:01:13,543 - INFO - Accuracy                 : 0.1386
2025-11-27 14:01:13,543 - INFO - Precision                : 0.1765
2025-11-27 14:01:13,543 - INFO - Recall                   : 0.1386
2025-11-27 14:01:13,543 - INFO - F1 Score                 : 0.1082
2025-11-27 14:01:13,543 - INFO - ==================================================
2025-11-27 14:07:32,386 - INFO - Época 17 concluída. Loss média: 4.1984
2025-11-27 14:07:32,390 - INFO - Taxa de aprendizado ajustada para: 0.100000
2025-11-27 14:07:32,408 - INFO - Iniciando inferência com o modelo EfficientNetB7...
2025-11-27 14:07:42,243 - INFO - ==================================================
2025-11-27 14:07:42,243 - INFO - EXPERIMENT RESULTS
2025-11-27 14:07:42,243 - INFO - ==================================================
2025-11-27 14:07:42,243 - INFO - Elapsed Time Seconds     : 9.7865
2025-11-27 14:07:42,243 - INFO - Cpu Usage Percent        : 7.7188
2025-11-27 14:07:42,243 - INFO - Ram Peak Usage Bytes     : 4091293696.0000
2025-11-27 14:07:42,243 - INFO - Disk Read Bytes          : 0.0000
2025-11-27 14:07:42,243 - INFO - Disk Write Bytes         : 135168.0000
2025-11-27 14:07:42,243 - INFO - Vram Peak Usage Bytes    : 1746396276.0000
2025-11-27 14:07:42,243 - INFO - Gpu Power Watts Avg      : 252.2154
2025-11-27 14:07:42,243 - INFO - Gpu Power Watts Peak     : 295.5010
2025-11-27 14:07:42,243 - INFO - Gpu Temp Celsius Avg     : 64.4639
2025-11-27 14:07:42,244 - INFO - Gpu Temp Celsius Peak    : 67.0000
2025-11-27 14:07:42,244 - INFO - Gpu Utilization Percent Avg: 68.2887
2025-11-27 14:07:42,244 - INFO - Gpu Utilization Percent Peak: 85.0000
2025-11-27 14:07:42,244 - INFO - Gpu Mem Used Bytes Avg   : 22338011136.0000
2025-11-27 14:07:42,244 - INFO - Gpu Mem Used Bytes Peak  : 22338011136.0000
2025-11-27 14:07:42,244 - INFO - Gpu Vram Used Bytes      : 22338011136.0000
2025-11-27 14:07:42,244 - INFO - Accuracy                 : 0.1328
2025-11-27 14:07:42,244 - INFO - Precision                : 0.1548
2025-11-27 14:07:42,244 - INFO - Recall                   : 0.1328
2025-11-27 14:07:42,244 - INFO - F1 Score                 : 0.1070
2025-11-27 14:07:42,244 - INFO - ==================================================
2025-11-27 14:14:02,887 - INFO - Época 18 concluída. Loss média: 4.1865
2025-11-27 14:14:02,891 - INFO - Taxa de aprendizado ajustada para: 0.100000
2025-11-27 14:14:02,909 - INFO - Iniciando inferência com o modelo EfficientNetB7...
2025-11-27 14:14:12,932 - INFO - ==================================================
2025-11-27 14:14:12,932 - INFO - EXPERIMENT RESULTS
2025-11-27 14:14:12,932 - INFO - ==================================================
2025-11-27 14:14:12,932 - INFO - Elapsed Time Seconds     : 9.9747
2025-11-27 14:14:12,932 - INFO - Cpu Usage Percent        : 7.7938
2025-11-27 14:14:12,932 - INFO - Ram Peak Usage Bytes     : 4092223488.0000
2025-11-27 14:14:12,933 - INFO - Disk Read Bytes          : 0.0000
2025-11-27 14:14:12,933 - INFO - Disk Write Bytes         : 151552.0000
2025-11-27 14:14:12,933 - INFO - Vram Peak Usage Bytes    : 1746396276.0000
2025-11-27 14:14:12,933 - INFO - Gpu Power Watts Avg      : 250.9320
2025-11-27 14:14:12,933 - INFO - Gpu Power Watts Peak     : 292.3420
2025-11-27 14:14:12,933 - INFO - Gpu Temp Celsius Avg     : 64.0707
2025-11-27 14:14:12,933 - INFO - Gpu Temp Celsius Peak    : 67.0000
2025-11-27 14:14:12,933 - INFO - Gpu Utilization Percent Avg: 66.8990
2025-11-27 14:14:12,933 - INFO - Gpu Utilization Percent Peak: 84.0000
2025-11-27 14:14:12,933 - INFO - Gpu Mem Used Bytes Avg   : 22338011136.0000
2025-11-27 14:14:12,933 - INFO - Gpu Mem Used Bytes Peak  : 22338011136.0000
2025-11-27 14:14:12,933 - INFO - Gpu Vram Used Bytes      : 22338011136.0000
2025-11-27 14:14:12,933 - INFO - Accuracy                 : 0.1540
2025-11-27 14:14:12,933 - INFO - Precision                : 0.2002
2025-11-27 14:14:12,933 - INFO - Recall                   : 0.1540
2025-11-27 14:14:12,933 - INFO - F1 Score                 : 0.1331
2025-11-27 14:14:12,933 - INFO - ==================================================
2025-11-27 14:20:33,652 - INFO - Época 19 concluída. Loss média: 4.1750
2025-11-27 14:20:33,656 - INFO - Taxa de aprendizado ajustada para: 0.100000
2025-11-27 14:20:33,674 - INFO - Iniciando inferência com o modelo EfficientNetB7...
2025-11-27 14:20:43,814 - INFO - ==================================================
2025-11-27 14:20:43,814 - INFO - EXPERIMENT RESULTS
2025-11-27 14:20:43,814 - INFO - ==================================================
2025-11-27 14:20:43,814 - INFO - Elapsed Time Seconds     : 10.0910
2025-11-27 14:20:43,814 - INFO - Cpu Usage Percent        : 7.8125
2025-11-27 14:20:43,814 - INFO - Ram Peak Usage Bytes     : 4092698624.0000
2025-11-27 14:20:43,814 - INFO - Disk Read Bytes          : 0.0000
2025-11-27 14:20:43,814 - INFO - Disk Write Bytes         : 135168.0000
2025-11-27 14:20:43,814 - INFO - Vram Peak Usage Bytes    : 1746396276.0000
2025-11-27 14:20:43,814 - INFO - Gpu Power Watts Avg      : 243.9604
2025-11-27 14:20:43,814 - INFO - Gpu Power Watts Peak     : 287.8540
2025-11-27 14:20:43,815 - INFO - Gpu Temp Celsius Avg     : 64.1400
2025-11-27 14:20:43,815 - INFO - Gpu Temp Celsius Peak    : 67.0000
2025-11-27 14:20:43,815 - INFO - Gpu Utilization Percent Avg: 68.1600
2025-11-27 14:20:43,815 - INFO - Gpu Utilization Percent Peak: 85.0000
2025-11-27 14:20:43,815 - INFO - Gpu Mem Used Bytes Avg   : 22338011136.0000
2025-11-27 14:20:43,815 - INFO - Gpu Mem Used Bytes Peak  : 22338011136.0000
2025-11-27 14:20:43,815 - INFO - Gpu Vram Used Bytes      : 22338011136.0000
2025-11-27 14:20:43,815 - INFO - Accuracy                 : 0.1782
2025-11-27 14:20:43,815 - INFO - Precision                : 0.1961
2025-11-27 14:20:43,815 - INFO - Recall                   : 0.1782
2025-11-27 14:20:43,815 - INFO - F1 Score                 : 0.1455
2025-11-27 14:20:43,815 - INFO - ==================================================
2025-11-27 14:27:04,080 - INFO - Época 20 concluída. Loss média: 4.1576
2025-11-27 14:27:04,084 - INFO - Taxa de aprendizado ajustada para: 0.100000
2025-11-27 14:27:04,101 - INFO - Iniciando inferência com o modelo EfficientNetB7...
2025-11-27 14:27:14,338 - INFO - ==================================================
2025-11-27 14:27:14,338 - INFO - EXPERIMENT RESULTS
2025-11-27 14:27:14,338 - INFO - ==================================================
2025-11-27 14:27:14,338 - INFO - Elapsed Time Seconds     : 10.1877
2025-11-27 14:27:14,338 - INFO - Cpu Usage Percent        : 7.7812
2025-11-27 14:27:14,338 - INFO - Ram Peak Usage Bytes     : 4092817408.0000
2025-11-27 14:27:14,338 - INFO - Disk Read Bytes          : 0.0000
2025-11-27 14:27:14,338 - INFO - Disk Write Bytes         : 151552.0000
2025-11-27 14:27:14,338 - INFO - Vram Peak Usage Bytes    : 1746396276.0000
2025-11-27 14:27:14,339 - INFO - Gpu Power Watts Avg      : 244.8068
2025-11-27 14:27:14,339 - INFO - Gpu Power Watts Peak     : 289.9620
2025-11-27 14:27:14,339 - INFO - Gpu Temp Celsius Avg     : 64.3069
2025-11-27 14:27:14,339 - INFO - Gpu Temp Celsius Peak    : 67.0000
2025-11-27 14:27:14,339 - INFO - Gpu Utilization Percent Avg: 66.3267
2025-11-27 14:27:14,339 - INFO - Gpu Utilization Percent Peak: 85.0000
2025-11-27 14:27:14,339 - INFO - Gpu Mem Used Bytes Avg   : 22338011136.0000
2025-11-27 14:27:14,339 - INFO - Gpu Mem Used Bytes Peak  : 22338011136.0000
2025-11-27 14:27:14,339 - INFO - Gpu Vram Used Bytes      : 22338011136.0000
2025-11-27 14:27:14,339 - INFO - Accuracy                 : 0.1709
2025-11-27 14:27:14,339 - INFO - Precision                : 0.1839
2025-11-27 14:27:14,339 - INFO - Recall                   : 0.1709
2025-11-27 14:27:14,339 - INFO - F1 Score                 : 0.1394
2025-11-27 14:27:14,339 - INFO - ==================================================
2025-11-27 14:33:33,978 - INFO - Época 21 concluída. Loss média: 4.1508
2025-11-27 14:33:33,979 - INFO - Taxa de aprendizado ajustada para: 0.100000
2025-11-27 14:33:33,996 - INFO - Iniciando inferência com o modelo EfficientNetB7...
2025-11-27 14:33:44,655 - INFO - ==================================================
2025-11-27 14:33:44,655 - INFO - EXPERIMENT RESULTS
2025-11-27 14:33:44,655 - INFO - ==================================================
2025-11-27 14:33:44,655 - INFO - Elapsed Time Seconds     : 10.6097
2025-11-27 14:33:44,655 - INFO - Cpu Usage Percent        : 7.5438
2025-11-27 14:33:44,655 - INFO - Ram Peak Usage Bytes     : 4093079552.0000
2025-11-27 14:33:44,655 - INFO - Disk Read Bytes          : 0.0000
2025-11-27 14:33:44,655 - INFO - Disk Write Bytes         : 278528.0000
2025-11-27 14:33:44,655 - INFO - Vram Peak Usage Bytes    : 1746396276.0000
2025-11-27 14:33:44,655 - INFO - Gpu Power Watts Avg      : 236.7712
2025-11-27 14:33:44,655 - INFO - Gpu Power Watts Peak     : 287.3470
2025-11-27 14:33:44,655 - INFO - Gpu Temp Celsius Avg     : 63.8381
2025-11-27 14:33:44,655 - INFO - Gpu Temp Celsius Peak    : 67.0000
2025-11-27 14:33:44,655 - INFO - Gpu Utilization Percent Avg: 63.4571
2025-11-27 14:33:44,655 - INFO - Gpu Utilization Percent Peak: 85.0000
2025-11-27 14:33:44,655 - INFO - Gpu Mem Used Bytes Avg   : 22338011136.0000
2025-11-27 14:33:44,656 - INFO - Gpu Mem Used Bytes Peak  : 22338011136.0000
2025-11-27 14:33:44,656 - INFO - Gpu Vram Used Bytes      : 22338011136.0000
2025-11-27 14:33:44,656 - INFO - Accuracy                 : 0.1611
2025-11-27 14:33:44,656 - INFO - Precision                : 0.2152
2025-11-27 14:33:44,656 - INFO - Recall                   : 0.1611
2025-11-27 14:33:44,656 - INFO - F1 Score                 : 0.1372
2025-11-27 14:33:44,656 - INFO - ==================================================
2025-11-27 14:40:06,207 - INFO - Época 22 concluída. Loss média: 4.1453
2025-11-27 14:40:06,207 - INFO - Taxa de aprendizado ajustada para: 0.100000
2025-11-27 14:40:06,225 - INFO - Iniciando inferência com o modelo EfficientNetB7...
2025-11-27 14:40:16,067 - INFO - ==================================================
2025-11-27 14:40:16,067 - INFO - EXPERIMENT RESULTS
2025-11-27 14:40:16,067 - INFO - ==================================================
2025-11-27 14:40:16,067 - INFO - Elapsed Time Seconds     : 9.7926
2025-11-27 14:40:16,067 - INFO - Cpu Usage Percent        : 7.8000
2025-11-27 14:40:16,068 - INFO - Ram Peak Usage Bytes     : 4093358080.0000
2025-11-27 14:40:16,068 - INFO - Disk Read Bytes          : 0.0000
2025-11-27 14:40:16,068 - INFO - Disk Write Bytes         : 151552.0000
2025-11-27 14:40:16,068 - INFO - Vram Peak Usage Bytes    : 1746396276.0000
2025-11-27 14:40:16,068 - INFO - Gpu Power Watts Avg      : 248.6865
2025-11-27 14:40:16,068 - INFO - Gpu Power Watts Peak     : 287.5960
2025-11-27 14:40:16,068 - INFO - Gpu Temp Celsius Avg     : 64.5155
2025-11-27 14:40:16,068 - INFO - Gpu Temp Celsius Peak    : 67.0000
2025-11-27 14:40:16,068 - INFO - Gpu Utilization Percent Avg: 69.5670
2025-11-27 14:40:16,068 - INFO - Gpu Utilization Percent Peak: 84.0000
2025-11-27 14:40:16,068 - INFO - Gpu Mem Used Bytes Avg   : 22338011136.0000
2025-11-27 14:40:16,068 - INFO - Gpu Mem Used Bytes Peak  : 22338011136.0000
2025-11-27 14:40:16,068 - INFO - Gpu Vram Used Bytes      : 22338011136.0000
2025-11-27 14:40:16,068 - INFO - Accuracy                 : 0.1692
2025-11-27 14:40:16,068 - INFO - Precision                : 0.2237
2025-11-27 14:40:16,068 - INFO - Recall                   : 0.1692
2025-11-27 14:40:16,068 - INFO - F1 Score                 : 0.1435
2025-11-27 14:40:16,069 - INFO - ==================================================
2025-11-27 14:46:37,504 - INFO - Época 23 concluída. Loss média: 4.1295
2025-11-27 14:46:37,504 - INFO - Taxa de aprendizado ajustada para: 0.100000
2025-11-27 14:46:37,522 - INFO - Iniciando inferência com o modelo EfficientNetB7...
2025-11-27 14:46:47,240 - INFO - ==================================================
2025-11-27 14:46:47,240 - INFO - EXPERIMENT RESULTS
2025-11-27 14:46:47,240 - INFO - ==================================================
2025-11-27 14:46:47,240 - INFO - Elapsed Time Seconds     : 9.6691
2025-11-27 14:46:47,240 - INFO - Cpu Usage Percent        : 7.8750
2025-11-27 14:46:47,240 - INFO - Ram Peak Usage Bytes     : 4094570496.0000
2025-11-27 14:46:47,240 - INFO - Disk Read Bytes          : 0.0000
2025-11-27 14:46:47,241 - INFO - Disk Write Bytes         : 278528.0000
2025-11-27 14:46:47,241 - INFO - Vram Peak Usage Bytes    : 1746396276.0000
2025-11-27 14:46:47,241 - INFO - Gpu Power Watts Avg      : 251.0326
2025-11-27 14:46:47,241 - INFO - Gpu Power Watts Peak     : 288.8040
2025-11-27 14:46:47,241 - INFO - Gpu Temp Celsius Avg     : 64.5729
2025-11-27 14:46:47,241 - INFO - Gpu Temp Celsius Peak    : 67.0000
2025-11-27 14:46:47,241 - INFO - Gpu Utilization Percent Avg: 69.1146
2025-11-27 14:46:47,241 - INFO - Gpu Utilization Percent Peak: 86.0000
2025-11-27 14:46:47,241 - INFO - Gpu Mem Used Bytes Avg   : 22338011136.0000
2025-11-27 14:46:47,241 - INFO - Gpu Mem Used Bytes Peak  : 22338011136.0000
2025-11-27 14:46:47,241 - INFO - Gpu Vram Used Bytes      : 22338011136.0000
2025-11-27 14:46:47,241 - INFO - Accuracy                 : 0.1700
2025-11-27 14:46:47,241 - INFO - Precision                : 0.1803
2025-11-27 14:46:47,241 - INFO - Recall                   : 0.1700
2025-11-27 14:46:47,241 - INFO - F1 Score                 : 0.1406
2025-11-27 14:46:47,241 - INFO - ==================================================
2025-11-27 14:53:06,994 - INFO - Época 24 concluída. Loss média: 4.1284
2025-11-27 14:53:06,994 - INFO - Taxa de aprendizado ajustada para: 0.100000
2025-11-27 14:53:07,012 - INFO - Iniciando inferência com o modelo EfficientNetB7...
2025-11-27 14:53:16,763 - INFO - ==================================================
2025-11-27 14:53:16,763 - INFO - EXPERIMENT RESULTS
2025-11-27 14:53:16,763 - INFO - ==================================================
2025-11-27 14:53:16,763 - INFO - Elapsed Time Seconds     : 9.7025
2025-11-27 14:53:16,763 - INFO - Cpu Usage Percent        : 7.9250
2025-11-27 14:53:16,763 - INFO - Ram Peak Usage Bytes     : 4094631936.0000
2025-11-27 14:53:16,763 - INFO - Disk Read Bytes          : 0.0000
2025-11-27 14:53:16,763 - INFO - Disk Write Bytes         : 151552.0000
2025-11-27 14:53:16,763 - INFO - Vram Peak Usage Bytes    : 1746396276.0000
2025-11-27 14:53:16,764 - INFO - Gpu Power Watts Avg      : 247.9043
2025-11-27 14:53:16,764 - INFO - Gpu Power Watts Peak     : 290.5160
2025-11-27 14:53:16,764 - INFO - Gpu Temp Celsius Avg     : 64.6979
2025-11-27 14:53:16,764 - INFO - Gpu Temp Celsius Peak    : 68.0000
2025-11-27 14:53:16,764 - INFO - Gpu Utilization Percent Avg: 69.5938
2025-11-27 14:53:16,764 - INFO - Gpu Utilization Percent Peak: 85.0000
2025-11-27 14:53:16,764 - INFO - Gpu Mem Used Bytes Avg   : 22338011136.0000
2025-11-27 14:53:16,764 - INFO - Gpu Mem Used Bytes Peak  : 22338011136.0000
2025-11-27 14:53:16,764 - INFO - Gpu Vram Used Bytes      : 22338011136.0000
2025-11-27 14:53:16,764 - INFO - Accuracy                 : 0.1592
2025-11-27 14:53:16,764 - INFO - Precision                : 0.2082
2025-11-27 14:53:16,764 - INFO - Recall                   : 0.1592
2025-11-27 14:53:16,764 - INFO - F1 Score                 : 0.1363
2025-11-27 14:53:16,764 - INFO - ==================================================
2025-11-27 14:59:37,503 - INFO - Época 25 concluída. Loss média: 4.1267
2025-11-27 14:59:37,503 - INFO - Taxa de aprendizado ajustada para: 0.100000
2025-11-27 14:59:37,521 - INFO - Iniciando inferência com o modelo EfficientNetB7...
2025-11-27 14:59:47,247 - INFO - ==================================================
2025-11-27 14:59:47,248 - INFO - EXPERIMENT RESULTS
2025-11-27 14:59:47,248 - INFO - ==================================================
2025-11-27 14:59:47,248 - INFO - Elapsed Time Seconds     : 9.6643
2025-11-27 14:59:47,248 - INFO - Cpu Usage Percent        : 7.9875
2025-11-27 14:59:47,248 - INFO - Ram Peak Usage Bytes     : 4094918656.0000
2025-11-27 14:59:47,248 - INFO - Disk Read Bytes          : 0.0000
2025-11-27 14:59:47,248 - INFO - Disk Write Bytes         : 143360.0000
2025-11-27 14:59:47,248 - INFO - Vram Peak Usage Bytes    : 1746396276.0000
2025-11-27 14:59:47,248 - INFO - Gpu Power Watts Avg      : 250.6586
2025-11-27 14:59:47,248 - INFO - Gpu Power Watts Peak     : 288.1400
2025-11-27 14:59:47,248 - INFO - Gpu Temp Celsius Avg     : 64.6354
2025-11-27 14:59:47,248 - INFO - Gpu Temp Celsius Peak    : 68.0000
2025-11-27 14:59:47,248 - INFO - Gpu Utilization Percent Avg: 69.3333
2025-11-27 14:59:47,248 - INFO - Gpu Utilization Percent Peak: 85.0000
2025-11-27 14:59:47,248 - INFO - Gpu Mem Used Bytes Avg   : 22338011136.0000
2025-11-27 14:59:47,248 - INFO - Gpu Mem Used Bytes Peak  : 22338011136.0000
2025-11-27 14:59:47,248 - INFO - Gpu Vram Used Bytes      : 22338011136.0000
2025-11-27 14:59:47,248 - INFO - Accuracy                 : 0.1688
2025-11-27 14:59:47,248 - INFO - Precision                : 0.2154
2025-11-27 14:59:47,248 - INFO - Recall                   : 0.1688
2025-11-27 14:59:47,248 - INFO - F1 Score                 : 0.1409
2025-11-27 14:59:47,248 - INFO - ==================================================
2025-11-27 15:06:06,758 - INFO - Época 26 concluída. Loss média: 4.1175
2025-11-27 15:06:06,758 - INFO - Taxa de aprendizado ajustada para: 0.100000
2025-11-27 15:06:06,776 - INFO - Iniciando inferência com o modelo EfficientNetB7...
2025-11-27 15:06:16,488 - INFO - ==================================================
2025-11-27 15:06:16,488 - INFO - EXPERIMENT RESULTS
2025-11-27 15:06:16,488 - INFO - ==================================================
2025-11-27 15:06:16,489 - INFO - Elapsed Time Seconds     : 9.6634
2025-11-27 15:06:16,489 - INFO - Cpu Usage Percent        : 7.9375
2025-11-27 15:06:16,489 - INFO - Ram Peak Usage Bytes     : 4096815104.0000
2025-11-27 15:06:16,489 - INFO - Disk Read Bytes          : 0.0000
2025-11-27 15:06:16,489 - INFO - Disk Write Bytes         : 151552.0000
2025-11-27 15:06:16,489 - INFO - Vram Peak Usage Bytes    : 1746396276.0000
2025-11-27 15:06:16,489 - INFO - Gpu Power Watts Avg      : 249.2660
2025-11-27 15:06:16,489 - INFO - Gpu Power Watts Peak     : 290.5330
2025-11-27 15:06:16,489 - INFO - Gpu Temp Celsius Avg     : 64.3021
2025-11-27 15:06:16,489 - INFO - Gpu Temp Celsius Peak    : 67.0000
2025-11-27 15:06:16,489 - INFO - Gpu Utilization Percent Avg: 69.9271
2025-11-27 15:06:16,489 - INFO - Gpu Utilization Percent Peak: 86.0000
2025-11-27 15:06:16,489 - INFO - Gpu Mem Used Bytes Avg   : 22338011136.0000
2025-11-27 15:06:16,489 - INFO - Gpu Mem Used Bytes Peak  : 22338011136.0000
2025-11-27 15:06:16,489 - INFO - Gpu Vram Used Bytes      : 22338011136.0000
2025-11-27 15:06:16,489 - INFO - Accuracy                 : 0.1555
2025-11-27 15:06:16,489 - INFO - Precision                : 0.1910
2025-11-27 15:06:16,489 - INFO - Recall                   : 0.1555
2025-11-27 15:06:16,489 - INFO - F1 Score                 : 0.1291
2025-11-27 15:06:16,489 - INFO - ==================================================
2025-11-27 15:12:36,578 - INFO - Época 27 concluída. Loss média: 4.1137
2025-11-27 15:12:36,579 - INFO - Taxa de aprendizado ajustada para: 0.100000
2025-11-27 15:12:36,596 - INFO - Iniciando inferência com o modelo EfficientNetB7...
2025-11-27 15:12:46,737 - INFO - ==================================================
2025-11-27 15:12:46,737 - INFO - EXPERIMENT RESULTS
2025-11-27 15:12:46,737 - INFO - ==================================================
2025-11-27 15:12:46,737 - INFO - Elapsed Time Seconds     : 10.0910
2025-11-27 15:12:46,737 - INFO - Cpu Usage Percent        : 7.7812
2025-11-27 15:12:46,737 - INFO - Ram Peak Usage Bytes     : 4097380352.0000
2025-11-27 15:12:46,737 - INFO - Disk Read Bytes          : 0.0000
2025-11-27 15:12:46,737 - INFO - Disk Write Bytes         : 135168.0000
2025-11-27 15:12:46,737 - INFO - Vram Peak Usage Bytes    : 1746396276.0000
2025-11-27 15:12:46,737 - INFO - Gpu Power Watts Avg      : 241.6651
2025-11-27 15:12:46,737 - INFO - Gpu Power Watts Peak     : 286.3350
2025-11-27 15:12:46,737 - INFO - Gpu Temp Celsius Avg     : 64.1500
2025-11-27 15:12:46,737 - INFO - Gpu Temp Celsius Peak    : 67.0000
2025-11-27 15:12:46,738 - INFO - Gpu Utilization Percent Avg: 66.5900
2025-11-27 15:12:46,738 - INFO - Gpu Utilization Percent Peak: 85.0000
2025-11-27 15:12:46,738 - INFO - Gpu Mem Used Bytes Avg   : 22338011136.0000
2025-11-27 15:12:46,738 - INFO - Gpu Mem Used Bytes Peak  : 22338011136.0000
2025-11-27 15:12:46,738 - INFO - Gpu Vram Used Bytes      : 22338011136.0000
2025-11-27 15:12:46,738 - INFO - Accuracy                 : 0.1748
2025-11-27 15:12:46,738 - INFO - Precision                : 0.2266
2025-11-27 15:12:46,738 - INFO - Recall                   : 0.1748
2025-11-27 15:12:46,738 - INFO - F1 Score                 : 0.1523
2025-11-27 15:12:46,738 - INFO - ==================================================
2025-11-27 15:19:05,711 - INFO - Época 28 concluída. Loss média: 4.1111
2025-11-27 15:19:05,712 - INFO - Taxa de aprendizado ajustada para: 0.100000
2025-11-27 15:19:05,730 - INFO - Iniciando inferência com o modelo EfficientNetB7...
2025-11-27 15:19:15,472 - INFO - ==================================================
2025-11-27 15:19:15,472 - INFO - EXPERIMENT RESULTS
2025-11-27 15:19:15,472 - INFO - ==================================================
2025-11-27 15:19:15,473 - INFO - Elapsed Time Seconds     : 9.6933
2025-11-27 15:19:15,473 - INFO - Cpu Usage Percent        : 7.8187
2025-11-27 15:19:15,473 - INFO - Ram Peak Usage Bytes     : 4097462272.0000
2025-11-27 15:19:15,473 - INFO - Disk Read Bytes          : 0.0000
2025-11-27 15:19:15,473 - INFO - Disk Write Bytes         : 151552.0000
2025-11-27 15:19:15,473 - INFO - Vram Peak Usage Bytes    : 1746396276.0000
2025-11-27 15:19:15,473 - INFO - Gpu Power Watts Avg      : 248.3137
2025-11-27 15:19:15,473 - INFO - Gpu Power Watts Peak     : 291.3080
2025-11-27 15:19:15,473 - INFO - Gpu Temp Celsius Avg     : 64.1250
2025-11-27 15:19:15,473 - INFO - Gpu Temp Celsius Peak    : 67.0000
2025-11-27 15:19:15,473 - INFO - Gpu Utilization Percent Avg: 70.0833
2025-11-27 15:19:15,473 - INFO - Gpu Utilization Percent Peak: 86.0000
2025-11-27 15:19:15,473 - INFO - Gpu Mem Used Bytes Avg   : 22338011136.0000
2025-11-27 15:19:15,473 - INFO - Gpu Mem Used Bytes Peak  : 22338011136.0000
2025-11-27 15:19:15,473 - INFO - Gpu Vram Used Bytes      : 22338011136.0000
2025-11-27 15:19:15,473 - INFO - Accuracy                 : 0.1757
2025-11-27 15:19:15,473 - INFO - Precision                : 0.2238
2025-11-27 15:19:15,473 - INFO - Recall                   : 0.1757
2025-11-27 15:19:15,473 - INFO - F1 Score                 : 0.1539
2025-11-27 15:19:15,473 - INFO - ==================================================
2025-11-27 15:25:33,854 - INFO - Época 29 concluída. Loss média: 4.1044
2025-11-27 15:25:33,855 - INFO - Taxa de aprendizado ajustada para: 0.100000
2025-11-27 15:25:33,873 - INFO - Iniciando inferência com o modelo EfficientNetB7...
2025-11-27 15:25:43,809 - INFO - ==================================================
2025-11-27 15:25:43,809 - INFO - EXPERIMENT RESULTS
2025-11-27 15:25:43,809 - INFO - ==================================================
2025-11-27 15:25:43,809 - INFO - Elapsed Time Seconds     : 9.8874
2025-11-27 15:25:43,809 - INFO - Cpu Usage Percent        : 7.9125
2025-11-27 15:25:43,809 - INFO - Ram Peak Usage Bytes     : 4097732608.0000
2025-11-27 15:25:43,809 - INFO - Disk Read Bytes          : 0.0000
2025-11-27 15:25:43,809 - INFO - Disk Write Bytes         : 135168.0000
2025-11-27 15:25:43,809 - INFO - Vram Peak Usage Bytes    : 1746396276.0000
2025-11-27 15:25:43,809 - INFO - Gpu Power Watts Avg      : 244.3940
2025-11-27 15:25:43,809 - INFO - Gpu Power Watts Peak     : 285.5180
2025-11-27 15:25:43,810 - INFO - Gpu Temp Celsius Avg     : 64.3061
2025-11-27 15:25:43,810 - INFO - Gpu Temp Celsius Peak    : 67.0000
2025-11-27 15:25:43,810 - INFO - Gpu Utilization Percent Avg: 68.2143
2025-11-27 15:25:43,810 - INFO - Gpu Utilization Percent Peak: 85.0000
2025-11-27 15:25:43,810 - INFO - Gpu Mem Used Bytes Avg   : 22338011136.0000
2025-11-27 15:25:43,810 - INFO - Gpu Mem Used Bytes Peak  : 22338011136.0000
2025-11-27 15:25:43,810 - INFO - Gpu Vram Used Bytes      : 22338011136.0000
2025-11-27 15:25:43,810 - INFO - Accuracy                 : 0.1473
2025-11-27 15:25:43,810 - INFO - Precision                : 0.2189
2025-11-27 15:25:43,810 - INFO - Recall                   : 0.1473
2025-11-27 15:25:43,810 - INFO - F1 Score                 : 0.1320
2025-11-27 15:25:43,810 - INFO - ==================================================
2025-11-27 15:32:03,674 - INFO - Época 30 concluída. Loss média: 4.0975
2025-11-27 15:32:03,674 - INFO - Taxa de aprendizado ajustada para: 0.010000
2025-11-27 15:32:03,692 - INFO - Iniciando inferência com o modelo EfficientNetB7...
2025-11-27 15:32:13,551 - INFO - ==================================================
2025-11-27 15:32:13,551 - INFO - EXPERIMENT RESULTS
2025-11-27 15:32:13,551 - INFO - ==================================================
2025-11-27 15:32:13,552 - INFO - Elapsed Time Seconds     : 9.8065
2025-11-27 15:32:13,552 - INFO - Cpu Usage Percent        : 7.8688
2025-11-27 15:32:13,552 - INFO - Ram Peak Usage Bytes     : 4097986560.0000
2025-11-27 15:32:13,552 - INFO - Disk Read Bytes          : 0.0000
2025-11-27 15:32:13,552 - INFO - Disk Write Bytes         : 229376.0000
2025-11-27 15:32:13,552 - INFO - Vram Peak Usage Bytes    : 1746396276.0000
2025-11-27 15:32:13,552 - INFO - Gpu Power Watts Avg      : 248.0217
2025-11-27 15:32:13,552 - INFO - Gpu Power Watts Peak     : 289.4840
2025-11-27 15:32:13,552 - INFO - Gpu Temp Celsius Avg     : 64.3299
2025-11-27 15:32:13,552 - INFO - Gpu Temp Celsius Peak    : 67.0000
2025-11-27 15:32:13,552 - INFO - Gpu Utilization Percent Avg: 68.7526
2025-11-27 15:32:13,552 - INFO - Gpu Utilization Percent Peak: 85.0000
2025-11-27 15:32:13,552 - INFO - Gpu Mem Used Bytes Avg   : 22338011136.0000
2025-11-27 15:32:13,552 - INFO - Gpu Mem Used Bytes Peak  : 22338011136.0000
2025-11-27 15:32:13,552 - INFO - Gpu Vram Used Bytes      : 22338011136.0000
2025-11-27 15:32:13,552 - INFO - Accuracy                 : 0.1569
2025-11-27 15:32:13,552 - INFO - Precision                : 0.1869
2025-11-27 15:32:13,552 - INFO - Recall                   : 0.1569
2025-11-27 15:32:13,552 - INFO - F1 Score                 : 0.1269
2025-11-27 15:32:13,552 - INFO - ==================================================
2025-11-27 15:38:33,847 - INFO - Época 31 concluída. Loss média: 3.7798
2025-11-27 15:38:33,847 - INFO - Taxa de aprendizado ajustada para: 0.010000
2025-11-27 15:38:33,865 - INFO - Iniciando inferência com o modelo EfficientNetB7...
2025-11-27 15:38:43,880 - INFO - ==================================================
2025-11-27 15:38:43,880 - INFO - EXPERIMENT RESULTS
2025-11-27 15:38:43,881 - INFO - ==================================================
2025-11-27 15:38:43,881 - INFO - Elapsed Time Seconds     : 9.9660
2025-11-27 15:38:43,881 - INFO - Cpu Usage Percent        : 7.8438
2025-11-27 15:38:43,881 - INFO - Ram Peak Usage Bytes     : 4098314240.0000
2025-11-27 15:38:43,881 - INFO - Disk Read Bytes          : 0.0000
2025-11-27 15:38:43,881 - INFO - Disk Write Bytes         : 135168.0000
2025-11-27 15:38:43,881 - INFO - Vram Peak Usage Bytes    : 1746396276.0000
2025-11-27 15:38:43,881 - INFO - Gpu Power Watts Avg      : 243.9151
2025-11-27 15:38:43,881 - INFO - Gpu Power Watts Peak     : 287.3090
2025-11-27 15:38:43,881 - INFO - Gpu Temp Celsius Avg     : 64.2727
2025-11-27 15:38:43,881 - INFO - Gpu Temp Celsius Peak    : 67.0000
2025-11-27 15:38:43,881 - INFO - Gpu Utilization Percent Avg: 68.5051
2025-11-27 15:38:43,881 - INFO - Gpu Utilization Percent Peak: 85.0000
2025-11-27 15:38:43,881 - INFO - Gpu Mem Used Bytes Avg   : 22338011136.0000
2025-11-27 15:38:43,881 - INFO - Gpu Mem Used Bytes Peak  : 22338011136.0000
2025-11-27 15:38:43,881 - INFO - Gpu Vram Used Bytes      : 22338011136.0000
2025-11-27 15:38:43,881 - INFO - Accuracy                 : 0.3146
2025-11-27 15:38:43,881 - INFO - Precision                : 0.3057
2025-11-27 15:38:43,881 - INFO - Recall                   : 0.3146
2025-11-27 15:38:43,881 - INFO - F1 Score                 : 0.2893
2025-11-27 15:38:43,881 - INFO - ==================================================
2025-11-27 15:45:01,728 - INFO - Época 32 concluída. Loss média: 3.6970
2025-11-27 15:45:01,731 - INFO - Taxa de aprendizado ajustada para: 0.010000
2025-11-27 15:45:01,749 - INFO - Iniciando inferência com o modelo EfficientNetB7...
2025-11-27 15:45:11,660 - INFO - ==================================================
2025-11-27 15:45:11,661 - INFO - EXPERIMENT RESULTS
2025-11-27 15:45:11,661 - INFO - ==================================================
2025-11-27 15:45:11,661 - INFO - Elapsed Time Seconds     : 9.8619
2025-11-27 15:45:11,661 - INFO - Cpu Usage Percent        : 7.7375
2025-11-27 15:45:11,661 - INFO - Ram Peak Usage Bytes     : 4142415872.0000
2025-11-27 15:45:11,661 - INFO - Disk Read Bytes          : 0.0000
2025-11-27 15:45:11,661 - INFO - Disk Write Bytes         : 163840.0000
2025-11-27 15:45:11,661 - INFO - Vram Peak Usage Bytes    : 1746396276.0000
2025-11-27 15:45:11,661 - INFO - Gpu Power Watts Avg      : 246.1535
2025-11-27 15:45:11,661 - INFO - Gpu Power Watts Peak     : 283.2240
2025-11-27 15:45:11,661 - INFO - Gpu Temp Celsius Avg     : 64.3878
2025-11-27 15:45:11,661 - INFO - Gpu Temp Celsius Peak    : 67.0000
2025-11-27 15:45:11,661 - INFO - Gpu Utilization Percent Avg: 67.8367
2025-11-27 15:45:11,661 - INFO - Gpu Utilization Percent Peak: 84.0000
2025-11-27 15:45:11,661 - INFO - Gpu Mem Used Bytes Avg   : 22338011136.0000
2025-11-27 15:45:11,661 - INFO - Gpu Mem Used Bytes Peak  : 22338011136.0000
2025-11-27 15:45:11,661 - INFO - Gpu Vram Used Bytes      : 22338011136.0000
2025-11-27 15:45:11,661 - INFO - Accuracy                 : 0.3251
2025-11-27 15:45:11,661 - INFO - Precision                : 0.3155
2025-11-27 15:45:11,661 - INFO - Recall                   : 0.3251
2025-11-27 15:45:11,661 - INFO - F1 Score                 : 0.2996
2025-11-27 15:45:11,661 - INFO - ==================================================
2025-11-27 15:51:27,806 - INFO - Época 33 concluída. Loss média: 3.6685
2025-11-27 15:51:27,807 - INFO - Taxa de aprendizado ajustada para: 0.010000
2025-11-27 15:51:27,825 - INFO - Iniciando inferência com o modelo EfficientNetB7...
2025-11-27 15:51:37,484 - INFO - ==================================================
2025-11-27 15:51:37,484 - INFO - EXPERIMENT RESULTS
2025-11-27 15:51:37,484 - INFO - ==================================================
2025-11-27 15:51:37,484 - INFO - Elapsed Time Seconds     : 9.6098
2025-11-27 15:51:37,484 - INFO - Cpu Usage Percent        : 7.9813
2025-11-27 15:51:37,484 - INFO - Ram Peak Usage Bytes     : 4173635584.0000
2025-11-27 15:51:37,484 - INFO - Disk Read Bytes          : 0.0000
2025-11-27 15:51:37,484 - INFO - Disk Write Bytes         : 167936.0000
2025-11-27 15:51:37,484 - INFO - Vram Peak Usage Bytes    : 1746396276.0000
2025-11-27 15:51:37,484 - INFO - Gpu Power Watts Avg      : 250.0396
2025-11-27 15:51:37,484 - INFO - Gpu Power Watts Peak     : 287.7200
2025-11-27 15:51:37,484 - INFO - Gpu Temp Celsius Avg     : 64.3684
2025-11-27 15:51:37,484 - INFO - Gpu Temp Celsius Peak    : 67.0000
2025-11-27 15:51:37,484 - INFO - Gpu Utilization Percent Avg: 69.9053
2025-11-27 15:51:37,484 - INFO - Gpu Utilization Percent Peak: 86.0000
2025-11-27 15:51:37,484 - INFO - Gpu Mem Used Bytes Avg   : 22338011136.0000
2025-11-27 15:51:37,484 - INFO - Gpu Mem Used Bytes Peak  : 22338011136.0000
2025-11-27 15:51:37,484 - INFO - Gpu Vram Used Bytes      : 22338011136.0000
2025-11-27 15:51:37,484 - INFO - Accuracy                 : 0.3346
2025-11-27 15:51:37,484 - INFO - Precision                : 0.3291
2025-11-27 15:51:37,485 - INFO - Recall                   : 0.3346
2025-11-27 15:51:37,485 - INFO - F1 Score                 : 0.3106
2025-11-27 15:51:37,485 - INFO - ==================================================
2025-11-27 15:57:57,655 - INFO - Época 34 concluída. Loss média: 3.6588
2025-11-27 15:57:57,656 - INFO - Taxa de aprendizado ajustada para: 0.010000
2025-11-27 15:57:57,674 - INFO - Iniciando inferência com o modelo EfficientNetB7...
2025-11-27 15:58:07,618 - INFO - ==================================================
2025-11-27 15:58:07,618 - INFO - EXPERIMENT RESULTS
2025-11-27 15:58:07,619 - INFO - ==================================================
2025-11-27 15:58:07,619 - INFO - Elapsed Time Seconds     : 9.8948
2025-11-27 15:58:07,619 - INFO - Cpu Usage Percent        : 7.8625
2025-11-27 15:58:07,619 - INFO - Ram Peak Usage Bytes     : 4174114816.0000
2025-11-27 15:58:07,619 - INFO - Disk Read Bytes          : 0.0000
2025-11-27 15:58:07,619 - INFO - Disk Write Bytes         : 151552.0000
2025-11-27 15:58:07,619 - INFO - Vram Peak Usage Bytes    : 1746396276.0000
2025-11-27 15:58:07,619 - INFO - Gpu Power Watts Avg      : 244.6969
2025-11-27 15:58:07,619 - INFO - Gpu Power Watts Peak     : 283.1790
2025-11-27 15:58:07,619 - INFO - Gpu Temp Celsius Avg     : 63.9898
2025-11-27 15:58:07,619 - INFO - Gpu Temp Celsius Peak    : 67.0000
2025-11-27 15:58:07,619 - INFO - Gpu Utilization Percent Avg: 68.3776
2025-11-27 15:58:07,619 - INFO - Gpu Utilization Percent Peak: 85.0000
2025-11-27 15:58:07,619 - INFO - Gpu Mem Used Bytes Avg   : 22338011136.0000
2025-11-27 15:58:07,619 - INFO - Gpu Mem Used Bytes Peak  : 22338011136.0000
2025-11-27 15:58:07,619 - INFO - Gpu Vram Used Bytes      : 22338011136.0000
2025-11-27 15:58:07,619 - INFO - Accuracy                 : 0.3363
2025-11-27 15:58:07,619 - INFO - Precision                : 0.3294
2025-11-27 15:58:07,619 - INFO - Recall                   : 0.3363
2025-11-27 15:58:07,619 - INFO - F1 Score                 : 0.3109
2025-11-27 15:58:07,619 - INFO - ==================================================
2025-11-27 16:04:27,562 - INFO - Época 35 concluída. Loss média: 3.6522
2025-11-27 16:04:27,563 - INFO - Taxa de aprendizado ajustada para: 0.010000
2025-11-27 16:04:27,581 - INFO - Iniciando inferência com o modelo EfficientNetB7...
2025-11-27 16:04:37,424 - INFO - ==================================================
2025-11-27 16:04:37,425 - INFO - EXPERIMENT RESULTS
2025-11-27 16:04:37,425 - INFO - ==================================================
2025-11-27 16:04:37,425 - INFO - Elapsed Time Seconds     : 9.7940
2025-11-27 16:04:37,425 - INFO - Cpu Usage Percent        : 7.8312
2025-11-27 16:04:37,425 - INFO - Ram Peak Usage Bytes     : 4174389248.0000
2025-11-27 16:04:37,425 - INFO - Disk Read Bytes          : 0.0000
2025-11-27 16:04:37,425 - INFO - Disk Write Bytes         : 172032.0000
2025-11-27 16:04:37,425 - INFO - Vram Peak Usage Bytes    : 1746396276.0000
2025-11-27 16:04:37,425 - INFO - Gpu Power Watts Avg      : 245.6091
2025-11-27 16:04:37,425 - INFO - Gpu Power Watts Peak     : 286.6680
2025-11-27 16:04:37,425 - INFO - Gpu Temp Celsius Avg     : 64.2474
2025-11-27 16:04:37,425 - INFO - Gpu Temp Celsius Peak    : 67.0000
2025-11-27 16:04:37,425 - INFO - Gpu Utilization Percent Avg: 69.2371
2025-11-27 16:04:37,425 - INFO - Gpu Utilization Percent Peak: 85.0000
2025-11-27 16:04:37,425 - INFO - Gpu Mem Used Bytes Avg   : 22338011136.0000
2025-11-27 16:04:37,425 - INFO - Gpu Mem Used Bytes Peak  : 22338011136.0000
2025-11-27 16:04:37,425 - INFO - Gpu Vram Used Bytes      : 22338011136.0000
2025-11-27 16:04:37,425 - INFO - Accuracy                 : 0.3317
2025-11-27 16:04:37,425 - INFO - Precision                : 0.3281
2025-11-27 16:04:37,425 - INFO - Recall                   : 0.3317
2025-11-27 16:04:37,426 - INFO - F1 Score                 : 0.3114
2025-11-27 16:04:37,426 - INFO - ==================================================
2025-11-27 16:10:57,156 - INFO - Época 36 concluída. Loss média: 3.6450
2025-11-27 16:10:57,157 - INFO - Taxa de aprendizado ajustada para: 0.010000
2025-11-27 16:10:57,175 - INFO - Iniciando inferência com o modelo EfficientNetB7...
2025-11-27 16:11:07,194 - INFO - ==================================================
2025-11-27 16:11:07,194 - INFO - EXPERIMENT RESULTS
2025-11-27 16:11:07,194 - INFO - ==================================================
2025-11-27 16:11:07,194 - INFO - Elapsed Time Seconds     : 9.9698
2025-11-27 16:11:07,194 - INFO - Cpu Usage Percent        : 7.7062
2025-11-27 16:11:07,194 - INFO - Ram Peak Usage Bytes     : 4174802944.0000
2025-11-27 16:11:07,194 - INFO - Disk Read Bytes          : 0.0000
2025-11-27 16:11:07,194 - INFO - Disk Write Bytes         : 151552.0000
2025-11-27 16:11:07,194 - INFO - Vram Peak Usage Bytes    : 1746396276.0000
2025-11-27 16:11:07,194 - INFO - Gpu Power Watts Avg      : 242.2680
2025-11-27 16:11:07,194 - INFO - Gpu Power Watts Peak     : 288.1890
2025-11-27 16:11:07,194 - INFO - Gpu Temp Celsius Avg     : 63.9394
2025-11-27 16:11:07,194 - INFO - Gpu Temp Celsius Peak    : 67.0000
2025-11-27 16:11:07,194 - INFO - Gpu Utilization Percent Avg: 67.2020
2025-11-27 16:11:07,194 - INFO - Gpu Utilization Percent Peak: 85.0000
2025-11-27 16:11:07,195 - INFO - Gpu Mem Used Bytes Avg   : 22338011136.0000
2025-11-27 16:11:07,195 - INFO - Gpu Mem Used Bytes Peak  : 22338011136.0000
2025-11-27 16:11:07,195 - INFO - Gpu Vram Used Bytes      : 22338011136.0000
2025-11-27 16:11:07,195 - INFO - Accuracy                 : 0.3279
2025-11-27 16:11:07,195 - INFO - Precision                : 0.3365
2025-11-27 16:11:07,195 - INFO - Recall                   : 0.3279
2025-11-27 16:11:07,195 - INFO - F1 Score                 : 0.3075
2025-11-27 16:11:07,195 - INFO - ==================================================
2025-11-27 16:17:27,666 - INFO - Época 37 concluída. Loss média: 3.6408
2025-11-27 16:17:27,666 - INFO - Taxa de aprendizado ajustada para: 0.010000
2025-11-27 16:17:27,684 - INFO - Iniciando inferência com o modelo EfficientNetB7...
2025-11-27 16:17:37,507 - INFO - ==================================================
2025-11-27 16:17:37,508 - INFO - EXPERIMENT RESULTS
2025-11-27 16:17:37,508 - INFO - ==================================================
2025-11-27 16:17:37,508 - INFO - Elapsed Time Seconds     : 9.7733
2025-11-27 16:17:37,508 - INFO - Cpu Usage Percent        : 7.7938
2025-11-27 16:17:37,508 - INFO - Ram Peak Usage Bytes     : 4176121856.0000
2025-11-27 16:17:37,508 - INFO - Disk Read Bytes          : 0.0000
2025-11-27 16:17:37,508 - INFO - Disk Write Bytes         : 204800.0000
2025-11-27 16:17:37,508 - INFO - Vram Peak Usage Bytes    : 1746396276.0000
2025-11-27 16:17:37,508 - INFO - Gpu Power Watts Avg      : 246.8408
2025-11-27 16:17:37,508 - INFO - Gpu Power Watts Peak     : 285.2300
2025-11-27 16:17:37,508 - INFO - Gpu Temp Celsius Avg     : 64.2474
2025-11-27 16:17:37,508 - INFO - Gpu Temp Celsius Peak    : 67.0000
2025-11-27 16:17:37,508 - INFO - Gpu Utilization Percent Avg: 69.2474
2025-11-27 16:17:37,508 - INFO - Gpu Utilization Percent Peak: 85.0000
2025-11-27 16:17:37,508 - INFO - Gpu Mem Used Bytes Avg   : 22338011136.0000
2025-11-27 16:17:37,508 - INFO - Gpu Mem Used Bytes Peak  : 22338011136.0000
2025-11-27 16:17:37,508 - INFO - Gpu Vram Used Bytes      : 22338011136.0000
2025-11-27 16:17:37,508 - INFO - Accuracy                 : 0.3374
2025-11-27 16:17:37,508 - INFO - Precision                : 0.3330
2025-11-27 16:17:37,508 - INFO - Recall                   : 0.3374
2025-11-27 16:17:37,508 - INFO - F1 Score                 : 0.3135
2025-11-27 16:17:37,508 - INFO - ==================================================
2025-11-27 16:23:57,982 - INFO - Época 38 concluída. Loss média: 3.6313
2025-11-27 16:23:57,982 - INFO - Taxa de aprendizado ajustada para: 0.010000
2025-11-27 16:23:58,000 - INFO - Iniciando inferência com o modelo EfficientNetB7...
2025-11-27 16:24:07,675 - INFO - ==================================================
2025-11-27 16:24:07,675 - INFO - EXPERIMENT RESULTS
2025-11-27 16:24:07,676 - INFO - ==================================================
2025-11-27 16:24:07,676 - INFO - Elapsed Time Seconds     : 9.6259
2025-11-27 16:24:07,676 - INFO - Cpu Usage Percent        : 7.9437
2025-11-27 16:24:07,676 - INFO - Ram Peak Usage Bytes     : 4176400384.0000
2025-11-27 16:24:07,676 - INFO - Disk Read Bytes          : 0.0000
2025-11-27 16:24:07,676 - INFO - Disk Write Bytes         : 151552.0000
2025-11-27 16:24:07,676 - INFO - Vram Peak Usage Bytes    : 1746396276.0000
2025-11-27 16:24:07,676 - INFO - Gpu Power Watts Avg      : 248.4154
2025-11-27 16:24:07,676 - INFO - Gpu Power Watts Peak     : 289.0970
2025-11-27 16:24:07,676 - INFO - Gpu Temp Celsius Avg     : 64.4000
2025-11-27 16:24:07,676 - INFO - Gpu Temp Celsius Peak    : 67.0000
2025-11-27 16:24:07,676 - INFO - Gpu Utilization Percent Avg: 70.3053
2025-11-27 16:24:07,676 - INFO - Gpu Utilization Percent Peak: 86.0000
2025-11-27 16:24:07,676 - INFO - Gpu Mem Used Bytes Avg   : 22338011136.0000
2025-11-27 16:24:07,676 - INFO - Gpu Mem Used Bytes Peak  : 22338011136.0000
2025-11-27 16:24:07,676 - INFO - Gpu Vram Used Bytes      : 22338011136.0000
2025-11-27 16:24:07,676 - INFO - Accuracy                 : 0.3431
2025-11-27 16:24:07,676 - INFO - Precision                : 0.3501
2025-11-27 16:24:07,676 - INFO - Recall                   : 0.3431
2025-11-27 16:24:07,676 - INFO - F1 Score                 : 0.3244
2025-11-27 16:24:07,676 - INFO - ==================================================
2025-11-27 16:30:28,716 - INFO - Época 39 concluída. Loss média: 3.6202
2025-11-27 16:30:28,717 - INFO - Taxa de aprendizado ajustada para: 0.010000
2025-11-27 16:30:28,734 - INFO - Iniciando inferência com o modelo EfficientNetB7...
2025-11-27 16:30:38,390 - INFO - ==================================================
2025-11-27 16:30:38,390 - INFO - EXPERIMENT RESULTS
2025-11-27 16:30:38,390 - INFO - ==================================================
2025-11-27 16:30:38,390 - INFO - Elapsed Time Seconds     : 9.6061
2025-11-27 16:30:38,391 - INFO - Cpu Usage Percent        : 7.8500
2025-11-27 16:30:38,391 - INFO - Ram Peak Usage Bytes     : 4176695296.0000
2025-11-27 16:30:38,391 - INFO - Disk Read Bytes          : 0.0000
2025-11-27 16:30:38,391 - INFO - Disk Write Bytes         : 286720.0000
2025-11-27 16:30:38,391 - INFO - Vram Peak Usage Bytes    : 1746396276.0000
2025-11-27 16:30:38,391 - INFO - Gpu Power Watts Avg      : 249.8158
2025-11-27 16:30:38,391 - INFO - Gpu Power Watts Peak     : 287.1670
2025-11-27 16:30:38,391 - INFO - Gpu Temp Celsius Avg     : 64.3895
2025-11-27 16:30:38,391 - INFO - Gpu Temp Celsius Peak    : 67.0000
2025-11-27 16:30:38,391 - INFO - Gpu Utilization Percent Avg: 70.3895
2025-11-27 16:30:38,391 - INFO - Gpu Utilization Percent Peak: 85.0000
2025-11-27 16:30:38,391 - INFO - Gpu Mem Used Bytes Avg   : 22338011136.0000
2025-11-27 16:30:38,391 - INFO - Gpu Mem Used Bytes Peak  : 22338011136.0000
2025-11-27 16:30:38,391 - INFO - Gpu Vram Used Bytes      : 22338011136.0000
2025-11-27 16:30:38,391 - INFO - Accuracy                 : 0.3359
2025-11-27 16:30:38,391 - INFO - Precision                : 0.3374
2025-11-27 16:30:38,391 - INFO - Recall                   : 0.3359
2025-11-27 16:30:38,391 - INFO - F1 Score                 : 0.3150
2025-11-27 16:30:38,391 - INFO - ==================================================
2025-11-27 16:36:56,592 - INFO - Época 40 concluída. Loss média: 3.6138
2025-11-27 16:36:56,593 - INFO - Taxa de aprendizado ajustada para: 0.010000
2025-11-27 16:36:56,611 - INFO - Iniciando inferência com o modelo EfficientNetB7...
2025-11-27 16:37:06,731 - INFO - ==================================================
2025-11-27 16:37:06,731 - INFO - EXPERIMENT RESULTS
2025-11-27 16:37:06,731 - INFO - ==================================================
2025-11-27 16:37:06,732 - INFO - Elapsed Time Seconds     : 10.0714
2025-11-27 16:37:06,732 - INFO - Cpu Usage Percent        : 7.6875
2025-11-27 16:37:06,732 - INFO - Ram Peak Usage Bytes     : 4177211392.0000
2025-11-27 16:37:06,732 - INFO - Disk Read Bytes          : 0.0000
2025-11-27 16:37:06,732 - INFO - Disk Write Bytes         : 151552.0000
2025-11-27 16:37:06,732 - INFO - Vram Peak Usage Bytes    : 1746396276.0000
2025-11-27 16:37:06,732 - INFO - Gpu Power Watts Avg      : 243.0487
2025-11-27 16:37:06,732 - INFO - Gpu Power Watts Peak     : 291.8640
2025-11-27 16:37:06,732 - INFO - Gpu Temp Celsius Avg     : 65.1500
2025-11-27 16:37:06,732 - INFO - Gpu Temp Celsius Peak    : 68.0000
2025-11-27 16:37:06,732 - INFO - Gpu Utilization Percent Avg: 66.5600
2025-11-27 16:37:06,732 - INFO - Gpu Utilization Percent Peak: 86.0000
2025-11-27 16:37:06,732 - INFO - Gpu Mem Used Bytes Avg   : 22338011136.0000
2025-11-27 16:37:06,732 - INFO - Gpu Mem Used Bytes Peak  : 22338011136.0000
2025-11-27 16:37:06,732 - INFO - Gpu Vram Used Bytes      : 22338011136.0000
2025-11-27 16:37:06,732 - INFO - Accuracy                 : 0.3322
2025-11-27 16:37:06,732 - INFO - Precision                : 0.3488
2025-11-27 16:37:06,732 - INFO - Recall                   : 0.3322
2025-11-27 16:37:06,732 - INFO - F1 Score                 : 0.3119
2025-11-27 16:37:06,732 - INFO - ==================================================
2025-11-27 16:43:25,043 - INFO - Época 41 concluída. Loss média: 3.6086
2025-11-27 16:43:25,044 - INFO - Taxa de aprendizado ajustada para: 0.010000
2025-11-27 16:43:25,062 - INFO - Iniciando inferência com o modelo EfficientNetB7...
2025-11-27 16:43:34,908 - INFO - ==================================================
2025-11-27 16:43:34,908 - INFO - EXPERIMENT RESULTS
2025-11-27 16:43:34,908 - INFO - ==================================================
2025-11-27 16:43:34,908 - INFO - Elapsed Time Seconds     : 9.7973
2025-11-27 16:43:34,908 - INFO - Cpu Usage Percent        : 7.7750
2025-11-27 16:43:34,908 - INFO - Ram Peak Usage Bytes     : 4177330176.0000
2025-11-27 16:43:34,908 - INFO - Disk Read Bytes          : 0.0000
2025-11-27 16:43:34,908 - INFO - Disk Write Bytes         : 393216.0000
2025-11-27 16:43:34,908 - INFO - Vram Peak Usage Bytes    : 1746396276.0000
2025-11-27 16:43:34,908 - INFO - Gpu Power Watts Avg      : 249.4842
2025-11-27 16:43:34,908 - INFO - Gpu Power Watts Peak     : 289.8740
2025-11-27 16:43:34,908 - INFO - Gpu Temp Celsius Avg     : 65.1340
2025-11-27 16:43:34,909 - INFO - Gpu Temp Celsius Peak    : 68.0000
2025-11-27 16:43:34,909 - INFO - Gpu Utilization Percent Avg: 69.0412
2025-11-27 16:43:34,909 - INFO - Gpu Utilization Percent Peak: 85.0000
2025-11-27 16:43:34,909 - INFO - Gpu Mem Used Bytes Avg   : 22338011136.0000
2025-11-27 16:43:34,909 - INFO - Gpu Mem Used Bytes Peak  : 22338011136.0000
2025-11-27 16:43:34,909 - INFO - Gpu Vram Used Bytes      : 22338011136.0000
2025-11-27 16:43:34,909 - INFO - Accuracy                 : 0.3415
2025-11-27 16:43:34,909 - INFO - Precision                : 0.3431
2025-11-27 16:43:34,909 - INFO - Recall                   : 0.3415
2025-11-27 16:43:34,909 - INFO - F1 Score                 : 0.3192
2025-11-27 16:43:34,909 - INFO - ==================================================
2025-11-27 16:49:56,930 - INFO - Época 42 concluída. Loss média: 3.5969
2025-11-27 16:49:56,931 - INFO - Taxa de aprendizado ajustada para: 0.010000
2025-11-27 16:49:56,949 - INFO - Iniciando inferência com o modelo EfficientNetB7...
2025-11-27 16:50:06,874 - INFO - ==================================================
2025-11-27 16:50:06,874 - INFO - EXPERIMENT RESULTS
2025-11-27 16:50:06,874 - INFO - ==================================================
2025-11-27 16:50:06,874 - INFO - Elapsed Time Seconds     : 9.8758
2025-11-27 16:50:06,874 - INFO - Cpu Usage Percent        : 7.6063
2025-11-27 16:50:06,874 - INFO - Ram Peak Usage Bytes     : 4177584128.0000
2025-11-27 16:50:06,874 - INFO - Disk Read Bytes          : 0.0000
2025-11-27 16:50:06,874 - INFO - Disk Write Bytes         : 151552.0000
2025-11-27 16:50:06,875 - INFO - Vram Peak Usage Bytes    : 1746396276.0000
2025-11-27 16:50:06,875 - INFO - Gpu Power Watts Avg      : 246.7853
2025-11-27 16:50:06,875 - INFO - Gpu Power Watts Peak     : 290.3470
2025-11-27 16:50:06,875 - INFO - Gpu Temp Celsius Avg     : 64.7347
2025-11-27 16:50:06,875 - INFO - Gpu Temp Celsius Peak    : 67.0000
2025-11-27 16:50:06,875 - INFO - Gpu Utilization Percent Avg: 68.7245
2025-11-27 16:50:06,875 - INFO - Gpu Utilization Percent Peak: 85.0000
2025-11-27 16:50:06,875 - INFO - Gpu Mem Used Bytes Avg   : 22338011136.0000
2025-11-27 16:50:06,875 - INFO - Gpu Mem Used Bytes Peak  : 22338011136.0000
2025-11-27 16:50:06,875 - INFO - Gpu Vram Used Bytes      : 22338011136.0000
2025-11-27 16:50:06,875 - INFO - Accuracy                 : 0.3462
2025-11-27 16:50:06,875 - INFO - Precision                : 0.3420
2025-11-27 16:50:06,875 - INFO - Recall                   : 0.3462
2025-11-27 16:50:06,875 - INFO - F1 Score                 : 0.3255
2025-11-27 16:50:06,875 - INFO - ==================================================
2025-11-27 16:56:27,779 - INFO - Época 43 concluída. Loss média: 3.5970
2025-11-27 16:56:27,780 - INFO - Taxa de aprendizado ajustada para: 0.010000
2025-11-27 16:56:27,797 - INFO - Iniciando inferência com o modelo EfficientNetB7...
2025-11-27 16:56:38,247 - INFO - ==================================================
2025-11-27 16:56:38,247 - INFO - EXPERIMENT RESULTS
2025-11-27 16:56:38,247 - INFO - ==================================================
2025-11-27 16:56:38,247 - INFO - Elapsed Time Seconds     : 10.3989
2025-11-27 16:56:38,247 - INFO - Cpu Usage Percent        : 7.5875
2025-11-27 16:56:38,247 - INFO - Ram Peak Usage Bytes     : 4177829888.0000
2025-11-27 16:56:38,247 - INFO - Disk Read Bytes          : 0.0000
2025-11-27 16:56:38,247 - INFO - Disk Write Bytes         : 221184.0000
2025-11-27 16:56:38,247 - INFO - Vram Peak Usage Bytes    : 1746396276.0000
2025-11-27 16:56:38,247 - INFO - Gpu Power Watts Avg      : 237.6534
2025-11-27 16:56:38,247 - INFO - Gpu Power Watts Peak     : 285.8540
2025-11-27 16:56:38,247 - INFO - Gpu Temp Celsius Avg     : 64.3398
2025-11-27 16:56:38,247 - INFO - Gpu Temp Celsius Peak    : 68.0000
2025-11-27 16:56:38,247 - INFO - Gpu Utilization Percent Avg: 65.3981
2025-11-27 16:56:38,247 - INFO - Gpu Utilization Percent Peak: 85.0000
2025-11-27 16:56:38,247 - INFO - Gpu Mem Used Bytes Avg   : 22338011136.0000
2025-11-27 16:56:38,247 - INFO - Gpu Mem Used Bytes Peak  : 22338011136.0000
2025-11-27 16:56:38,247 - INFO - Gpu Vram Used Bytes      : 22338011136.0000
2025-11-27 16:56:38,247 - INFO - Accuracy                 : 0.3483
2025-11-27 16:56:38,247 - INFO - Precision                : 0.3532
2025-11-27 16:56:38,248 - INFO - Recall                   : 0.3483
2025-11-27 16:56:38,248 - INFO - F1 Score                 : 0.3269
2025-11-27 16:56:38,248 - INFO - ==================================================
2025-11-27 17:02:56,959 - INFO - Época 44 concluída. Loss média: 3.5807
2025-11-27 17:02:56,960 - INFO - Taxa de aprendizado ajustada para: 0.010000
2025-11-27 17:02:56,978 - INFO - Iniciando inferência com o modelo EfficientNetB7...
2025-11-27 17:03:07,142 - INFO - ==================================================
2025-11-27 17:03:07,142 - INFO - EXPERIMENT RESULTS
2025-11-27 17:03:07,142 - INFO - ==================================================
2025-11-27 17:03:07,142 - INFO - Elapsed Time Seconds     : 10.1145
2025-11-27 17:03:07,142 - INFO - Cpu Usage Percent        : 7.7687
2025-11-27 17:03:07,142 - INFO - Ram Peak Usage Bytes     : 4178092032.0000
2025-11-27 17:03:07,142 - INFO - Disk Read Bytes          : 0.0000
2025-11-27 17:03:07,142 - INFO - Disk Write Bytes         : 147456.0000
2025-11-27 17:03:07,142 - INFO - Vram Peak Usage Bytes    : 1746396276.0000
2025-11-27 17:03:07,143 - INFO - Gpu Power Watts Avg      : 244.3322
2025-11-27 17:03:07,143 - INFO - Gpu Power Watts Peak     : 282.1160
2025-11-27 17:03:07,143 - INFO - Gpu Temp Celsius Avg     : 64.5800
2025-11-27 17:03:07,143 - INFO - Gpu Temp Celsius Peak    : 67.0000
2025-11-27 17:03:07,143 - INFO - Gpu Utilization Percent Avg: 66.9600
2025-11-27 17:03:07,143 - INFO - Gpu Utilization Percent Peak: 84.0000
2025-11-27 17:03:07,143 - INFO - Gpu Mem Used Bytes Avg   : 22338011136.0000
2025-11-27 17:03:07,143 - INFO - Gpu Mem Used Bytes Peak  : 22338011136.0000
2025-11-27 17:03:07,143 - INFO - Gpu Vram Used Bytes      : 22338011136.0000
2025-11-27 17:03:07,143 - INFO - Accuracy                 : 0.3483
2025-11-27 17:03:07,143 - INFO - Precision                : 0.3596
2025-11-27 17:03:07,143 - INFO - Recall                   : 0.3483
2025-11-27 17:03:07,143 - INFO - F1 Score                 : 0.3312
2025-11-27 17:03:07,143 - INFO - ==================================================
2025-11-27 17:09:25,028 - INFO - Época 45 concluída. Loss média: 3.5773
2025-11-27 17:09:25,028 - INFO - Taxa de aprendizado ajustada para: 0.010000
2025-11-27 17:09:25,046 - INFO - Iniciando inferência com o modelo EfficientNetB7...
2025-11-27 17:09:35,095 - INFO - ==================================================
2025-11-27 17:09:35,095 - INFO - EXPERIMENT RESULTS
2025-11-27 17:09:35,095 - INFO - ==================================================
2025-11-27 17:09:35,095 - INFO - Elapsed Time Seconds     : 9.9995
2025-11-27 17:09:35,095 - INFO - Cpu Usage Percent        : 7.8375
2025-11-27 17:09:35,095 - INFO - Ram Peak Usage Bytes     : 4178350080.0000
2025-11-27 17:09:35,095 - INFO - Disk Read Bytes          : 0.0000
2025-11-27 17:09:35,096 - INFO - Disk Write Bytes         : 397312.0000
2025-11-27 17:09:35,096 - INFO - Vram Peak Usage Bytes    : 1746396276.0000
2025-11-27 17:09:35,096 - INFO - Gpu Power Watts Avg      : 245.5086
2025-11-27 17:09:35,096 - INFO - Gpu Power Watts Peak     : 283.3810
2025-11-27 17:09:35,096 - INFO - Gpu Temp Celsius Avg     : 64.8687
2025-11-27 17:09:35,096 - INFO - Gpu Temp Celsius Peak    : 67.0000
2025-11-27 17:09:35,096 - INFO - Gpu Utilization Percent Avg: 68.7576
2025-11-27 17:09:35,096 - INFO - Gpu Utilization Percent Peak: 84.0000
2025-11-27 17:09:35,096 - INFO - Gpu Mem Used Bytes Avg   : 22338011136.0000
2025-11-27 17:09:35,096 - INFO - Gpu Mem Used Bytes Peak  : 22338011136.0000
2025-11-27 17:09:35,096 - INFO - Gpu Vram Used Bytes      : 22338011136.0000
2025-11-27 17:09:35,096 - INFO - Accuracy                 : 0.3542
2025-11-27 17:09:35,096 - INFO - Precision                : 0.3659
2025-11-27 17:09:35,096 - INFO - Recall                   : 0.3542
2025-11-27 17:09:35,096 - INFO - F1 Score                 : 0.3328
2025-11-27 17:09:35,096 - INFO - ==================================================
2025-11-27 17:15:57,070 - INFO - Época 46 concluída. Loss média: 3.5748
2025-11-27 17:15:57,071 - INFO - Taxa de aprendizado ajustada para: 0.010000
2025-11-27 17:15:57,089 - INFO - Iniciando inferência com o modelo EfficientNetB7...
2025-11-27 17:16:06,934 - INFO - ==================================================
2025-11-27 17:16:06,934 - INFO - EXPERIMENT RESULTS
2025-11-27 17:16:06,934 - INFO - ==================================================
2025-11-27 17:16:06,934 - INFO - Elapsed Time Seconds     : 9.7954
2025-11-27 17:16:06,934 - INFO - Cpu Usage Percent        : 7.9188
2025-11-27 17:16:06,934 - INFO - Ram Peak Usage Bytes     : 4178616320.0000
2025-11-27 17:16:06,934 - INFO - Disk Read Bytes          : 0.0000
2025-11-27 17:16:06,934 - INFO - Disk Write Bytes         : 151552.0000
2025-11-27 17:16:06,934 - INFO - Vram Peak Usage Bytes    : 1746396276.0000
2025-11-27 17:16:06,934 - INFO - Gpu Power Watts Avg      : 247.9327
2025-11-27 17:16:06,934 - INFO - Gpu Power Watts Peak     : 285.8380
2025-11-27 17:16:06,934 - INFO - Gpu Temp Celsius Avg     : 65.0515
2025-11-27 17:16:06,934 - INFO - Gpu Temp Celsius Peak    : 68.0000
2025-11-27 17:16:06,934 - INFO - Gpu Utilization Percent Avg: 69.1340
2025-11-27 17:16:06,934 - INFO - Gpu Utilization Percent Peak: 84.0000
2025-11-27 17:16:06,934 - INFO - Gpu Mem Used Bytes Avg   : 22338011136.0000
2025-11-27 17:16:06,934 - INFO - Gpu Mem Used Bytes Peak  : 22338011136.0000
2025-11-27 17:16:06,934 - INFO - Gpu Vram Used Bytes      : 22338011136.0000
2025-11-27 17:16:06,934 - INFO - Accuracy                 : 0.3517
2025-11-27 17:16:06,935 - INFO - Precision                : 0.3773
2025-11-27 17:16:06,935 - INFO - Recall                   : 0.3517
2025-11-27 17:16:06,935 - INFO - F1 Score                 : 0.3386
2025-11-27 17:16:06,935 - INFO - ==================================================
2025-11-27 17:22:27,376 - INFO - Época 47 concluída. Loss média: 3.5567
2025-11-27 17:22:27,377 - INFO - Taxa de aprendizado ajustada para: 0.010000
2025-11-27 17:22:27,395 - INFO - Iniciando inferência com o modelo EfficientNetB7...
2025-11-27 17:22:37,245 - INFO - ==================================================
2025-11-27 17:22:37,246 - INFO - EXPERIMENT RESULTS
2025-11-27 17:22:37,246 - INFO - ==================================================
2025-11-27 17:22:37,246 - INFO - Elapsed Time Seconds     : 9.8015
2025-11-27 17:22:37,246 - INFO - Cpu Usage Percent        : 7.7812
2025-11-27 17:22:37,246 - INFO - Ram Peak Usage Bytes     : 4179705856.0000
2025-11-27 17:22:37,246 - INFO - Disk Read Bytes          : 0.0000
2025-11-27 17:22:37,246 - INFO - Disk Write Bytes         : 315392.0000
2025-11-27 17:22:37,246 - INFO - Vram Peak Usage Bytes    : 1746396276.0000
2025-11-27 17:22:37,246 - INFO - Gpu Power Watts Avg      : 245.2769
2025-11-27 17:22:37,246 - INFO - Gpu Power Watts Peak     : 289.3240
2025-11-27 17:22:37,246 - INFO - Gpu Temp Celsius Avg     : 64.8144
2025-11-27 17:22:37,246 - INFO - Gpu Temp Celsius Peak    : 68.0000
2025-11-27 17:22:37,246 - INFO - Gpu Utilization Percent Avg: 68.4227
2025-11-27 17:22:37,246 - INFO - Gpu Utilization Percent Peak: 86.0000
2025-11-27 17:22:37,246 - INFO - Gpu Mem Used Bytes Avg   : 22338011136.0000
2025-11-27 17:22:37,246 - INFO - Gpu Mem Used Bytes Peak  : 22338011136.0000
2025-11-27 17:22:37,246 - INFO - Gpu Vram Used Bytes      : 22338011136.0000
2025-11-27 17:22:37,246 - INFO - Accuracy                 : 0.3545
2025-11-27 17:22:37,246 - INFO - Precision                : 0.3669
2025-11-27 17:22:37,246 - INFO - Recall                   : 0.3545
2025-11-27 17:22:37,247 - INFO - F1 Score                 : 0.3337
2025-11-27 17:22:37,247 - INFO - ==================================================
2025-11-27 17:28:56,894 - INFO - Época 48 concluída. Loss média: 3.5514
2025-11-27 17:28:56,895 - INFO - Taxa de aprendizado ajustada para: 0.010000
2025-11-27 17:28:56,913 - INFO - Iniciando inferência com o modelo EfficientNetB7...
2025-11-27 17:29:06,538 - INFO - ==================================================
2025-11-27 17:29:06,538 - INFO - EXPERIMENT RESULTS
2025-11-27 17:29:06,538 - INFO - ==================================================
2025-11-27 17:29:06,538 - INFO - Elapsed Time Seconds     : 9.5734
2025-11-27 17:29:06,538 - INFO - Cpu Usage Percent        : 7.9000
2025-11-27 17:29:06,538 - INFO - Ram Peak Usage Bytes     : 4180004864.0000
2025-11-27 17:29:06,538 - INFO - Disk Read Bytes          : 0.0000
2025-11-27 17:29:06,538 - INFO - Disk Write Bytes         : 151552.0000
2025-11-27 17:29:06,538 - INFO - Vram Peak Usage Bytes    : 1746396276.0000
2025-11-27 17:29:06,538 - INFO - Gpu Power Watts Avg      : 250.1286
2025-11-27 17:29:06,538 - INFO - Gpu Power Watts Peak     : 289.3780
2025-11-27 17:29:06,538 - INFO - Gpu Temp Celsius Avg     : 65.2842
2025-11-27 17:29:06,539 - INFO - Gpu Temp Celsius Peak    : 68.0000
2025-11-27 17:29:06,539 - INFO - Gpu Utilization Percent Avg: 69.9368
2025-11-27 17:29:06,539 - INFO - Gpu Utilization Percent Peak: 85.0000
2025-11-27 17:29:06,539 - INFO - Gpu Mem Used Bytes Avg   : 22338011136.0000
2025-11-27 17:29:06,539 - INFO - Gpu Mem Used Bytes Peak  : 22338011136.0000
2025-11-27 17:29:06,539 - INFO - Gpu Vram Used Bytes      : 22338011136.0000
2025-11-27 17:29:06,539 - INFO - Accuracy                 : 0.3646
2025-11-27 17:29:06,539 - INFO - Precision                : 0.3672
2025-11-27 17:29:06,539 - INFO - Recall                   : 0.3646
2025-11-27 17:29:06,539 - INFO - F1 Score                 : 0.3470
2025-11-27 17:29:06,539 - INFO - ==================================================
2025-11-27 17:35:25,503 - INFO - Época 49 concluída. Loss média: 3.5420
2025-11-27 17:35:25,504 - INFO - Taxa de aprendizado ajustada para: 0.010000
2025-11-27 17:35:25,522 - INFO - Iniciando inferência com o modelo EfficientNetB7...
2025-11-27 17:35:35,288 - INFO - ==================================================
2025-11-27 17:35:35,288 - INFO - EXPERIMENT RESULTS
2025-11-27 17:35:35,288 - INFO - ==================================================
2025-11-27 17:35:35,288 - INFO - Elapsed Time Seconds     : 9.7037
2025-11-27 17:35:35,288 - INFO - Cpu Usage Percent        : 7.8688
2025-11-27 17:35:35,288 - INFO - Ram Peak Usage Bytes     : 4180262912.0000
2025-11-27 17:35:35,288 - INFO - Disk Read Bytes          : 0.0000
2025-11-27 17:35:35,288 - INFO - Disk Write Bytes         : 364544.0000
2025-11-27 17:35:35,288 - INFO - Vram Peak Usage Bytes    : 1746396276.0000
2025-11-27 17:35:35,289 - INFO - Gpu Power Watts Avg      : 244.6807
2025-11-27 17:35:35,289 - INFO - Gpu Power Watts Peak     : 285.5030
2025-11-27 17:35:35,289 - INFO - Gpu Temp Celsius Avg     : 64.5104
2025-11-27 17:35:35,289 - INFO - Gpu Temp Celsius Peak    : 67.0000
2025-11-27 17:35:35,289 - INFO - Gpu Utilization Percent Avg: 69.6667
2025-11-27 17:35:35,289 - INFO - Gpu Utilization Percent Peak: 85.0000
2025-11-27 17:35:35,289 - INFO - Gpu Mem Used Bytes Avg   : 22338011136.0000
2025-11-27 17:35:35,289 - INFO - Gpu Mem Used Bytes Peak  : 22338011136.0000
2025-11-27 17:35:35,289 - INFO - Gpu Vram Used Bytes      : 22338011136.0000
2025-11-27 17:35:35,289 - INFO - Accuracy                 : 0.3586
2025-11-27 17:35:35,289 - INFO - Precision                : 0.3679
2025-11-27 17:35:35,289 - INFO - Recall                   : 0.3586
2025-11-27 17:35:35,289 - INFO - F1 Score                 : 0.3396
2025-11-27 17:35:35,289 - INFO - ==================================================
2025-11-27 17:41:55,707 - INFO - Época 50 concluída. Loss média: 3.5389
2025-11-27 17:41:55,707 - INFO - Taxa de aprendizado ajustada para: 0.010000
2025-11-27 17:41:55,725 - INFO - Iniciando inferência com o modelo EfficientNetB7...
2025-11-27 17:42:05,651 - INFO - ==================================================
2025-11-27 17:42:05,651 - INFO - EXPERIMENT RESULTS
2025-11-27 17:42:05,651 - INFO - ==================================================
2025-11-27 17:42:05,651 - INFO - Elapsed Time Seconds     : 9.8762
2025-11-27 17:42:05,651 - INFO - Cpu Usage Percent        : 7.8812
2025-11-27 17:42:05,651 - INFO - Ram Peak Usage Bytes     : 4180553728.0000
2025-11-27 17:42:05,651 - INFO - Disk Read Bytes          : 0.0000
2025-11-27 17:42:05,651 - INFO - Disk Write Bytes         : 294912.0000
2025-11-27 17:42:05,651 - INFO - Vram Peak Usage Bytes    : 1746396276.0000
2025-11-27 17:42:05,652 - INFO - Gpu Power Watts Avg      : 241.5182
2025-11-27 17:42:05,652 - INFO - Gpu Power Watts Peak     : 279.0880
2025-11-27 17:42:05,652 - INFO - Gpu Temp Celsius Avg     : 64.6327
2025-11-27 17:42:05,652 - INFO - Gpu Temp Celsius Peak    : 67.0000
2025-11-27 17:42:05,652 - INFO - Gpu Utilization Percent Avg: 68.0000
2025-11-27 17:42:05,652 - INFO - Gpu Utilization Percent Peak: 84.0000
2025-11-27 17:42:05,652 - INFO - Gpu Mem Used Bytes Avg   : 22338011136.0000
2025-11-27 17:42:05,652 - INFO - Gpu Mem Used Bytes Peak  : 22338011136.0000
2025-11-27 17:42:05,652 - INFO - Gpu Vram Used Bytes      : 22338011136.0000
2025-11-27 17:42:05,652 - INFO - Accuracy                 : 0.3560
2025-11-27 17:42:05,652 - INFO - Precision                : 0.3780
2025-11-27 17:42:05,652 - INFO - Recall                   : 0.3560
2025-11-27 17:42:05,652 - INFO - F1 Score                 : 0.3388
2025-11-27 17:42:05,652 - INFO - ==================================================
2025-11-27 17:48:24,631 - INFO - Época 51 concluída. Loss média: 3.5213
2025-11-27 17:48:24,632 - INFO - Taxa de aprendizado ajustada para: 0.010000
2025-11-27 17:48:24,650 - INFO - Iniciando inferência com o modelo EfficientNetB7...
2025-11-27 17:48:34,575 - INFO - ==================================================
2025-11-27 17:48:34,575 - INFO - EXPERIMENT RESULTS
2025-11-27 17:48:34,575 - INFO - ==================================================
2025-11-27 17:48:34,575 - INFO - Elapsed Time Seconds     : 9.8754
2025-11-27 17:48:34,575 - INFO - Cpu Usage Percent        : 7.7188
2025-11-27 17:48:34,575 - INFO - Ram Peak Usage Bytes     : 4180860928.0000
2025-11-27 17:48:34,575 - INFO - Disk Read Bytes          : 0.0000
2025-11-27 17:48:34,575 - INFO - Disk Write Bytes         : 147456.0000
2025-11-27 17:48:34,575 - INFO - Vram Peak Usage Bytes    : 1746396276.0000
2025-11-27 17:48:34,575 - INFO - Gpu Power Watts Avg      : 244.2422
2025-11-27 17:48:34,575 - INFO - Gpu Power Watts Peak     : 288.8560
2025-11-27 17:48:34,575 - INFO - Gpu Temp Celsius Avg     : 64.8061
2025-11-27 17:48:34,575 - INFO - Gpu Temp Celsius Peak    : 68.0000
2025-11-27 17:48:34,575 - INFO - Gpu Utilization Percent Avg: 67.6327
2025-11-27 17:48:34,575 - INFO - Gpu Utilization Percent Peak: 85.0000
2025-11-27 17:48:34,575 - INFO - Gpu Mem Used Bytes Avg   : 22338011136.0000
2025-11-27 17:48:34,575 - INFO - Gpu Mem Used Bytes Peak  : 22338011136.0000
2025-11-27 17:48:34,575 - INFO - Gpu Vram Used Bytes      : 22338011136.0000
2025-11-27 17:48:34,575 - INFO - Accuracy                 : 0.3641
2025-11-27 17:48:34,575 - INFO - Precision                : 0.3685
2025-11-27 17:48:34,576 - INFO - Recall                   : 0.3641
2025-11-27 17:48:34,576 - INFO - F1 Score                 : 0.3461
2025-11-27 17:48:34,576 - INFO - ==================================================
2025-11-27 17:54:54,918 - INFO - Época 52 concluída. Loss média: 3.5224
2025-11-27 17:54:54,919 - INFO - Taxa de aprendizado ajustada para: 0.010000
2025-11-27 17:54:54,937 - INFO - Iniciando inferência com o modelo EfficientNetB7...
2025-11-27 17:55:04,804 - INFO - ==================================================
2025-11-27 17:55:04,804 - INFO - EXPERIMENT RESULTS
2025-11-27 17:55:04,804 - INFO - ==================================================
2025-11-27 17:55:04,804 - INFO - Elapsed Time Seconds     : 9.8174
2025-11-27 17:55:04,804 - INFO - Cpu Usage Percent        : 7.8125
2025-11-27 17:55:04,804 - INFO - Ram Peak Usage Bytes     : 4181135360.0000
2025-11-27 17:55:04,804 - INFO - Disk Read Bytes          : 0.0000
2025-11-27 17:55:04,804 - INFO - Disk Write Bytes         : 294912.0000
2025-11-27 17:55:04,804 - INFO - Vram Peak Usage Bytes    : 1746396276.0000
2025-11-27 17:55:04,804 - INFO - Gpu Power Watts Avg      : 248.9868
2025-11-27 17:55:04,804 - INFO - Gpu Power Watts Peak     : 290.5910
2025-11-27 17:55:04,804 - INFO - Gpu Temp Celsius Avg     : 65.3402
2025-11-27 17:55:04,804 - INFO - Gpu Temp Celsius Peak    : 68.0000
2025-11-27 17:55:04,804 - INFO - Gpu Utilization Percent Avg: 69.0515
2025-11-27 17:55:04,805 - INFO - Gpu Utilization Percent Peak: 86.0000
2025-11-27 17:55:04,805 - INFO - Gpu Mem Used Bytes Avg   : 22338011136.0000
2025-11-27 17:55:04,805 - INFO - Gpu Mem Used Bytes Peak  : 22338011136.0000
2025-11-27 17:55:04,805 - INFO - Gpu Vram Used Bytes      : 22338011136.0000
2025-11-27 17:55:04,805 - INFO - Accuracy                 : 0.3629
2025-11-27 17:55:04,805 - INFO - Precision                : 0.3842
2025-11-27 17:55:04,805 - INFO - Recall                   : 0.3629
2025-11-27 17:55:04,805 - INFO - F1 Score                 : 0.3466
2025-11-27 17:55:04,805 - INFO - ==================================================
2025-11-27 18:01:24,426 - INFO - Época 53 concluída. Loss média: 3.5090
2025-11-27 18:01:24,427 - INFO - Taxa de aprendizado ajustada para: 0.010000
2025-11-27 18:01:24,445 - INFO - Iniciando inferência com o modelo EfficientNetB7...
2025-11-27 18:01:34,298 - INFO - ==================================================
2025-11-27 18:01:34,299 - INFO - EXPERIMENT RESULTS
2025-11-27 18:01:34,299 - INFO - ==================================================
2025-11-27 18:01:34,299 - INFO - Elapsed Time Seconds     : 9.8042
2025-11-27 18:01:34,299 - INFO - Cpu Usage Percent        : 7.7625
2025-11-27 18:01:34,299 - INFO - Ram Peak Usage Bytes     : 4181393408.0000
2025-11-27 18:01:34,299 - INFO - Disk Read Bytes          : 0.0000
2025-11-27 18:01:34,299 - INFO - Disk Write Bytes         : 397312.0000
2025-11-27 18:01:34,299 - INFO - Vram Peak Usage Bytes    : 1746396276.0000
2025-11-27 18:01:34,299 - INFO - Gpu Power Watts Avg      : 248.7084
2025-11-27 18:01:34,299 - INFO - Gpu Power Watts Peak     : 290.2600
2025-11-27 18:01:34,299 - INFO - Gpu Temp Celsius Avg     : 65.1443
2025-11-27 18:01:34,299 - INFO - Gpu Temp Celsius Peak    : 68.0000
2025-11-27 18:01:34,299 - INFO - Gpu Utilization Percent Avg: 69.4433
2025-11-27 18:01:34,299 - INFO - Gpu Utilization Percent Peak: 85.0000
2025-11-27 18:01:34,299 - INFO - Gpu Mem Used Bytes Avg   : 22338011136.0000
2025-11-27 18:01:34,299 - INFO - Gpu Mem Used Bytes Peak  : 22338011136.0000
2025-11-27 18:01:34,299 - INFO - Gpu Vram Used Bytes      : 22338011136.0000
2025-11-27 18:01:34,299 - INFO - Accuracy                 : 0.3674
2025-11-27 18:01:34,299 - INFO - Precision                : 0.3721
2025-11-27 18:01:34,299 - INFO - Recall                   : 0.3674
2025-11-27 18:01:34,299 - INFO - F1 Score                 : 0.3445
2025-11-27 18:01:34,299 - INFO - ==================================================
2025-11-27 18:07:53,795 - INFO - Época 54 concluída. Loss média: 3.5068
2025-11-27 18:07:53,795 - INFO - Taxa de aprendizado ajustada para: 0.010000
2025-11-27 18:07:53,813 - INFO - Iniciando inferência com o modelo EfficientNetB7...
2025-11-27 18:08:03,646 - INFO - ==================================================
2025-11-27 18:08:03,646 - INFO - EXPERIMENT RESULTS
2025-11-27 18:08:03,646 - INFO - ==================================================
2025-11-27 18:08:03,646 - INFO - Elapsed Time Seconds     : 9.7829
2025-11-27 18:08:03,647 - INFO - Cpu Usage Percent        : 8.0188
2025-11-27 18:08:03,647 - INFO - Ram Peak Usage Bytes     : 4181630976.0000
2025-11-27 18:08:03,647 - INFO - Disk Read Bytes          : 0.0000
2025-11-27 18:08:03,647 - INFO - Disk Write Bytes         : 151552.0000
2025-11-27 18:08:03,647 - INFO - Vram Peak Usage Bytes    : 1746396276.0000
2025-11-27 18:08:03,647 - INFO - Gpu Power Watts Avg      : 248.1117
2025-11-27 18:08:03,647 - INFO - Gpu Power Watts Peak     : 284.9350
2025-11-27 18:08:03,647 - INFO - Gpu Temp Celsius Avg     : 64.7526
2025-11-27 18:08:03,647 - INFO - Gpu Temp Celsius Peak    : 68.0000
2025-11-27 18:08:03,647 - INFO - Gpu Utilization Percent Avg: 68.7423
2025-11-27 18:08:03,647 - INFO - Gpu Utilization Percent Peak: 85.0000
2025-11-27 18:08:03,647 - INFO - Gpu Mem Used Bytes Avg   : 22338011136.0000
2025-11-27 18:08:03,647 - INFO - Gpu Mem Used Bytes Peak  : 22338011136.0000
2025-11-27 18:08:03,647 - INFO - Gpu Vram Used Bytes      : 22338011136.0000
2025-11-27 18:08:03,647 - INFO - Accuracy                 : 0.3534
2025-11-27 18:08:03,647 - INFO - Precision                : 0.3725
2025-11-27 18:08:03,647 - INFO - Recall                   : 0.3534
2025-11-27 18:08:03,647 - INFO - F1 Score                 : 0.3377
2025-11-27 18:08:03,647 - INFO - ==================================================
2025-11-27 18:14:22,545 - INFO - Época 55 concluída. Loss média: 3.5026
2025-11-27 18:14:22,546 - INFO - Taxa de aprendizado ajustada para: 0.010000
2025-11-27 18:14:22,563 - INFO - Iniciando inferência com o modelo EfficientNetB7...
2025-11-27 18:14:32,786 - INFO - ==================================================
2025-11-27 18:14:32,786 - INFO - EXPERIMENT RESULTS
2025-11-27 18:14:32,786 - INFO - ==================================================
2025-11-27 18:14:32,786 - INFO - Elapsed Time Seconds     : 10.1733
2025-11-27 18:14:32,786 - INFO - Cpu Usage Percent        : 7.6375
2025-11-27 18:14:32,786 - INFO - Ram Peak Usage Bytes     : 4183031808.0000
2025-11-27 18:14:32,786 - INFO - Disk Read Bytes          : 0.0000
2025-11-27 18:14:32,786 - INFO - Disk Write Bytes         : 245760.0000
2025-11-27 18:14:32,786 - INFO - Vram Peak Usage Bytes    : 1746396276.0000
2025-11-27 18:14:32,786 - INFO - Gpu Power Watts Avg      : 244.0142
2025-11-27 18:14:32,787 - INFO - Gpu Power Watts Peak     : 289.5100
2025-11-27 18:14:32,787 - INFO - Gpu Temp Celsius Avg     : 65.1980
2025-11-27 18:14:32,787 - INFO - Gpu Temp Celsius Peak    : 68.0000
2025-11-27 18:14:32,787 - INFO - Gpu Utilization Percent Avg: 65.9307
2025-11-27 18:14:32,787 - INFO - Gpu Utilization Percent Peak: 85.0000
2025-11-27 18:14:32,787 - INFO - Gpu Mem Used Bytes Avg   : 22338011136.0000
2025-11-27 18:14:32,787 - INFO - Gpu Mem Used Bytes Peak  : 22338011136.0000
2025-11-27 18:14:32,787 - INFO - Gpu Vram Used Bytes      : 22338011136.0000
2025-11-27 18:14:32,787 - INFO - Accuracy                 : 0.3700
2025-11-27 18:14:32,787 - INFO - Precision                : 0.3817
2025-11-27 18:14:32,787 - INFO - Recall                   : 0.3700
2025-11-27 18:14:32,787 - INFO - F1 Score                 : 0.3541
2025-11-27 18:14:32,787 - INFO - ==================================================
2025-11-27 18:20:50,015 - INFO - Época 56 concluída. Loss média: 3.4906
2025-11-27 18:20:50,016 - INFO - Taxa de aprendizado ajustada para: 0.010000
2025-11-27 18:20:50,034 - INFO - Iniciando inferência com o modelo EfficientNetB7...
2025-11-27 18:20:59,980 - INFO - ==================================================
2025-11-27 18:20:59,980 - INFO - EXPERIMENT RESULTS
2025-11-27 18:20:59,980 - INFO - ==================================================
2025-11-27 18:20:59,981 - INFO - Elapsed Time Seconds     : 9.8746
2025-11-27 18:20:59,981 - INFO - Cpu Usage Percent        : 7.8625
2025-11-27 18:20:59,981 - INFO - Ram Peak Usage Bytes     : 4183584768.0000
2025-11-27 18:20:59,981 - INFO - Disk Read Bytes          : 0.0000
2025-11-27 18:20:59,981 - INFO - Disk Write Bytes         : 143360.0000
2025-11-27 18:20:59,981 - INFO - Vram Peak Usage Bytes    : 1746396276.0000
2025-11-27 18:20:59,981 - INFO - Gpu Power Watts Avg      : 244.8459
2025-11-27 18:20:59,981 - INFO - Gpu Power Watts Peak     : 281.1740
2025-11-27 18:20:59,981 - INFO - Gpu Temp Celsius Avg     : 65.0102
2025-11-27 18:20:59,981 - INFO - Gpu Temp Celsius Peak    : 68.0000
2025-11-27 18:20:59,981 - INFO - Gpu Utilization Percent Avg: 67.9388
2025-11-27 18:20:59,981 - INFO - Gpu Utilization Percent Peak: 84.0000
2025-11-27 18:20:59,981 - INFO - Gpu Mem Used Bytes Avg   : 22338011136.0000
2025-11-27 18:20:59,981 - INFO - Gpu Mem Used Bytes Peak  : 22338011136.0000
2025-11-27 18:20:59,981 - INFO - Gpu Vram Used Bytes      : 22338011136.0000
2025-11-27 18:20:59,981 - INFO - Accuracy                 : 0.3763
2025-11-27 18:20:59,981 - INFO - Precision                : 0.3918
2025-11-27 18:20:59,981 - INFO - Recall                   : 0.3763
2025-11-27 18:20:59,981 - INFO - F1 Score                 : 0.3609
2025-11-27 18:20:59,981 - INFO - ==================================================
2025-11-27 18:27:19,328 - INFO - Época 57 concluída. Loss média: 3.4832
2025-11-27 18:27:19,328 - INFO - Taxa de aprendizado ajustada para: 0.010000
2025-11-27 18:27:19,346 - INFO - Iniciando inferência com o modelo EfficientNetB7...
2025-11-27 18:27:29,106 - INFO - ==================================================
2025-11-27 18:27:29,106 - INFO - EXPERIMENT RESULTS
2025-11-27 18:27:29,106 - INFO - ==================================================
2025-11-27 18:27:29,106 - INFO - Elapsed Time Seconds     : 9.7097
2025-11-27 18:27:29,106 - INFO - Cpu Usage Percent        : 7.7875
2025-11-27 18:27:29,106 - INFO - Ram Peak Usage Bytes     : 4183871488.0000
2025-11-27 18:27:29,106 - INFO - Disk Read Bytes          : 0.0000
2025-11-27 18:27:29,106 - INFO - Disk Write Bytes         : 217088.0000
2025-11-27 18:27:29,106 - INFO - Vram Peak Usage Bytes    : 1746396276.0000
2025-11-27 18:27:29,106 - INFO - Gpu Power Watts Avg      : 249.8041
2025-11-27 18:27:29,106 - INFO - Gpu Power Watts Peak     : 289.6110
2025-11-27 18:27:29,106 - INFO - Gpu Temp Celsius Avg     : 65.2604
2025-11-27 18:27:29,106 - INFO - Gpu Temp Celsius Peak    : 68.0000
2025-11-27 18:27:29,107 - INFO - Gpu Utilization Percent Avg: 69.2292
2025-11-27 18:27:29,107 - INFO - Gpu Utilization Percent Peak: 86.0000
2025-11-27 18:27:29,107 - INFO - Gpu Mem Used Bytes Avg   : 22338011136.0000
2025-11-27 18:27:29,107 - INFO - Gpu Mem Used Bytes Peak  : 22338011136.0000
2025-11-27 18:27:29,107 - INFO - Gpu Vram Used Bytes      : 22338011136.0000
2025-11-27 18:27:29,107 - INFO - Accuracy                 : 0.3638
2025-11-27 18:27:29,107 - INFO - Precision                : 0.3876
2025-11-27 18:27:29,107 - INFO - Recall                   : 0.3638
2025-11-27 18:27:29,107 - INFO - F1 Score                 : 0.3467
2025-11-27 18:27:29,107 - INFO - ==================================================
2025-11-27 18:33:46,434 - INFO - Época 58 concluída. Loss média: 3.4781
2025-11-27 18:33:46,435 - INFO - Taxa de aprendizado ajustada para: 0.010000
2025-11-27 18:33:46,452 - INFO - Iniciando inferência com o modelo EfficientNetB7...
2025-11-27 18:33:56,487 - INFO - ==================================================
2025-11-27 18:33:56,487 - INFO - EXPERIMENT RESULTS
2025-11-27 18:33:56,487 - INFO - ==================================================
2025-11-27 18:33:56,487 - INFO - Elapsed Time Seconds     : 9.9836
2025-11-27 18:33:56,487 - INFO - Cpu Usage Percent        : 7.6625
2025-11-27 18:33:56,487 - INFO - Ram Peak Usage Bytes     : 4184076288.0000
2025-11-27 18:33:56,487 - INFO - Disk Read Bytes          : 0.0000
2025-11-27 18:33:56,487 - INFO - Disk Write Bytes         : 135168.0000
2025-11-27 18:33:56,487 - INFO - Vram Peak Usage Bytes    : 1746396276.0000
2025-11-27 18:33:56,487 - INFO - Gpu Power Watts Avg      : 246.9411
2025-11-27 18:33:56,487 - INFO - Gpu Power Watts Peak     : 289.8460
2025-11-27 18:33:56,488 - INFO - Gpu Temp Celsius Avg     : 65.1414
2025-11-27 18:33:56,488 - INFO - Gpu Temp Celsius Peak    : 68.0000
2025-11-27 18:33:56,488 - INFO - Gpu Utilization Percent Avg: 68.5253
2025-11-27 18:33:56,488 - INFO - Gpu Utilization Percent Peak: 86.0000
2025-11-27 18:33:56,488 - INFO - Gpu Mem Used Bytes Avg   : 22338011136.0000
2025-11-27 18:33:56,488 - INFO - Gpu Mem Used Bytes Peak  : 22338011136.0000
2025-11-27 18:33:56,488 - INFO - Gpu Vram Used Bytes      : 22338011136.0000
2025-11-27 18:33:56,488 - INFO - Accuracy                 : 0.3767
2025-11-27 18:33:56,488 - INFO - Precision                : 0.3864
2025-11-27 18:33:56,488 - INFO - Recall                   : 0.3767
2025-11-27 18:33:56,488 - INFO - F1 Score                 : 0.3590
2025-11-27 18:33:56,488 - INFO - ==================================================
2025-11-27 18:40:14,870 - INFO - Época 59 concluída. Loss média: 3.4735
2025-11-27 18:40:14,871 - INFO - Taxa de aprendizado ajustada para: 0.010000
2025-11-27 18:40:14,889 - INFO - Iniciando inferência com o modelo EfficientNetB7...
2025-11-27 18:40:24,940 - INFO - ==================================================
2025-11-27 18:40:24,940 - INFO - EXPERIMENT RESULTS
2025-11-27 18:40:24,940 - INFO - ==================================================
2025-11-27 18:40:24,940 - INFO - Elapsed Time Seconds     : 10.0012
2025-11-27 18:40:24,940 - INFO - Cpu Usage Percent        : 7.8812
2025-11-27 18:40:24,940 - INFO - Ram Peak Usage Bytes     : 4187549696.0000
2025-11-27 18:40:24,941 - INFO - Disk Read Bytes          : 0.0000
2025-11-27 18:40:24,941 - INFO - Disk Write Bytes         : 135168.0000
2025-11-27 18:40:24,941 - INFO - Vram Peak Usage Bytes    : 1746396276.0000
2025-11-27 18:40:24,941 - INFO - Gpu Power Watts Avg      : 244.0601
2025-11-27 18:40:24,941 - INFO - Gpu Power Watts Peak     : 289.0110
2025-11-27 18:40:24,941 - INFO - Gpu Temp Celsius Avg     : 64.7576
2025-11-27 18:40:24,941 - INFO - Gpu Temp Celsius Peak    : 68.0000
2025-11-27 18:40:24,941 - INFO - Gpu Utilization Percent Avg: 67.7778
2025-11-27 18:40:24,941 - INFO - Gpu Utilization Percent Peak: 85.0000
2025-11-27 18:40:24,941 - INFO - Gpu Mem Used Bytes Avg   : 22338011136.0000
2025-11-27 18:40:24,941 - INFO - Gpu Mem Used Bytes Peak  : 22338011136.0000
2025-11-27 18:40:24,941 - INFO - Gpu Vram Used Bytes      : 22338011136.0000
2025-11-27 18:40:24,941 - INFO - Accuracy                 : 0.3672
2025-11-27 18:40:24,941 - INFO - Precision                : 0.3785
2025-11-27 18:40:24,941 - INFO - Recall                   : 0.3672
2025-11-27 18:40:24,941 - INFO - F1 Score                 : 0.3459
2025-11-27 18:40:24,941 - INFO - ==================================================
2025-11-27 18:46:44,447 - INFO - Época 60 concluída. Loss média: 3.4691
2025-11-27 18:46:44,448 - INFO - Taxa de aprendizado ajustada para: 0.001000
2025-11-27 18:46:44,466 - INFO - Iniciando inferência com o modelo EfficientNetB7...
2025-11-27 18:46:55,019 - INFO - ==================================================
2025-11-27 18:46:55,019 - INFO - EXPERIMENT RESULTS
2025-11-27 18:46:55,019 - INFO - ==================================================
2025-11-27 18:46:55,019 - INFO - Elapsed Time Seconds     : 10.5037
2025-11-27 18:46:55,019 - INFO - Cpu Usage Percent        : 7.6500
2025-11-27 18:46:55,019 - INFO - Ram Peak Usage Bytes     : 4187856896.0000
2025-11-27 18:46:55,019 - INFO - Disk Read Bytes          : 0.0000
2025-11-27 18:46:55,019 - INFO - Disk Write Bytes         : 135168.0000
2025-11-27 18:46:55,019 - INFO - Vram Peak Usage Bytes    : 1746396276.0000
2025-11-27 18:46:55,019 - INFO - Gpu Power Watts Avg      : 240.3784
2025-11-27 18:46:55,019 - INFO - Gpu Power Watts Peak     : 288.8770
2025-11-27 18:46:55,019 - INFO - Gpu Temp Celsius Avg     : 64.5728
2025-11-27 18:46:55,019 - INFO - Gpu Temp Celsius Peak    : 67.0000
2025-11-27 18:46:55,020 - INFO - Gpu Utilization Percent Avg: 64.7767
2025-11-27 18:46:55,020 - INFO - Gpu Utilization Percent Peak: 85.0000
2025-11-27 18:46:55,020 - INFO - Gpu Mem Used Bytes Avg   : 22338011136.0000
2025-11-27 18:46:55,020 - INFO - Gpu Mem Used Bytes Peak  : 22338011136.0000
2025-11-27 18:46:55,020 - INFO - Gpu Vram Used Bytes      : 22338011136.0000
2025-11-27 18:46:55,020 - INFO - Accuracy                 : 0.3790
2025-11-27 18:46:55,020 - INFO - Precision                : 0.3904
2025-11-27 18:46:55,020 - INFO - Recall                   : 0.3790
2025-11-27 18:46:55,020 - INFO - F1 Score                 : 0.3626
2025-11-27 18:46:55,020 - INFO - ==================================================
2025-11-27 18:53:14,391 - INFO - Época 61 concluída. Loss média: 3.3135
2025-11-27 18:53:14,391 - INFO - Taxa de aprendizado ajustada para: 0.001000
2025-11-27 18:53:14,409 - INFO - Iniciando inferência com o modelo EfficientNetB7...
2025-11-27 18:53:24,272 - INFO - ==================================================
2025-11-27 18:53:24,272 - INFO - EXPERIMENT RESULTS
2025-11-27 18:53:24,272 - INFO - ==================================================
2025-11-27 18:53:24,272 - INFO - Elapsed Time Seconds     : 9.7887
2025-11-27 18:53:24,272 - INFO - Cpu Usage Percent        : 7.9188
2025-11-27 18:53:24,272 - INFO - Ram Peak Usage Bytes     : 4188262400.0000
2025-11-27 18:53:24,273 - INFO - Disk Read Bytes          : 0.0000
2025-11-27 18:53:24,273 - INFO - Disk Write Bytes         : 135168.0000
2025-11-27 18:53:24,273 - INFO - Vram Peak Usage Bytes    : 1746396276.0000
2025-11-27 18:53:24,273 - INFO - Gpu Power Watts Avg      : 246.7352
2025-11-27 18:53:24,273 - INFO - Gpu Power Watts Peak     : 286.3230
2025-11-27 18:53:24,273 - INFO - Gpu Temp Celsius Avg     : 64.9794
2025-11-27 18:53:24,273 - INFO - Gpu Temp Celsius Peak    : 68.0000
2025-11-27 18:53:24,273 - INFO - Gpu Utilization Percent Avg: 68.5361
2025-11-27 18:53:24,273 - INFO - Gpu Utilization Percent Peak: 85.0000
2025-11-27 18:53:24,273 - INFO - Gpu Mem Used Bytes Avg   : 22338011136.0000
2025-11-27 18:53:24,273 - INFO - Gpu Mem Used Bytes Peak  : 22338011136.0000
2025-11-27 18:53:24,273 - INFO - Gpu Vram Used Bytes      : 22338011136.0000
2025-11-27 18:53:24,273 - INFO - Accuracy                 : 0.4313
2025-11-27 18:53:24,273 - INFO - Precision                : 0.4211
2025-11-27 18:53:24,273 - INFO - Recall                   : 0.4313
2025-11-27 18:53:24,273 - INFO - F1 Score                 : 0.4152
2025-11-27 18:53:24,273 - INFO - ==================================================
2025-11-27 18:59:45,148 - INFO - Época 62 concluída. Loss média: 3.2708
2025-11-27 18:59:45,149 - INFO - Taxa de aprendizado ajustada para: 0.001000
2025-11-27 18:59:45,167 - INFO - Iniciando inferência com o modelo EfficientNetB7...
2025-11-27 18:59:54,918 - INFO - ==================================================
2025-11-27 18:59:54,919 - INFO - EXPERIMENT RESULTS
2025-11-27 18:59:54,919 - INFO - ==================================================
2025-11-27 18:59:54,919 - INFO - Elapsed Time Seconds     : 9.7007
2025-11-27 18:59:54,919 - INFO - Cpu Usage Percent        : 7.9125
2025-11-27 18:59:54,919 - INFO - Ram Peak Usage Bytes     : 4188483584.0000
2025-11-27 18:59:54,919 - INFO - Disk Read Bytes          : 0.0000
2025-11-27 18:59:54,919 - INFO - Disk Write Bytes         : 135168.0000
2025-11-27 18:59:54,919 - INFO - Vram Peak Usage Bytes    : 1746396276.0000
2025-11-27 18:59:54,919 - INFO - Gpu Power Watts Avg      : 245.2859
2025-11-27 18:59:54,919 - INFO - Gpu Power Watts Peak     : 286.1300
2025-11-27 18:59:54,919 - INFO - Gpu Temp Celsius Avg     : 65.0833
2025-11-27 18:59:54,919 - INFO - Gpu Temp Celsius Peak    : 68.0000
2025-11-27 18:59:54,919 - INFO - Gpu Utilization Percent Avg: 69.8646
2025-11-27 18:59:54,919 - INFO - Gpu Utilization Percent Peak: 85.0000
2025-11-27 18:59:54,919 - INFO - Gpu Mem Used Bytes Avg   : 22338011136.0000
2025-11-27 18:59:54,919 - INFO - Gpu Mem Used Bytes Peak  : 22338011136.0000
2025-11-27 18:59:54,919 - INFO - Gpu Vram Used Bytes      : 22338011136.0000
2025-11-27 18:59:54,919 - INFO - Accuracy                 : 0.4363
2025-11-27 18:59:54,919 - INFO - Precision                : 0.4246
2025-11-27 18:59:54,919 - INFO - Recall                   : 0.4363
2025-11-27 18:59:54,919 - INFO - F1 Score                 : 0.4200
2025-11-27 18:59:54,920 - INFO - ==================================================
2025-11-27 19:06:13,688 - INFO - Época 63 concluída. Loss média: 3.2543
2025-11-27 19:06:13,689 - INFO - Taxa de aprendizado ajustada para: 0.001000
2025-11-27 19:06:13,707 - INFO - Iniciando inferência com o modelo EfficientNetB7...
2025-11-27 19:06:23,758 - INFO - ==================================================
2025-11-27 19:06:23,758 - INFO - EXPERIMENT RESULTS
2025-11-27 19:06:23,758 - INFO - ==================================================
2025-11-27 19:06:23,758 - INFO - Elapsed Time Seconds     : 10.0008
2025-11-27 19:06:23,758 - INFO - Cpu Usage Percent        : 7.8438
2025-11-27 19:06:23,758 - INFO - Ram Peak Usage Bytes     : 4188803072.0000
2025-11-27 19:06:23,758 - INFO - Disk Read Bytes          : 0.0000
2025-11-27 19:06:23,758 - INFO - Disk Write Bytes         : 135168.0000
2025-11-27 19:06:23,758 - INFO - Vram Peak Usage Bytes    : 1746396276.0000
2025-11-27 19:06:23,758 - INFO - Gpu Power Watts Avg      : 243.2702
2025-11-27 19:06:23,758 - INFO - Gpu Power Watts Peak     : 286.2020
2025-11-27 19:06:23,759 - INFO - Gpu Temp Celsius Avg     : 64.7475
2025-11-27 19:06:23,759 - INFO - Gpu Temp Celsius Peak    : 68.0000
2025-11-27 19:06:23,759 - INFO - Gpu Utilization Percent Avg: 68.0202
2025-11-27 19:06:23,759 - INFO - Gpu Utilization Percent Peak: 85.0000
2025-11-27 19:06:23,759 - INFO - Gpu Mem Used Bytes Avg   : 22338011136.0000
2025-11-27 19:06:23,759 - INFO - Gpu Mem Used Bytes Peak  : 22338011136.0000
2025-11-27 19:06:23,759 - INFO - Gpu Vram Used Bytes      : 22338011136.0000
2025-11-27 19:06:23,759 - INFO - Accuracy                 : 0.4419
2025-11-27 19:06:23,759 - INFO - Precision                : 0.4308
2025-11-27 19:06:23,759 - INFO - Recall                   : 0.4419
2025-11-27 19:06:23,759 - INFO - F1 Score                 : 0.4269
2025-11-27 19:06:23,759 - INFO - ==================================================
2025-11-27 19:12:45,919 - INFO - Época 64 concluída. Loss média: 3.2446
2025-11-27 19:12:45,920 - INFO - Taxa de aprendizado ajustada para: 0.001000
2025-11-27 19:12:45,937 - INFO - Iniciando inferência com o modelo EfficientNetB7...
2025-11-27 19:12:56,196 - INFO - ==================================================
2025-11-27 19:12:56,196 - INFO - EXPERIMENT RESULTS
2025-11-27 19:12:56,196 - INFO - ==================================================
2025-11-27 19:12:56,196 - INFO - Elapsed Time Seconds     : 10.2086
2025-11-27 19:12:56,196 - INFO - Cpu Usage Percent        : 7.6562
2025-11-27 19:12:56,196 - INFO - Ram Peak Usage Bytes     : 4189126656.0000
2025-11-27 19:12:56,197 - INFO - Disk Read Bytes          : 0.0000
2025-11-27 19:12:56,197 - INFO - Disk Write Bytes         : 135168.0000
2025-11-27 19:12:56,197 - INFO - Vram Peak Usage Bytes    : 1746396276.0000
2025-11-27 19:12:56,197 - INFO - Gpu Power Watts Avg      : 240.9684
2025-11-27 19:12:56,197 - INFO - Gpu Power Watts Peak     : 287.3000
2025-11-27 19:12:56,197 - INFO - Gpu Temp Celsius Avg     : 64.4653
2025-11-27 19:12:56,197 - INFO - Gpu Temp Celsius Peak    : 68.0000
2025-11-27 19:12:56,197 - INFO - Gpu Utilization Percent Avg: 66.1980
2025-11-27 19:12:56,197 - INFO - Gpu Utilization Percent Peak: 85.0000
2025-11-27 19:12:56,197 - INFO - Gpu Mem Used Bytes Avg   : 22338011136.0000
2025-11-27 19:12:56,197 - INFO - Gpu Mem Used Bytes Peak  : 22338011136.0000
2025-11-27 19:12:56,197 - INFO - Gpu Vram Used Bytes      : 22338011136.0000
2025-11-27 19:12:56,197 - INFO - Accuracy                 : 0.4424
2025-11-27 19:12:56,197 - INFO - Precision                : 0.4322
2025-11-27 19:12:56,197 - INFO - Recall                   : 0.4424
2025-11-27 19:12:56,197 - INFO - F1 Score                 : 0.4274
2025-11-27 19:12:56,197 - INFO - ==================================================
2025-11-27 19:19:17,627 - INFO - Época 65 concluída. Loss média: 3.2349
2025-11-27 19:19:17,628 - INFO - Taxa de aprendizado ajustada para: 0.001000
2025-11-27 19:19:17,645 - INFO - Iniciando inferência com o modelo EfficientNetB7...
2025-11-27 19:19:27,692 - INFO - ==================================================
2025-11-27 19:19:27,693 - INFO - EXPERIMENT RESULTS
2025-11-27 19:19:27,693 - INFO - ==================================================
2025-11-27 19:19:27,693 - INFO - Elapsed Time Seconds     : 9.9975
2025-11-27 19:19:27,693 - INFO - Cpu Usage Percent        : 7.7562
2025-11-27 19:19:27,693 - INFO - Ram Peak Usage Bytes     : 4189523968.0000
2025-11-27 19:19:27,693 - INFO - Disk Read Bytes          : 0.0000
2025-11-27 19:19:27,693 - INFO - Disk Write Bytes         : 229376.0000
2025-11-27 19:19:27,693 - INFO - Vram Peak Usage Bytes    : 1746396276.0000
2025-11-27 19:19:27,693 - INFO - Gpu Power Watts Avg      : 244.9791
2025-11-27 19:19:27,693 - INFO - Gpu Power Watts Peak     : 285.9410
2025-11-27 19:19:27,693 - INFO - Gpu Temp Celsius Avg     : 64.6667
2025-11-27 19:19:27,693 - INFO - Gpu Temp Celsius Peak    : 68.0000
2025-11-27 19:19:27,693 - INFO - Gpu Utilization Percent Avg: 67.7374
2025-11-27 19:19:27,693 - INFO - Gpu Utilization Percent Peak: 84.0000
2025-11-27 19:19:27,693 - INFO - Gpu Mem Used Bytes Avg   : 22338011136.0000
2025-11-27 19:19:27,693 - INFO - Gpu Mem Used Bytes Peak  : 22338011136.0000
2025-11-27 19:19:27,693 - INFO - Gpu Vram Used Bytes      : 22338011136.0000
2025-11-27 19:19:27,693 - INFO - Accuracy                 : 0.4461
2025-11-27 19:19:27,693 - INFO - Precision                : 0.4351
2025-11-27 19:19:27,693 - INFO - Recall                   : 0.4461
2025-11-27 19:19:27,693 - INFO - F1 Score                 : 0.4326
2025-11-27 19:19:27,693 - INFO - ==================================================
2025-11-27 19:25:48,860 - INFO - Época 66 concluída. Loss média: 3.2366
2025-11-27 19:25:48,860 - INFO - Taxa de aprendizado ajustada para: 0.001000
2025-11-27 19:25:48,878 - INFO - Iniciando inferência com o modelo EfficientNetB7...
2025-11-27 19:25:58,815 - INFO - ==================================================
2025-11-27 19:25:58,815 - INFO - EXPERIMENT RESULTS
2025-11-27 19:25:58,815 - INFO - ==================================================
2025-11-27 19:25:58,815 - INFO - Elapsed Time Seconds     : 9.8874
2025-11-27 19:25:58,815 - INFO - Cpu Usage Percent        : 7.8000
2025-11-27 19:25:58,815 - INFO - Ram Peak Usage Bytes     : 4189741056.0000
2025-11-27 19:25:58,815 - INFO - Disk Read Bytes          : 0.0000
2025-11-27 19:25:58,815 - INFO - Disk Write Bytes         : 135168.0000
2025-11-27 19:25:58,815 - INFO - Vram Peak Usage Bytes    : 1746396276.0000
2025-11-27 19:25:58,815 - INFO - Gpu Power Watts Avg      : 244.9457
2025-11-27 19:25:58,815 - INFO - Gpu Power Watts Peak     : 286.8060
2025-11-27 19:25:58,815 - INFO - Gpu Temp Celsius Avg     : 64.8163
2025-11-27 19:25:58,815 - INFO - Gpu Temp Celsius Peak    : 68.0000
2025-11-27 19:25:58,815 - INFO - Gpu Utilization Percent Avg: 68.3469
2025-11-27 19:25:58,815 - INFO - Gpu Utilization Percent Peak: 85.0000
2025-11-27 19:25:58,816 - INFO - Gpu Mem Used Bytes Avg   : 22338011136.0000
2025-11-27 19:25:58,816 - INFO - Gpu Mem Used Bytes Peak  : 22338011136.0000
2025-11-27 19:25:58,816 - INFO - Gpu Vram Used Bytes      : 22338011136.0000
2025-11-27 19:25:58,816 - INFO - Accuracy                 : 0.4454
2025-11-27 19:25:58,816 - INFO - Precision                : 0.4346
2025-11-27 19:25:58,816 - INFO - Recall                   : 0.4454
2025-11-27 19:25:58,816 - INFO - F1 Score                 : 0.4299
2025-11-27 19:25:58,816 - INFO - ==================================================
2025-11-27 19:32:19,696 - INFO - Época 67 concluída. Loss média: 3.2269
2025-11-27 19:32:19,697 - INFO - Taxa de aprendizado ajustada para: 0.001000
2025-11-27 19:32:19,714 - INFO - Iniciando inferência com o modelo EfficientNetB7...
2025-11-27 19:32:29,593 - INFO - ==================================================
2025-11-27 19:32:29,593 - INFO - EXPERIMENT RESULTS
2025-11-27 19:32:29,593 - INFO - ==================================================
2025-11-27 19:32:29,593 - INFO - Elapsed Time Seconds     : 9.8121
2025-11-27 19:32:29,593 - INFO - Cpu Usage Percent        : 7.8000
2025-11-27 19:32:29,593 - INFO - Ram Peak Usage Bytes     : 4189982720.0000
2025-11-27 19:32:29,593 - INFO - Disk Read Bytes          : 0.0000
2025-11-27 19:32:29,593 - INFO - Disk Write Bytes         : 348160.0000
2025-11-27 19:32:29,593 - INFO - Vram Peak Usage Bytes    : 1746396276.0000
2025-11-27 19:32:29,593 - INFO - Gpu Power Watts Avg      : 247.0162
2025-11-27 19:32:29,593 - INFO - Gpu Power Watts Peak     : 288.5680
2025-11-27 19:32:29,593 - INFO - Gpu Temp Celsius Avg     : 64.9278
2025-11-27 19:32:29,593 - INFO - Gpu Temp Celsius Peak    : 68.0000
2025-11-27 19:32:29,593 - INFO - Gpu Utilization Percent Avg: 69.0412
2025-11-27 19:32:29,593 - INFO - Gpu Utilization Percent Peak: 85.0000
2025-11-27 19:32:29,593 - INFO - Gpu Mem Used Bytes Avg   : 22338011136.0000
2025-11-27 19:32:29,594 - INFO - Gpu Mem Used Bytes Peak  : 22338011136.0000
2025-11-27 19:32:29,594 - INFO - Gpu Vram Used Bytes      : 22338011136.0000
2025-11-27 19:32:29,594 - INFO - Accuracy                 : 0.4499
2025-11-27 19:32:29,594 - INFO - Precision                : 0.4383
2025-11-27 19:32:29,594 - INFO - Recall                   : 0.4499
2025-11-27 19:32:29,594 - INFO - F1 Score                 : 0.4351
2025-11-27 19:32:29,594 - INFO - ==================================================
2025-11-27 19:38:48,266 - INFO - Época 68 concluída. Loss média: 3.2221
2025-11-27 19:38:48,266 - INFO - Taxa de aprendizado ajustada para: 0.001000
2025-11-27 19:38:48,284 - INFO - Iniciando inferência com o modelo EfficientNetB7...
2025-11-27 19:38:58,127 - INFO - ==================================================
2025-11-27 19:38:58,128 - INFO - EXPERIMENT RESULTS
2025-11-27 19:38:58,128 - INFO - ==================================================
2025-11-27 19:38:58,128 - INFO - Elapsed Time Seconds     : 9.7939
2025-11-27 19:38:58,128 - INFO - Cpu Usage Percent        : 7.6875
2025-11-27 19:38:58,128 - INFO - Ram Peak Usage Bytes     : 4190228480.0000
2025-11-27 19:38:58,128 - INFO - Disk Read Bytes          : 0.0000
2025-11-27 19:38:58,128 - INFO - Disk Write Bytes         : 139264.0000
2025-11-27 19:38:58,128 - INFO - Vram Peak Usage Bytes    : 1746396276.0000
2025-11-27 19:38:58,128 - INFO - Gpu Power Watts Avg      : 246.8057
2025-11-27 19:38:58,128 - INFO - Gpu Power Watts Peak     : 285.9350
2025-11-27 19:38:58,128 - INFO - Gpu Temp Celsius Avg     : 65.2577
2025-11-27 19:38:58,128 - INFO - Gpu Temp Celsius Peak    : 68.0000
2025-11-27 19:38:58,128 - INFO - Gpu Utilization Percent Avg: 68.5052
2025-11-27 19:38:58,128 - INFO - Gpu Utilization Percent Peak: 84.0000
2025-11-27 19:38:58,128 - INFO - Gpu Mem Used Bytes Avg   : 22338011136.0000
2025-11-27 19:38:58,128 - INFO - Gpu Mem Used Bytes Peak  : 22338011136.0000
2025-11-27 19:38:58,128 - INFO - Gpu Vram Used Bytes      : 22338011136.0000
2025-11-27 19:38:58,128 - INFO - Accuracy                 : 0.4469
2025-11-27 19:38:58,128 - INFO - Precision                : 0.4371
2025-11-27 19:38:58,128 - INFO - Recall                   : 0.4469
2025-11-27 19:38:58,129 - INFO - F1 Score                 : 0.4317
2025-11-27 19:38:58,129 - INFO - ==================================================
2025-11-27 19:45:16,239 - INFO - Época 69 concluída. Loss média: 3.2181
2025-11-27 19:45:16,240 - INFO - Taxa de aprendizado ajustada para: 0.001000
2025-11-27 19:45:16,258 - INFO - Iniciando inferência com o modelo EfficientNetB7...
2025-11-27 19:45:26,205 - INFO - ==================================================
2025-11-27 19:45:26,205 - INFO - EXPERIMENT RESULTS
2025-11-27 19:45:26,205 - INFO - ==================================================
2025-11-27 19:45:26,205 - INFO - Elapsed Time Seconds     : 9.8974
2025-11-27 19:45:26,205 - INFO - Cpu Usage Percent        : 7.7313
2025-11-27 19:45:26,205 - INFO - Ram Peak Usage Bytes     : 4190490624.0000
2025-11-27 19:45:26,206 - INFO - Disk Read Bytes          : 0.0000
2025-11-27 19:45:26,206 - INFO - Disk Write Bytes         : 221184.0000
2025-11-27 19:45:26,206 - INFO - Vram Peak Usage Bytes    : 1746396276.0000
2025-11-27 19:45:26,206 - INFO - Gpu Power Watts Avg      : 246.1121
2025-11-27 19:45:26,206 - INFO - Gpu Power Watts Peak     : 285.9370
2025-11-27 19:45:26,206 - INFO - Gpu Temp Celsius Avg     : 64.7653
2025-11-27 19:45:26,206 - INFO - Gpu Temp Celsius Peak    : 67.0000
2025-11-27 19:45:26,206 - INFO - Gpu Utilization Percent Avg: 68.3878
2025-11-27 19:45:26,206 - INFO - Gpu Utilization Percent Peak: 85.0000
2025-11-27 19:45:26,206 - INFO - Gpu Mem Used Bytes Avg   : 22338011136.0000
2025-11-27 19:45:26,206 - INFO - Gpu Mem Used Bytes Peak  : 22338011136.0000
2025-11-27 19:45:26,206 - INFO - Gpu Vram Used Bytes      : 22338011136.0000
2025-11-27 19:45:26,206 - INFO - Accuracy                 : 0.4478
2025-11-27 19:45:26,206 - INFO - Precision                : 0.4375
2025-11-27 19:45:26,206 - INFO - Recall                   : 0.4478
2025-11-27 19:45:26,206 - INFO - F1 Score                 : 0.4323
2025-11-27 19:45:26,206 - INFO - ==================================================
2025-11-27 19:51:46,076 - INFO - Época 70 concluída. Loss média: 3.2160
2025-11-27 19:51:46,077 - INFO - Taxa de aprendizado ajustada para: 0.001000
2025-11-27 19:51:46,095 - INFO - Iniciando inferência com o modelo EfficientNetB7...
2025-11-27 19:51:56,027 - INFO - ==================================================
2025-11-27 19:51:56,027 - INFO - EXPERIMENT RESULTS
2025-11-27 19:51:56,027 - INFO - ==================================================
2025-11-27 19:51:56,027 - INFO - Elapsed Time Seconds     : 9.8823
2025-11-27 19:51:56,028 - INFO - Cpu Usage Percent        : 7.7188
2025-11-27 19:51:56,028 - INFO - Ram Peak Usage Bytes     : 4190736384.0000
2025-11-27 19:51:56,028 - INFO - Disk Read Bytes          : 0.0000
2025-11-27 19:51:56,028 - INFO - Disk Write Bytes         : 135168.0000
2025-11-27 19:51:56,028 - INFO - Vram Peak Usage Bytes    : 1746396276.0000
2025-11-27 19:51:56,028 - INFO - Gpu Power Watts Avg      : 245.7184
2025-11-27 19:51:56,028 - INFO - Gpu Power Watts Peak     : 285.5640
2025-11-27 19:51:56,028 - INFO - Gpu Temp Celsius Avg     : 64.5918
2025-11-27 19:51:56,028 - INFO - Gpu Temp Celsius Peak    : 68.0000
2025-11-27 19:51:56,028 - INFO - Gpu Utilization Percent Avg: 68.7653
2025-11-27 19:51:56,028 - INFO - Gpu Utilization Percent Peak: 85.0000
2025-11-27 19:51:56,028 - INFO - Gpu Mem Used Bytes Avg   : 22338011136.0000
2025-11-27 19:51:56,028 - INFO - Gpu Mem Used Bytes Peak  : 22338011136.0000
2025-11-27 19:51:56,028 - INFO - Gpu Vram Used Bytes      : 22338011136.0000
2025-11-27 19:51:56,028 - INFO - Accuracy                 : 0.4470
2025-11-27 19:51:56,028 - INFO - Precision                : 0.4379
2025-11-27 19:51:56,028 - INFO - Recall                   : 0.4470
2025-11-27 19:51:56,028 - INFO - F1 Score                 : 0.4327
2025-11-27 19:51:56,028 - INFO - ==================================================
2025-11-27 19:58:16,418 - INFO - Época 71 concluída. Loss média: 3.2169
2025-11-27 19:58:16,418 - INFO - Taxa de aprendizado ajustada para: 0.001000
2025-11-27 19:58:16,436 - INFO - Iniciando inferência com o modelo EfficientNetB7...
2025-11-27 19:58:26,158 - INFO - ==================================================
2025-11-27 19:58:26,159 - INFO - EXPERIMENT RESULTS
2025-11-27 19:58:26,159 - INFO - ==================================================
2025-11-27 19:58:26,159 - INFO - Elapsed Time Seconds     : 9.6733
2025-11-27 19:58:26,159 - INFO - Cpu Usage Percent        : 7.8250
2025-11-27 19:58:26,159 - INFO - Ram Peak Usage Bytes     : 4190969856.0000
2025-11-27 19:58:26,159 - INFO - Disk Read Bytes          : 0.0000
2025-11-27 19:58:26,159 - INFO - Disk Write Bytes         : 221184.0000
2025-11-27 19:58:26,159 - INFO - Vram Peak Usage Bytes    : 1746396276.0000
2025-11-27 19:58:26,159 - INFO - Gpu Power Watts Avg      : 247.6485
2025-11-27 19:58:26,159 - INFO - Gpu Power Watts Peak     : 288.2850
2025-11-27 19:58:26,159 - INFO - Gpu Temp Celsius Avg     : 64.9688
2025-11-27 19:58:26,159 - INFO - Gpu Temp Celsius Peak    : 68.0000
2025-11-27 19:58:26,159 - INFO - Gpu Utilization Percent Avg: 69.6250
2025-11-27 19:58:26,159 - INFO - Gpu Utilization Percent Peak: 85.0000
2025-11-27 19:58:26,159 - INFO - Gpu Mem Used Bytes Avg   : 22338011136.0000
2025-11-27 19:58:26,159 - INFO - Gpu Mem Used Bytes Peak  : 22338011136.0000
2025-11-27 19:58:26,159 - INFO - Gpu Vram Used Bytes      : 22338011136.0000
2025-11-27 19:58:26,159 - INFO - Accuracy                 : 0.4484
2025-11-27 19:58:26,159 - INFO - Precision                : 0.4396
2025-11-27 19:58:26,159 - INFO - Recall                   : 0.4484
2025-11-27 19:58:26,159 - INFO - F1 Score                 : 0.4344
2025-11-27 19:58:26,159 - INFO - ==================================================
2025-11-27 20:04:45,474 - INFO - Época 72 concluída. Loss média: 3.2084
2025-11-27 20:04:45,474 - INFO - Taxa de aprendizado ajustada para: 0.001000
2025-11-27 20:04:45,492 - INFO - Iniciando inferência com o modelo EfficientNetB7...
2025-11-27 20:04:55,420 - INFO - ==================================================
2025-11-27 20:04:55,420 - INFO - EXPERIMENT RESULTS
2025-11-27 20:04:55,420 - INFO - ==================================================
2025-11-27 20:04:55,420 - INFO - Elapsed Time Seconds     : 9.8780
2025-11-27 20:04:55,420 - INFO - Cpu Usage Percent        : 7.7313
2025-11-27 20:04:55,420 - INFO - Ram Peak Usage Bytes     : 4191215616.0000
2025-11-27 20:04:55,420 - INFO - Disk Read Bytes          : 0.0000
2025-11-27 20:04:55,420 - INFO - Disk Write Bytes         : 135168.0000
2025-11-27 20:04:55,420 - INFO - Vram Peak Usage Bytes    : 1746396276.0000
2025-11-27 20:04:55,420 - INFO - Gpu Power Watts Avg      : 246.3685
2025-11-27 20:04:55,420 - INFO - Gpu Power Watts Peak     : 289.6370
2025-11-27 20:04:55,420 - INFO - Gpu Temp Celsius Avg     : 64.8163
2025-11-27 20:04:55,420 - INFO - Gpu Temp Celsius Peak    : 67.0000
2025-11-27 20:04:55,420 - INFO - Gpu Utilization Percent Avg: 68.3776
2025-11-27 20:04:55,420 - INFO - Gpu Utilization Percent Peak: 86.0000
2025-11-27 20:04:55,420 - INFO - Gpu Mem Used Bytes Avg   : 22338011136.0000
2025-11-27 20:04:55,420 - INFO - Gpu Mem Used Bytes Peak  : 22338011136.0000
2025-11-27 20:04:55,420 - INFO - Gpu Vram Used Bytes      : 22338011136.0000
2025-11-27 20:04:55,420 - INFO - Accuracy                 : 0.4517
2025-11-27 20:04:55,420 - INFO - Precision                : 0.4427
2025-11-27 20:04:55,421 - INFO - Recall                   : 0.4517
2025-11-27 20:04:55,421 - INFO - F1 Score                 : 0.4375
2025-11-27 20:04:55,421 - INFO - ==================================================
2025-11-27 20:11:15,470 - INFO - Época 73 concluída. Loss média: 3.2042
2025-11-27 20:11:15,471 - INFO - Taxa de aprendizado ajustada para: 0.001000
2025-11-27 20:11:15,489 - INFO - Iniciando inferência com o modelo EfficientNetB7...
2025-11-27 20:11:25,132 - INFO - ==================================================
2025-11-27 20:11:25,132 - INFO - EXPERIMENT RESULTS
2025-11-27 20:11:25,132 - INFO - ==================================================
2025-11-27 20:11:25,132 - INFO - Elapsed Time Seconds     : 9.5927
2025-11-27 20:11:25,132 - INFO - Cpu Usage Percent        : 7.9250
2025-11-27 20:11:25,132 - INFO - Ram Peak Usage Bytes     : 4191481856.0000
2025-11-27 20:11:25,132 - INFO - Disk Read Bytes          : 0.0000
2025-11-27 20:11:25,132 - INFO - Disk Write Bytes         : 225280.0000
2025-11-27 20:11:25,132 - INFO - Vram Peak Usage Bytes    : 1746396276.0000
2025-11-27 20:11:25,132 - INFO - Gpu Power Watts Avg      : 249.0440
2025-11-27 20:11:25,132 - INFO - Gpu Power Watts Peak     : 289.8030
2025-11-27 20:11:25,132 - INFO - Gpu Temp Celsius Avg     : 65.1158
2025-11-27 20:11:25,132 - INFO - Gpu Temp Celsius Peak    : 68.0000
2025-11-27 20:11:25,132 - INFO - Gpu Utilization Percent Avg: 69.8947
2025-11-27 20:11:25,133 - INFO - Gpu Utilization Percent Peak: 85.0000
2025-11-27 20:11:25,133 - INFO - Gpu Mem Used Bytes Avg   : 22338011136.0000
2025-11-27 20:11:25,133 - INFO - Gpu Mem Used Bytes Peak  : 22338011136.0000
2025-11-27 20:11:25,133 - INFO - Gpu Vram Used Bytes      : 22338011136.0000
2025-11-27 20:11:25,133 - INFO - Accuracy                 : 0.4501
2025-11-27 20:11:25,133 - INFO - Precision                : 0.4406
2025-11-27 20:11:25,133 - INFO - Recall                   : 0.4501
2025-11-27 20:11:25,133 - INFO - F1 Score                 : 0.4367
2025-11-27 20:11:25,133 - INFO - ==================================================
2025-11-27 20:17:42,663 - INFO - Época 74 concluída. Loss média: 3.2094
2025-11-27 20:17:42,664 - INFO - Taxa de aprendizado ajustada para: 0.001000
2025-11-27 20:17:42,681 - INFO - Iniciando inferência com o modelo EfficientNetB7...
2025-11-27 20:17:52,730 - INFO - ==================================================
2025-11-27 20:17:52,730 - INFO - EXPERIMENT RESULTS
2025-11-27 20:17:52,730 - INFO - ==================================================
2025-11-27 20:17:52,730 - INFO - Elapsed Time Seconds     : 9.9990
2025-11-27 20:17:52,730 - INFO - Cpu Usage Percent        : 7.8438
2025-11-27 20:17:52,730 - INFO - Ram Peak Usage Bytes     : 4191711232.0000
2025-11-27 20:17:52,730 - INFO - Disk Read Bytes          : 0.0000
2025-11-27 20:17:52,730 - INFO - Disk Write Bytes         : 135168.0000
2025-11-27 20:17:52,730 - INFO - Vram Peak Usage Bytes    : 1746396276.0000
2025-11-27 20:17:52,730 - INFO - Gpu Power Watts Avg      : 240.2979
2025-11-27 20:17:52,730 - INFO - Gpu Power Watts Peak     : 284.4400
2025-11-27 20:17:52,730 - INFO - Gpu Temp Celsius Avg     : 64.6061
2025-11-27 20:17:52,730 - INFO - Gpu Temp Celsius Peak    : 67.0000
2025-11-27 20:17:52,730 - INFO - Gpu Utilization Percent Avg: 67.8990
2025-11-27 20:17:52,730 - INFO - Gpu Utilization Percent Peak: 85.0000
2025-11-27 20:17:52,730 - INFO - Gpu Mem Used Bytes Avg   : 22338011136.0000
2025-11-27 20:17:52,730 - INFO - Gpu Mem Used Bytes Peak  : 22338011136.0000
2025-11-27 20:17:52,730 - INFO - Gpu Vram Used Bytes      : 22338011136.0000
2025-11-27 20:17:52,730 - INFO - Accuracy                 : 0.4478
2025-11-27 20:17:52,731 - INFO - Precision                : 0.4408
2025-11-27 20:17:52,731 - INFO - Recall                   : 0.4478
2025-11-27 20:17:52,731 - INFO - F1 Score                 : 0.4340
2025-11-27 20:17:52,731 - INFO - ==================================================
2025-11-27 20:24:11,339 - INFO - Época 75 concluída. Loss média: 3.2073
2025-11-27 20:24:11,340 - INFO - Taxa de aprendizado ajustada para: 0.001000
2025-11-27 20:24:11,357 - INFO - Iniciando inferência com o modelo EfficientNetB7...
2025-11-27 20:24:21,507 - INFO - ==================================================
2025-11-27 20:24:21,507 - INFO - EXPERIMENT RESULTS
2025-11-27 20:24:21,507 - INFO - ==================================================
2025-11-27 20:24:21,507 - INFO - Elapsed Time Seconds     : 10.1001
2025-11-27 20:24:21,507 - INFO - Cpu Usage Percent        : 7.7375
2025-11-27 20:24:21,507 - INFO - Ram Peak Usage Bytes     : 4191956992.0000
2025-11-27 20:24:21,507 - INFO - Disk Read Bytes          : 0.0000
2025-11-27 20:24:21,507 - INFO - Disk Write Bytes         : 139264.0000
2025-11-27 20:24:21,507 - INFO - Vram Peak Usage Bytes    : 1746396276.0000
2025-11-27 20:24:21,508 - INFO - Gpu Power Watts Avg      : 243.7612
2025-11-27 20:24:21,508 - INFO - Gpu Power Watts Peak     : 288.0800
2025-11-27 20:24:21,508 - INFO - Gpu Temp Celsius Avg     : 64.3700
2025-11-27 20:24:21,508 - INFO - Gpu Temp Celsius Peak    : 67.0000
2025-11-27 20:24:21,508 - INFO - Gpu Utilization Percent Avg: 67.8400
2025-11-27 20:24:21,508 - INFO - Gpu Utilization Percent Peak: 86.0000
2025-11-27 20:24:21,508 - INFO - Gpu Mem Used Bytes Avg   : 22338011136.0000
2025-11-27 20:24:21,508 - INFO - Gpu Mem Used Bytes Peak  : 22338011136.0000
2025-11-27 20:24:21,508 - INFO - Gpu Vram Used Bytes      : 22338011136.0000
2025-11-27 20:24:21,508 - INFO - Accuracy                 : 0.4507
2025-11-27 20:24:21,508 - INFO - Precision                : 0.4402
2025-11-27 20:24:21,508 - INFO - Recall                   : 0.4507
2025-11-27 20:24:21,508 - INFO - F1 Score                 : 0.4344
2025-11-27 20:24:21,508 - INFO - ==================================================
2025-11-27 20:30:42,446 - INFO - Época 76 concluída. Loss média: 3.1989
2025-11-27 20:30:42,447 - INFO - Taxa de aprendizado ajustada para: 0.001000
2025-11-27 20:30:42,464 - INFO - Iniciando inferência com o modelo EfficientNetB7...
2025-11-27 20:30:52,289 - INFO - ==================================================
2025-11-27 20:30:52,289 - INFO - EXPERIMENT RESULTS
2025-11-27 20:30:52,289 - INFO - ==================================================
2025-11-27 20:30:52,289 - INFO - Elapsed Time Seconds     : 9.7749
2025-11-27 20:30:52,289 - INFO - Cpu Usage Percent        : 7.7375
2025-11-27 20:30:52,289 - INFO - Ram Peak Usage Bytes     : 4192223232.0000
2025-11-27 20:30:52,289 - INFO - Disk Read Bytes          : 0.0000
2025-11-27 20:30:52,290 - INFO - Disk Write Bytes         : 135168.0000
2025-11-27 20:30:52,290 - INFO - Vram Peak Usage Bytes    : 1746396276.0000
2025-11-27 20:30:52,290 - INFO - Gpu Power Watts Avg      : 249.6583
2025-11-27 20:30:52,290 - INFO - Gpu Power Watts Peak     : 286.3450
2025-11-27 20:30:52,290 - INFO - Gpu Temp Celsius Avg     : 65.0103
2025-11-27 20:30:52,290 - INFO - Gpu Temp Celsius Peak    : 68.0000
2025-11-27 20:30:52,290 - INFO - Gpu Utilization Percent Avg: 69.0722
2025-11-27 20:30:52,290 - INFO - Gpu Utilization Percent Peak: 85.0000
2025-11-27 20:30:52,290 - INFO - Gpu Mem Used Bytes Avg   : 22338011136.0000
2025-11-27 20:30:52,290 - INFO - Gpu Mem Used Bytes Peak  : 22338011136.0000
2025-11-27 20:30:52,290 - INFO - Gpu Vram Used Bytes      : 22338011136.0000
2025-11-27 20:30:52,290 - INFO - Accuracy                 : 0.4520
2025-11-27 20:30:52,290 - INFO - Precision                : 0.4421
2025-11-27 20:30:52,290 - INFO - Recall                   : 0.4520
2025-11-27 20:30:52,290 - INFO - F1 Score                 : 0.4376
2025-11-27 20:30:52,290 - INFO - ==================================================
2025-11-27 20:37:11,245 - INFO - Época 77 concluída. Loss média: 3.1970
2025-11-27 20:37:11,245 - INFO - Taxa de aprendizado ajustada para: 0.001000
2025-11-27 20:37:11,263 - INFO - Iniciando inferência com o modelo EfficientNetB7...
2025-11-27 20:37:20,987 - INFO - ==================================================
2025-11-27 20:37:20,987 - INFO - EXPERIMENT RESULTS
2025-11-27 20:37:20,987 - INFO - ==================================================
2025-11-27 20:37:20,987 - INFO - Elapsed Time Seconds     : 9.6748
2025-11-27 20:37:20,987 - INFO - Cpu Usage Percent        : 7.8875
2025-11-27 20:37:20,987 - INFO - Ram Peak Usage Bytes     : 4192468992.0000
2025-11-27 20:37:20,987 - INFO - Disk Read Bytes          : 0.0000
2025-11-27 20:37:20,987 - INFO - Disk Write Bytes         : 135168.0000
2025-11-27 20:37:20,988 - INFO - Vram Peak Usage Bytes    : 1746396276.0000
2025-11-27 20:37:20,988 - INFO - Gpu Power Watts Avg      : 254.1518
2025-11-27 20:37:20,988 - INFO - Gpu Power Watts Peak     : 292.0260
2025-11-27 20:37:20,988 - INFO - Gpu Temp Celsius Avg     : 65.3542
2025-11-27 20:37:20,988 - INFO - Gpu Temp Celsius Peak    : 68.0000
2025-11-27 20:37:20,988 - INFO - Gpu Utilization Percent Avg: 70.3646
2025-11-27 20:37:20,988 - INFO - Gpu Utilization Percent Peak: 85.0000
2025-11-27 20:37:20,988 - INFO - Gpu Mem Used Bytes Avg   : 22338011136.0000
2025-11-27 20:37:20,988 - INFO - Gpu Mem Used Bytes Peak  : 22338011136.0000
2025-11-27 20:37:20,988 - INFO - Gpu Vram Used Bytes      : 22338011136.0000
2025-11-27 20:37:20,988 - INFO - Accuracy                 : 0.4507
2025-11-27 20:37:20,988 - INFO - Precision                : 0.4413
2025-11-27 20:37:20,988 - INFO - Recall                   : 0.4507
2025-11-27 20:37:20,988 - INFO - F1 Score                 : 0.4369
2025-11-27 20:37:20,988 - INFO - ==================================================
2025-11-27 20:43:40,256 - INFO - Época 78 concluída. Loss média: 3.1928
2025-11-27 20:43:40,257 - INFO - Taxa de aprendizado ajustada para: 0.001000
2025-11-27 20:43:40,274 - INFO - Iniciando inferência com o modelo EfficientNetB7...
2025-11-27 20:43:50,425 - INFO - ==================================================
2025-11-27 20:43:50,425 - INFO - EXPERIMENT RESULTS
2025-11-27 20:43:50,425 - INFO - ==================================================
2025-11-27 20:43:50,425 - INFO - Elapsed Time Seconds     : 10.1009
2025-11-27 20:43:50,425 - INFO - Cpu Usage Percent        : 7.6750
2025-11-27 20:43:50,425 - INFO - Ram Peak Usage Bytes     : 4192714752.0000
2025-11-27 20:43:50,425 - INFO - Disk Read Bytes          : 0.0000
2025-11-27 20:43:50,425 - INFO - Disk Write Bytes         : 135168.0000
2025-11-27 20:43:50,425 - INFO - Vram Peak Usage Bytes    : 1746396276.0000
2025-11-27 20:43:50,425 - INFO - Gpu Power Watts Avg      : 243.4534
2025-11-27 20:43:50,425 - INFO - Gpu Power Watts Peak     : 289.2300
2025-11-27 20:43:50,425 - INFO - Gpu Temp Celsius Avg     : 65.0100
2025-11-27 20:43:50,425 - INFO - Gpu Temp Celsius Peak    : 68.0000
2025-11-27 20:43:50,425 - INFO - Gpu Utilization Percent Avg: 67.2200
2025-11-27 20:43:50,425 - INFO - Gpu Utilization Percent Peak: 85.0000
2025-11-27 20:43:50,425 - INFO - Gpu Mem Used Bytes Avg   : 22338011136.0000
2025-11-27 20:43:50,425 - INFO - Gpu Mem Used Bytes Peak  : 22338011136.0000
2025-11-27 20:43:50,425 - INFO - Gpu Vram Used Bytes      : 22338011136.0000
2025-11-27 20:43:50,425 - INFO - Accuracy                 : 0.4537
2025-11-27 20:43:50,425 - INFO - Precision                : 0.4449
2025-11-27 20:43:50,426 - INFO - Recall                   : 0.4537
2025-11-27 20:43:50,426 - INFO - F1 Score                 : 0.4411
2025-11-27 20:43:50,426 - INFO - ==================================================
2025-11-27 20:50:08,882 - INFO - Época 79 concluída. Loss média: 3.1970
2025-11-27 20:50:08,882 - INFO - Taxa de aprendizado ajustada para: 0.001000
2025-11-27 20:50:08,900 - INFO - Iniciando inferência com o modelo EfficientNetB7...
2025-11-27 20:50:18,759 - INFO - ==================================================
2025-11-27 20:50:18,759 - INFO - EXPERIMENT RESULTS
2025-11-27 20:50:18,759 - INFO - ==================================================
2025-11-27 20:50:18,760 - INFO - Elapsed Time Seconds     : 9.8095
2025-11-27 20:50:18,760 - INFO - Cpu Usage Percent        : 7.8563
2025-11-27 20:50:18,760 - INFO - Ram Peak Usage Bytes     : 4192960512.0000
2025-11-27 20:50:18,760 - INFO - Disk Read Bytes          : 0.0000
2025-11-27 20:50:18,760 - INFO - Disk Write Bytes         : 135168.0000
2025-11-27 20:50:18,760 - INFO - Vram Peak Usage Bytes    : 1746396276.0000
2025-11-27 20:50:18,760 - INFO - Gpu Power Watts Avg      : 247.5264
2025-11-27 20:50:18,760 - INFO - Gpu Power Watts Peak     : 289.3360
2025-11-27 20:50:18,760 - INFO - Gpu Temp Celsius Avg     : 65.0206
2025-11-27 20:50:18,760 - INFO - Gpu Temp Celsius Peak    : 68.0000
2025-11-27 20:50:18,760 - INFO - Gpu Utilization Percent Avg: 69.4639
2025-11-27 20:50:18,760 - INFO - Gpu Utilization Percent Peak: 86.0000
2025-11-27 20:50:18,760 - INFO - Gpu Mem Used Bytes Avg   : 22338011136.0000
2025-11-27 20:50:18,760 - INFO - Gpu Mem Used Bytes Peak  : 22338011136.0000
2025-11-27 20:50:18,760 - INFO - Gpu Vram Used Bytes      : 22338011136.0000
2025-11-27 20:50:18,760 - INFO - Accuracy                 : 0.4507
2025-11-27 20:50:18,760 - INFO - Precision                : 0.4401
2025-11-27 20:50:18,760 - INFO - Recall                   : 0.4507
2025-11-27 20:50:18,760 - INFO - F1 Score                 : 0.4356
2025-11-27 20:50:18,760 - INFO - ==================================================
2025-11-27 20:56:37,992 - INFO - Época 80 concluída. Loss média: 3.1964
2025-11-27 20:56:37,992 - INFO - Taxa de aprendizado ajustada para: 0.001000
2025-11-27 20:56:38,010 - INFO - Iniciando inferência com o modelo EfficientNetB7...
2025-11-27 20:56:47,742 - INFO - ==================================================
2025-11-27 20:56:47,743 - INFO - EXPERIMENT RESULTS
2025-11-27 20:56:47,743 - INFO - ==================================================
2025-11-27 20:56:47,743 - INFO - Elapsed Time Seconds     : 9.6830
2025-11-27 20:56:47,743 - INFO - Cpu Usage Percent        : 7.8438
2025-11-27 20:56:47,743 - INFO - Ram Peak Usage Bytes     : 4193218560.0000
2025-11-27 20:56:47,743 - INFO - Disk Read Bytes          : 0.0000
2025-11-27 20:56:47,743 - INFO - Disk Write Bytes         : 143360.0000
2025-11-27 20:56:47,743 - INFO - Vram Peak Usage Bytes    : 1746396276.0000
2025-11-27 20:56:47,743 - INFO - Gpu Power Watts Avg      : 247.8507
2025-11-27 20:56:47,743 - INFO - Gpu Power Watts Peak     : 287.4100
2025-11-27 20:56:47,743 - INFO - Gpu Temp Celsius Avg     : 64.6667
2025-11-27 20:56:47,743 - INFO - Gpu Temp Celsius Peak    : 67.0000
2025-11-27 20:56:47,743 - INFO - Gpu Utilization Percent Avg: 70.1042
2025-11-27 20:56:47,743 - INFO - Gpu Utilization Percent Peak: 86.0000
2025-11-27 20:56:47,743 - INFO - Gpu Mem Used Bytes Avg   : 22338011136.0000
2025-11-27 20:56:47,743 - INFO - Gpu Mem Used Bytes Peak  : 22338011136.0000
2025-11-27 20:56:47,743 - INFO - Gpu Vram Used Bytes      : 22338011136.0000
2025-11-27 20:56:47,743 - INFO - Accuracy                 : 0.4537
2025-11-27 20:56:47,743 - INFO - Precision                : 0.4467
2025-11-27 20:56:47,743 - INFO - Recall                   : 0.4537
2025-11-27 20:56:47,743 - INFO - F1 Score                 : 0.4393
2025-11-27 20:56:47,743 - INFO - ==================================================
2025-11-27 21:03:05,747 - INFO - Época 81 concluída. Loss média: 3.1863
2025-11-27 21:03:05,747 - INFO - Taxa de aprendizado ajustada para: 0.001000
2025-11-27 21:03:05,765 - INFO - Iniciando inferência com o modelo EfficientNetB7...
2025-11-27 21:03:15,690 - INFO - ==================================================
2025-11-27 21:03:15,690 - INFO - EXPERIMENT RESULTS
2025-11-27 21:03:15,690 - INFO - ==================================================
2025-11-27 21:03:15,691 - INFO - Elapsed Time Seconds     : 9.8761
2025-11-27 21:03:15,691 - INFO - Cpu Usage Percent        : 7.7438
2025-11-27 21:03:15,691 - INFO - Ram Peak Usage Bytes     : 4193452032.0000
2025-11-27 21:03:15,691 - INFO - Disk Read Bytes          : 0.0000
2025-11-27 21:03:15,691 - INFO - Disk Write Bytes         : 135168.0000
2025-11-27 21:03:15,691 - INFO - Vram Peak Usage Bytes    : 1746396276.0000
2025-11-27 21:03:15,691 - INFO - Gpu Power Watts Avg      : 247.4594
2025-11-27 21:03:15,691 - INFO - Gpu Power Watts Peak     : 284.5200
2025-11-27 21:03:15,691 - INFO - Gpu Temp Celsius Avg     : 65.1531
2025-11-27 21:03:15,691 - INFO - Gpu Temp Celsius Peak    : 68.0000
2025-11-27 21:03:15,691 - INFO - Gpu Utilization Percent Avg: 69.1837
2025-11-27 21:03:15,691 - INFO - Gpu Utilization Percent Peak: 84.0000
2025-11-27 21:03:15,691 - INFO - Gpu Mem Used Bytes Avg   : 22338011136.0000
2025-11-27 21:03:15,691 - INFO - Gpu Mem Used Bytes Peak  : 22338011136.0000
2025-11-27 21:03:15,691 - INFO - Gpu Vram Used Bytes      : 22338011136.0000
2025-11-27 21:03:15,691 - INFO - Accuracy                 : 0.4504
2025-11-27 21:03:15,691 - INFO - Precision                : 0.4432
2025-11-27 21:03:15,691 - INFO - Recall                   : 0.4504
2025-11-27 21:03:15,691 - INFO - F1 Score                 : 0.4362
2025-11-27 21:03:15,691 - INFO - ==================================================
2025-11-27 21:09:35,693 - INFO - Época 82 concluída. Loss média: 3.1917
2025-11-27 21:09:35,694 - INFO - Taxa de aprendizado ajustada para: 0.001000
2025-11-27 21:09:35,712 - INFO - Iniciando inferência com o modelo EfficientNetB7...
2025-11-27 21:09:45,745 - INFO - ==================================================
2025-11-27 21:09:45,746 - INFO - EXPERIMENT RESULTS
2025-11-27 21:09:45,746 - INFO - ==================================================
2025-11-27 21:09:45,746 - INFO - Elapsed Time Seconds     : 9.9834
2025-11-27 21:09:45,746 - INFO - Cpu Usage Percent        : 7.6813
2025-11-27 21:09:45,746 - INFO - Ram Peak Usage Bytes     : 4193738752.0000
2025-11-27 21:09:45,746 - INFO - Disk Read Bytes          : 0.0000
2025-11-27 21:09:45,746 - INFO - Disk Write Bytes         : 135168.0000
2025-11-27 21:09:45,746 - INFO - Vram Peak Usage Bytes    : 1746396276.0000
2025-11-27 21:09:45,746 - INFO - Gpu Power Watts Avg      : 242.9137
2025-11-27 21:09:45,746 - INFO - Gpu Power Watts Peak     : 282.8110
2025-11-27 21:09:45,746 - INFO - Gpu Temp Celsius Avg     : 64.8889
2025-11-27 21:09:45,746 - INFO - Gpu Temp Celsius Peak    : 68.0000
2025-11-27 21:09:45,746 - INFO - Gpu Utilization Percent Avg: 67.6768
2025-11-27 21:09:45,746 - INFO - Gpu Utilization Percent Peak: 84.0000
2025-11-27 21:09:45,746 - INFO - Gpu Mem Used Bytes Avg   : 22338011136.0000
2025-11-27 21:09:45,746 - INFO - Gpu Mem Used Bytes Peak  : 22338011136.0000
2025-11-27 21:09:45,746 - INFO - Gpu Vram Used Bytes      : 22338011136.0000
2025-11-27 21:09:45,746 - INFO - Accuracy                 : 0.4529
2025-11-27 21:09:45,746 - INFO - Precision                : 0.4423
2025-11-27 21:09:45,746 - INFO - Recall                   : 0.4529
2025-11-27 21:09:45,746 - INFO - F1 Score                 : 0.4382
2025-11-27 21:09:45,746 - INFO - ==================================================
2025-11-27 21:16:06,679 - INFO - Época 83 concluída. Loss média: 3.1888
2025-11-27 21:16:06,679 - INFO - Taxa de aprendizado ajustada para: 0.001000
2025-11-27 21:16:06,697 - INFO - Iniciando inferência com o modelo EfficientNetB7...
2025-11-27 21:16:16,448 - INFO - ==================================================
2025-11-27 21:16:16,448 - INFO - EXPERIMENT RESULTS
2025-11-27 21:16:16,448 - INFO - ==================================================
2025-11-27 21:16:16,448 - INFO - Elapsed Time Seconds     : 9.7009
2025-11-27 21:16:16,448 - INFO - Cpu Usage Percent        : 7.7188
2025-11-27 21:16:16,448 - INFO - Ram Peak Usage Bytes     : 4193972224.0000
2025-11-27 21:16:16,448 - INFO - Disk Read Bytes          : 0.0000
2025-11-27 21:16:16,448 - INFO - Disk Write Bytes         : 135168.0000
2025-11-27 21:16:16,448 - INFO - Vram Peak Usage Bytes    : 1746396276.0000
2025-11-27 21:16:16,448 - INFO - Gpu Power Watts Avg      : 244.1550
2025-11-27 21:16:16,448 - INFO - Gpu Power Watts Peak     : 286.0530
2025-11-27 21:16:16,448 - INFO - Gpu Temp Celsius Avg     : 64.6562
2025-11-27 21:16:16,448 - INFO - Gpu Temp Celsius Peak    : 67.0000
2025-11-27 21:16:16,448 - INFO - Gpu Utilization Percent Avg: 69.6562
2025-11-27 21:16:16,448 - INFO - Gpu Utilization Percent Peak: 86.0000
2025-11-27 21:16:16,449 - INFO - Gpu Mem Used Bytes Avg   : 22338011136.0000
2025-11-27 21:16:16,449 - INFO - Gpu Mem Used Bytes Peak  : 22338011136.0000
2025-11-27 21:16:16,449 - INFO - Gpu Vram Used Bytes      : 22338011136.0000
2025-11-27 21:16:16,449 - INFO - Accuracy                 : 0.4531
2025-11-27 21:16:16,449 - INFO - Precision                : 0.4460
2025-11-27 21:16:16,449 - INFO - Recall                   : 0.4531
2025-11-27 21:16:16,449 - INFO - F1 Score                 : 0.4395
2025-11-27 21:16:16,449 - INFO - ==================================================
2025-11-27 21:22:36,144 - INFO - Época 84 concluída. Loss média: 3.1777
2025-11-27 21:22:36,145 - INFO - Taxa de aprendizado ajustada para: 0.001000
2025-11-27 21:22:36,162 - INFO - Iniciando inferência com o modelo EfficientNetB7...
2025-11-27 21:22:45,917 - INFO - ==================================================
2025-11-27 21:22:45,917 - INFO - EXPERIMENT RESULTS
2025-11-27 21:22:45,917 - INFO - ==================================================
2025-11-27 21:22:45,917 - INFO - Elapsed Time Seconds     : 9.7052
2025-11-27 21:22:45,917 - INFO - Cpu Usage Percent        : 7.8688
2025-11-27 21:22:45,917 - INFO - Ram Peak Usage Bytes     : 4196421632.0000
2025-11-27 21:22:45,917 - INFO - Disk Read Bytes          : 0.0000
2025-11-27 21:22:45,917 - INFO - Disk Write Bytes         : 135168.0000
2025-11-27 21:22:45,917 - INFO - Vram Peak Usage Bytes    : 1746396276.0000
2025-11-27 21:22:45,917 - INFO - Gpu Power Watts Avg      : 249.3230
2025-11-27 21:22:45,917 - INFO - Gpu Power Watts Peak     : 288.8510
2025-11-27 21:22:45,917 - INFO - Gpu Temp Celsius Avg     : 65.2396
2025-11-27 21:22:45,917 - INFO - Gpu Temp Celsius Peak    : 68.0000
2025-11-27 21:22:45,917 - INFO - Gpu Utilization Percent Avg: 69.1667
2025-11-27 21:22:45,917 - INFO - Gpu Utilization Percent Peak: 85.0000
2025-11-27 21:22:45,917 - INFO - Gpu Mem Used Bytes Avg   : 22338011136.0000
2025-11-27 21:22:45,917 - INFO - Gpu Mem Used Bytes Peak  : 22338011136.0000
2025-11-27 21:22:45,918 - INFO - Gpu Vram Used Bytes      : 22338011136.0000
2025-11-27 21:22:45,918 - INFO - Accuracy                 : 0.4563
2025-11-27 21:22:45,918 - INFO - Precision                : 0.4507
2025-11-27 21:22:45,918 - INFO - Recall                   : 0.4563
2025-11-27 21:22:45,918 - INFO - F1 Score                 : 0.4443
2025-11-27 21:22:45,918 - INFO - ==================================================
2025-11-27 21:29:05,671 - INFO - Época 85 concluída. Loss média: 3.1873
2025-11-27 21:29:05,672 - INFO - Taxa de aprendizado ajustada para: 0.001000
2025-11-27 21:29:05,690 - INFO - Iniciando inferência com o modelo EfficientNetB7...
2025-11-27 21:29:15,425 - INFO - ==================================================
2025-11-27 21:29:15,425 - INFO - EXPERIMENT RESULTS
2025-11-27 21:29:15,425 - INFO - ==================================================
2025-11-27 21:29:15,425 - INFO - Elapsed Time Seconds     : 9.6793
2025-11-27 21:29:15,425 - INFO - Cpu Usage Percent        : 7.7875
2025-11-27 21:29:15,425 - INFO - Ram Peak Usage Bytes     : 4196671488.0000
2025-11-27 21:29:15,425 - INFO - Disk Read Bytes          : 0.0000
2025-11-27 21:29:15,425 - INFO - Disk Write Bytes         : 135168.0000
2025-11-27 21:29:15,425 - INFO - Vram Peak Usage Bytes    : 1746396276.0000
2025-11-27 21:29:15,425 - INFO - Gpu Power Watts Avg      : 247.3540
2025-11-27 21:29:15,425 - INFO - Gpu Power Watts Peak     : 288.8820
2025-11-27 21:29:15,425 - INFO - Gpu Temp Celsius Avg     : 64.3854
2025-11-27 21:29:15,425 - INFO - Gpu Temp Celsius Peak    : 67.0000
2025-11-27 21:29:15,426 - INFO - Gpu Utilization Percent Avg: 69.2604
2025-11-27 21:29:15,426 - INFO - Gpu Utilization Percent Peak: 86.0000
2025-11-27 21:29:15,426 - INFO - Gpu Mem Used Bytes Avg   : 22338011136.0000
2025-11-27 21:29:15,426 - INFO - Gpu Mem Used Bytes Peak  : 22338011136.0000
2025-11-27 21:29:15,426 - INFO - Gpu Vram Used Bytes      : 22338011136.0000
2025-11-27 21:29:15,426 - INFO - Accuracy                 : 0.4560
2025-11-27 21:29:15,426 - INFO - Precision                : 0.4498
2025-11-27 21:29:15,426 - INFO - Recall                   : 0.4560
2025-11-27 21:29:15,426 - INFO - F1 Score                 : 0.4438
2025-11-27 21:29:15,426 - INFO - ==================================================
2025-11-27 21:35:34,936 - INFO - Época 86 concluída. Loss média: 3.1826
2025-11-27 21:35:34,936 - INFO - Taxa de aprendizado ajustada para: 0.001000
2025-11-27 21:35:34,954 - INFO - Iniciando inferência com o modelo EfficientNetB7...
2025-11-27 21:35:45,127 - INFO - ==================================================
2025-11-27 21:35:45,127 - INFO - EXPERIMENT RESULTS
2025-11-27 21:35:45,127 - INFO - ==================================================
2025-11-27 21:35:45,127 - INFO - Elapsed Time Seconds     : 10.1074
2025-11-27 21:35:45,127 - INFO - Cpu Usage Percent        : 7.6562
2025-11-27 21:35:45,127 - INFO - Ram Peak Usage Bytes     : 4197031936.0000
2025-11-27 21:35:45,127 - INFO - Disk Read Bytes          : 0.0000
2025-11-27 21:35:45,127 - INFO - Disk Write Bytes         : 135168.0000
2025-11-27 21:35:45,127 - INFO - Vram Peak Usage Bytes    : 1746396276.0000
2025-11-27 21:35:45,127 - INFO - Gpu Power Watts Avg      : 242.1290
2025-11-27 21:35:45,127 - INFO - Gpu Power Watts Peak     : 283.3660
2025-11-27 21:35:45,127 - INFO - Gpu Temp Celsius Avg     : 64.5000
2025-11-27 21:35:45,127 - INFO - Gpu Temp Celsius Peak    : 67.0000
2025-11-27 21:35:45,127 - INFO - Gpu Utilization Percent Avg: 66.7900
2025-11-27 21:35:45,127 - INFO - Gpu Utilization Percent Peak: 84.0000
2025-11-27 21:35:45,127 - INFO - Gpu Mem Used Bytes Avg   : 22338011136.0000
2025-11-27 21:35:45,128 - INFO - Gpu Mem Used Bytes Peak  : 22338011136.0000
2025-11-27 21:35:45,128 - INFO - Gpu Vram Used Bytes      : 22338011136.0000
2025-11-27 21:35:45,128 - INFO - Accuracy                 : 0.4586
2025-11-27 21:35:45,128 - INFO - Precision                : 0.4529
2025-11-27 21:35:45,128 - INFO - Recall                   : 0.4586
2025-11-27 21:35:45,128 - INFO - F1 Score                 : 0.4447
2025-11-27 21:35:45,128 - INFO - ==================================================
2025-11-27 21:42:04,482 - INFO - Época 87 concluída. Loss média: 3.1769
2025-11-27 21:42:04,483 - INFO - Taxa de aprendizado ajustada para: 0.001000
2025-11-27 21:42:04,501 - INFO - Iniciando inferência com o modelo EfficientNetB7...
2025-11-27 21:42:14,458 - INFO - ==================================================
2025-11-27 21:42:14,459 - INFO - EXPERIMENT RESULTS
2025-11-27 21:42:14,459 - INFO - ==================================================
2025-11-27 21:42:14,459 - INFO - Elapsed Time Seconds     : 9.9081
2025-11-27 21:42:14,459 - INFO - Cpu Usage Percent        : 7.8000
2025-11-27 21:42:14,459 - INFO - Ram Peak Usage Bytes     : 4197253120.0000
2025-11-27 21:42:14,459 - INFO - Disk Read Bytes          : 0.0000
2025-11-27 21:42:14,459 - INFO - Disk Write Bytes         : 135168.0000
2025-11-27 21:42:14,459 - INFO - Vram Peak Usage Bytes    : 1746396276.0000
2025-11-27 21:42:14,459 - INFO - Gpu Power Watts Avg      : 244.3813
2025-11-27 21:42:14,459 - INFO - Gpu Power Watts Peak     : 286.0300
2025-11-27 21:42:14,459 - INFO - Gpu Temp Celsius Avg     : 64.3673
2025-11-27 21:42:14,459 - INFO - Gpu Temp Celsius Peak    : 67.0000
2025-11-27 21:42:14,459 - INFO - Gpu Utilization Percent Avg: 68.2347
2025-11-27 21:42:14,459 - INFO - Gpu Utilization Percent Peak: 85.0000
2025-11-27 21:42:14,459 - INFO - Gpu Mem Used Bytes Avg   : 22338011136.0000
2025-11-27 21:42:14,459 - INFO - Gpu Mem Used Bytes Peak  : 22338011136.0000
2025-11-27 21:42:14,459 - INFO - Gpu Vram Used Bytes      : 22338011136.0000
2025-11-27 21:42:14,459 - INFO - Accuracy                 : 0.4550
2025-11-27 21:42:14,459 - INFO - Precision                : 0.4487
2025-11-27 21:42:14,459 - INFO - Recall                   : 0.4550
2025-11-27 21:42:14,459 - INFO - F1 Score                 : 0.4416
2025-11-27 21:42:14,459 - INFO - ==================================================
2025-11-27 21:48:33,460 - INFO - Época 88 concluída. Loss média: 3.1765
2025-11-27 21:48:33,461 - INFO - Taxa de aprendizado ajustada para: 0.001000
2025-11-27 21:48:33,479 - INFO - Iniciando inferência com o modelo EfficientNetB7...
2025-11-27 21:48:43,842 - INFO - ==================================================
2025-11-27 21:48:43,843 - INFO - EXPERIMENT RESULTS
2025-11-27 21:48:43,843 - INFO - ==================================================
2025-11-27 21:48:43,843 - INFO - Elapsed Time Seconds     : 10.3111
2025-11-27 21:48:43,843 - INFO - Cpu Usage Percent        : 7.6562
2025-11-27 21:48:43,843 - INFO - Ram Peak Usage Bytes     : 4197515264.0000
2025-11-27 21:48:43,843 - INFO - Disk Read Bytes          : 0.0000
2025-11-27 21:48:43,843 - INFO - Disk Write Bytes         : 135168.0000
2025-11-27 21:48:43,843 - INFO - Vram Peak Usage Bytes    : 1746396276.0000
2025-11-27 21:48:43,843 - INFO - Gpu Power Watts Avg      : 241.7028
2025-11-27 21:48:43,843 - INFO - Gpu Power Watts Peak     : 286.3150
2025-11-27 21:48:43,843 - INFO - Gpu Temp Celsius Avg     : 64.7549
2025-11-27 21:48:43,843 - INFO - Gpu Temp Celsius Peak    : 67.0000
2025-11-27 21:48:43,843 - INFO - Gpu Utilization Percent Avg: 65.9020
2025-11-27 21:48:43,843 - INFO - Gpu Utilization Percent Peak: 85.0000
2025-11-27 21:48:43,843 - INFO - Gpu Mem Used Bytes Avg   : 22338011136.0000
2025-11-27 21:48:43,843 - INFO - Gpu Mem Used Bytes Peak  : 22338011136.0000
2025-11-27 21:48:43,843 - INFO - Gpu Vram Used Bytes      : 22338011136.0000
2025-11-27 21:48:43,843 - INFO - Accuracy                 : 0.4565
2025-11-27 21:48:43,843 - INFO - Precision                : 0.4486
2025-11-27 21:48:43,843 - INFO - Recall                   : 0.4565
2025-11-27 21:48:43,843 - INFO - F1 Score                 : 0.4420
2025-11-27 21:48:43,844 - INFO - ==================================================
2025-11-27 21:54:59,977 - INFO - Época 89 concluída. Loss média: 3.1765
2025-11-27 21:54:59,977 - INFO - Taxa de aprendizado ajustada para: 0.001000
2025-11-27 21:54:59,995 - INFO - Iniciando inferência com o modelo EfficientNetB7...
2025-11-27 21:55:10,048 - INFO - ==================================================
2025-11-27 21:55:10,048 - INFO - EXPERIMENT RESULTS
2025-11-27 21:55:10,048 - INFO - ==================================================
2025-11-27 21:55:10,048 - INFO - Elapsed Time Seconds     : 10.0033
2025-11-27 21:55:10,048 - INFO - Cpu Usage Percent        : 7.6562
2025-11-27 21:55:10,048 - INFO - Ram Peak Usage Bytes     : 4197793792.0000
2025-11-27 21:55:10,048 - INFO - Disk Read Bytes          : 0.0000
2025-11-27 21:55:10,048 - INFO - Disk Write Bytes         : 176128.0000
2025-11-27 21:55:10,048 - INFO - Vram Peak Usage Bytes    : 1746396276.0000
2025-11-27 21:55:10,048 - INFO - Gpu Power Watts Avg      : 244.8772
2025-11-27 21:55:10,048 - INFO - Gpu Power Watts Peak     : 284.8490
2025-11-27 21:55:10,048 - INFO - Gpu Temp Celsius Avg     : 64.8586
2025-11-27 21:55:10,049 - INFO - Gpu Temp Celsius Peak    : 68.0000
2025-11-27 21:55:10,049 - INFO - Gpu Utilization Percent Avg: 67.9192
2025-11-27 21:55:10,049 - INFO - Gpu Utilization Percent Peak: 85.0000
2025-11-27 21:55:10,049 - INFO - Gpu Mem Used Bytes Avg   : 22338011136.0000
2025-11-27 21:55:10,049 - INFO - Gpu Mem Used Bytes Peak  : 22338011136.0000
2025-11-27 21:55:10,049 - INFO - Gpu Vram Used Bytes      : 22338011136.0000
2025-11-27 21:55:10,049 - INFO - Accuracy                 : 0.4579
2025-11-27 21:55:10,049 - INFO - Precision                : 0.4536
2025-11-27 21:55:10,049 - INFO - Recall                   : 0.4579
2025-11-27 21:55:10,049 - INFO - F1 Score                 : 0.4449
2025-11-27 21:55:10,049 - INFO - ==================================================
2025-11-27 22:01:30,385 - INFO - Época 90 concluída. Loss média: 3.1774
2025-11-27 22:01:30,386 - INFO - Taxa de aprendizado ajustada para: 0.000100
2025-11-27 22:01:30,404 - INFO - Iniciando inferência com o modelo EfficientNetB7...
2025-11-27 22:01:40,429 - INFO - ==================================================
2025-11-27 22:01:40,430 - INFO - EXPERIMENT RESULTS
2025-11-27 22:01:40,430 - INFO - ==================================================
2025-11-27 22:01:40,430 - INFO - Elapsed Time Seconds     : 9.9755
2025-11-27 22:01:40,430 - INFO - Cpu Usage Percent        : 7.7375
2025-11-27 22:01:40,430 - INFO - Ram Peak Usage Bytes     : 4198088704.0000
2025-11-27 22:01:40,430 - INFO - Disk Read Bytes          : 0.0000
2025-11-27 22:01:40,430 - INFO - Disk Write Bytes         : 151552.0000
2025-11-27 22:01:40,430 - INFO - Vram Peak Usage Bytes    : 1746396276.0000
2025-11-27 22:01:40,430 - INFO - Gpu Power Watts Avg      : 243.2722
2025-11-27 22:01:40,430 - INFO - Gpu Power Watts Peak     : 288.1850
2025-11-27 22:01:40,430 - INFO - Gpu Temp Celsius Avg     : 64.6263
2025-11-27 22:01:40,430 - INFO - Gpu Temp Celsius Peak    : 67.0000
2025-11-27 22:01:40,430 - INFO - Gpu Utilization Percent Avg: 67.8586
2025-11-27 22:01:40,430 - INFO - Gpu Utilization Percent Peak: 85.0000
2025-11-27 22:01:40,430 - INFO - Gpu Mem Used Bytes Avg   : 22338011136.0000
2025-11-27 22:01:40,430 - INFO - Gpu Mem Used Bytes Peak  : 22338011136.0000
2025-11-27 22:01:40,430 - INFO - Gpu Vram Used Bytes      : 22338011136.0000
2025-11-27 22:01:40,430 - INFO - Accuracy                 : 0.4549
2025-11-27 22:01:40,430 - INFO - Precision                : 0.4504
2025-11-27 22:01:40,430 - INFO - Recall                   : 0.4549
2025-11-27 22:01:40,430 - INFO - F1 Score                 : 0.4418
2025-11-27 22:01:40,430 - INFO - ==================================================
2025-11-27 22:08:00,552 - INFO - Época 91 concluída. Loss média: 3.1330
2025-11-27 22:08:00,553 - INFO - Taxa de aprendizado ajustada para: 0.000100
2025-11-27 22:08:00,571 - INFO - Iniciando inferência com o modelo EfficientNetB7...
2025-11-27 22:08:10,669 - INFO - ==================================================
2025-11-27 22:08:10,669 - INFO - EXPERIMENT RESULTS
2025-11-27 22:08:10,669 - INFO - ==================================================
2025-11-27 22:08:10,669 - INFO - Elapsed Time Seconds     : 10.0103
2025-11-27 22:08:10,670 - INFO - Cpu Usage Percent        : 7.8625
2025-11-27 22:08:10,670 - INFO - Ram Peak Usage Bytes     : 4198367232.0000
2025-11-27 22:08:10,670 - INFO - Disk Read Bytes          : 0.0000
2025-11-27 22:08:10,670 - INFO - Disk Write Bytes         : 139264.0000
2025-11-27 22:08:10,670 - INFO - Vram Peak Usage Bytes    : 1746396276.0000
2025-11-27 22:08:10,670 - INFO - Gpu Power Watts Avg      : 243.2116
2025-11-27 22:08:10,670 - INFO - Gpu Power Watts Peak     : 289.7760
2025-11-27 22:08:10,670 - INFO - Gpu Temp Celsius Avg     : 64.8283
2025-11-27 22:08:10,670 - INFO - Gpu Temp Celsius Peak    : 68.0000
2025-11-27 22:08:10,670 - INFO - Gpu Utilization Percent Avg: 67.1111
2025-11-27 22:08:10,670 - INFO - Gpu Utilization Percent Peak: 85.0000
2025-11-27 22:08:10,670 - INFO - Gpu Mem Used Bytes Avg   : 22338011136.0000
2025-11-27 22:08:10,670 - INFO - Gpu Mem Used Bytes Peak  : 22338011136.0000
2025-11-27 22:08:10,670 - INFO - Gpu Vram Used Bytes      : 22338011136.0000
2025-11-27 22:08:10,670 - INFO - Accuracy                 : 0.4672
2025-11-27 22:08:10,670 - INFO - Precision                : 0.4590
2025-11-27 22:08:10,670 - INFO - Recall                   : 0.4672
2025-11-27 22:08:10,670 - INFO - F1 Score                 : 0.4538
2025-11-27 22:08:10,670 - INFO - ==================================================
2025-11-27 22:14:30,035 - INFO - Época 92 concluída. Loss média: 3.1263
2025-11-27 22:14:30,036 - INFO - Taxa de aprendizado ajustada para: 0.000100
2025-11-27 22:14:30,057 - INFO - Iniciando inferência com o modelo EfficientNetB7...
2025-11-27 22:14:39,811 - INFO - ==================================================
2025-11-27 22:14:39,811 - INFO - EXPERIMENT RESULTS
2025-11-27 22:14:39,812 - INFO - ==================================================
2025-11-27 22:14:39,812 - INFO - Elapsed Time Seconds     : 9.7052
2025-11-27 22:14:39,812 - INFO - Cpu Usage Percent        : 7.7938
2025-11-27 22:14:39,812 - INFO - Ram Peak Usage Bytes     : 4198641664.0000
2025-11-27 22:14:39,812 - INFO - Disk Read Bytes          : 0.0000
2025-11-27 22:14:39,812 - INFO - Disk Write Bytes         : 151552.0000
2025-11-27 22:14:39,812 - INFO - Vram Peak Usage Bytes    : 1746396276.0000
2025-11-27 22:14:39,812 - INFO - Gpu Power Watts Avg      : 247.6567
2025-11-27 22:14:39,812 - INFO - Gpu Power Watts Peak     : 288.1000
2025-11-27 22:14:39,812 - INFO - Gpu Temp Celsius Avg     : 64.9271
2025-11-27 22:14:39,812 - INFO - Gpu Temp Celsius Peak    : 68.0000
2025-11-27 22:14:39,812 - INFO - Gpu Utilization Percent Avg: 69.3646
2025-11-27 22:14:39,812 - INFO - Gpu Utilization Percent Peak: 85.0000
2025-11-27 22:14:39,812 - INFO - Gpu Mem Used Bytes Avg   : 22338011136.0000
2025-11-27 22:14:39,812 - INFO - Gpu Mem Used Bytes Peak  : 22338011136.0000
2025-11-27 22:14:39,812 - INFO - Gpu Vram Used Bytes      : 22338011136.0000
2025-11-27 22:14:39,812 - INFO - Accuracy                 : 0.4701
2025-11-27 22:14:39,812 - INFO - Precision                : 0.4618
2025-11-27 22:14:39,812 - INFO - Recall                   : 0.4701
2025-11-27 22:14:39,812 - INFO - F1 Score                 : 0.4583
2025-11-27 22:14:39,812 - INFO - ==================================================
2025-11-27 22:21:00,735 - INFO - Época 93 concluída. Loss média: 3.1162
2025-11-27 22:21:00,736 - INFO - Taxa de aprendizado ajustada para: 0.000100
2025-11-27 22:21:00,754 - INFO - Iniciando inferência com o modelo EfficientNetB7...
2025-11-27 22:21:10,583 - INFO - ==================================================
2025-11-27 22:21:10,583 - INFO - EXPERIMENT RESULTS
2025-11-27 22:21:10,583 - INFO - ==================================================
2025-11-27 22:21:10,583 - INFO - Elapsed Time Seconds     : 9.7791
2025-11-27 22:21:10,583 - INFO - Cpu Usage Percent        : 7.6500
2025-11-27 22:21:10,583 - INFO - Ram Peak Usage Bytes     : 4198936576.0000
2025-11-27 22:21:10,583 - INFO - Disk Read Bytes          : 0.0000
2025-11-27 22:21:10,583 - INFO - Disk Write Bytes         : 135168.0000
2025-11-27 22:21:10,583 - INFO - Vram Peak Usage Bytes    : 1746396276.0000
2025-11-27 22:21:10,583 - INFO - Gpu Power Watts Avg      : 248.0331
2025-11-27 22:21:10,583 - INFO - Gpu Power Watts Peak     : 290.1750
2025-11-27 22:21:10,583 - INFO - Gpu Temp Celsius Avg     : 65.1134
2025-11-27 22:21:10,583 - INFO - Gpu Temp Celsius Peak    : 68.0000
2025-11-27 22:21:10,583 - INFO - Gpu Utilization Percent Avg: 69.4536
2025-11-27 22:21:10,583 - INFO - Gpu Utilization Percent Peak: 86.0000
2025-11-27 22:21:10,584 - INFO - Gpu Mem Used Bytes Avg   : 22338011136.0000
2025-11-27 22:21:10,584 - INFO - Gpu Mem Used Bytes Peak  : 22338011136.0000
2025-11-27 22:21:10,584 - INFO - Gpu Vram Used Bytes      : 22338011136.0000
2025-11-27 22:21:10,584 - INFO - Accuracy                 : 0.4678
2025-11-27 22:21:10,584 - INFO - Precision                : 0.4573
2025-11-27 22:21:10,584 - INFO - Recall                   : 0.4678
2025-11-27 22:21:10,584 - INFO - F1 Score                 : 0.4547
2025-11-27 22:21:10,584 - INFO - ==================================================
2025-11-27 22:27:30,717 - INFO - Época 94 concluída. Loss média: 3.1199
2025-11-27 22:27:30,718 - INFO - Taxa de aprendizado ajustada para: 0.000100
2025-11-27 22:27:30,736 - INFO - Iniciando inferência com o modelo EfficientNetB7...
2025-11-27 22:27:40,590 - INFO - ==================================================
2025-11-27 22:27:40,590 - INFO - EXPERIMENT RESULTS
2025-11-27 22:27:40,590 - INFO - ==================================================
2025-11-27 22:27:40,590 - INFO - Elapsed Time Seconds     : 9.8049
2025-11-27 22:27:40,590 - INFO - Cpu Usage Percent        : 7.7812
2025-11-27 22:27:40,590 - INFO - Ram Peak Usage Bytes     : 4199198720.0000
2025-11-27 22:27:40,590 - INFO - Disk Read Bytes          : 0.0000
2025-11-27 22:27:40,590 - INFO - Disk Write Bytes         : 135168.0000
2025-11-27 22:27:40,590 - INFO - Vram Peak Usage Bytes    : 1746396276.0000
2025-11-27 22:27:40,590 - INFO - Gpu Power Watts Avg      : 247.0203
2025-11-27 22:27:40,590 - INFO - Gpu Power Watts Peak     : 289.4870
2025-11-27 22:27:40,591 - INFO - Gpu Temp Celsius Avg     : 65.2474
2025-11-27 22:27:40,591 - INFO - Gpu Temp Celsius Peak    : 68.0000
2025-11-27 22:27:40,591 - INFO - Gpu Utilization Percent Avg: 69.0309
2025-11-27 22:27:40,591 - INFO - Gpu Utilization Percent Peak: 86.0000
2025-11-27 22:27:40,591 - INFO - Gpu Mem Used Bytes Avg   : 22338011136.0000
2025-11-27 22:27:40,591 - INFO - Gpu Mem Used Bytes Peak  : 22338011136.0000
2025-11-27 22:27:40,591 - INFO - Gpu Vram Used Bytes      : 22338011136.0000
2025-11-27 22:27:40,591 - INFO - Accuracy                 : 0.4674
2025-11-27 22:27:40,591 - INFO - Precision                : 0.4569
2025-11-27 22:27:40,591 - INFO - Recall                   : 0.4674
2025-11-27 22:27:40,591 - INFO - F1 Score                 : 0.4547
2025-11-27 22:27:40,591 - INFO - ==================================================
2025-11-27 22:34:01,340 - INFO - Época 95 concluída. Loss média: 3.1119
2025-11-27 22:34:01,341 - INFO - Taxa de aprendizado ajustada para: 0.000100
2025-11-27 22:34:01,359 - INFO - Iniciando inferência com o modelo EfficientNetB7...
2025-11-27 22:34:11,292 - INFO - ==================================================
2025-11-27 22:34:11,292 - INFO - EXPERIMENT RESULTS
2025-11-27 22:34:11,292 - INFO - ==================================================
2025-11-27 22:34:11,292 - INFO - Elapsed Time Seconds     : 9.8810
2025-11-27 22:34:11,292 - INFO - Cpu Usage Percent        : 7.8000
2025-11-27 22:34:11,292 - INFO - Ram Peak Usage Bytes     : 4202123264.0000
2025-11-27 22:34:11,292 - INFO - Disk Read Bytes          : 0.0000
2025-11-27 22:34:11,292 - INFO - Disk Write Bytes         : 163840.0000
2025-11-27 22:34:11,292 - INFO - Vram Peak Usage Bytes    : 1746396276.0000
2025-11-27 22:34:11,292 - INFO - Gpu Power Watts Avg      : 246.4910
2025-11-27 22:34:11,292 - INFO - Gpu Power Watts Peak     : 283.2980
2025-11-27 22:34:11,292 - INFO - Gpu Temp Celsius Avg     : 64.4490
2025-11-27 22:34:11,292 - INFO - Gpu Temp Celsius Peak    : 67.0000
2025-11-27 22:34:11,292 - INFO - Gpu Utilization Percent Avg: 68.8571
2025-11-27 22:34:11,292 - INFO - Gpu Utilization Percent Peak: 84.0000
2025-11-27 22:34:11,292 - INFO - Gpu Mem Used Bytes Avg   : 22338011136.0000
2025-11-27 22:34:11,292 - INFO - Gpu Mem Used Bytes Peak  : 22338011136.0000
2025-11-27 22:34:11,292 - INFO - Gpu Vram Used Bytes      : 22338011136.0000
2025-11-27 22:34:11,292 - INFO - Accuracy                 : 0.4687
2025-11-27 22:34:11,293 - INFO - Precision                : 0.4607
2025-11-27 22:34:11,293 - INFO - Recall                   : 0.4687
2025-11-27 22:34:11,293 - INFO - F1 Score                 : 0.4567
2025-11-27 22:34:11,293 - INFO - ==================================================
2025-11-27 22:40:30,189 - INFO - Época 96 concluída. Loss média: 3.1119
2025-11-27 22:40:30,190 - INFO - Taxa de aprendizado ajustada para: 0.000100
2025-11-27 22:40:30,207 - INFO - Iniciando inferência com o modelo EfficientNetB7...
2025-11-27 22:40:40,045 - INFO - ==================================================
2025-11-27 22:40:40,045 - INFO - EXPERIMENT RESULTS
2025-11-27 22:40:40,045 - INFO - ==================================================
2025-11-27 22:40:40,045 - INFO - Elapsed Time Seconds     : 9.7882
2025-11-27 22:40:40,046 - INFO - Cpu Usage Percent        : 7.9688
2025-11-27 22:40:40,046 - INFO - Ram Peak Usage Bytes     : 4202397696.0000
2025-11-27 22:40:40,046 - INFO - Disk Read Bytes          : 0.0000
2025-11-27 22:40:40,046 - INFO - Disk Write Bytes         : 135168.0000
2025-11-27 22:40:40,046 - INFO - Vram Peak Usage Bytes    : 1746396276.0000
2025-11-27 22:40:40,046 - INFO - Gpu Power Watts Avg      : 247.1981
2025-11-27 22:40:40,046 - INFO - Gpu Power Watts Peak     : 288.3400
2025-11-27 22:40:40,046 - INFO - Gpu Temp Celsius Avg     : 65.1237
2025-11-27 22:40:40,046 - INFO - Gpu Temp Celsius Peak    : 68.0000
2025-11-27 22:40:40,046 - INFO - Gpu Utilization Percent Avg: 68.8557
2025-11-27 22:40:40,046 - INFO - Gpu Utilization Percent Peak: 85.0000
2025-11-27 22:40:40,046 - INFO - Gpu Mem Used Bytes Avg   : 22338011136.0000
2025-11-27 22:40:40,046 - INFO - Gpu Mem Used Bytes Peak  : 22338011136.0000
2025-11-27 22:40:40,046 - INFO - Gpu Vram Used Bytes      : 22338011136.0000
2025-11-27 22:40:40,046 - INFO - Accuracy                 : 0.4700
2025-11-27 22:40:40,046 - INFO - Precision                : 0.4605
2025-11-27 22:40:40,046 - INFO - Recall                   : 0.4700
2025-11-27 22:40:40,046 - INFO - F1 Score                 : 0.4584
2025-11-27 22:40:40,046 - INFO - ==================================================
2025-11-27 22:46:58,359 - INFO - Época 97 concluída. Loss média: 3.1074
2025-11-27 22:46:58,360 - INFO - Taxa de aprendizado ajustada para: 0.000100
2025-11-27 22:46:58,377 - INFO - Iniciando inferência com o modelo EfficientNetB7...
2025-11-27 22:47:08,208 - INFO - ==================================================
2025-11-27 22:47:08,209 - INFO - EXPERIMENT RESULTS
2025-11-27 22:47:08,209 - INFO - ==================================================
2025-11-27 22:47:08,209 - INFO - Elapsed Time Seconds     : 9.7818
2025-11-27 22:47:08,209 - INFO - Cpu Usage Percent        : 7.6562
2025-11-27 22:47:08,209 - INFO - Ram Peak Usage Bytes     : 4202684416.0000
2025-11-27 22:47:08,209 - INFO - Disk Read Bytes          : 0.0000
2025-11-27 22:47:08,209 - INFO - Disk Write Bytes         : 172032.0000
2025-11-27 22:47:08,209 - INFO - Vram Peak Usage Bytes    : 1746396276.0000
2025-11-27 22:47:08,209 - INFO - Gpu Power Watts Avg      : 246.6352
2025-11-27 22:47:08,209 - INFO - Gpu Power Watts Peak     : 289.9820
2025-11-27 22:47:08,209 - INFO - Gpu Temp Celsius Avg     : 65.0722
2025-11-27 22:47:08,209 - INFO - Gpu Temp Celsius Peak    : 68.0000
2025-11-27 22:47:08,209 - INFO - Gpu Utilization Percent Avg: 69.0825
2025-11-27 22:47:08,209 - INFO - Gpu Utilization Percent Peak: 86.0000
2025-11-27 22:47:08,209 - INFO - Gpu Mem Used Bytes Avg   : 22338011136.0000
2025-11-27 22:47:08,209 - INFO - Gpu Mem Used Bytes Peak  : 22338011136.0000
2025-11-27 22:47:08,209 - INFO - Gpu Vram Used Bytes      : 22338011136.0000
2025-11-27 22:47:08,209 - INFO - Accuracy                 : 0.4690
2025-11-27 22:47:08,209 - INFO - Precision                : 0.4596
2025-11-27 22:47:08,209 - INFO - Recall                   : 0.4690
2025-11-27 22:47:08,209 - INFO - F1 Score                 : 0.4577
2025-11-27 22:47:08,209 - INFO - ==================================================
2025-11-27 22:53:29,644 - INFO - Época 98 concluída. Loss média: 3.1079
2025-11-27 22:53:29,644 - INFO - Taxa de aprendizado ajustada para: 0.000100
2025-11-27 22:53:29,662 - INFO - Iniciando inferência com o modelo EfficientNetB7...
2025-11-27 22:53:39,714 - INFO - ==================================================
2025-11-27 22:53:39,715 - INFO - EXPERIMENT RESULTS
2025-11-27 22:53:39,715 - INFO - ==================================================
2025-11-27 22:53:39,715 - INFO - Elapsed Time Seconds     : 10.0028
2025-11-27 22:53:39,715 - INFO - Cpu Usage Percent        : 7.7000
2025-11-27 22:53:39,715 - INFO - Ram Peak Usage Bytes     : 4202979328.0000
2025-11-27 22:53:39,715 - INFO - Disk Read Bytes          : 0.0000
2025-11-27 22:53:39,715 - INFO - Disk Write Bytes         : 143360.0000
2025-11-27 22:53:39,715 - INFO - Vram Peak Usage Bytes    : 1746396276.0000
2025-11-27 22:53:39,715 - INFO - Gpu Power Watts Avg      : 244.1157
2025-11-27 22:53:39,715 - INFO - Gpu Power Watts Peak     : 287.9930
2025-11-27 22:53:39,715 - INFO - Gpu Temp Celsius Avg     : 64.7071
2025-11-27 22:53:39,715 - INFO - Gpu Temp Celsius Peak    : 68.0000
2025-11-27 22:53:39,715 - INFO - Gpu Utilization Percent Avg: 67.9192
2025-11-27 22:53:39,715 - INFO - Gpu Utilization Percent Peak: 85.0000
2025-11-27 22:53:39,715 - INFO - Gpu Mem Used Bytes Avg   : 22338011136.0000
2025-11-27 22:53:39,715 - INFO - Gpu Mem Used Bytes Peak  : 22338011136.0000
2025-11-27 22:53:39,715 - INFO - Gpu Vram Used Bytes      : 22338011136.0000
2025-11-27 22:53:39,715 - INFO - Accuracy                 : 0.4717
2025-11-27 22:53:39,715 - INFO - Precision                : 0.4632
2025-11-27 22:53:39,716 - INFO - Recall                   : 0.4717
2025-11-27 22:53:39,716 - INFO - F1 Score                 : 0.4599
2025-11-27 22:53:39,716 - INFO - ==================================================
2025-11-27 23:00:01,372 - INFO - Época 99 concluída. Loss média: 3.1113
2025-11-27 23:00:01,373 - INFO - Taxa de aprendizado ajustada para: 0.000100
2025-11-27 23:00:01,390 - INFO - Iniciando inferência com o modelo EfficientNetB7...
2025-11-27 23:00:11,147 - INFO - ==================================================
2025-11-27 23:00:11,147 - INFO - EXPERIMENT RESULTS
2025-11-27 23:00:11,147 - INFO - ==================================================
2025-11-27 23:00:11,147 - INFO - Elapsed Time Seconds     : 9.7067
2025-11-27 23:00:11,147 - INFO - Cpu Usage Percent        : 7.8312
2025-11-27 23:00:11,147 - INFO - Ram Peak Usage Bytes     : 4203245568.0000
2025-11-27 23:00:11,147 - INFO - Disk Read Bytes          : 0.0000
2025-11-27 23:00:11,147 - INFO - Disk Write Bytes         : 163840.0000
2025-11-27 23:00:11,147 - INFO - Vram Peak Usage Bytes    : 1746396276.0000
2025-11-27 23:00:11,147 - INFO - Gpu Power Watts Avg      : 247.4225
2025-11-27 23:00:11,147 - INFO - Gpu Power Watts Peak     : 287.8590
2025-11-27 23:00:11,147 - INFO - Gpu Temp Celsius Avg     : 64.6458
2025-11-27 23:00:11,147 - INFO - Gpu Temp Celsius Peak    : 68.0000
2025-11-27 23:00:11,147 - INFO - Gpu Utilization Percent Avg: 70.1042
2025-11-27 23:00:11,148 - INFO - Gpu Utilization Percent Peak: 86.0000
2025-11-27 23:00:11,148 - INFO - Gpu Mem Used Bytes Avg   : 22338011136.0000
2025-11-27 23:00:11,148 - INFO - Gpu Mem Used Bytes Peak  : 22338011136.0000
2025-11-27 23:00:11,148 - INFO - Gpu Vram Used Bytes      : 22338011136.0000
2025-11-27 23:00:11,148 - INFO - Accuracy                 : 0.4708
2025-11-27 23:00:11,148 - INFO - Precision                : 0.4614
2025-11-27 23:00:11,148 - INFO - Recall                   : 0.4708
2025-11-27 23:00:11,148 - INFO - F1 Score                 : 0.4581
2025-11-27 23:00:11,148 - INFO - ==================================================
2025-11-27 23:06:30,735 - INFO - Época 100 concluída. Loss média: 3.1140
2025-11-27 23:06:30,735 - INFO - Taxa de aprendizado ajustada para: 0.000100
2025-11-27 23:06:30,753 - INFO - Iniciando inferência com o modelo EfficientNetB7...
2025-11-27 23:06:40,597 - INFO - ==================================================
2025-11-27 23:06:40,597 - INFO - EXPERIMENT RESULTS
2025-11-27 23:06:40,597 - INFO - ==================================================
2025-11-27 23:06:40,597 - INFO - Elapsed Time Seconds     : 9.7953
2025-11-27 23:06:40,597 - INFO - Cpu Usage Percent        : 7.9188
2025-11-27 23:06:40,597 - INFO - Ram Peak Usage Bytes     : 4203540480.0000
2025-11-27 23:06:40,597 - INFO - Disk Read Bytes          : 0.0000
2025-11-27 23:06:40,598 - INFO - Disk Write Bytes         : 135168.0000
2025-11-27 23:06:40,598 - INFO - Vram Peak Usage Bytes    : 1746396276.0000
2025-11-27 23:06:40,598 - INFO - Gpu Power Watts Avg      : 244.9836
2025-11-27 23:06:40,598 - INFO - Gpu Power Watts Peak     : 287.7500
2025-11-27 23:06:40,598 - INFO - Gpu Temp Celsius Avg     : 64.5567
2025-11-27 23:06:40,598 - INFO - Gpu Temp Celsius Peak    : 67.0000
2025-11-27 23:06:40,598 - INFO - Gpu Utilization Percent Avg: 69.0103
2025-11-27 23:06:40,598 - INFO - Gpu Utilization Percent Peak: 85.0000
2025-11-27 23:06:40,598 - INFO - Gpu Mem Used Bytes Avg   : 22338011136.0000
2025-11-27 23:06:40,598 - INFO - Gpu Mem Used Bytes Peak  : 22338011136.0000
2025-11-27 23:06:40,598 - INFO - Gpu Vram Used Bytes      : 22338011136.0000
2025-11-27 23:06:40,598 - INFO - Accuracy                 : 0.4683
2025-11-27 23:06:40,598 - INFO - Precision                : 0.4586
2025-11-27 23:06:40,598 - INFO - Recall                   : 0.4683
2025-11-27 23:06:40,598 - INFO - F1 Score                 : 0.4555
2025-11-27 23:06:40,598 - INFO - ==================================================
2025-11-27 23:06:40,674 - INFO - Métricas de performance do treinamento:
2025-11-27 23:06:40,674 - INFO - ==================================================
2025-11-27 23:06:40,674 - INFO - EXPERIMENT RESULTS
2025-11-27 23:06:40,674 - INFO - ==================================================
2025-11-27 23:06:40,674 - INFO - Elapsed Time Seconds     : 39003.5383
2025-11-27 23:06:40,675 - INFO - Cpu Usage Percent        : 6.7625
2025-11-27 23:06:40,675 - INFO - Ram Peak Usage Bytes     : 4203528192.0000
2025-11-27 23:06:40,675 - INFO - Disk Read Bytes          : 684032.0000
2025-11-27 23:06:40,675 - INFO - Disk Write Bytes         : 769654784.0000
2025-11-27 23:06:40,675 - INFO - Vram Peak Usage Bytes    : 1746396276.0000
2025-11-27 23:06:40,675 - INFO - Gpu Power Watts Avg      : 239.7619
2025-11-27 23:06:40,675 - INFO - Gpu Power Watts Peak     : 338.3640
2025-11-27 23:06:40,675 - INFO - Gpu Temp Celsius Avg     : 64.0401
2025-11-27 23:06:40,675 - INFO - Gpu Temp Celsius Peak    : 75.0000
2025-11-27 23:06:40,675 - INFO - Gpu Utilization Percent Avg: 68.5566
2025-11-27 23:06:40,675 - INFO - Gpu Utilization Percent Peak: 86.0000
2025-11-27 23:06:40,675 - INFO - Gpu Mem Used Bytes Avg   : 22327269194.7238
2025-11-27 23:06:40,675 - INFO - Gpu Mem Used Bytes Peak  : 22338011136.0000
2025-11-27 23:06:40,675 - INFO - Gpu Vram Used Bytes      : 22338011136.0000
2025-11-27 23:06:40,675 - INFO - ==================================================
2025-11-27 23:06:43,794 - INFO - Modelo salvo em: trained_models/efficientnet_b7_final.pth
2025-11-27 23:06:43,843 - INFO - Pipeline de treinamento concluído. Modelo salvo em: trained_models/efficientnet_b7_final.pth
2025-11-27 23:06:43,844 - INFO - Iniciando pipeline de inferência para avaliação final no conjunto de validação...
2025-11-27 23:06:45,695 - INFO - Iniciando inferência com o modelo EfficientNetB7...
2025-11-27 23:06:55,742 - INFO - ==================================================
2025-11-27 23:06:55,742 - INFO - EXPERIMENT RESULTS
2025-11-27 23:06:55,742 - INFO - ==================================================
2025-11-27 23:06:55,742 - INFO - Elapsed Time Seconds     : 9.9992
2025-11-27 23:06:55,742 - INFO - Cpu Usage Percent        : 7.8000
2025-11-27 23:06:55,742 - INFO - Ram Peak Usage Bytes     : 4631785472.0000
2025-11-27 23:06:55,742 - INFO - Disk Read Bytes          : 0.0000
2025-11-27 23:06:55,742 - INFO - Disk Write Bytes         : 196608.0000
2025-11-27 23:06:55,742 - INFO - Vram Peak Usage Bytes    : 1212722344.0000
2025-11-27 23:06:55,742 - INFO - Gpu Power Watts Avg      : 231.7778
2025-11-27 23:06:55,742 - INFO - Gpu Power Watts Peak     : 278.6310
2025-11-27 23:06:55,742 - INFO - Gpu Temp Celsius Avg     : 63.5455
2025-11-27 23:06:55,742 - INFO - Gpu Temp Celsius Peak    : 67.0000
2025-11-27 23:06:55,743 - INFO - Gpu Utilization Percent Avg: 68.2424
2025-11-27 23:06:55,743 - INFO - Gpu Utilization Percent Peak: 84.0000
2025-11-27 23:06:55,743 - INFO - Gpu Mem Used Bytes Avg   : 22338011136.0000
2025-11-27 23:06:55,743 - INFO - Gpu Mem Used Bytes Peak  : 22338011136.0000
2025-11-27 23:06:55,743 - INFO - Gpu Vram Used Bytes      : 22338011136.0000
2025-11-27 23:06:55,743 - INFO - Accuracy                 : 0.4683
2025-11-27 23:06:55,743 - INFO - Precision                : 0.4586
2025-11-27 23:06:55,743 - INFO - Recall                   : 0.4683
2025-11-27 23:06:55,743 - INFO - F1 Score                 : 0.4555
2025-11-27 23:06:55,743 - INFO - ==================================================
2025-11-27 23:06:55,743 - INFO - Projeto executado com sucesso!
