2025-11-22 14:37:59,428 - INFO - ==================================================
2025-11-22 14:37:59,428 - INFO - EXPERIMENT CONFIGURATION
2025-11-22 14:37:59,429 - INFO - ==================================================
2025-11-22 14:37:59,429 - INFO - Model Name          : efficientnet_b0
2025-11-22 14:37:59,429 - INFO - Config File         : configs/efficientnet_b0_config.yaml
2025-11-22 14:37:59,429 - INFO - Train Data          : /scratch/ehdmenezes//tiny-imagenet-200/train
2025-11-22 14:37:59,429 - INFO - Validation Data     : /scratch/ehdmenezes//tiny-imagenet-200/val
2025-11-22 14:37:59,429 - INFO - model_params        : {'num_classes': 200}
2025-11-22 14:37:59,429 - INFO - train_params        : {'epochs': 100, 'batch_size': 384, 'learning_rate': 0.1}
2025-11-22 14:37:59,429 - INFO - inference_params    : {'batch_size': 384}
2025-11-22 14:37:59,429 - INFO - scheduler_params    : {'type': 'StepLR', 'step_size': 30, 'gamma': 0.1}
2025-11-22 14:37:59,429 - INFO - ==================================================
2025-11-22 14:37:59,452 - INFO - Semente aleatória para esta execução foi fixada em: 52
2025-11-22 14:37:59,452 - INFO - Configuração de treinamento: {'model_params': {'num_classes': 200}, 'train_params': {'epochs': 100, 'batch_size': 384, 'learning_rate': 0.1}, 'inference_params': {'batch_size': 384}, 'scheduler_params': {'type': 'StepLR', 'step_size': 30, 'gamma': 0.1}}
2025-11-22 14:37:59,659 - INFO - Usando otimizador SGD com momento e weight decay.
2025-11-22 14:37:59,660 - INFO - Usando StepLR scheduler com step_size=30 e gamma=0.1.
2025-11-22 14:37:59,660 - INFO - AMP (Automatic Mixed Precision) ativado.
2025-11-22 14:37:59,660 - INFO - Iniciando treinamento do modelo efficientnet_b0 no dispositivo cuda.
2025-11-22 14:38:55,919 - INFO - Época 1 concluída. Loss média: 4.7990
2025-11-22 14:38:55,922 - INFO - Taxa de aprendizado ajustada para: 0.100000
2025-11-22 14:38:55,926 - INFO - Iniciando inferência com o modelo EfficientNetB0...
2025-11-22 14:38:59,542 - INFO - ==================================================
2025-11-22 14:38:59,542 - INFO - EXPERIMENT RESULTS
2025-11-22 14:38:59,542 - INFO - ==================================================
2025-11-22 14:38:59,542 - INFO - Elapsed Time Seconds     : 3.5930
2025-11-22 14:38:59,542 - INFO - Cpu Usage Percent        : 3.3219
2025-11-22 14:38:59,542 - INFO - Ram Peak Usage Bytes     : 10276442112.0000
2025-11-22 14:38:59,542 - INFO - Disk Read Bytes          : 0.0000
2025-11-22 14:38:59,542 - INFO - Disk Write Bytes         : 0.0000
2025-11-22 14:38:59,542 - INFO - Vram Peak Usage Bytes    : 2760595268.0000
2025-11-22 14:38:59,542 - INFO - Gpu Power Watts Avg      : 155.0308
2025-11-22 14:38:59,542 - INFO - Gpu Power Watts Peak     : 292.8400
2025-11-22 14:38:59,542 - INFO - Gpu Temp Celsius Avg     : 52.0286
2025-11-22 14:38:59,542 - INFO - Gpu Temp Celsius Peak    : 60.0000
2025-11-22 14:38:59,542 - INFO - Gpu Utilization Percent Avg: 40.4571
2025-11-22 14:38:59,542 - INFO - Gpu Utilization Percent Peak: 100.0000
2025-11-22 14:38:59,542 - INFO - Gpu Mem Used Bytes Avg   : 20136001536.0000
2025-11-22 14:38:59,542 - INFO - Gpu Mem Used Bytes Peak  : 20136001536.0000
2025-11-22 14:38:59,542 - INFO - Gpu Vram Used Bytes      : 20136001536.0000
2025-11-22 14:38:59,542 - INFO - Accuracy                 : 0.1061
2025-11-22 14:38:59,542 - INFO - Precision                : 0.1092
2025-11-22 14:38:59,542 - INFO - Recall                   : 0.1061
2025-11-22 14:38:59,542 - INFO - F1 Score                 : 0.0785
2025-11-22 14:38:59,542 - INFO - ==================================================
2025-11-22 14:39:53,314 - INFO - Época 2 concluída. Loss média: 4.2876
2025-11-22 14:39:53,316 - INFO - Taxa de aprendizado ajustada para: 0.100000
2025-11-22 14:39:53,320 - INFO - Iniciando inferência com o modelo EfficientNetB0...
2025-11-22 14:39:56,393 - INFO - ==================================================
2025-11-22 14:39:56,394 - INFO - EXPERIMENT RESULTS
2025-11-22 14:39:56,394 - INFO - ==================================================
2025-11-22 14:39:56,394 - INFO - Elapsed Time Seconds     : 3.0513
2025-11-22 14:39:56,394 - INFO - Cpu Usage Percent        : 2.9594
2025-11-22 14:39:56,394 - INFO - Ram Peak Usage Bytes     : 10279919616.0000
2025-11-22 14:39:56,394 - INFO - Disk Read Bytes          : 0.0000
2025-11-22 14:39:56,394 - INFO - Disk Write Bytes         : 434176.0000
2025-11-22 14:39:56,394 - INFO - Vram Peak Usage Bytes    : 2760595268.0000
2025-11-22 14:39:56,394 - INFO - Gpu Power Watts Avg      : 190.3376
2025-11-22 14:39:56,394 - INFO - Gpu Power Watts Peak     : 297.4470
2025-11-22 14:39:56,394 - INFO - Gpu Temp Celsius Avg     : 53.7333
2025-11-22 14:39:56,394 - INFO - Gpu Temp Celsius Peak    : 61.0000
2025-11-22 14:39:56,394 - INFO - Gpu Utilization Percent Avg: 45.1333
2025-11-22 14:39:56,394 - INFO - Gpu Utilization Percent Peak: 100.0000
2025-11-22 14:39:56,394 - INFO - Gpu Mem Used Bytes Avg   : 20136001536.0000
2025-11-22 14:39:56,394 - INFO - Gpu Mem Used Bytes Peak  : 20136001536.0000
2025-11-22 14:39:56,394 - INFO - Gpu Vram Used Bytes      : 20136001536.0000
2025-11-22 14:39:56,394 - INFO - Accuracy                 : 0.1870
2025-11-22 14:39:56,394 - INFO - Precision                : 0.1888
2025-11-22 14:39:56,394 - INFO - Recall                   : 0.1870
2025-11-22 14:39:56,394 - INFO - F1 Score                 : 0.1552
2025-11-22 14:39:56,394 - INFO - ==================================================
2025-11-22 14:40:49,864 - INFO - Época 3 concluída. Loss média: 4.0422
2025-11-22 14:40:49,866 - INFO - Taxa de aprendizado ajustada para: 0.100000
2025-11-22 14:40:49,870 - INFO - Iniciando inferência com o modelo EfficientNetB0...
2025-11-22 14:40:53,067 - INFO - ==================================================
2025-11-22 14:40:53,067 - INFO - EXPERIMENT RESULTS
2025-11-22 14:40:53,067 - INFO - ==================================================
2025-11-22 14:40:53,067 - INFO - Elapsed Time Seconds     : 3.1741
2025-11-22 14:40:53,067 - INFO - Cpu Usage Percent        : 3.6531
2025-11-22 14:40:53,067 - INFO - Ram Peak Usage Bytes     : 10280128512.0000
2025-11-22 14:40:53,067 - INFO - Disk Read Bytes          : 0.0000
2025-11-22 14:40:53,067 - INFO - Disk Write Bytes         : 135168.0000
2025-11-22 14:40:53,067 - INFO - Vram Peak Usage Bytes    : 2760595268.0000
2025-11-22 14:40:53,067 - INFO - Gpu Power Watts Avg      : 159.9894
2025-11-22 14:40:53,067 - INFO - Gpu Power Watts Peak     : 298.6590
2025-11-22 14:40:53,067 - INFO - Gpu Temp Celsius Avg     : 53.4516
2025-11-22 14:40:53,067 - INFO - Gpu Temp Celsius Peak    : 61.0000
2025-11-22 14:40:53,067 - INFO - Gpu Utilization Percent Avg: 41.6129
2025-11-22 14:40:53,068 - INFO - Gpu Utilization Percent Peak: 100.0000
2025-11-22 14:40:53,068 - INFO - Gpu Mem Used Bytes Avg   : 20136001536.0000
2025-11-22 14:40:53,068 - INFO - Gpu Mem Used Bytes Peak  : 20136001536.0000
2025-11-22 14:40:53,068 - INFO - Gpu Vram Used Bytes      : 20136001536.0000
2025-11-22 14:40:53,068 - INFO - Accuracy                 : 0.2217
2025-11-22 14:40:53,068 - INFO - Precision                : 0.2444
2025-11-22 14:40:53,068 - INFO - Recall                   : 0.2217
2025-11-22 14:40:53,068 - INFO - F1 Score                 : 0.1976
2025-11-22 14:40:53,068 - INFO - ==================================================
2025-11-22 14:41:47,086 - INFO - Época 4 concluída. Loss média: 3.8844
2025-11-22 14:41:47,087 - INFO - Taxa de aprendizado ajustada para: 0.100000
2025-11-22 14:41:47,091 - INFO - Iniciando inferência com o modelo EfficientNetB0...
2025-11-22 14:41:50,570 - INFO - ==================================================
2025-11-22 14:41:50,570 - INFO - EXPERIMENT RESULTS
2025-11-22 14:41:50,570 - INFO - ==================================================
2025-11-22 14:41:50,570 - INFO - Elapsed Time Seconds     : 3.4562
2025-11-22 14:41:50,570 - INFO - Cpu Usage Percent        : 3.3719
2025-11-22 14:41:50,570 - INFO - Ram Peak Usage Bytes     : 10819313664.0000
2025-11-22 14:41:50,570 - INFO - Disk Read Bytes          : 0.0000
2025-11-22 14:41:50,570 - INFO - Disk Write Bytes         : 282624.0000
2025-11-22 14:41:50,570 - INFO - Vram Peak Usage Bytes    : 2760595268.0000
2025-11-22 14:41:50,570 - INFO - Gpu Power Watts Avg      : 164.3620
2025-11-22 14:41:50,570 - INFO - Gpu Power Watts Peak     : 297.3080
2025-11-22 14:41:50,570 - INFO - Gpu Temp Celsius Avg     : 53.4412
2025-11-22 14:41:50,570 - INFO - Gpu Temp Celsius Peak    : 61.0000
2025-11-22 14:41:50,570 - INFO - Gpu Utilization Percent Avg: 40.3235
2025-11-22 14:41:50,571 - INFO - Gpu Utilization Percent Peak: 100.0000
2025-11-22 14:41:50,571 - INFO - Gpu Mem Used Bytes Avg   : 20136001536.0000
2025-11-22 14:41:50,571 - INFO - Gpu Mem Used Bytes Peak  : 20136001536.0000
2025-11-22 14:41:50,571 - INFO - Gpu Vram Used Bytes      : 20136001536.0000
2025-11-22 14:41:50,571 - INFO - Accuracy                 : 0.2565
2025-11-22 14:41:50,571 - INFO - Precision                : 0.2726
2025-11-22 14:41:50,571 - INFO - Recall                   : 0.2565
2025-11-22 14:41:50,571 - INFO - F1 Score                 : 0.2336
2025-11-22 14:41:50,571 - INFO - ==================================================
2025-11-22 14:42:44,446 - INFO - Época 5 concluída. Loss média: 3.7767
2025-11-22 14:42:44,446 - INFO - Taxa de aprendizado ajustada para: 0.100000
2025-11-22 14:42:44,450 - INFO - Iniciando inferência com o modelo EfficientNetB0...
2025-11-22 14:42:47,353 - INFO - ==================================================
2025-11-22 14:42:47,353 - INFO - EXPERIMENT RESULTS
2025-11-22 14:42:47,353 - INFO - ==================================================
2025-11-22 14:42:47,353 - INFO - Elapsed Time Seconds     : 2.8798
2025-11-22 14:42:47,353 - INFO - Cpu Usage Percent        : 3.1562
2025-11-22 14:42:47,353 - INFO - Ram Peak Usage Bytes     : 10837667840.0000
2025-11-22 14:42:47,353 - INFO - Disk Read Bytes          : 0.0000
2025-11-22 14:42:47,353 - INFO - Disk Write Bytes         : 0.0000
2025-11-22 14:42:47,353 - INFO - Vram Peak Usage Bytes    : 2760595268.0000
2025-11-22 14:42:47,353 - INFO - Gpu Power Watts Avg      : 187.6598
2025-11-22 14:42:47,353 - INFO - Gpu Power Watts Peak     : 308.6350
2025-11-22 14:42:47,353 - INFO - Gpu Temp Celsius Avg     : 54.7857
2025-11-22 14:42:47,353 - INFO - Gpu Temp Celsius Peak    : 62.0000
2025-11-22 14:42:47,353 - INFO - Gpu Utilization Percent Avg: 48.5357
2025-11-22 14:42:47,353 - INFO - Gpu Utilization Percent Peak: 100.0000
2025-11-22 14:42:47,353 - INFO - Gpu Mem Used Bytes Avg   : 20136001536.0000
2025-11-22 14:42:47,353 - INFO - Gpu Mem Used Bytes Peak  : 20136001536.0000
2025-11-22 14:42:47,353 - INFO - Gpu Vram Used Bytes      : 20136001536.0000
2025-11-22 14:42:47,353 - INFO - Accuracy                 : 0.2797
2025-11-22 14:42:47,353 - INFO - Precision                : 0.3084
2025-11-22 14:42:47,353 - INFO - Recall                   : 0.2797
2025-11-22 14:42:47,353 - INFO - F1 Score                 : 0.2571
2025-11-22 14:42:47,353 - INFO - ==================================================
2025-11-22 14:43:40,649 - INFO - Época 6 concluída. Loss média: 3.7052
2025-11-22 14:43:40,649 - INFO - Taxa de aprendizado ajustada para: 0.100000
2025-11-22 14:43:40,653 - INFO - Iniciando inferência com o modelo EfficientNetB0...
2025-11-22 14:43:43,453 - INFO - ==================================================
2025-11-22 14:43:43,453 - INFO - EXPERIMENT RESULTS
2025-11-22 14:43:43,453 - INFO - ==================================================
2025-11-22 14:43:43,453 - INFO - Elapsed Time Seconds     : 2.7767
2025-11-22 14:43:43,453 - INFO - Cpu Usage Percent        : 3.2531
2025-11-22 14:43:43,453 - INFO - Ram Peak Usage Bytes     : 10851926016.0000
2025-11-22 14:43:43,453 - INFO - Disk Read Bytes          : 0.0000
2025-11-22 14:43:43,453 - INFO - Disk Write Bytes         : 0.0000
2025-11-22 14:43:43,453 - INFO - Vram Peak Usage Bytes    : 2760595268.0000
2025-11-22 14:43:43,453 - INFO - Gpu Power Watts Avg      : 185.9965
2025-11-22 14:43:43,453 - INFO - Gpu Power Watts Peak     : 308.3290
2025-11-22 14:43:43,453 - INFO - Gpu Temp Celsius Avg     : 55.1481
2025-11-22 14:43:43,453 - INFO - Gpu Temp Celsius Peak    : 62.0000
2025-11-22 14:43:43,453 - INFO - Gpu Utilization Percent Avg: 52.4444
2025-11-22 14:43:43,453 - INFO - Gpu Utilization Percent Peak: 100.0000
2025-11-22 14:43:43,453 - INFO - Gpu Mem Used Bytes Avg   : 20136001536.0000
2025-11-22 14:43:43,453 - INFO - Gpu Mem Used Bytes Peak  : 20136001536.0000
2025-11-22 14:43:43,453 - INFO - Gpu Vram Used Bytes      : 20136001536.0000
2025-11-22 14:43:43,453 - INFO - Accuracy                 : 0.2835
2025-11-22 14:43:43,453 - INFO - Precision                : 0.3318
2025-11-22 14:43:43,453 - INFO - Recall                   : 0.2835
2025-11-22 14:43:43,453 - INFO - F1 Score                 : 0.2699
2025-11-22 14:43:43,453 - INFO - ==================================================
2025-11-22 14:44:37,166 - INFO - Época 7 concluída. Loss média: 3.6495
2025-11-22 14:44:37,167 - INFO - Taxa de aprendizado ajustada para: 0.100000
2025-11-22 14:44:37,171 - INFO - Iniciando inferência com o modelo EfficientNetB0...
2025-11-22 14:44:40,344 - INFO - ==================================================
2025-11-22 14:44:40,344 - INFO - EXPERIMENT RESULTS
2025-11-22 14:44:40,344 - INFO - ==================================================
2025-11-22 14:44:40,344 - INFO - Elapsed Time Seconds     : 3.1505
2025-11-22 14:44:40,344 - INFO - Cpu Usage Percent        : 3.7000
2025-11-22 14:44:40,344 - INFO - Ram Peak Usage Bytes     : 10867007488.0000
2025-11-22 14:44:40,344 - INFO - Disk Read Bytes          : 0.0000
2025-11-22 14:44:40,344 - INFO - Disk Write Bytes         : 122880.0000
2025-11-22 14:44:40,344 - INFO - Vram Peak Usage Bytes    : 2760595268.0000
2025-11-22 14:44:40,344 - INFO - Gpu Power Watts Avg      : 169.3115
2025-11-22 14:44:40,344 - INFO - Gpu Power Watts Peak     : 298.7610
2025-11-22 14:44:40,344 - INFO - Gpu Temp Celsius Avg     : 54.0323
2025-11-22 14:44:40,344 - INFO - Gpu Temp Celsius Peak    : 60.0000
2025-11-22 14:44:40,344 - INFO - Gpu Utilization Percent Avg: 43.7419
2025-11-22 14:44:40,344 - INFO - Gpu Utilization Percent Peak: 100.0000
2025-11-22 14:44:40,344 - INFO - Gpu Mem Used Bytes Avg   : 20136001536.0000
2025-11-22 14:44:40,344 - INFO - Gpu Mem Used Bytes Peak  : 20136001536.0000
2025-11-22 14:44:40,344 - INFO - Gpu Vram Used Bytes      : 20136001536.0000
2025-11-22 14:44:40,344 - INFO - Accuracy                 : 0.2887
2025-11-22 14:44:40,344 - INFO - Precision                : 0.3527
2025-11-22 14:44:40,344 - INFO - Recall                   : 0.2887
2025-11-22 14:44:40,344 - INFO - F1 Score                 : 0.2767
2025-11-22 14:44:40,344 - INFO - ==================================================
2025-11-22 14:45:34,387 - INFO - Época 8 concluída. Loss média: 3.6112
2025-11-22 14:45:34,387 - INFO - Taxa de aprendizado ajustada para: 0.100000
2025-11-22 14:45:34,391 - INFO - Iniciando inferência com o modelo EfficientNetB0...
2025-11-22 14:45:37,771 - INFO - ==================================================
2025-11-22 14:45:37,771 - INFO - EXPERIMENT RESULTS
2025-11-22 14:45:37,771 - INFO - ==================================================
2025-11-22 14:45:37,771 - INFO - Elapsed Time Seconds     : 3.3577
2025-11-22 14:45:37,771 - INFO - Cpu Usage Percent        : 3.4531
2025-11-22 14:45:37,771 - INFO - Ram Peak Usage Bytes     : 10875187200.0000
2025-11-22 14:45:37,771 - INFO - Disk Read Bytes          : 0.0000
2025-11-22 14:45:37,771 - INFO - Disk Write Bytes         : 270336.0000
2025-11-22 14:45:37,771 - INFO - Vram Peak Usage Bytes    : 2760595268.0000
2025-11-22 14:45:37,771 - INFO - Gpu Power Watts Avg      : 160.1072
2025-11-22 14:45:37,771 - INFO - Gpu Power Watts Peak     : 283.5420
2025-11-22 14:45:37,771 - INFO - Gpu Temp Celsius Avg     : 54.0000
2025-11-22 14:45:37,771 - INFO - Gpu Temp Celsius Peak    : 60.0000
2025-11-22 14:45:37,771 - INFO - Gpu Utilization Percent Avg: 40.1212
2025-11-22 14:45:37,771 - INFO - Gpu Utilization Percent Peak: 100.0000
2025-11-22 14:45:37,771 - INFO - Gpu Mem Used Bytes Avg   : 20136001536.0000
2025-11-22 14:45:37,771 - INFO - Gpu Mem Used Bytes Peak  : 20136001536.0000
2025-11-22 14:45:37,771 - INFO - Gpu Vram Used Bytes      : 20136001536.0000
2025-11-22 14:45:37,771 - INFO - Accuracy                 : 0.3148
2025-11-22 14:45:37,771 - INFO - Precision                : 0.3536
2025-11-22 14:45:37,771 - INFO - Recall                   : 0.3148
2025-11-22 14:45:37,772 - INFO - F1 Score                 : 0.3019
2025-11-22 14:45:37,772 - INFO - ==================================================
2025-11-22 14:46:31,311 - INFO - Época 9 concluída. Loss média: 3.5741
2025-11-22 14:46:31,311 - INFO - Taxa de aprendizado ajustada para: 0.100000
2025-11-22 14:46:31,315 - INFO - Iniciando inferência com o modelo EfficientNetB0...
2025-11-22 14:46:34,710 - INFO - ==================================================
2025-11-22 14:46:34,710 - INFO - EXPERIMENT RESULTS
2025-11-22 14:46:34,710 - INFO - ==================================================
2025-11-22 14:46:34,710 - INFO - Elapsed Time Seconds     : 3.3725
2025-11-22 14:46:34,710 - INFO - Cpu Usage Percent        : 3.4375
2025-11-22 14:46:34,710 - INFO - Ram Peak Usage Bytes     : 10883887104.0000
2025-11-22 14:46:34,710 - INFO - Disk Read Bytes          : 0.0000
2025-11-22 14:46:34,710 - INFO - Disk Write Bytes         : 81920.0000
2025-11-22 14:46:34,710 - INFO - Vram Peak Usage Bytes    : 2760595268.0000
2025-11-22 14:46:34,710 - INFO - Gpu Power Watts Avg      : 163.1272
2025-11-22 14:46:34,710 - INFO - Gpu Power Watts Peak     : 305.3180
2025-11-22 14:46:34,710 - INFO - Gpu Temp Celsius Avg     : 54.2121
2025-11-22 14:46:34,710 - INFO - Gpu Temp Celsius Peak    : 62.0000
2025-11-22 14:46:34,710 - INFO - Gpu Utilization Percent Avg: 42.1212
2025-11-22 14:46:34,710 - INFO - Gpu Utilization Percent Peak: 100.0000
2025-11-22 14:46:34,710 - INFO - Gpu Mem Used Bytes Avg   : 20136001536.0000
2025-11-22 14:46:34,710 - INFO - Gpu Mem Used Bytes Peak  : 20136001536.0000
2025-11-22 14:46:34,710 - INFO - Gpu Vram Used Bytes      : 20136001536.0000
2025-11-22 14:46:34,710 - INFO - Accuracy                 : 0.3259
2025-11-22 14:46:34,710 - INFO - Precision                : 0.3638
2025-11-22 14:46:34,710 - INFO - Recall                   : 0.3259
2025-11-22 14:46:34,710 - INFO - F1 Score                 : 0.3119
2025-11-22 14:46:34,710 - INFO - ==================================================
2025-11-22 14:47:28,366 - INFO - Época 10 concluída. Loss média: 3.5472
2025-11-22 14:47:28,366 - INFO - Taxa de aprendizado ajustada para: 0.100000
2025-11-22 14:47:28,370 - INFO - Iniciando inferência com o modelo EfficientNetB0...
2025-11-22 14:47:31,142 - INFO - ==================================================
2025-11-22 14:47:31,142 - INFO - EXPERIMENT RESULTS
2025-11-22 14:47:31,143 - INFO - ==================================================
2025-11-22 14:47:31,143 - INFO - Elapsed Time Seconds     : 2.7500
2025-11-22 14:47:31,143 - INFO - Cpu Usage Percent        : 3.2031
2025-11-22 14:47:31,143 - INFO - Ram Peak Usage Bytes     : 10887667712.0000
2025-11-22 14:47:31,143 - INFO - Disk Read Bytes          : 0.0000
2025-11-22 14:47:31,143 - INFO - Disk Write Bytes         : 0.0000
2025-11-22 14:47:31,143 - INFO - Vram Peak Usage Bytes    : 2760595268.0000
2025-11-22 14:47:31,143 - INFO - Gpu Power Watts Avg      : 194.2416
2025-11-22 14:47:31,143 - INFO - Gpu Power Watts Peak     : 298.4700
2025-11-22 14:47:31,143 - INFO - Gpu Temp Celsius Avg     : 55.1111
2025-11-22 14:47:31,143 - INFO - Gpu Temp Celsius Peak    : 61.0000
2025-11-22 14:47:31,143 - INFO - Gpu Utilization Percent Avg: 52.7037
2025-11-22 14:47:31,143 - INFO - Gpu Utilization Percent Peak: 100.0000
2025-11-22 14:47:31,143 - INFO - Gpu Mem Used Bytes Avg   : 20136001536.0000
2025-11-22 14:47:31,143 - INFO - Gpu Mem Used Bytes Peak  : 20136001536.0000
2025-11-22 14:47:31,143 - INFO - Gpu Vram Used Bytes      : 20136001536.0000
2025-11-22 14:47:31,143 - INFO - Accuracy                 : 0.3459
2025-11-22 14:47:31,143 - INFO - Precision                : 0.3794
2025-11-22 14:47:31,143 - INFO - Recall                   : 0.3459
2025-11-22 14:47:31,143 - INFO - F1 Score                 : 0.3246
2025-11-22 14:47:31,143 - INFO - ==================================================
2025-11-22 14:48:24,592 - INFO - Época 11 concluída. Loss média: 3.5309
2025-11-22 14:48:24,592 - INFO - Taxa de aprendizado ajustada para: 0.100000
2025-11-22 14:48:24,596 - INFO - Iniciando inferência com o modelo EfficientNetB0...
2025-11-22 14:48:27,994 - INFO - ==================================================
2025-11-22 14:48:27,994 - INFO - EXPERIMENT RESULTS
2025-11-22 14:48:27,994 - INFO - ==================================================
2025-11-22 14:48:27,994 - INFO - Elapsed Time Seconds     : 3.3750
2025-11-22 14:48:27,994 - INFO - Cpu Usage Percent        : 3.3875
2025-11-22 14:48:27,994 - INFO - Ram Peak Usage Bytes     : 10895814656.0000
2025-11-22 14:48:27,994 - INFO - Disk Read Bytes          : 0.0000
2025-11-22 14:48:27,994 - INFO - Disk Write Bytes         : 0.0000
2025-11-22 14:48:27,994 - INFO - Vram Peak Usage Bytes    : 2760595268.0000
2025-11-22 14:48:27,994 - INFO - Gpu Power Watts Avg      : 161.6702
2025-11-22 14:48:27,994 - INFO - Gpu Power Watts Peak     : 307.2000
2025-11-22 14:48:27,994 - INFO - Gpu Temp Celsius Avg     : 53.6667
2025-11-22 14:48:27,994 - INFO - Gpu Temp Celsius Peak    : 60.0000
2025-11-22 14:48:27,994 - INFO - Gpu Utilization Percent Avg: 41.0606
2025-11-22 14:48:27,994 - INFO - Gpu Utilization Percent Peak: 100.0000
2025-11-22 14:48:27,994 - INFO - Gpu Mem Used Bytes Avg   : 20136001536.0000
2025-11-22 14:48:27,994 - INFO - Gpu Mem Used Bytes Peak  : 20136001536.0000
2025-11-22 14:48:27,994 - INFO - Gpu Vram Used Bytes      : 20136001536.0000
2025-11-22 14:48:27,994 - INFO - Accuracy                 : 0.3227
2025-11-22 14:48:27,994 - INFO - Precision                : 0.3931
2025-11-22 14:48:27,994 - INFO - Recall                   : 0.3227
2025-11-22 14:48:27,994 - INFO - F1 Score                 : 0.3152
2025-11-22 14:48:27,994 - INFO - ==================================================
2025-11-22 14:49:21,444 - INFO - Época 12 concluída. Loss média: 3.5101
2025-11-22 14:49:21,444 - INFO - Taxa de aprendizado ajustada para: 0.100000
2025-11-22 14:49:21,448 - INFO - Iniciando inferência com o modelo EfficientNetB0...
2025-11-22 14:49:24,153 - INFO - ==================================================
2025-11-22 14:49:24,153 - INFO - EXPERIMENT RESULTS
2025-11-22 14:49:24,153 - INFO - ==================================================
2025-11-22 14:49:24,153 - INFO - Elapsed Time Seconds     : 2.6822
2025-11-22 14:49:24,153 - INFO - Cpu Usage Percent        : 3.3656
2025-11-22 14:49:24,153 - INFO - Ram Peak Usage Bytes     : 10897010688.0000
2025-11-22 14:49:24,153 - INFO - Disk Read Bytes          : 0.0000
2025-11-22 14:49:24,153 - INFO - Disk Write Bytes         : 278528.0000
2025-11-22 14:49:24,153 - INFO - Vram Peak Usage Bytes    : 2760595268.0000
2025-11-22 14:49:24,153 - INFO - Gpu Power Watts Avg      : 194.0743
2025-11-22 14:49:24,153 - INFO - Gpu Power Watts Peak     : 298.5880
2025-11-22 14:49:24,153 - INFO - Gpu Temp Celsius Avg     : 55.4615
2025-11-22 14:49:24,153 - INFO - Gpu Temp Celsius Peak    : 61.0000
2025-11-22 14:49:24,153 - INFO - Gpu Utilization Percent Avg: 53.9615
2025-11-22 14:49:24,153 - INFO - Gpu Utilization Percent Peak: 100.0000
2025-11-22 14:49:24,153 - INFO - Gpu Mem Used Bytes Avg   : 20136001536.0000
2025-11-22 14:49:24,153 - INFO - Gpu Mem Used Bytes Peak  : 20136001536.0000
2025-11-22 14:49:24,153 - INFO - Gpu Vram Used Bytes      : 20136001536.0000
2025-11-22 14:49:24,153 - INFO - Accuracy                 : 0.3297
2025-11-22 14:49:24,153 - INFO - Precision                : 0.3789
2025-11-22 14:49:24,153 - INFO - Recall                   : 0.3297
2025-11-22 14:49:24,153 - INFO - F1 Score                 : 0.3133
2025-11-22 14:49:24,153 - INFO - ==================================================
2025-11-22 14:50:17,890 - INFO - Época 13 concluída. Loss média: 3.4905
2025-11-22 14:50:17,890 - INFO - Taxa de aprendizado ajustada para: 0.100000
2025-11-22 14:50:17,894 - INFO - Iniciando inferência com o modelo EfficientNetB0...
2025-11-22 14:50:20,557 - INFO - ==================================================
2025-11-22 14:50:20,557 - INFO - EXPERIMENT RESULTS
2025-11-22 14:50:20,557 - INFO - ==================================================
2025-11-22 14:50:20,557 - INFO - Elapsed Time Seconds     : 2.6410
2025-11-22 14:50:20,557 - INFO - Cpu Usage Percent        : 3.4531
2025-11-22 14:50:20,557 - INFO - Ram Peak Usage Bytes     : 10897100800.0000
2025-11-22 14:50:20,557 - INFO - Disk Read Bytes          : 0.0000
2025-11-22 14:50:20,557 - INFO - Disk Write Bytes         : 499712.0000
2025-11-22 14:50:20,557 - INFO - Vram Peak Usage Bytes    : 2760595268.0000
2025-11-22 14:50:20,557 - INFO - Gpu Power Watts Avg      : 186.9770
2025-11-22 14:50:20,557 - INFO - Gpu Power Watts Peak     : 294.8290
2025-11-22 14:50:20,557 - INFO - Gpu Temp Celsius Avg     : 55.7308
2025-11-22 14:50:20,558 - INFO - Gpu Temp Celsius Peak    : 62.0000
2025-11-22 14:50:20,558 - INFO - Gpu Utilization Percent Avg: 51.2308
2025-11-22 14:50:20,558 - INFO - Gpu Utilization Percent Peak: 100.0000
2025-11-22 14:50:20,558 - INFO - Gpu Mem Used Bytes Avg   : 20136001536.0000
2025-11-22 14:50:20,558 - INFO - Gpu Mem Used Bytes Peak  : 20136001536.0000
2025-11-22 14:50:20,558 - INFO - Gpu Vram Used Bytes      : 20136001536.0000
2025-11-22 14:50:20,558 - INFO - Accuracy                 : 0.3561
2025-11-22 14:50:20,558 - INFO - Precision                : 0.3900
2025-11-22 14:50:20,558 - INFO - Recall                   : 0.3561
2025-11-22 14:50:20,558 - INFO - F1 Score                 : 0.3428
2025-11-22 14:50:20,558 - INFO - ==================================================
2025-11-22 14:51:14,328 - INFO - Época 14 concluída. Loss média: 3.4713
2025-11-22 14:51:14,328 - INFO - Taxa de aprendizado ajustada para: 0.100000
2025-11-22 14:51:14,332 - INFO - Iniciando inferência com o modelo EfficientNetB0...
2025-11-22 14:51:17,135 - INFO - ==================================================
2025-11-22 14:51:17,135 - INFO - EXPERIMENT RESULTS
2025-11-22 14:51:17,135 - INFO - ==================================================
2025-11-22 14:51:17,135 - INFO - Elapsed Time Seconds     : 2.7812
2025-11-22 14:51:17,136 - INFO - Cpu Usage Percent        : 3.2344
2025-11-22 14:51:17,136 - INFO - Ram Peak Usage Bytes     : 10897235968.0000
2025-11-22 14:51:17,136 - INFO - Disk Read Bytes          : 0.0000
2025-11-22 14:51:17,136 - INFO - Disk Write Bytes         : 0.0000
2025-11-22 14:51:17,136 - INFO - Vram Peak Usage Bytes    : 2760595268.0000
2025-11-22 14:51:17,136 - INFO - Gpu Power Watts Avg      : 188.2619
2025-11-22 14:51:17,136 - INFO - Gpu Power Watts Peak     : 298.0950
2025-11-22 14:51:17,136 - INFO - Gpu Temp Celsius Avg     : 55.2593
2025-11-22 14:51:17,136 - INFO - Gpu Temp Celsius Peak    : 61.0000
2025-11-22 14:51:17,136 - INFO - Gpu Utilization Percent Avg: 50.0741
2025-11-22 14:51:17,136 - INFO - Gpu Utilization Percent Peak: 100.0000
2025-11-22 14:51:17,136 - INFO - Gpu Mem Used Bytes Avg   : 20136001536.0000
2025-11-22 14:51:17,136 - INFO - Gpu Mem Used Bytes Peak  : 20136001536.0000
2025-11-22 14:51:17,136 - INFO - Gpu Vram Used Bytes      : 20136001536.0000
2025-11-22 14:51:17,136 - INFO - Accuracy                 : 0.3570
2025-11-22 14:51:17,136 - INFO - Precision                : 0.3898
2025-11-22 14:51:17,136 - INFO - Recall                   : 0.3570
2025-11-22 14:51:17,136 - INFO - F1 Score                 : 0.3394
2025-11-22 14:51:17,136 - INFO - ==================================================
2025-11-22 14:52:10,934 - INFO - Época 15 concluída. Loss média: 3.4500
2025-11-22 14:52:10,934 - INFO - Taxa de aprendizado ajustada para: 0.100000
2025-11-22 14:52:10,938 - INFO - Iniciando inferência com o modelo EfficientNetB0...
2025-11-22 14:52:14,224 - INFO - ==================================================
2025-11-22 14:52:14,224 - INFO - EXPERIMENT RESULTS
2025-11-22 14:52:14,224 - INFO - ==================================================
2025-11-22 14:52:14,224 - INFO - Elapsed Time Seconds     : 3.2719
2025-11-22 14:52:14,224 - INFO - Cpu Usage Percent        : 3.5438
2025-11-22 14:52:14,224 - INFO - Ram Peak Usage Bytes     : 10897276928.0000
2025-11-22 14:52:14,224 - INFO - Disk Read Bytes          : 0.0000
2025-11-22 14:52:14,224 - INFO - Disk Write Bytes         : 20480.0000
2025-11-22 14:52:14,224 - INFO - Vram Peak Usage Bytes    : 2760595268.0000
2025-11-22 14:52:14,224 - INFO - Gpu Power Watts Avg      : 165.4779
2025-11-22 14:52:14,224 - INFO - Gpu Power Watts Peak     : 304.4920
2025-11-22 14:52:14,224 - INFO - Gpu Temp Celsius Avg     : 54.2812
2025-11-22 14:52:14,224 - INFO - Gpu Temp Celsius Peak    : 62.0000
2025-11-22 14:52:14,224 - INFO - Gpu Utilization Percent Avg: 41.7188
2025-11-22 14:52:14,224 - INFO - Gpu Utilization Percent Peak: 100.0000
2025-11-22 14:52:14,224 - INFO - Gpu Mem Used Bytes Avg   : 20136001536.0000
2025-11-22 14:52:14,224 - INFO - Gpu Mem Used Bytes Peak  : 20136001536.0000
2025-11-22 14:52:14,224 - INFO - Gpu Vram Used Bytes      : 20136001536.0000
2025-11-22 14:52:14,225 - INFO - Accuracy                 : 0.3448
2025-11-22 14:52:14,225 - INFO - Precision                : 0.3974
2025-11-22 14:52:14,225 - INFO - Recall                   : 0.3448
2025-11-22 14:52:14,225 - INFO - F1 Score                 : 0.3335
2025-11-22 14:52:14,225 - INFO - ==================================================
2025-11-22 14:53:07,259 - INFO - Época 16 concluída. Loss média: 3.4376
2025-11-22 14:53:07,259 - INFO - Taxa de aprendizado ajustada para: 0.100000
2025-11-22 14:53:07,263 - INFO - Iniciando inferência com o modelo EfficientNetB0...
2025-11-22 14:53:10,082 - INFO - ==================================================
2025-11-22 14:53:10,082 - INFO - EXPERIMENT RESULTS
2025-11-22 14:53:10,083 - INFO - ==================================================
2025-11-22 14:53:10,083 - INFO - Elapsed Time Seconds     : 2.7967
2025-11-22 14:53:10,083 - INFO - Cpu Usage Percent        : 3.2406
2025-11-22 14:53:10,083 - INFO - Ram Peak Usage Bytes     : 10897321984.0000
2025-11-22 14:53:10,083 - INFO - Disk Read Bytes          : 0.0000
2025-11-22 14:53:10,083 - INFO - Disk Write Bytes         : 167936.0000
2025-11-22 14:53:10,083 - INFO - Vram Peak Usage Bytes    : 2760595268.0000
2025-11-22 14:53:10,083 - INFO - Gpu Power Watts Avg      : 184.9988
2025-11-22 14:53:10,083 - INFO - Gpu Power Watts Peak     : 310.2210
2025-11-22 14:53:10,083 - INFO - Gpu Temp Celsius Avg     : 55.2222
2025-11-22 14:53:10,083 - INFO - Gpu Temp Celsius Peak    : 62.0000
2025-11-22 14:53:10,083 - INFO - Gpu Utilization Percent Avg: 51.7037
2025-11-22 14:53:10,083 - INFO - Gpu Utilization Percent Peak: 100.0000
2025-11-22 14:53:10,083 - INFO - Gpu Mem Used Bytes Avg   : 20136001536.0000
2025-11-22 14:53:10,083 - INFO - Gpu Mem Used Bytes Peak  : 20136001536.0000
2025-11-22 14:53:10,083 - INFO - Gpu Vram Used Bytes      : 20136001536.0000
2025-11-22 14:53:10,083 - INFO - Accuracy                 : 0.3663
2025-11-22 14:53:10,083 - INFO - Precision                : 0.4156
2025-11-22 14:53:10,083 - INFO - Recall                   : 0.3663
2025-11-22 14:53:10,083 - INFO - F1 Score                 : 0.3570
2025-11-22 14:53:10,083 - INFO - ==================================================
2025-11-22 14:54:03,272 - INFO - Época 17 concluída. Loss média: 3.4259
2025-11-22 14:54:03,272 - INFO - Taxa de aprendizado ajustada para: 0.100000
2025-11-22 14:54:03,276 - INFO - Iniciando inferência com o modelo EfficientNetB0...
2025-11-22 14:54:06,656 - INFO - ==================================================
2025-11-22 14:54:06,656 - INFO - EXPERIMENT RESULTS
2025-11-22 14:54:06,656 - INFO - ==================================================
2025-11-22 14:54:06,656 - INFO - Elapsed Time Seconds     : 3.3577
2025-11-22 14:54:06,657 - INFO - Cpu Usage Percent        : 3.4438
2025-11-22 14:54:06,657 - INFO - Ram Peak Usage Bytes     : 10897326080.0000
2025-11-22 14:54:06,657 - INFO - Disk Read Bytes          : 0.0000
2025-11-22 14:54:06,657 - INFO - Disk Write Bytes         : 118784.0000
2025-11-22 14:54:06,657 - INFO - Vram Peak Usage Bytes    : 2760595268.0000
2025-11-22 14:54:06,657 - INFO - Gpu Power Watts Avg      : 166.7675
2025-11-22 14:54:06,657 - INFO - Gpu Power Watts Peak     : 303.2510
2025-11-22 14:54:06,657 - INFO - Gpu Temp Celsius Avg     : 53.9091
2025-11-22 14:54:06,657 - INFO - Gpu Temp Celsius Peak    : 60.0000
2025-11-22 14:54:06,657 - INFO - Gpu Utilization Percent Avg: 43.3333
2025-11-22 14:54:06,657 - INFO - Gpu Utilization Percent Peak: 100.0000
2025-11-22 14:54:06,657 - INFO - Gpu Mem Used Bytes Avg   : 20136001536.0000
2025-11-22 14:54:06,657 - INFO - Gpu Mem Used Bytes Peak  : 20136001536.0000
2025-11-22 14:54:06,657 - INFO - Gpu Vram Used Bytes      : 20136001536.0000
2025-11-22 14:54:06,657 - INFO - Accuracy                 : 0.3635
2025-11-22 14:54:06,657 - INFO - Precision                : 0.4036
2025-11-22 14:54:06,657 - INFO - Recall                   : 0.3635
2025-11-22 14:54:06,657 - INFO - F1 Score                 : 0.3525
2025-11-22 14:54:06,657 - INFO - ==================================================
2025-11-22 14:55:00,142 - INFO - Época 18 concluída. Loss média: 3.4120
2025-11-22 14:55:00,142 - INFO - Taxa de aprendizado ajustada para: 0.100000
2025-11-22 14:55:00,146 - INFO - Iniciando inferência com o modelo EfficientNetB0...
2025-11-22 14:55:03,017 - INFO - ==================================================
2025-11-22 14:55:03,017 - INFO - EXPERIMENT RESULTS
2025-11-22 14:55:03,017 - INFO - ==================================================
2025-11-22 14:55:03,017 - INFO - Elapsed Time Seconds     : 2.8572
2025-11-22 14:55:03,017 - INFO - Cpu Usage Percent        : 3.3125
2025-11-22 14:55:03,017 - INFO - Ram Peak Usage Bytes     : 10897326080.0000
2025-11-22 14:55:03,017 - INFO - Disk Read Bytes          : 0.0000
2025-11-22 14:55:03,017 - INFO - Disk Write Bytes         : 139264.0000
2025-11-22 14:55:03,017 - INFO - Vram Peak Usage Bytes    : 2760595268.0000
2025-11-22 14:55:03,017 - INFO - Gpu Power Watts Avg      : 188.1407
2025-11-22 14:55:03,017 - INFO - Gpu Power Watts Peak     : 300.1830
2025-11-22 14:55:03,017 - INFO - Gpu Temp Celsius Avg     : 54.7500
2025-11-22 14:55:03,017 - INFO - Gpu Temp Celsius Peak    : 62.0000
2025-11-22 14:55:03,017 - INFO - Gpu Utilization Percent Avg: 48.9286
2025-11-22 14:55:03,017 - INFO - Gpu Utilization Percent Peak: 100.0000
2025-11-22 14:55:03,017 - INFO - Gpu Mem Used Bytes Avg   : 20136001536.0000
2025-11-22 14:55:03,017 - INFO - Gpu Mem Used Bytes Peak  : 20136001536.0000
2025-11-22 14:55:03,017 - INFO - Gpu Vram Used Bytes      : 20136001536.0000
2025-11-22 14:55:03,017 - INFO - Accuracy                 : 0.3735
2025-11-22 14:55:03,017 - INFO - Precision                : 0.4201
2025-11-22 14:55:03,017 - INFO - Recall                   : 0.3735
2025-11-22 14:55:03,017 - INFO - F1 Score                 : 0.3640
2025-11-22 14:55:03,017 - INFO - ==================================================
2025-11-22 14:55:56,692 - INFO - Época 19 concluída. Loss média: 3.3908
2025-11-22 14:55:56,692 - INFO - Taxa de aprendizado ajustada para: 0.100000
2025-11-22 14:55:56,696 - INFO - Iniciando inferência com o modelo EfficientNetB0...
2025-11-22 14:55:59,697 - INFO - ==================================================
2025-11-22 14:55:59,697 - INFO - EXPERIMENT RESULTS
2025-11-22 14:55:59,697 - INFO - ==================================================
2025-11-22 14:55:59,697 - INFO - Elapsed Time Seconds     : 2.9781
2025-11-22 14:55:59,697 - INFO - Cpu Usage Percent        : 3.1906
2025-11-22 14:55:59,697 - INFO - Ram Peak Usage Bytes     : 10897473536.0000
2025-11-22 14:55:59,697 - INFO - Disk Read Bytes          : 0.0000
2025-11-22 14:55:59,697 - INFO - Disk Write Bytes         : 528384.0000
2025-11-22 14:55:59,697 - INFO - Vram Peak Usage Bytes    : 2760595268.0000
2025-11-22 14:55:59,697 - INFO - Gpu Power Watts Avg      : 177.7832
2025-11-22 14:55:59,697 - INFO - Gpu Power Watts Peak     : 305.1800
2025-11-22 14:55:59,697 - INFO - Gpu Temp Celsius Avg     : 54.6897
2025-11-22 14:55:59,697 - INFO - Gpu Temp Celsius Peak    : 61.0000
2025-11-22 14:55:59,697 - INFO - Gpu Utilization Percent Avg: 46.6552
2025-11-22 14:55:59,697 - INFO - Gpu Utilization Percent Peak: 100.0000
2025-11-22 14:55:59,697 - INFO - Gpu Mem Used Bytes Avg   : 20136001536.0000
2025-11-22 14:55:59,697 - INFO - Gpu Mem Used Bytes Peak  : 20136001536.0000
2025-11-22 14:55:59,697 - INFO - Gpu Vram Used Bytes      : 20136001536.0000
2025-11-22 14:55:59,697 - INFO - Accuracy                 : 0.3727
2025-11-22 14:55:59,697 - INFO - Precision                : 0.4170
2025-11-22 14:55:59,697 - INFO - Recall                   : 0.3727
2025-11-22 14:55:59,697 - INFO - F1 Score                 : 0.3578
2025-11-22 14:55:59,697 - INFO - ==================================================
2025-11-22 14:56:53,370 - INFO - Época 20 concluída. Loss média: 3.3769
2025-11-22 14:56:53,370 - INFO - Taxa de aprendizado ajustada para: 0.100000
2025-11-22 14:56:53,374 - INFO - Iniciando inferência com o modelo EfficientNetB0...
2025-11-22 14:56:56,174 - INFO - ==================================================
2025-11-22 14:56:56,174 - INFO - EXPERIMENT RESULTS
2025-11-22 14:56:56,174 - INFO - ==================================================
2025-11-22 14:56:56,174 - INFO - Elapsed Time Seconds     : 2.7772
2025-11-22 14:56:56,174 - INFO - Cpu Usage Percent        : 3.1719
2025-11-22 14:56:56,174 - INFO - Ram Peak Usage Bytes     : 10899595264.0000
2025-11-22 14:56:56,174 - INFO - Disk Read Bytes          : 0.0000
2025-11-22 14:56:56,174 - INFO - Disk Write Bytes         : 0.0000
2025-11-22 14:56:56,174 - INFO - Vram Peak Usage Bytes    : 2760595268.0000
2025-11-22 14:56:56,174 - INFO - Gpu Power Watts Avg      : 179.5920
2025-11-22 14:56:56,174 - INFO - Gpu Power Watts Peak     : 309.6810
2025-11-22 14:56:56,174 - INFO - Gpu Temp Celsius Avg     : 55.0741
2025-11-22 14:56:56,174 - INFO - Gpu Temp Celsius Peak    : 62.0000
2025-11-22 14:56:56,174 - INFO - Gpu Utilization Percent Avg: 47.4074
2025-11-22 14:56:56,174 - INFO - Gpu Utilization Percent Peak: 100.0000
2025-11-22 14:56:56,174 - INFO - Gpu Mem Used Bytes Avg   : 20136001536.0000
2025-11-22 14:56:56,174 - INFO - Gpu Mem Used Bytes Peak  : 20136001536.0000
2025-11-22 14:56:56,174 - INFO - Gpu Vram Used Bytes      : 20136001536.0000
2025-11-22 14:56:56,174 - INFO - Accuracy                 : 0.3795
2025-11-22 14:56:56,174 - INFO - Precision                : 0.4236
2025-11-22 14:56:56,174 - INFO - Recall                   : 0.3795
2025-11-22 14:56:56,174 - INFO - F1 Score                 : 0.3659
2025-11-22 14:56:56,174 - INFO - ==================================================
2025-11-22 14:57:49,230 - INFO - Época 21 concluída. Loss média: 3.3612
2025-11-22 14:57:49,230 - INFO - Taxa de aprendizado ajustada para: 0.100000
2025-11-22 14:57:49,234 - INFO - Iniciando inferência com o modelo EfficientNetB0...
2025-11-22 14:57:51,919 - INFO - ==================================================
2025-11-22 14:57:51,919 - INFO - EXPERIMENT RESULTS
2025-11-22 14:57:51,919 - INFO - ==================================================
2025-11-22 14:57:51,919 - INFO - Elapsed Time Seconds     : 2.6624
2025-11-22 14:57:51,919 - INFO - Cpu Usage Percent        : 3.3906
2025-11-22 14:57:51,919 - INFO - Ram Peak Usage Bytes     : 10899640320.0000
2025-11-22 14:57:51,919 - INFO - Disk Read Bytes          : 0.0000
2025-11-22 14:57:51,919 - INFO - Disk Write Bytes         : 0.0000
2025-11-22 14:57:51,919 - INFO - Vram Peak Usage Bytes    : 2760595268.0000
2025-11-22 14:57:51,919 - INFO - Gpu Power Watts Avg      : 189.9794
2025-11-22 14:57:51,919 - INFO - Gpu Power Watts Peak     : 303.8120
2025-11-22 14:57:51,919 - INFO - Gpu Temp Celsius Avg     : 55.5385
2025-11-22 14:57:51,919 - INFO - Gpu Temp Celsius Peak    : 62.0000
2025-11-22 14:57:51,919 - INFO - Gpu Utilization Percent Avg: 51.8077
2025-11-22 14:57:51,919 - INFO - Gpu Utilization Percent Peak: 100.0000
2025-11-22 14:57:51,920 - INFO - Gpu Mem Used Bytes Avg   : 20136001536.0000
2025-11-22 14:57:51,920 - INFO - Gpu Mem Used Bytes Peak  : 20136001536.0000
2025-11-22 14:57:51,920 - INFO - Gpu Vram Used Bytes      : 20136001536.0000
2025-11-22 14:57:51,920 - INFO - Accuracy                 : 0.3698
2025-11-22 14:57:51,920 - INFO - Precision                : 0.4183
2025-11-22 14:57:51,920 - INFO - Recall                   : 0.3698
2025-11-22 14:57:51,920 - INFO - F1 Score                 : 0.3566
2025-11-22 14:57:51,920 - INFO - ==================================================
2025-11-22 14:58:45,798 - INFO - Época 22 concluída. Loss média: 3.3539
2025-11-22 14:58:45,798 - INFO - Taxa de aprendizado ajustada para: 0.100000
2025-11-22 14:58:45,799 - INFO - Iniciando inferência com o modelo EfficientNetB0...
2025-11-22 14:58:48,477 - INFO - ==================================================
2025-11-22 14:58:48,477 - INFO - EXPERIMENT RESULTS
2025-11-22 14:58:48,477 - INFO - ==================================================
2025-11-22 14:58:48,477 - INFO - Elapsed Time Seconds     : 2.6560
2025-11-22 14:58:48,478 - INFO - Cpu Usage Percent        : 3.3531
2025-11-22 14:58:48,478 - INFO - Ram Peak Usage Bytes     : 10899718144.0000
2025-11-22 14:58:48,478 - INFO - Disk Read Bytes          : 0.0000
2025-11-22 14:58:48,478 - INFO - Disk Write Bytes         : 0.0000
2025-11-22 14:58:48,478 - INFO - Vram Peak Usage Bytes    : 2760595268.0000
2025-11-22 14:58:48,478 - INFO - Gpu Power Watts Avg      : 200.4249
2025-11-22 14:58:48,478 - INFO - Gpu Power Watts Peak     : 307.5430
2025-11-22 14:58:48,478 - INFO - Gpu Temp Celsius Avg     : 55.3462
2025-11-22 14:58:48,478 - INFO - Gpu Temp Celsius Peak    : 61.0000
2025-11-22 14:58:48,478 - INFO - Gpu Utilization Percent Avg: 53.4615
2025-11-22 14:58:48,478 - INFO - Gpu Utilization Percent Peak: 100.0000
2025-11-22 14:58:48,478 - INFO - Gpu Mem Used Bytes Avg   : 20136001536.0000
2025-11-22 14:58:48,478 - INFO - Gpu Mem Used Bytes Peak  : 20136001536.0000
2025-11-22 14:58:48,478 - INFO - Gpu Vram Used Bytes      : 20136001536.0000
2025-11-22 14:58:48,478 - INFO - Accuracy                 : 0.3936
2025-11-22 14:58:48,478 - INFO - Precision                : 0.4183
2025-11-22 14:58:48,478 - INFO - Recall                   : 0.3936
2025-11-22 14:58:48,478 - INFO - F1 Score                 : 0.3799
2025-11-22 14:58:48,478 - INFO - ==================================================
2025-11-22 14:59:42,123 - INFO - Época 23 concluída. Loss média: 3.3353
2025-11-22 14:59:42,123 - INFO - Taxa de aprendizado ajustada para: 0.100000
2025-11-22 14:59:42,127 - INFO - Iniciando inferência com o modelo EfficientNetB0...
2025-11-22 14:59:45,505 - INFO - ==================================================
2025-11-22 14:59:45,505 - INFO - EXPERIMENT RESULTS
2025-11-22 14:59:45,505 - INFO - ==================================================
2025-11-22 14:59:45,505 - INFO - Elapsed Time Seconds     : 3.3552
2025-11-22 14:59:45,505 - INFO - Cpu Usage Percent        : 3.4469
2025-11-22 14:59:45,505 - INFO - Ram Peak Usage Bytes     : 10899738624.0000
2025-11-22 14:59:45,505 - INFO - Disk Read Bytes          : 0.0000
2025-11-22 14:59:45,505 - INFO - Disk Write Bytes         : 421888.0000
2025-11-22 14:59:45,505 - INFO - Vram Peak Usage Bytes    : 2760595268.0000
2025-11-22 14:59:45,505 - INFO - Gpu Power Watts Avg      : 158.3477
2025-11-22 14:59:45,505 - INFO - Gpu Power Watts Peak     : 293.8690
2025-11-22 14:59:45,505 - INFO - Gpu Temp Celsius Avg     : 53.9697
2025-11-22 14:59:45,505 - INFO - Gpu Temp Celsius Peak    : 61.0000
2025-11-22 14:59:45,505 - INFO - Gpu Utilization Percent Avg: 38.9091
2025-11-22 14:59:45,505 - INFO - Gpu Utilization Percent Peak: 100.0000
2025-11-22 14:59:45,505 - INFO - Gpu Mem Used Bytes Avg   : 20136001536.0000
2025-11-22 14:59:45,505 - INFO - Gpu Mem Used Bytes Peak  : 20136001536.0000
2025-11-22 14:59:45,505 - INFO - Gpu Vram Used Bytes      : 20136001536.0000
2025-11-22 14:59:45,505 - INFO - Accuracy                 : 0.3865
2025-11-22 14:59:45,505 - INFO - Precision                : 0.4254
2025-11-22 14:59:45,505 - INFO - Recall                   : 0.3865
2025-11-22 14:59:45,505 - INFO - F1 Score                 : 0.3747
2025-11-22 14:59:45,505 - INFO - ==================================================
2025-11-22 15:00:38,809 - INFO - Época 24 concluída. Loss média: 3.3258
2025-11-22 15:00:38,810 - INFO - Taxa de aprendizado ajustada para: 0.100000
2025-11-22 15:00:38,813 - INFO - Iniciando inferência com o modelo EfficientNetB0...
2025-11-22 15:00:42,295 - INFO - ==================================================
2025-11-22 15:00:42,295 - INFO - EXPERIMENT RESULTS
2025-11-22 15:00:42,295 - INFO - ==================================================
2025-11-22 15:00:42,295 - INFO - Elapsed Time Seconds     : 3.4590
2025-11-22 15:00:42,295 - INFO - Cpu Usage Percent        : 3.3344
2025-11-22 15:00:42,295 - INFO - Ram Peak Usage Bytes     : 10899820544.0000
2025-11-22 15:00:42,295 - INFO - Disk Read Bytes          : 0.0000
2025-11-22 15:00:42,295 - INFO - Disk Write Bytes         : 278528.0000
2025-11-22 15:00:42,295 - INFO - Vram Peak Usage Bytes    : 2760595268.0000
2025-11-22 15:00:42,295 - INFO - Gpu Power Watts Avg      : 159.2920
2025-11-22 15:00:42,295 - INFO - Gpu Power Watts Peak     : 299.4320
2025-11-22 15:00:42,295 - INFO - Gpu Temp Celsius Avg     : 54.0000
2025-11-22 15:00:42,295 - INFO - Gpu Temp Celsius Peak    : 61.0000
2025-11-22 15:00:42,295 - INFO - Gpu Utilization Percent Avg: 39.2647
2025-11-22 15:00:42,295 - INFO - Gpu Utilization Percent Peak: 100.0000
2025-11-22 15:00:42,295 - INFO - Gpu Mem Used Bytes Avg   : 20136001536.0000
2025-11-22 15:00:42,295 - INFO - Gpu Mem Used Bytes Peak  : 20136001536.0000
2025-11-22 15:00:42,295 - INFO - Gpu Vram Used Bytes      : 20136001536.0000
2025-11-22 15:00:42,295 - INFO - Accuracy                 : 0.3957
2025-11-22 15:00:42,295 - INFO - Precision                : 0.4263
2025-11-22 15:00:42,296 - INFO - Recall                   : 0.3957
2025-11-22 15:00:42,296 - INFO - F1 Score                 : 0.3853
2025-11-22 15:00:42,296 - INFO - ==================================================
2025-11-22 15:01:36,235 - INFO - Época 25 concluída. Loss média: 3.3146
2025-11-22 15:01:36,235 - INFO - Taxa de aprendizado ajustada para: 0.100000
2025-11-22 15:01:36,239 - INFO - Iniciando inferência com o modelo EfficientNetB0...
2025-11-22 15:01:39,132 - INFO - ==================================================
2025-11-22 15:01:39,132 - INFO - EXPERIMENT RESULTS
2025-11-22 15:01:39,132 - INFO - ==================================================
2025-11-22 15:01:39,132 - INFO - Elapsed Time Seconds     : 2.8704
2025-11-22 15:01:39,132 - INFO - Cpu Usage Percent        : 3.1906
2025-11-22 15:01:39,132 - INFO - Ram Peak Usage Bytes     : 10899898368.0000
2025-11-22 15:01:39,132 - INFO - Disk Read Bytes          : 0.0000
2025-11-22 15:01:39,132 - INFO - Disk Write Bytes         : 413696.0000
2025-11-22 15:01:39,132 - INFO - Vram Peak Usage Bytes    : 2760595268.0000
2025-11-22 15:01:39,132 - INFO - Gpu Power Watts Avg      : 181.5284
2025-11-22 15:01:39,132 - INFO - Gpu Power Watts Peak     : 300.5040
2025-11-22 15:01:39,132 - INFO - Gpu Temp Celsius Avg     : 54.8929
2025-11-22 15:01:39,132 - INFO - Gpu Temp Celsius Peak    : 62.0000
2025-11-22 15:01:39,132 - INFO - Gpu Utilization Percent Avg: 51.2857
2025-11-22 15:01:39,132 - INFO - Gpu Utilization Percent Peak: 100.0000
2025-11-22 15:01:39,132 - INFO - Gpu Mem Used Bytes Avg   : 20136001536.0000
2025-11-22 15:01:39,132 - INFO - Gpu Mem Used Bytes Peak  : 20136001536.0000
2025-11-22 15:01:39,132 - INFO - Gpu Vram Used Bytes      : 20136001536.0000
2025-11-22 15:01:39,132 - INFO - Accuracy                 : 0.4123
2025-11-22 15:01:39,132 - INFO - Precision                : 0.4481
2025-11-22 15:01:39,132 - INFO - Recall                   : 0.4123
2025-11-22 15:01:39,132 - INFO - F1 Score                 : 0.3993
2025-11-22 15:01:39,132 - INFO - ==================================================
2025-11-22 15:02:32,535 - INFO - Época 26 concluída. Loss média: 3.2995
2025-11-22 15:02:32,535 - INFO - Taxa de aprendizado ajustada para: 0.100000
2025-11-22 15:02:32,539 - INFO - Iniciando inferência com o modelo EfficientNetB0...
2025-11-22 15:02:35,515 - INFO - ==================================================
2025-11-22 15:02:35,515 - INFO - EXPERIMENT RESULTS
2025-11-22 15:02:35,516 - INFO - ==================================================
2025-11-22 15:02:35,516 - INFO - Elapsed Time Seconds     : 2.9543
2025-11-22 15:02:35,516 - INFO - Cpu Usage Percent        : 3.0156
2025-11-22 15:02:35,516 - INFO - Ram Peak Usage Bytes     : 10899906560.0000
2025-11-22 15:02:35,516 - INFO - Disk Read Bytes          : 0.0000
2025-11-22 15:02:35,516 - INFO - Disk Write Bytes         : 0.0000
2025-11-22 15:02:35,516 - INFO - Vram Peak Usage Bytes    : 2760595268.0000
2025-11-22 15:02:35,516 - INFO - Gpu Power Watts Avg      : 178.5760
2025-11-22 15:02:35,516 - INFO - Gpu Power Watts Peak     : 308.1570
2025-11-22 15:02:35,516 - INFO - Gpu Temp Celsius Avg     : 54.7586
2025-11-22 15:02:35,516 - INFO - Gpu Temp Celsius Peak    : 61.0000
2025-11-22 15:02:35,516 - INFO - Gpu Utilization Percent Avg: 47.5517
2025-11-22 15:02:35,516 - INFO - Gpu Utilization Percent Peak: 100.0000
2025-11-22 15:02:35,516 - INFO - Gpu Mem Used Bytes Avg   : 20136001536.0000
2025-11-22 15:02:35,516 - INFO - Gpu Mem Used Bytes Peak  : 20136001536.0000
2025-11-22 15:02:35,516 - INFO - Gpu Vram Used Bytes      : 20136001536.0000
2025-11-22 15:02:35,516 - INFO - Accuracy                 : 0.4010
2025-11-22 15:02:35,516 - INFO - Precision                : 0.4311
2025-11-22 15:02:35,516 - INFO - Recall                   : 0.4010
2025-11-22 15:02:35,516 - INFO - F1 Score                 : 0.3849
2025-11-22 15:02:35,516 - INFO - ==================================================
2025-11-22 15:03:29,466 - INFO - Época 27 concluída. Loss média: 3.3009
2025-11-22 15:03:29,466 - INFO - Taxa de aprendizado ajustada para: 0.100000
2025-11-22 15:03:29,470 - INFO - Iniciando inferência com o modelo EfficientNetB0...
2025-11-22 15:03:32,996 - INFO - ==================================================
2025-11-22 15:03:32,996 - INFO - EXPERIMENT RESULTS
2025-11-22 15:03:32,996 - INFO - ==================================================
2025-11-22 15:03:32,996 - INFO - Elapsed Time Seconds     : 3.5037
2025-11-22 15:03:32,996 - INFO - Cpu Usage Percent        : 3.3000
2025-11-22 15:03:32,997 - INFO - Ram Peak Usage Bytes     : 10899927040.0000
2025-11-22 15:03:32,997 - INFO - Disk Read Bytes          : 0.0000
2025-11-22 15:03:32,997 - INFO - Disk Write Bytes         : 139264.0000
2025-11-22 15:03:32,997 - INFO - Vram Peak Usage Bytes    : 2760595268.0000
2025-11-22 15:03:32,997 - INFO - Gpu Power Watts Avg      : 150.2195
2025-11-22 15:03:32,997 - INFO - Gpu Power Watts Peak     : 302.3290
2025-11-22 15:03:32,997 - INFO - Gpu Temp Celsius Avg     : 53.1176
2025-11-22 15:03:32,997 - INFO - Gpu Temp Celsius Peak    : 62.0000
2025-11-22 15:03:32,997 - INFO - Gpu Utilization Percent Avg: 39.6471
2025-11-22 15:03:32,997 - INFO - Gpu Utilization Percent Peak: 100.0000
2025-11-22 15:03:32,997 - INFO - Gpu Mem Used Bytes Avg   : 20136001536.0000
2025-11-22 15:03:32,997 - INFO - Gpu Mem Used Bytes Peak  : 20136001536.0000
2025-11-22 15:03:32,997 - INFO - Gpu Vram Used Bytes      : 20136001536.0000
2025-11-22 15:03:32,997 - INFO - Accuracy                 : 0.3710
2025-11-22 15:03:32,997 - INFO - Precision                : 0.4296
2025-11-22 15:03:32,997 - INFO - Recall                   : 0.3710
2025-11-22 15:03:32,997 - INFO - F1 Score                 : 0.3640
2025-11-22 15:03:32,997 - INFO - ==================================================
2025-11-22 15:04:26,297 - INFO - Época 28 concluída. Loss média: 3.2884
2025-11-22 15:04:26,298 - INFO - Taxa de aprendizado ajustada para: 0.100000
2025-11-22 15:04:26,301 - INFO - Iniciando inferência com o modelo EfficientNetB0...
2025-11-22 15:04:29,415 - INFO - ==================================================
2025-11-22 15:04:29,415 - INFO - EXPERIMENT RESULTS
2025-11-22 15:04:29,415 - INFO - ==================================================
2025-11-22 15:04:29,415 - INFO - Elapsed Time Seconds     : 3.0908
2025-11-22 15:04:29,415 - INFO - Cpu Usage Percent        : 3.7906
2025-11-22 15:04:29,415 - INFO - Ram Peak Usage Bytes     : 10899988480.0000
2025-11-22 15:04:29,415 - INFO - Disk Read Bytes          : 0.0000
2025-11-22 15:04:29,415 - INFO - Disk Write Bytes         : 262144.0000
2025-11-22 15:04:29,415 - INFO - Vram Peak Usage Bytes    : 2760595268.0000
2025-11-22 15:04:29,415 - INFO - Gpu Power Watts Avg      : 172.3482
2025-11-22 15:04:29,415 - INFO - Gpu Power Watts Peak     : 303.1790
2025-11-22 15:04:29,415 - INFO - Gpu Temp Celsius Avg     : 54.3333
2025-11-22 15:04:29,415 - INFO - Gpu Temp Celsius Peak    : 62.0000
2025-11-22 15:04:29,415 - INFO - Gpu Utilization Percent Avg: 42.7667
2025-11-22 15:04:29,415 - INFO - Gpu Utilization Percent Peak: 99.0000
2025-11-22 15:04:29,415 - INFO - Gpu Mem Used Bytes Avg   : 20136001536.0000
2025-11-22 15:04:29,415 - INFO - Gpu Mem Used Bytes Peak  : 20136001536.0000
2025-11-22 15:04:29,415 - INFO - Gpu Vram Used Bytes      : 20136001536.0000
2025-11-22 15:04:29,415 - INFO - Accuracy                 : 0.3887
2025-11-22 15:04:29,415 - INFO - Precision                : 0.4422
2025-11-22 15:04:29,415 - INFO - Recall                   : 0.3887
2025-11-22 15:04:29,415 - INFO - F1 Score                 : 0.3796
2025-11-22 15:04:29,416 - INFO - ==================================================
2025-11-22 15:05:23,206 - INFO - Época 29 concluída. Loss média: 3.2723
2025-11-22 15:05:23,206 - INFO - Taxa de aprendizado ajustada para: 0.100000
2025-11-22 15:05:23,210 - INFO - Iniciando inferência com o modelo EfficientNetB0...
2025-11-22 15:05:26,087 - INFO - ==================================================
2025-11-22 15:05:26,088 - INFO - EXPERIMENT RESULTS
2025-11-22 15:05:26,088 - INFO - ==================================================
2025-11-22 15:05:26,088 - INFO - Elapsed Time Seconds     : 2.8549
2025-11-22 15:05:26,088 - INFO - Cpu Usage Percent        : 3.1406
2025-11-22 15:05:26,088 - INFO - Ram Peak Usage Bytes     : 10899988480.0000
2025-11-22 15:05:26,088 - INFO - Disk Read Bytes          : 0.0000
2025-11-22 15:05:26,088 - INFO - Disk Write Bytes         : 4096.0000
2025-11-22 15:05:26,088 - INFO - Vram Peak Usage Bytes    : 2760595268.0000
2025-11-22 15:05:26,088 - INFO - Gpu Power Watts Avg      : 176.2890
2025-11-22 15:05:26,088 - INFO - Gpu Power Watts Peak     : 309.5030
2025-11-22 15:05:26,088 - INFO - Gpu Temp Celsius Avg     : 54.9643
2025-11-22 15:05:26,088 - INFO - Gpu Temp Celsius Peak    : 62.0000
2025-11-22 15:05:26,088 - INFO - Gpu Utilization Percent Avg: 47.2857
2025-11-22 15:05:26,088 - INFO - Gpu Utilization Percent Peak: 100.0000
2025-11-22 15:05:26,088 - INFO - Gpu Mem Used Bytes Avg   : 20136001536.0000
2025-11-22 15:05:26,088 - INFO - Gpu Mem Used Bytes Peak  : 20136001536.0000
2025-11-22 15:05:26,088 - INFO - Gpu Vram Used Bytes      : 20136001536.0000
2025-11-22 15:05:26,088 - INFO - Accuracy                 : 0.3817
2025-11-22 15:05:26,088 - INFO - Precision                : 0.4400
2025-11-22 15:05:26,088 - INFO - Recall                   : 0.3817
2025-11-22 15:05:26,088 - INFO - F1 Score                 : 0.3723
2025-11-22 15:05:26,088 - INFO - ==================================================
2025-11-22 15:06:19,691 - INFO - Época 30 concluída. Loss média: 3.2678
2025-11-22 15:06:19,691 - INFO - Taxa de aprendizado ajustada para: 0.010000
2025-11-22 15:06:19,695 - INFO - Iniciando inferência com o modelo EfficientNetB0...
2025-11-22 15:06:22,603 - INFO - ==================================================
2025-11-22 15:06:22,603 - INFO - EXPERIMENT RESULTS
2025-11-22 15:06:22,603 - INFO - ==================================================
2025-11-22 15:06:22,603 - INFO - Elapsed Time Seconds     : 2.8859
2025-11-22 15:06:22,603 - INFO - Cpu Usage Percent        : 3.3250
2025-11-22 15:06:22,603 - INFO - Ram Peak Usage Bytes     : 10900004864.0000
2025-11-22 15:06:22,603 - INFO - Disk Read Bytes          : 0.0000
2025-11-22 15:06:22,603 - INFO - Disk Write Bytes         : 122880.0000
2025-11-22 15:06:22,603 - INFO - Vram Peak Usage Bytes    : 2760595268.0000
2025-11-22 15:06:22,603 - INFO - Gpu Power Watts Avg      : 175.2824
2025-11-22 15:06:22,603 - INFO - Gpu Power Watts Peak     : 308.5890
2025-11-22 15:06:22,603 - INFO - Gpu Temp Celsius Avg     : 55.0357
2025-11-22 15:06:22,603 - INFO - Gpu Temp Celsius Peak    : 61.0000
2025-11-22 15:06:22,603 - INFO - Gpu Utilization Percent Avg: 46.4643
2025-11-22 15:06:22,603 - INFO - Gpu Utilization Percent Peak: 100.0000
2025-11-22 15:06:22,603 - INFO - Gpu Mem Used Bytes Avg   : 20136001536.0000
2025-11-22 15:06:22,603 - INFO - Gpu Mem Used Bytes Peak  : 20136001536.0000
2025-11-22 15:06:22,603 - INFO - Gpu Vram Used Bytes      : 20136001536.0000
2025-11-22 15:06:22,603 - INFO - Accuracy                 : 0.4012
2025-11-22 15:06:22,603 - INFO - Precision                : 0.4429
2025-11-22 15:06:22,603 - INFO - Recall                   : 0.4012
2025-11-22 15:06:22,603 - INFO - F1 Score                 : 0.3916
2025-11-22 15:06:22,603 - INFO - ==================================================
2025-11-22 15:07:16,604 - INFO - Época 31 concluída. Loss média: 2.9897
2025-11-22 15:07:16,604 - INFO - Taxa de aprendizado ajustada para: 0.010000
2025-11-22 15:07:16,608 - INFO - Iniciando inferência com o modelo EfficientNetB0...
2025-11-22 15:07:19,229 - INFO - ==================================================
2025-11-22 15:07:19,229 - INFO - EXPERIMENT RESULTS
2025-11-22 15:07:19,229 - INFO - ==================================================
2025-11-22 15:07:19,229 - INFO - Elapsed Time Seconds     : 2.5990
2025-11-22 15:07:19,229 - INFO - Cpu Usage Percent        : 3.5000
2025-11-22 15:07:19,229 - INFO - Ram Peak Usage Bytes     : 10900156416.0000
2025-11-22 15:07:19,229 - INFO - Disk Read Bytes          : 0.0000
2025-11-22 15:07:19,229 - INFO - Disk Write Bytes         : 438272.0000
2025-11-22 15:07:19,229 - INFO - Vram Peak Usage Bytes    : 2760595268.0000
2025-11-22 15:07:19,229 - INFO - Gpu Power Watts Avg      : 193.7676
2025-11-22 15:07:19,229 - INFO - Gpu Power Watts Peak     : 298.1130
2025-11-22 15:07:19,229 - INFO - Gpu Temp Celsius Avg     : 55.9600
2025-11-22 15:07:19,229 - INFO - Gpu Temp Celsius Peak    : 62.0000
2025-11-22 15:07:19,229 - INFO - Gpu Utilization Percent Avg: 54.3600
2025-11-22 15:07:19,229 - INFO - Gpu Utilization Percent Peak: 100.0000
2025-11-22 15:07:19,229 - INFO - Gpu Mem Used Bytes Avg   : 20136001536.0000
2025-11-22 15:07:19,229 - INFO - Gpu Mem Used Bytes Peak  : 20136001536.0000
2025-11-22 15:07:19,229 - INFO - Gpu Vram Used Bytes      : 20136001536.0000
2025-11-22 15:07:19,229 - INFO - Accuracy                 : 0.5203
2025-11-22 15:07:19,229 - INFO - Precision                : 0.5186
2025-11-22 15:07:19,230 - INFO - Recall                   : 0.5203
2025-11-22 15:07:19,230 - INFO - F1 Score                 : 0.5117
2025-11-22 15:07:19,230 - INFO - ==================================================
2025-11-22 15:08:13,771 - INFO - Época 32 concluída. Loss média: 2.9024
2025-11-22 15:08:13,771 - INFO - Taxa de aprendizado ajustada para: 0.010000
2025-11-22 15:08:13,775 - INFO - Iniciando inferência com o modelo EfficientNetB0...
2025-11-22 15:08:16,450 - INFO - ==================================================
2025-11-22 15:08:16,450 - INFO - EXPERIMENT RESULTS
2025-11-22 15:08:16,451 - INFO - ==================================================
2025-11-22 15:08:16,451 - INFO - Elapsed Time Seconds     : 2.6532
2025-11-22 15:08:16,451 - INFO - Cpu Usage Percent        : 3.4156
2025-11-22 15:08:16,451 - INFO - Ram Peak Usage Bytes     : 10900197376.0000
2025-11-22 15:08:16,451 - INFO - Disk Read Bytes          : 0.0000
2025-11-22 15:08:16,451 - INFO - Disk Write Bytes         : 0.0000
2025-11-22 15:08:16,451 - INFO - Vram Peak Usage Bytes    : 2760595268.0000
2025-11-22 15:08:16,451 - INFO - Gpu Power Watts Avg      : 191.3448
2025-11-22 15:08:16,451 - INFO - Gpu Power Watts Peak     : 297.4990
2025-11-22 15:08:16,451 - INFO - Gpu Temp Celsius Avg     : 55.6923
2025-11-22 15:08:16,451 - INFO - Gpu Temp Celsius Peak    : 62.0000
2025-11-22 15:08:16,451 - INFO - Gpu Utilization Percent Avg: 53.6923
2025-11-22 15:08:16,451 - INFO - Gpu Utilization Percent Peak: 100.0000
2025-11-22 15:08:16,451 - INFO - Gpu Mem Used Bytes Avg   : 20136001536.0000
2025-11-22 15:08:16,451 - INFO - Gpu Mem Used Bytes Peak  : 20136001536.0000
2025-11-22 15:08:16,451 - INFO - Gpu Vram Used Bytes      : 20136001536.0000
2025-11-22 15:08:16,451 - INFO - Accuracy                 : 0.5286
2025-11-22 15:08:16,451 - INFO - Precision                : 0.5272
2025-11-22 15:08:16,451 - INFO - Recall                   : 0.5286
2025-11-22 15:08:16,451 - INFO - F1 Score                 : 0.5214
2025-11-22 15:08:16,451 - INFO - ==================================================
2025-11-22 15:09:09,978 - INFO - Época 33 concluída. Loss média: 2.8650
2025-11-22 15:09:09,978 - INFO - Taxa de aprendizado ajustada para: 0.010000
2025-11-22 15:09:09,982 - INFO - Iniciando inferência com o modelo EfficientNetB0...
2025-11-22 15:09:13,187 - INFO - ==================================================
2025-11-22 15:09:13,187 - INFO - EXPERIMENT RESULTS
2025-11-22 15:09:13,188 - INFO - ==================================================
2025-11-22 15:09:13,188 - INFO - Elapsed Time Seconds     : 3.1830
2025-11-22 15:09:13,188 - INFO - Cpu Usage Percent        : 3.6625
2025-11-22 15:09:13,188 - INFO - Ram Peak Usage Bytes     : 10900246528.0000
2025-11-22 15:09:13,188 - INFO - Disk Read Bytes          : 0.0000
2025-11-22 15:09:13,188 - INFO - Disk Write Bytes         : 0.0000
2025-11-22 15:09:13,188 - INFO - Vram Peak Usage Bytes    : 2760595268.0000
2025-11-22 15:09:13,188 - INFO - Gpu Power Watts Avg      : 175.1742
2025-11-22 15:09:13,188 - INFO - Gpu Power Watts Peak     : 299.0450
2025-11-22 15:09:13,188 - INFO - Gpu Temp Celsius Avg     : 54.0323
2025-11-22 15:09:13,188 - INFO - Gpu Temp Celsius Peak    : 60.0000
2025-11-22 15:09:13,188 - INFO - Gpu Utilization Percent Avg: 41.9677
2025-11-22 15:09:13,188 - INFO - Gpu Utilization Percent Peak: 100.0000
2025-11-22 15:09:13,188 - INFO - Gpu Mem Used Bytes Avg   : 20136001536.0000
2025-11-22 15:09:13,188 - INFO - Gpu Mem Used Bytes Peak  : 20136001536.0000
2025-11-22 15:09:13,188 - INFO - Gpu Vram Used Bytes      : 20136001536.0000
2025-11-22 15:09:13,188 - INFO - Accuracy                 : 0.5337
2025-11-22 15:09:13,188 - INFO - Precision                : 0.5324
2025-11-22 15:09:13,188 - INFO - Recall                   : 0.5337
2025-11-22 15:09:13,188 - INFO - F1 Score                 : 0.5255
2025-11-22 15:09:13,188 - INFO - ==================================================
2025-11-22 15:10:06,814 - INFO - Época 34 concluída. Loss média: 2.8506
2025-11-22 15:10:06,814 - INFO - Taxa de aprendizado ajustada para: 0.010000
2025-11-22 15:10:06,818 - INFO - Iniciando inferência com o modelo EfficientNetB0...
2025-11-22 15:10:10,501 - INFO - ==================================================
2025-11-22 15:10:10,502 - INFO - EXPERIMENT RESULTS
2025-11-22 15:10:10,502 - INFO - ==================================================
2025-11-22 15:10:10,502 - INFO - Elapsed Time Seconds     : 3.6611
2025-11-22 15:10:10,502 - INFO - Cpu Usage Percent        : 3.1750
2025-11-22 15:10:10,502 - INFO - Ram Peak Usage Bytes     : 10900287488.0000
2025-11-22 15:10:10,502 - INFO - Disk Read Bytes          : 0.0000
2025-11-22 15:10:10,502 - INFO - Disk Write Bytes         : 151552.0000
2025-11-22 15:10:10,502 - INFO - Vram Peak Usage Bytes    : 2760595268.0000
2025-11-22 15:10:10,502 - INFO - Gpu Power Watts Avg      : 149.7048
2025-11-22 15:10:10,502 - INFO - Gpu Power Watts Peak     : 303.7000
2025-11-22 15:10:10,502 - INFO - Gpu Temp Celsius Avg     : 53.0833
2025-11-22 15:10:10,502 - INFO - Gpu Temp Celsius Peak    : 60.0000
2025-11-22 15:10:10,502 - INFO - Gpu Utilization Percent Avg: 36.8056
2025-11-22 15:10:10,502 - INFO - Gpu Utilization Percent Peak: 100.0000
2025-11-22 15:10:10,502 - INFO - Gpu Mem Used Bytes Avg   : 20136001536.0000
2025-11-22 15:10:10,502 - INFO - Gpu Mem Used Bytes Peak  : 20136001536.0000
2025-11-22 15:10:10,502 - INFO - Gpu Vram Used Bytes      : 20136001536.0000
2025-11-22 15:10:10,502 - INFO - Accuracy                 : 0.5386
2025-11-22 15:10:10,502 - INFO - Precision                : 0.5355
2025-11-22 15:10:10,502 - INFO - Recall                   : 0.5386
2025-11-22 15:10:10,502 - INFO - F1 Score                 : 0.5309
2025-11-22 15:10:10,502 - INFO - ==================================================
2025-11-22 15:11:04,097 - INFO - Época 35 concluída. Loss média: 2.8294
2025-11-22 15:11:04,097 - INFO - Taxa de aprendizado ajustada para: 0.010000
2025-11-22 15:11:04,101 - INFO - Iniciando inferência com o modelo EfficientNetB0...
2025-11-22 15:11:07,491 - INFO - ==================================================
2025-11-22 15:11:07,491 - INFO - EXPERIMENT RESULTS
2025-11-22 15:11:07,491 - INFO - ==================================================
2025-11-22 15:11:07,492 - INFO - Elapsed Time Seconds     : 3.3679
2025-11-22 15:11:07,492 - INFO - Cpu Usage Percent        : 3.4594
2025-11-22 15:11:07,492 - INFO - Ram Peak Usage Bytes     : 10900328448.0000
2025-11-22 15:11:07,492 - INFO - Disk Read Bytes          : 0.0000
2025-11-22 15:11:07,492 - INFO - Disk Write Bytes         : 286720.0000
2025-11-22 15:11:07,492 - INFO - Vram Peak Usage Bytes    : 2760595268.0000
2025-11-22 15:11:07,492 - INFO - Gpu Power Watts Avg      : 163.6004
2025-11-22 15:11:07,492 - INFO - Gpu Power Watts Peak     : 304.7620
2025-11-22 15:11:07,492 - INFO - Gpu Temp Celsius Avg     : 53.9394
2025-11-22 15:11:07,492 - INFO - Gpu Temp Celsius Peak    : 62.0000
2025-11-22 15:11:07,492 - INFO - Gpu Utilization Percent Avg: 39.3939
2025-11-22 15:11:07,492 - INFO - Gpu Utilization Percent Peak: 100.0000
2025-11-22 15:11:07,492 - INFO - Gpu Mem Used Bytes Avg   : 20136001536.0000
2025-11-22 15:11:07,492 - INFO - Gpu Mem Used Bytes Peak  : 20136001536.0000
2025-11-22 15:11:07,492 - INFO - Gpu Vram Used Bytes      : 20136001536.0000
2025-11-22 15:11:07,492 - INFO - Accuracy                 : 0.5331
2025-11-22 15:11:07,492 - INFO - Precision                : 0.5346
2025-11-22 15:11:07,492 - INFO - Recall                   : 0.5331
2025-11-22 15:11:07,492 - INFO - F1 Score                 : 0.5258
2025-11-22 15:11:07,492 - INFO - ==================================================
2025-11-22 15:12:00,739 - INFO - Época 36 concluída. Loss média: 2.8187
2025-11-22 15:12:00,739 - INFO - Taxa de aprendizado ajustada para: 0.010000
2025-11-22 15:12:00,743 - INFO - Iniciando inferência com o modelo EfficientNetB0...
2025-11-22 15:12:04,157 - INFO - ==================================================
2025-11-22 15:12:04,157 - INFO - EXPERIMENT RESULTS
2025-11-22 15:12:04,157 - INFO - ==================================================
2025-11-22 15:12:04,157 - INFO - Elapsed Time Seconds     : 3.3922
2025-11-22 15:12:04,157 - INFO - Cpu Usage Percent        : 3.4281
2025-11-22 15:12:04,157 - INFO - Ram Peak Usage Bytes     : 10900377600.0000
2025-11-22 15:12:04,157 - INFO - Disk Read Bytes          : 0.0000
2025-11-22 15:12:04,157 - INFO - Disk Write Bytes         : 147456.0000
2025-11-22 15:12:04,158 - INFO - Vram Peak Usage Bytes    : 2760595268.0000
2025-11-22 15:12:04,158 - INFO - Gpu Power Watts Avg      : 162.3794
2025-11-22 15:12:04,158 - INFO - Gpu Power Watts Peak     : 300.6600
2025-11-22 15:12:04,158 - INFO - Gpu Temp Celsius Avg     : 53.7879
2025-11-22 15:12:04,158 - INFO - Gpu Temp Celsius Peak    : 61.0000
2025-11-22 15:12:04,158 - INFO - Gpu Utilization Percent Avg: 39.7879
2025-11-22 15:12:04,158 - INFO - Gpu Utilization Percent Peak: 100.0000
2025-11-22 15:12:04,158 - INFO - Gpu Mem Used Bytes Avg   : 20136001536.0000
2025-11-22 15:12:04,158 - INFO - Gpu Mem Used Bytes Peak  : 20136001536.0000
2025-11-22 15:12:04,158 - INFO - Gpu Vram Used Bytes      : 20136001536.0000
2025-11-22 15:12:04,158 - INFO - Accuracy                 : 0.5410
2025-11-22 15:12:04,158 - INFO - Precision                : 0.5395
2025-11-22 15:12:04,158 - INFO - Recall                   : 0.5410
2025-11-22 15:12:04,158 - INFO - F1 Score                 : 0.5338
2025-11-22 15:12:04,158 - INFO - ==================================================
2025-11-22 15:12:58,398 - INFO - Época 37 concluída. Loss média: 2.8103
2025-11-22 15:12:58,398 - INFO - Taxa de aprendizado ajustada para: 0.010000
2025-11-22 15:12:58,402 - INFO - Iniciando inferência com o modelo EfficientNetB0...
2025-11-22 15:13:01,083 - INFO - ==================================================
2025-11-22 15:13:01,083 - INFO - EXPERIMENT RESULTS
2025-11-22 15:13:01,083 - INFO - ==================================================
2025-11-22 15:13:01,083 - INFO - Elapsed Time Seconds     : 2.6590
2025-11-22 15:13:01,083 - INFO - Cpu Usage Percent        : 3.3969
2025-11-22 15:13:01,083 - INFO - Ram Peak Usage Bytes     : 10900451328.0000
2025-11-22 15:13:01,083 - INFO - Disk Read Bytes          : 0.0000
2025-11-22 15:13:01,083 - INFO - Disk Write Bytes         : 270336.0000
2025-11-22 15:13:01,083 - INFO - Vram Peak Usage Bytes    : 2760595268.0000
2025-11-22 15:13:01,083 - INFO - Gpu Power Watts Avg      : 190.1602
2025-11-22 15:13:01,083 - INFO - Gpu Power Watts Peak     : 308.8090
2025-11-22 15:13:01,083 - INFO - Gpu Temp Celsius Avg     : 55.5769
2025-11-22 15:13:01,083 - INFO - Gpu Temp Celsius Peak    : 62.0000
2025-11-22 15:13:01,083 - INFO - Gpu Utilization Percent Avg: 51.8077
2025-11-22 15:13:01,083 - INFO - Gpu Utilization Percent Peak: 100.0000
2025-11-22 15:13:01,083 - INFO - Gpu Mem Used Bytes Avg   : 20136001536.0000
2025-11-22 15:13:01,083 - INFO - Gpu Mem Used Bytes Peak  : 20136001536.0000
2025-11-22 15:13:01,083 - INFO - Gpu Vram Used Bytes      : 20136001536.0000
2025-11-22 15:13:01,083 - INFO - Accuracy                 : 0.5408
2025-11-22 15:13:01,083 - INFO - Precision                : 0.5381
2025-11-22 15:13:01,083 - INFO - Recall                   : 0.5408
2025-11-22 15:13:01,083 - INFO - F1 Score                 : 0.5319
2025-11-22 15:13:01,083 - INFO - ==================================================
2025-11-22 15:13:54,492 - INFO - Época 38 concluída. Loss média: 2.8039
2025-11-22 15:13:54,492 - INFO - Taxa de aprendizado ajustada para: 0.010000
2025-11-22 15:13:54,496 - INFO - Iniciando inferência com o modelo EfficientNetB0...
2025-11-22 15:13:58,014 - INFO - ==================================================
2025-11-22 15:13:58,014 - INFO - EXPERIMENT RESULTS
2025-11-22 15:13:58,014 - INFO - ==================================================
2025-11-22 15:13:58,014 - INFO - Elapsed Time Seconds     : 3.4959
2025-11-22 15:13:58,014 - INFO - Cpu Usage Percent        : 3.2969
2025-11-22 15:13:58,014 - INFO - Ram Peak Usage Bytes     : 10900516864.0000
2025-11-22 15:13:58,014 - INFO - Disk Read Bytes          : 0.0000
2025-11-22 15:13:58,014 - INFO - Disk Write Bytes         : 0.0000
2025-11-22 15:13:58,014 - INFO - Vram Peak Usage Bytes    : 2760595268.0000
2025-11-22 15:13:58,014 - INFO - Gpu Power Watts Avg      : 165.2715
2025-11-22 15:13:58,014 - INFO - Gpu Power Watts Peak     : 307.4730
2025-11-22 15:13:58,014 - INFO - Gpu Temp Celsius Avg     : 53.9118
2025-11-22 15:13:58,014 - INFO - Gpu Temp Celsius Peak    : 61.0000
2025-11-22 15:13:58,014 - INFO - Gpu Utilization Percent Avg: 40.2059
2025-11-22 15:13:58,014 - INFO - Gpu Utilization Percent Peak: 100.0000
2025-11-22 15:13:58,014 - INFO - Gpu Mem Used Bytes Avg   : 20236664832.0000
2025-11-22 15:13:58,014 - INFO - Gpu Mem Used Bytes Peak  : 20236664832.0000
2025-11-22 15:13:58,014 - INFO - Gpu Vram Used Bytes      : 20236664832.0000
2025-11-22 15:13:58,014 - INFO - Accuracy                 : 0.5475
2025-11-22 15:13:58,014 - INFO - Precision                : 0.5458
2025-11-22 15:13:58,014 - INFO - Recall                   : 0.5475
2025-11-22 15:13:58,014 - INFO - F1 Score                 : 0.5397
2025-11-22 15:13:58,015 - INFO - ==================================================
2025-11-22 15:14:51,685 - INFO - Época 39 concluída. Loss média: 2.7913
2025-11-22 15:14:51,685 - INFO - Taxa de aprendizado ajustada para: 0.010000
2025-11-22 15:14:51,689 - INFO - Iniciando inferência com o modelo EfficientNetB0...
2025-11-22 15:14:54,877 - INFO - ==================================================
2025-11-22 15:14:54,877 - INFO - EXPERIMENT RESULTS
2025-11-22 15:14:54,877 - INFO - ==================================================
2025-11-22 15:14:54,877 - INFO - Elapsed Time Seconds     : 3.1659
2025-11-22 15:14:54,877 - INFO - Cpu Usage Percent        : 3.7000
2025-11-22 15:14:54,877 - INFO - Ram Peak Usage Bytes     : 10900725760.0000
2025-11-22 15:14:54,877 - INFO - Disk Read Bytes          : 0.0000
2025-11-22 15:14:54,878 - INFO - Disk Write Bytes         : 180224.0000
2025-11-22 15:14:54,878 - INFO - Vram Peak Usage Bytes    : 2760595268.0000
2025-11-22 15:14:54,878 - INFO - Gpu Power Watts Avg      : 174.3903
2025-11-22 15:14:54,878 - INFO - Gpu Power Watts Peak     : 301.9540
2025-11-22 15:14:54,878 - INFO - Gpu Temp Celsius Avg     : 54.4194
2025-11-22 15:14:54,878 - INFO - Gpu Temp Celsius Peak    : 60.0000
2025-11-22 15:14:54,878 - INFO - Gpu Utilization Percent Avg: 45.6774
2025-11-22 15:14:54,878 - INFO - Gpu Utilization Percent Peak: 100.0000
2025-11-22 15:14:54,878 - INFO - Gpu Mem Used Bytes Avg   : 20236664832.0000
2025-11-22 15:14:54,878 - INFO - Gpu Mem Used Bytes Peak  : 20236664832.0000
2025-11-22 15:14:54,878 - INFO - Gpu Vram Used Bytes      : 20236664832.0000
2025-11-22 15:14:54,878 - INFO - Accuracy                 : 0.5474
2025-11-22 15:14:54,878 - INFO - Precision                : 0.5448
2025-11-22 15:14:54,878 - INFO - Recall                   : 0.5474
2025-11-22 15:14:54,878 - INFO - F1 Score                 : 0.5393
2025-11-22 15:14:54,878 - INFO - ==================================================
2025-11-22 15:15:48,331 - INFO - Época 40 concluída. Loss média: 2.7849
2025-11-22 15:15:48,331 - INFO - Taxa de aprendizado ajustada para: 0.010000
2025-11-22 15:15:48,335 - INFO - Iniciando inferência com o modelo EfficientNetB0...
2025-11-22 15:15:51,223 - INFO - ==================================================
2025-11-22 15:15:51,223 - INFO - EXPERIMENT RESULTS
2025-11-22 15:15:51,223 - INFO - ==================================================
2025-11-22 15:15:51,223 - INFO - Elapsed Time Seconds     : 2.8654
2025-11-22 15:15:51,223 - INFO - Cpu Usage Percent        : 3.1187
2025-11-22 15:15:51,223 - INFO - Ram Peak Usage Bytes     : 10900783104.0000
2025-11-22 15:15:51,223 - INFO - Disk Read Bytes          : 0.0000
2025-11-22 15:15:51,223 - INFO - Disk Write Bytes         : 376832.0000
2025-11-22 15:15:51,223 - INFO - Vram Peak Usage Bytes    : 2760595268.0000
2025-11-22 15:15:51,223 - INFO - Gpu Power Watts Avg      : 184.5729
2025-11-22 15:15:51,223 - INFO - Gpu Power Watts Peak     : 304.0000
2025-11-22 15:15:51,223 - INFO - Gpu Temp Celsius Avg     : 55.1429
2025-11-22 15:15:51,223 - INFO - Gpu Temp Celsius Peak    : 61.0000
2025-11-22 15:15:51,223 - INFO - Gpu Utilization Percent Avg: 49.5000
2025-11-22 15:15:51,223 - INFO - Gpu Utilization Percent Peak: 100.0000
2025-11-22 15:15:51,223 - INFO - Gpu Mem Used Bytes Avg   : 20236664832.0000
2025-11-22 15:15:51,223 - INFO - Gpu Mem Used Bytes Peak  : 20236664832.0000
2025-11-22 15:15:51,223 - INFO - Gpu Vram Used Bytes      : 20236664832.0000
2025-11-22 15:15:51,223 - INFO - Accuracy                 : 0.5486
2025-11-22 15:15:51,223 - INFO - Precision                : 0.5458
2025-11-22 15:15:51,223 - INFO - Recall                   : 0.5486
2025-11-22 15:15:51,223 - INFO - F1 Score                 : 0.5401
2025-11-22 15:15:51,223 - INFO - ==================================================
2025-11-22 15:16:44,517 - INFO - Época 41 concluída. Loss média: 2.7744
2025-11-22 15:16:44,517 - INFO - Taxa de aprendizado ajustada para: 0.010000
2025-11-22 15:16:44,522 - INFO - Iniciando inferência com o modelo EfficientNetB0...
2025-11-22 15:16:47,810 - INFO - ==================================================
2025-11-22 15:16:47,810 - INFO - EXPERIMENT RESULTS
2025-11-22 15:16:47,810 - INFO - ==================================================
2025-11-22 15:16:47,810 - INFO - Elapsed Time Seconds     : 3.2661
2025-11-22 15:16:47,810 - INFO - Cpu Usage Percent        : 3.5500
2025-11-22 15:16:47,810 - INFO - Ram Peak Usage Bytes     : 10900819968.0000
2025-11-22 15:16:47,810 - INFO - Disk Read Bytes          : 0.0000
2025-11-22 15:16:47,810 - INFO - Disk Write Bytes         : 204800.0000
2025-11-22 15:16:47,810 - INFO - Vram Peak Usage Bytes    : 2760595268.0000
2025-11-22 15:16:47,810 - INFO - Gpu Power Watts Avg      : 163.6679
2025-11-22 15:16:47,810 - INFO - Gpu Power Watts Peak     : 307.8070
2025-11-22 15:16:47,810 - INFO - Gpu Temp Celsius Avg     : 54.1250
2025-11-22 15:16:47,810 - INFO - Gpu Temp Celsius Peak    : 62.0000
2025-11-22 15:16:47,810 - INFO - Gpu Utilization Percent Avg: 40.5312
2025-11-22 15:16:47,810 - INFO - Gpu Utilization Percent Peak: 100.0000
2025-11-22 15:16:47,810 - INFO - Gpu Mem Used Bytes Avg   : 20236664832.0000
2025-11-22 15:16:47,810 - INFO - Gpu Mem Used Bytes Peak  : 20236664832.0000
2025-11-22 15:16:47,810 - INFO - Gpu Vram Used Bytes      : 20236664832.0000
2025-11-22 15:16:47,810 - INFO - Accuracy                 : 0.5487
2025-11-22 15:16:47,810 - INFO - Precision                : 0.5477
2025-11-22 15:16:47,810 - INFO - Recall                   : 0.5487
2025-11-22 15:16:47,810 - INFO - F1 Score                 : 0.5430
2025-11-22 15:16:47,811 - INFO - ==================================================
2025-11-22 15:17:41,949 - INFO - Época 42 concluída. Loss média: 2.7657
2025-11-22 15:17:41,950 - INFO - Taxa de aprendizado ajustada para: 0.010000
2025-11-22 15:17:41,954 - INFO - Iniciando inferência com o modelo EfficientNetB0...
2025-11-22 15:17:44,843 - INFO - ==================================================
2025-11-22 15:17:44,843 - INFO - EXPERIMENT RESULTS
2025-11-22 15:17:44,843 - INFO - ==================================================
2025-11-22 15:17:44,843 - INFO - Elapsed Time Seconds     : 2.8672
2025-11-22 15:17:44,843 - INFO - Cpu Usage Percent        : 3.2687
2025-11-22 15:17:44,843 - INFO - Ram Peak Usage Bytes     : 10900865024.0000
2025-11-22 15:17:44,843 - INFO - Disk Read Bytes          : 0.0000
2025-11-22 15:17:44,843 - INFO - Disk Write Bytes         : 700416.0000
2025-11-22 15:17:44,843 - INFO - Vram Peak Usage Bytes    : 2760595268.0000
2025-11-22 15:17:44,843 - INFO - Gpu Power Watts Avg      : 183.7549
2025-11-22 15:17:44,843 - INFO - Gpu Power Watts Peak     : 302.9700
2025-11-22 15:17:44,843 - INFO - Gpu Temp Celsius Avg     : 54.7857
2025-11-22 15:17:44,843 - INFO - Gpu Temp Celsius Peak    : 61.0000
2025-11-22 15:17:44,843 - INFO - Gpu Utilization Percent Avg: 50.8929
2025-11-22 15:17:44,843 - INFO - Gpu Utilization Percent Peak: 100.0000
2025-11-22 15:17:44,843 - INFO - Gpu Mem Used Bytes Avg   : 20236664832.0000
2025-11-22 15:17:44,843 - INFO - Gpu Mem Used Bytes Peak  : 20236664832.0000
2025-11-22 15:17:44,843 - INFO - Gpu Vram Used Bytes      : 20236664832.0000
2025-11-22 15:17:44,843 - INFO - Accuracy                 : 0.5525
2025-11-22 15:17:44,843 - INFO - Precision                : 0.5507
2025-11-22 15:17:44,843 - INFO - Recall                   : 0.5525
2025-11-22 15:17:44,843 - INFO - F1 Score                 : 0.5443
2025-11-22 15:17:44,843 - INFO - ==================================================
2025-11-22 15:18:38,810 - INFO - Época 43 concluída. Loss média: 2.7664
2025-11-22 15:18:38,810 - INFO - Taxa de aprendizado ajustada para: 0.010000
2025-11-22 15:18:38,814 - INFO - Iniciando inferência com o modelo EfficientNetB0...
2025-11-22 15:18:42,112 - INFO - ==================================================
2025-11-22 15:18:42,112 - INFO - EXPERIMENT RESULTS
2025-11-22 15:18:42,112 - INFO - ==================================================
2025-11-22 15:18:42,112 - INFO - Elapsed Time Seconds     : 3.2755
2025-11-22 15:18:42,112 - INFO - Cpu Usage Percent        : 3.5688
2025-11-22 15:18:42,112 - INFO - Ram Peak Usage Bytes     : 10900897792.0000
2025-11-22 15:18:42,112 - INFO - Disk Read Bytes          : 0.0000
2025-11-22 15:18:42,112 - INFO - Disk Write Bytes         : 290816.0000
2025-11-22 15:18:42,112 - INFO - Vram Peak Usage Bytes    : 2760595268.0000
2025-11-22 15:18:42,112 - INFO - Gpu Power Watts Avg      : 165.2379
2025-11-22 15:18:42,112 - INFO - Gpu Power Watts Peak     : 301.3770
2025-11-22 15:18:42,112 - INFO - Gpu Temp Celsius Avg     : 54.2500
2025-11-22 15:18:42,112 - INFO - Gpu Temp Celsius Peak    : 61.0000
2025-11-22 15:18:42,112 - INFO - Gpu Utilization Percent Avg: 42.8125
2025-11-22 15:18:42,112 - INFO - Gpu Utilization Percent Peak: 100.0000
2025-11-22 15:18:42,112 - INFO - Gpu Mem Used Bytes Avg   : 20236664832.0000
2025-11-22 15:18:42,112 - INFO - Gpu Mem Used Bytes Peak  : 20236664832.0000
2025-11-22 15:18:42,112 - INFO - Gpu Vram Used Bytes      : 20236664832.0000
2025-11-22 15:18:42,112 - INFO - Accuracy                 : 0.5454
2025-11-22 15:18:42,112 - INFO - Precision                : 0.5504
2025-11-22 15:18:42,112 - INFO - Recall                   : 0.5454
2025-11-22 15:18:42,112 - INFO - F1 Score                 : 0.5374
2025-11-22 15:18:42,112 - INFO - ==================================================
2025-11-22 15:19:35,734 - INFO - Época 44 concluída. Loss média: 2.7581
2025-11-22 15:19:35,734 - INFO - Taxa de aprendizado ajustada para: 0.010000
2025-11-22 15:19:35,738 - INFO - Iniciando inferência com o modelo EfficientNetB0...
2025-11-22 15:19:38,345 - INFO - ==================================================
2025-11-22 15:19:38,345 - INFO - EXPERIMENT RESULTS
2025-11-22 15:19:38,345 - INFO - ==================================================
2025-11-22 15:19:38,345 - INFO - Elapsed Time Seconds     : 2.5844
2025-11-22 15:19:38,345 - INFO - Cpu Usage Percent        : 3.4937
2025-11-22 15:19:38,345 - INFO - Ram Peak Usage Bytes     : 10901659648.0000
2025-11-22 15:19:38,345 - INFO - Disk Read Bytes          : 0.0000
2025-11-22 15:19:38,345 - INFO - Disk Write Bytes         : 196608.0000
2025-11-22 15:19:38,345 - INFO - Vram Peak Usage Bytes    : 2760595268.0000
2025-11-22 15:19:38,345 - INFO - Gpu Power Watts Avg      : 182.8557
2025-11-22 15:19:38,345 - INFO - Gpu Power Watts Peak     : 277.5470
2025-11-22 15:19:38,345 - INFO - Gpu Temp Celsius Avg     : 55.7600
2025-11-22 15:19:38,345 - INFO - Gpu Temp Celsius Peak    : 61.0000
2025-11-22 15:19:38,345 - INFO - Gpu Utilization Percent Avg: 52.1600
2025-11-22 15:19:38,345 - INFO - Gpu Utilization Percent Peak: 100.0000
2025-11-22 15:19:38,345 - INFO - Gpu Mem Used Bytes Avg   : 20236664832.0000
2025-11-22 15:19:38,345 - INFO - Gpu Mem Used Bytes Peak  : 20236664832.0000
2025-11-22 15:19:38,345 - INFO - Gpu Vram Used Bytes      : 20236664832.0000
2025-11-22 15:19:38,345 - INFO - Accuracy                 : 0.5495
2025-11-22 15:19:38,345 - INFO - Precision                : 0.5517
2025-11-22 15:19:38,345 - INFO - Recall                   : 0.5495
2025-11-22 15:19:38,345 - INFO - F1 Score                 : 0.5425
2025-11-22 15:19:38,345 - INFO - ==================================================
2025-11-22 15:20:32,078 - INFO - Época 45 concluída. Loss média: 2.7572
2025-11-22 15:20:32,078 - INFO - Taxa de aprendizado ajustada para: 0.010000
2025-11-22 15:20:32,082 - INFO - Iniciando inferência com o modelo EfficientNetB0...
2025-11-22 15:20:34,693 - INFO - ==================================================
2025-11-22 15:20:34,693 - INFO - EXPERIMENT RESULTS
2025-11-22 15:20:34,693 - INFO - ==================================================
2025-11-22 15:20:34,693 - INFO - Elapsed Time Seconds     : 2.5883
2025-11-22 15:20:34,693 - INFO - Cpu Usage Percent        : 3.4875
2025-11-22 15:20:34,693 - INFO - Ram Peak Usage Bytes     : 10901671936.0000
2025-11-22 15:20:34,693 - INFO - Disk Read Bytes          : 0.0000
2025-11-22 15:20:34,693 - INFO - Disk Write Bytes         : 0.0000
2025-11-22 15:20:34,693 - INFO - Vram Peak Usage Bytes    : 2760595268.0000
2025-11-22 15:20:34,693 - INFO - Gpu Power Watts Avg      : 193.4008
2025-11-22 15:20:34,693 - INFO - Gpu Power Watts Peak     : 300.4150
2025-11-22 15:20:34,693 - INFO - Gpu Temp Celsius Avg     : 56.2000
2025-11-22 15:20:34,693 - INFO - Gpu Temp Celsius Peak    : 62.0000
2025-11-22 15:20:34,693 - INFO - Gpu Utilization Percent Avg: 56.2000
2025-11-22 15:20:34,693 - INFO - Gpu Utilization Percent Peak: 100.0000
2025-11-22 15:20:34,693 - INFO - Gpu Mem Used Bytes Avg   : 20236664832.0000
2025-11-22 15:20:34,693 - INFO - Gpu Mem Used Bytes Peak  : 20236664832.0000
2025-11-22 15:20:34,693 - INFO - Gpu Vram Used Bytes      : 20236664832.0000
2025-11-22 15:20:34,693 - INFO - Accuracy                 : 0.5503
2025-11-22 15:20:34,693 - INFO - Precision                : 0.5551
2025-11-22 15:20:34,693 - INFO - Recall                   : 0.5503
2025-11-22 15:20:34,693 - INFO - F1 Score                 : 0.5450
2025-11-22 15:20:34,693 - INFO - ==================================================
2025-11-22 15:21:28,859 - INFO - Época 46 concluída. Loss média: 2.7445
2025-11-22 15:21:28,859 - INFO - Taxa de aprendizado ajustada para: 0.010000
2025-11-22 15:21:28,863 - INFO - Iniciando inferência com o modelo EfficientNetB0...
2025-11-22 15:21:31,572 - INFO - ==================================================
2025-11-22 15:21:31,572 - INFO - EXPERIMENT RESULTS
2025-11-22 15:21:31,573 - INFO - ==================================================
2025-11-22 15:21:31,573 - INFO - Elapsed Time Seconds     : 2.6869
2025-11-22 15:21:31,573 - INFO - Cpu Usage Percent        : 3.4312
2025-11-22 15:21:31,573 - INFO - Ram Peak Usage Bytes     : 10901676032.0000
2025-11-22 15:21:31,573 - INFO - Disk Read Bytes          : 0.0000
2025-11-22 15:21:31,573 - INFO - Disk Write Bytes         : 0.0000
2025-11-22 15:21:31,573 - INFO - Vram Peak Usage Bytes    : 2760595268.0000
2025-11-22 15:21:31,573 - INFO - Gpu Power Watts Avg      : 191.3210
2025-11-22 15:21:31,573 - INFO - Gpu Power Watts Peak     : 300.6640
2025-11-22 15:21:31,573 - INFO - Gpu Temp Celsius Avg     : 55.9231
2025-11-22 15:21:31,573 - INFO - Gpu Temp Celsius Peak    : 62.0000
2025-11-22 15:21:31,573 - INFO - Gpu Utilization Percent Avg: 52.8846
2025-11-22 15:21:31,573 - INFO - Gpu Utilization Percent Peak: 100.0000
2025-11-22 15:21:31,573 - INFO - Gpu Mem Used Bytes Avg   : 20236664832.0000
2025-11-22 15:21:31,573 - INFO - Gpu Mem Used Bytes Peak  : 20236664832.0000
2025-11-22 15:21:31,573 - INFO - Gpu Vram Used Bytes      : 20236664832.0000
2025-11-22 15:21:31,573 - INFO - Accuracy                 : 0.5476
2025-11-22 15:21:31,573 - INFO - Precision                : 0.5520
2025-11-22 15:21:31,573 - INFO - Recall                   : 0.5476
2025-11-22 15:21:31,573 - INFO - F1 Score                 : 0.5425
2025-11-22 15:21:31,573 - INFO - ==================================================
2025-11-22 15:22:25,983 - INFO - Época 47 concluída. Loss média: 2.7488
2025-11-22 15:22:25,983 - INFO - Taxa de aprendizado ajustada para: 0.010000
2025-11-22 15:22:25,987 - INFO - Iniciando inferência com o modelo EfficientNetB0...
2025-11-22 15:22:28,787 - INFO - ==================================================
2025-11-22 15:22:28,787 - INFO - EXPERIMENT RESULTS
2025-11-22 15:22:28,787 - INFO - ==================================================
2025-11-22 15:22:28,787 - INFO - Elapsed Time Seconds     : 2.7770
2025-11-22 15:22:28,787 - INFO - Cpu Usage Percent        : 3.3188
2025-11-22 15:22:28,787 - INFO - Ram Peak Usage Bytes     : 10901684224.0000
2025-11-22 15:22:28,787 - INFO - Disk Read Bytes          : 0.0000
2025-11-22 15:22:28,787 - INFO - Disk Write Bytes         : 0.0000
2025-11-22 15:22:28,787 - INFO - Vram Peak Usage Bytes    : 2760595268.0000
2025-11-22 15:22:28,787 - INFO - Gpu Power Watts Avg      : 178.0231
2025-11-22 15:22:28,787 - INFO - Gpu Power Watts Peak     : 307.7500
2025-11-22 15:22:28,787 - INFO - Gpu Temp Celsius Avg     : 55.3704
2025-11-22 15:22:28,787 - INFO - Gpu Temp Celsius Peak    : 62.0000
2025-11-22 15:22:28,787 - INFO - Gpu Utilization Percent Avg: 47.5556
2025-11-22 15:22:28,787 - INFO - Gpu Utilization Percent Peak: 100.0000
2025-11-22 15:22:28,787 - INFO - Gpu Mem Used Bytes Avg   : 20236664832.0000
2025-11-22 15:22:28,787 - INFO - Gpu Mem Used Bytes Peak  : 20236664832.0000
2025-11-22 15:22:28,787 - INFO - Gpu Vram Used Bytes      : 20236664832.0000
2025-11-22 15:22:28,787 - INFO - Accuracy                 : 0.5500
2025-11-22 15:22:28,787 - INFO - Precision                : 0.5516
2025-11-22 15:22:28,787 - INFO - Recall                   : 0.5500
2025-11-22 15:22:28,787 - INFO - F1 Score                 : 0.5437
2025-11-22 15:22:28,787 - INFO - ==================================================
2025-11-22 15:23:22,422 - INFO - Época 48 concluída. Loss média: 2.7416
2025-11-22 15:23:22,422 - INFO - Taxa de aprendizado ajustada para: 0.010000
2025-11-22 15:23:22,426 - INFO - Iniciando inferência com o modelo EfficientNetB0...
2025-11-22 15:23:25,826 - INFO - ==================================================
2025-11-22 15:23:25,826 - INFO - EXPERIMENT RESULTS
2025-11-22 15:23:25,826 - INFO - ==================================================
2025-11-22 15:23:25,826 - INFO - Elapsed Time Seconds     : 3.3775
2025-11-22 15:23:25,826 - INFO - Cpu Usage Percent        : 3.4312
2025-11-22 15:23:25,826 - INFO - Ram Peak Usage Bytes     : 10901688320.0000
2025-11-22 15:23:25,826 - INFO - Disk Read Bytes          : 0.0000
2025-11-22 15:23:25,826 - INFO - Disk Write Bytes         : 266240.0000
2025-11-22 15:23:25,826 - INFO - Vram Peak Usage Bytes    : 2760595268.0000
2025-11-22 15:23:25,826 - INFO - Gpu Power Watts Avg      : 162.6312
2025-11-22 15:23:25,826 - INFO - Gpu Power Watts Peak     : 290.6310
2025-11-22 15:23:25,826 - INFO - Gpu Temp Celsius Avg     : 54.1212
2025-11-22 15:23:25,826 - INFO - Gpu Temp Celsius Peak    : 62.0000
2025-11-22 15:23:25,826 - INFO - Gpu Utilization Percent Avg: 41.6061
2025-11-22 15:23:25,826 - INFO - Gpu Utilization Percent Peak: 100.0000
2025-11-22 15:23:25,826 - INFO - Gpu Mem Used Bytes Avg   : 20236664832.0000
2025-11-22 15:23:25,826 - INFO - Gpu Mem Used Bytes Peak  : 20236664832.0000
2025-11-22 15:23:25,826 - INFO - Gpu Vram Used Bytes      : 20236664832.0000
2025-11-22 15:23:25,826 - INFO - Accuracy                 : 0.5471
2025-11-22 15:23:25,826 - INFO - Precision                : 0.5514
2025-11-22 15:23:25,826 - INFO - Recall                   : 0.5471
2025-11-22 15:23:25,826 - INFO - F1 Score                 : 0.5406
2025-11-22 15:23:25,826 - INFO - ==================================================
2025-11-22 15:24:20,023 - INFO - Época 49 concluída. Loss média: 2.7379
2025-11-22 15:24:20,023 - INFO - Taxa de aprendizado ajustada para: 0.010000
2025-11-22 15:24:20,027 - INFO - Iniciando inferência com o modelo EfficientNetB0...
2025-11-22 15:24:22,905 - INFO - ==================================================
2025-11-22 15:24:22,905 - INFO - EXPERIMENT RESULTS
2025-11-22 15:24:22,905 - INFO - ==================================================
2025-11-22 15:24:22,905 - INFO - Elapsed Time Seconds     : 2.8551
2025-11-22 15:24:22,905 - INFO - Cpu Usage Percent        : 3.0875
2025-11-22 15:24:22,905 - INFO - Ram Peak Usage Bytes     : 10901921792.0000
2025-11-22 15:24:22,905 - INFO - Disk Read Bytes          : 0.0000
2025-11-22 15:24:22,905 - INFO - Disk Write Bytes         : 573440.0000
2025-11-22 15:24:22,905 - INFO - Vram Peak Usage Bytes    : 2760595268.0000
2025-11-22 15:24:22,905 - INFO - Gpu Power Watts Avg      : 187.9648
2025-11-22 15:24:22,905 - INFO - Gpu Power Watts Peak     : 304.5700
2025-11-22 15:24:22,905 - INFO - Gpu Temp Celsius Avg     : 55.2857
2025-11-22 15:24:22,905 - INFO - Gpu Temp Celsius Peak    : 62.0000
2025-11-22 15:24:22,905 - INFO - Gpu Utilization Percent Avg: 52.0714
2025-11-22 15:24:22,905 - INFO - Gpu Utilization Percent Peak: 100.0000
2025-11-22 15:24:22,905 - INFO - Gpu Mem Used Bytes Avg   : 20236664832.0000
2025-11-22 15:24:22,905 - INFO - Gpu Mem Used Bytes Peak  : 20236664832.0000
2025-11-22 15:24:22,905 - INFO - Gpu Vram Used Bytes      : 20236664832.0000
2025-11-22 15:24:22,905 - INFO - Accuracy                 : 0.5449
2025-11-22 15:24:22,905 - INFO - Precision                : 0.5528
2025-11-22 15:24:22,905 - INFO - Recall                   : 0.5449
2025-11-22 15:24:22,905 - INFO - F1 Score                 : 0.5392
2025-11-22 15:24:22,905 - INFO - ==================================================
2025-11-22 15:25:16,127 - INFO - Época 50 concluída. Loss média: 2.7313
2025-11-22 15:25:16,127 - INFO - Taxa de aprendizado ajustada para: 0.010000
2025-11-22 15:25:16,131 - INFO - Iniciando inferência com o modelo EfficientNetB0...
2025-11-22 15:25:19,803 - INFO - ==================================================
2025-11-22 15:25:19,804 - INFO - EXPERIMENT RESULTS
2025-11-22 15:25:19,804 - INFO - ==================================================
2025-11-22 15:25:19,804 - INFO - Elapsed Time Seconds     : 3.6502
2025-11-22 15:25:19,804 - INFO - Cpu Usage Percent        : 3.1594
2025-11-22 15:25:19,804 - INFO - Ram Peak Usage Bytes     : 10901929984.0000
2025-11-22 15:25:19,804 - INFO - Disk Read Bytes          : 0.0000
2025-11-22 15:25:19,804 - INFO - Disk Write Bytes         : 135168.0000
2025-11-22 15:25:19,804 - INFO - Vram Peak Usage Bytes    : 2760595268.0000
2025-11-22 15:25:19,804 - INFO - Gpu Power Watts Avg      : 152.7540
2025-11-22 15:25:19,804 - INFO - Gpu Power Watts Peak     : 304.1160
2025-11-22 15:25:19,804 - INFO - Gpu Temp Celsius Avg     : 53.1389
2025-11-22 15:25:19,804 - INFO - Gpu Temp Celsius Peak    : 62.0000
2025-11-22 15:25:19,804 - INFO - Gpu Utilization Percent Avg: 38.0833
2025-11-22 15:25:19,804 - INFO - Gpu Utilization Percent Peak: 100.0000
2025-11-22 15:25:19,804 - INFO - Gpu Mem Used Bytes Avg   : 20236664832.0000
2025-11-22 15:25:19,804 - INFO - Gpu Mem Used Bytes Peak  : 20236664832.0000
2025-11-22 15:25:19,804 - INFO - Gpu Vram Used Bytes      : 20236664832.0000
2025-11-22 15:25:19,804 - INFO - Accuracy                 : 0.5509
2025-11-22 15:25:19,804 - INFO - Precision                : 0.5570
2025-11-22 15:25:19,804 - INFO - Recall                   : 0.5509
2025-11-22 15:25:19,804 - INFO - F1 Score                 : 0.5455
2025-11-22 15:25:19,804 - INFO - ==================================================
2025-11-22 15:26:13,757 - INFO - Época 51 concluída. Loss média: 2.7343
2025-11-22 15:26:13,758 - INFO - Taxa de aprendizado ajustada para: 0.010000
2025-11-22 15:26:13,762 - INFO - Iniciando inferência com o modelo EfficientNetB0...
2025-11-22 15:26:16,574 - INFO - ==================================================
2025-11-22 15:26:16,595 - INFO - EXPERIMENT RESULTS
2025-11-22 15:26:16,595 - INFO - ==================================================
2025-11-22 15:26:16,595 - INFO - Elapsed Time Seconds     : 2.7904
2025-11-22 15:26:16,595 - INFO - Cpu Usage Percent        : 3.2469
2025-11-22 15:26:16,595 - INFO - Ram Peak Usage Bytes     : 10901938176.0000
2025-11-22 15:26:16,595 - INFO - Disk Read Bytes          : 0.0000
2025-11-22 15:26:16,595 - INFO - Disk Write Bytes         : 299008.0000
2025-11-22 15:26:16,595 - INFO - Vram Peak Usage Bytes    : 2760595268.0000
2025-11-22 15:26:16,595 - INFO - Gpu Power Watts Avg      : 185.1639
2025-11-22 15:26:16,595 - INFO - Gpu Power Watts Peak     : 292.1100
2025-11-22 15:26:16,595 - INFO - Gpu Temp Celsius Avg     : 55.3333
2025-11-22 15:26:16,595 - INFO - Gpu Temp Celsius Peak    : 62.0000
2025-11-22 15:26:16,595 - INFO - Gpu Utilization Percent Avg: 53.1852
2025-11-22 15:26:16,595 - INFO - Gpu Utilization Percent Peak: 100.0000
2025-11-22 15:26:16,595 - INFO - Gpu Mem Used Bytes Avg   : 20236664832.0000
2025-11-22 15:26:16,595 - INFO - Gpu Mem Used Bytes Peak  : 20236664832.0000
2025-11-22 15:26:16,595 - INFO - Gpu Vram Used Bytes      : 20236664832.0000
2025-11-22 15:26:16,595 - INFO - Accuracy                 : 0.5584
2025-11-22 15:26:16,595 - INFO - Precision                : 0.5633
2025-11-22 15:26:16,595 - INFO - Recall                   : 0.5584
2025-11-22 15:26:16,595 - INFO - F1 Score                 : 0.5525
2025-11-22 15:26:16,595 - INFO - ==================================================
2025-11-22 15:27:09,775 - INFO - Época 52 concluída. Loss média: 2.7265
2025-11-22 15:27:09,775 - INFO - Taxa de aprendizado ajustada para: 0.010000
2025-11-22 15:27:09,779 - INFO - Iniciando inferência com o modelo EfficientNetB0...
2025-11-22 15:27:12,462 - INFO - ==================================================
2025-11-22 15:27:12,462 - INFO - EXPERIMENT RESULTS
2025-11-22 15:27:12,462 - INFO - ==================================================
2025-11-22 15:27:12,462 - INFO - Elapsed Time Seconds     : 2.6611
2025-11-22 15:27:12,462 - INFO - Cpu Usage Percent        : 3.4281
2025-11-22 15:27:12,463 - INFO - Ram Peak Usage Bytes     : 10901950464.0000
2025-11-22 15:27:12,463 - INFO - Disk Read Bytes          : 0.0000
2025-11-22 15:27:12,463 - INFO - Disk Write Bytes         : 167936.0000
2025-11-22 15:27:12,463 - INFO - Vram Peak Usage Bytes    : 2760595268.0000
2025-11-22 15:27:12,463 - INFO - Gpu Power Watts Avg      : 193.6538
2025-11-22 15:27:12,463 - INFO - Gpu Power Watts Peak     : 302.8300
2025-11-22 15:27:12,463 - INFO - Gpu Temp Celsius Avg     : 55.4615
2025-11-22 15:27:12,463 - INFO - Gpu Temp Celsius Peak    : 63.0000
2025-11-22 15:27:12,463 - INFO - Gpu Utilization Percent Avg: 56.7308
2025-11-22 15:27:12,463 - INFO - Gpu Utilization Percent Peak: 100.0000
2025-11-22 15:27:12,463 - INFO - Gpu Mem Used Bytes Avg   : 20236664832.0000
2025-11-22 15:27:12,463 - INFO - Gpu Mem Used Bytes Peak  : 20236664832.0000
2025-11-22 15:27:12,463 - INFO - Gpu Vram Used Bytes      : 20236664832.0000
2025-11-22 15:27:12,463 - INFO - Accuracy                 : 0.5513
2025-11-22 15:27:12,463 - INFO - Precision                : 0.5561
2025-11-22 15:27:12,463 - INFO - Recall                   : 0.5513
2025-11-22 15:27:12,463 - INFO - F1 Score                 : 0.5456
2025-11-22 15:27:12,463 - INFO - ==================================================
2025-11-22 15:28:05,756 - INFO - Época 53 concluída. Loss média: 2.7205
2025-11-22 15:28:05,756 - INFO - Taxa de aprendizado ajustada para: 0.010000
2025-11-22 15:28:05,760 - INFO - Iniciando inferência com o modelo EfficientNetB0...
2025-11-22 15:28:08,467 - INFO - ==================================================
2025-11-22 15:28:08,467 - INFO - EXPERIMENT RESULTS
2025-11-22 15:28:08,467 - INFO - ==================================================
2025-11-22 15:28:08,467 - INFO - Elapsed Time Seconds     : 2.6849
2025-11-22 15:28:08,467 - INFO - Cpu Usage Percent        : 3.3531
2025-11-22 15:28:08,467 - INFO - Ram Peak Usage Bytes     : 10901958656.0000
2025-11-22 15:28:08,467 - INFO - Disk Read Bytes          : 0.0000
2025-11-22 15:28:08,467 - INFO - Disk Write Bytes         : 212992.0000
2025-11-22 15:28:08,467 - INFO - Vram Peak Usage Bytes    : 2760595268.0000
2025-11-22 15:28:08,467 - INFO - Gpu Power Watts Avg      : 186.4690
2025-11-22 15:28:08,468 - INFO - Gpu Power Watts Peak     : 303.5300
2025-11-22 15:28:08,468 - INFO - Gpu Temp Celsius Avg     : 55.4231
2025-11-22 15:28:08,468 - INFO - Gpu Temp Celsius Peak    : 63.0000
2025-11-22 15:28:08,468 - INFO - Gpu Utilization Percent Avg: 51.5769
2025-11-22 15:28:08,468 - INFO - Gpu Utilization Percent Peak: 100.0000
2025-11-22 15:28:08,468 - INFO - Gpu Mem Used Bytes Avg   : 20236664832.0000
2025-11-22 15:28:08,468 - INFO - Gpu Mem Used Bytes Peak  : 20236664832.0000
2025-11-22 15:28:08,468 - INFO - Gpu Vram Used Bytes      : 20236664832.0000
2025-11-22 15:28:08,468 - INFO - Accuracy                 : 0.5584
2025-11-22 15:28:08,468 - INFO - Precision                : 0.5605
2025-11-22 15:28:08,468 - INFO - Recall                   : 0.5584
2025-11-22 15:28:08,468 - INFO - F1 Score                 : 0.5510
2025-11-22 15:28:08,468 - INFO - ==================================================
2025-11-22 15:29:01,817 - INFO - Época 54 concluída. Loss média: 2.7236
2025-11-22 15:29:01,817 - INFO - Taxa de aprendizado ajustada para: 0.010000
2025-11-22 15:29:01,821 - INFO - Iniciando inferência com o modelo EfficientNetB0...
2025-11-22 15:29:04,496 - INFO - ==================================================
2025-11-22 15:29:04,496 - INFO - EXPERIMENT RESULTS
2025-11-22 15:29:04,496 - INFO - ==================================================
2025-11-22 15:29:04,496 - INFO - Elapsed Time Seconds     : 2.6524
2025-11-22 15:29:04,496 - INFO - Cpu Usage Percent        : 3.3687
2025-11-22 15:29:04,496 - INFO - Ram Peak Usage Bytes     : 10901966848.0000
2025-11-22 15:29:04,496 - INFO - Disk Read Bytes          : 0.0000
2025-11-22 15:29:04,496 - INFO - Disk Write Bytes         : 438272.0000
2025-11-22 15:29:04,496 - INFO - Vram Peak Usage Bytes    : 2760595268.0000
2025-11-22 15:29:04,496 - INFO - Gpu Power Watts Avg      : 195.2636
2025-11-22 15:29:04,496 - INFO - Gpu Power Watts Peak     : 303.6780
2025-11-22 15:29:04,496 - INFO - Gpu Temp Celsius Avg     : 55.6923
2025-11-22 15:29:04,496 - INFO - Gpu Temp Celsius Peak    : 62.0000
2025-11-22 15:29:04,496 - INFO - Gpu Utilization Percent Avg: 52.0000
2025-11-22 15:29:04,496 - INFO - Gpu Utilization Percent Peak: 100.0000
2025-11-22 15:29:04,496 - INFO - Gpu Mem Used Bytes Avg   : 20236664832.0000
2025-11-22 15:29:04,496 - INFO - Gpu Mem Used Bytes Peak  : 20236664832.0000
2025-11-22 15:29:04,496 - INFO - Gpu Vram Used Bytes      : 20236664832.0000
2025-11-22 15:29:04,496 - INFO - Accuracy                 : 0.5527
2025-11-22 15:29:04,496 - INFO - Precision                : 0.5575
2025-11-22 15:29:04,496 - INFO - Recall                   : 0.5527
2025-11-22 15:29:04,496 - INFO - F1 Score                 : 0.5479
2025-11-22 15:29:04,496 - INFO - ==================================================
2025-11-22 15:29:57,922 - INFO - Época 55 concluída. Loss média: 2.7183
2025-11-22 15:29:57,923 - INFO - Taxa de aprendizado ajustada para: 0.010000
2025-11-22 15:29:57,927 - INFO - Iniciando inferência com o modelo EfficientNetB0...
2025-11-22 15:30:01,425 - INFO - ==================================================
2025-11-22 15:30:01,425 - INFO - EXPERIMENT RESULTS
2025-11-22 15:30:01,425 - INFO - ==================================================
2025-11-22 15:30:01,425 - INFO - Elapsed Time Seconds     : 3.4760
2025-11-22 15:30:01,425 - INFO - Cpu Usage Percent        : 3.3344
2025-11-22 15:30:01,425 - INFO - Ram Peak Usage Bytes     : 10901970944.0000
2025-11-22 15:30:01,425 - INFO - Disk Read Bytes          : 0.0000
2025-11-22 15:30:01,425 - INFO - Disk Write Bytes         : 282624.0000
2025-11-22 15:30:01,425 - INFO - Vram Peak Usage Bytes    : 2760595268.0000
2025-11-22 15:30:01,425 - INFO - Gpu Power Watts Avg      : 158.1716
2025-11-22 15:30:01,425 - INFO - Gpu Power Watts Peak     : 302.8470
2025-11-22 15:30:01,425 - INFO - Gpu Temp Celsius Avg     : 53.7647
2025-11-22 15:30:01,425 - INFO - Gpu Temp Celsius Peak    : 60.0000
2025-11-22 15:30:01,425 - INFO - Gpu Utilization Percent Avg: 39.9706
2025-11-22 15:30:01,425 - INFO - Gpu Utilization Percent Peak: 100.0000
2025-11-22 15:30:01,425 - INFO - Gpu Mem Used Bytes Avg   : 20236664832.0000
2025-11-22 15:30:01,425 - INFO - Gpu Mem Used Bytes Peak  : 20236664832.0000
2025-11-22 15:30:01,425 - INFO - Gpu Vram Used Bytes      : 20236664832.0000
2025-11-22 15:30:01,425 - INFO - Accuracy                 : 0.5548
2025-11-22 15:30:01,425 - INFO - Precision                : 0.5618
2025-11-22 15:30:01,425 - INFO - Recall                   : 0.5548
2025-11-22 15:30:01,425 - INFO - F1 Score                 : 0.5490
2025-11-22 15:30:01,425 - INFO - ==================================================
2025-11-22 15:30:54,684 - INFO - Época 56 concluída. Loss média: 2.7117
2025-11-22 15:30:54,684 - INFO - Taxa de aprendizado ajustada para: 0.010000
2025-11-22 15:30:54,688 - INFO - Iniciando inferência com o modelo EfficientNetB0...
2025-11-22 15:30:57,388 - INFO - ==================================================
2025-11-22 15:30:57,388 - INFO - EXPERIMENT RESULTS
2025-11-22 15:30:57,388 - INFO - ==================================================
2025-11-22 15:30:57,388 - INFO - Elapsed Time Seconds     : 2.6777
2025-11-22 15:30:57,388 - INFO - Cpu Usage Percent        : 3.3250
2025-11-22 15:30:57,388 - INFO - Ram Peak Usage Bytes     : 10901970944.0000
2025-11-22 15:30:57,388 - INFO - Disk Read Bytes          : 0.0000
2025-11-22 15:30:57,388 - INFO - Disk Write Bytes         : 442368.0000
2025-11-22 15:30:57,388 - INFO - Vram Peak Usage Bytes    : 2760595268.0000
2025-11-22 15:30:57,388 - INFO - Gpu Power Watts Avg      : 195.0776
2025-11-22 15:30:57,388 - INFO - Gpu Power Watts Peak     : 308.3960
2025-11-22 15:30:57,388 - INFO - Gpu Temp Celsius Avg     : 55.7308
2025-11-22 15:30:57,388 - INFO - Gpu Temp Celsius Peak    : 62.0000
2025-11-22 15:30:57,388 - INFO - Gpu Utilization Percent Avg: 55.1538
2025-11-22 15:30:57,388 - INFO - Gpu Utilization Percent Peak: 100.0000
2025-11-22 15:30:57,388 - INFO - Gpu Mem Used Bytes Avg   : 20236664832.0000
2025-11-22 15:30:57,388 - INFO - Gpu Mem Used Bytes Peak  : 20236664832.0000
2025-11-22 15:30:57,388 - INFO - Gpu Vram Used Bytes      : 20236664832.0000
2025-11-22 15:30:57,388 - INFO - Accuracy                 : 0.5600
2025-11-22 15:30:57,388 - INFO - Precision                : 0.5662
2025-11-22 15:30:57,388 - INFO - Recall                   : 0.5600
2025-11-22 15:30:57,388 - INFO - F1 Score                 : 0.5546
2025-11-22 15:30:57,388 - INFO - ==================================================
2025-11-22 15:32:39,579 - INFO - Época 57 concluída. Loss média: 2.7119
2025-11-22 15:32:39,579 - INFO - Taxa de aprendizado ajustada para: 0.010000
2025-11-22 15:32:39,583 - INFO - Iniciando inferência com o modelo EfficientNetB0...
2025-11-22 15:32:42,360 - INFO - ==================================================
2025-11-22 15:32:42,360 - INFO - EXPERIMENT RESULTS
2025-11-22 15:32:42,360 - INFO - ==================================================
2025-11-22 15:32:42,360 - INFO - Elapsed Time Seconds     : 2.7546
2025-11-22 15:32:42,360 - INFO - Cpu Usage Percent        : 3.2563
2025-11-22 15:32:42,360 - INFO - Ram Peak Usage Bytes     : 10902011904.0000
2025-11-22 15:32:42,360 - INFO - Disk Read Bytes          : 0.0000
2025-11-22 15:32:42,361 - INFO - Disk Write Bytes         : 282624.0000
2025-11-22 15:32:42,361 - INFO - Vram Peak Usage Bytes    : 2760595268.0000
2025-11-22 15:32:42,361 - INFO - Gpu Power Watts Avg      : 181.6277
2025-11-22 15:32:42,361 - INFO - Gpu Power Watts Peak     : 297.1260
2025-11-22 15:32:42,361 - INFO - Gpu Temp Celsius Avg     : 52.2963
2025-11-22 15:32:42,361 - INFO - Gpu Temp Celsius Peak    : 58.0000
2025-11-22 15:32:42,361 - INFO - Gpu Utilization Percent Avg: 49.2222
2025-11-22 15:32:42,361 - INFO - Gpu Utilization Percent Peak: 100.0000
2025-11-22 15:32:42,361 - INFO - Gpu Mem Used Bytes Avg   : 20236664832.0000
2025-11-22 15:32:42,361 - INFO - Gpu Mem Used Bytes Peak  : 20236664832.0000
2025-11-22 15:32:42,361 - INFO - Gpu Vram Used Bytes      : 20236664832.0000
2025-11-22 15:32:42,361 - INFO - Accuracy                 : 0.5503
2025-11-22 15:32:42,361 - INFO - Precision                : 0.5610
2025-11-22 15:32:42,361 - INFO - Recall                   : 0.5503
2025-11-22 15:32:42,361 - INFO - F1 Score                 : 0.5448
2025-11-22 15:32:42,361 - INFO - ==================================================
2025-11-22 15:33:35,809 - INFO - Época 58 concluída. Loss média: 2.7022
2025-11-22 15:33:35,809 - INFO - Taxa de aprendizado ajustada para: 0.010000
2025-11-22 15:33:35,813 - INFO - Iniciando inferência com o modelo EfficientNetB0...
2025-11-22 15:33:38,586 - INFO - ==================================================
2025-11-22 15:33:38,586 - INFO - EXPERIMENT RESULTS
2025-11-22 15:33:38,586 - INFO - ==================================================
2025-11-22 15:33:38,586 - INFO - Elapsed Time Seconds     : 2.7510
2025-11-22 15:33:38,586 - INFO - Cpu Usage Percent        : 3.2469
2025-11-22 15:33:38,586 - INFO - Ram Peak Usage Bytes     : 10902061056.0000
2025-11-22 15:33:38,586 - INFO - Disk Read Bytes          : 0.0000
2025-11-22 15:33:38,586 - INFO - Disk Write Bytes         : 397312.0000
2025-11-22 15:33:38,586 - INFO - Vram Peak Usage Bytes    : 2760595268.0000
2025-11-22 15:33:38,586 - INFO - Gpu Power Watts Avg      : 190.5917
2025-11-22 15:33:38,586 - INFO - Gpu Power Watts Peak     : 308.7550
2025-11-22 15:33:38,586 - INFO - Gpu Temp Celsius Avg     : 54.8519
2025-11-22 15:33:38,586 - INFO - Gpu Temp Celsius Peak    : 61.0000
2025-11-22 15:33:38,586 - INFO - Gpu Utilization Percent Avg: 51.9630
2025-11-22 15:33:38,586 - INFO - Gpu Utilization Percent Peak: 100.0000
2025-11-22 15:33:38,586 - INFO - Gpu Mem Used Bytes Avg   : 20236664832.0000
2025-11-22 15:33:38,586 - INFO - Gpu Mem Used Bytes Peak  : 20236664832.0000
2025-11-22 15:33:38,587 - INFO - Gpu Vram Used Bytes      : 20236664832.0000
2025-11-22 15:33:38,587 - INFO - Accuracy                 : 0.5586
2025-11-22 15:33:38,587 - INFO - Precision                : 0.5651
2025-11-22 15:33:38,587 - INFO - Recall                   : 0.5586
2025-11-22 15:33:38,587 - INFO - F1 Score                 : 0.5538
2025-11-22 15:33:38,587 - INFO - ==================================================
2025-11-22 15:34:32,440 - INFO - Época 59 concluída. Loss média: 2.7061
2025-11-22 15:34:32,440 - INFO - Taxa de aprendizado ajustada para: 0.010000
2025-11-22 15:34:32,444 - INFO - Iniciando inferência com o modelo EfficientNetB0...
2025-11-22 15:34:35,117 - INFO - ==================================================
2025-11-22 15:34:35,117 - INFO - EXPERIMENT RESULTS
2025-11-22 15:34:35,117 - INFO - ==================================================
2025-11-22 15:34:35,117 - INFO - Elapsed Time Seconds     : 2.6505
2025-11-22 15:34:35,117 - INFO - Cpu Usage Percent        : 3.4438
2025-11-22 15:34:35,117 - INFO - Ram Peak Usage Bytes     : 10902093824.0000
2025-11-22 15:34:35,117 - INFO - Disk Read Bytes          : 0.0000
2025-11-22 15:34:35,117 - INFO - Disk Write Bytes         : 8192.0000
2025-11-22 15:34:35,117 - INFO - Vram Peak Usage Bytes    : 2760595268.0000
2025-11-22 15:34:35,117 - INFO - Gpu Power Watts Avg      : 187.7867
2025-11-22 15:34:35,117 - INFO - Gpu Power Watts Peak     : 303.9480
2025-11-22 15:34:35,117 - INFO - Gpu Temp Celsius Avg     : 55.2308
2025-11-22 15:34:35,117 - INFO - Gpu Temp Celsius Peak    : 62.0000
2025-11-22 15:34:35,117 - INFO - Gpu Utilization Percent Avg: 53.4615
2025-11-22 15:34:35,117 - INFO - Gpu Utilization Percent Peak: 100.0000
2025-11-22 15:34:35,117 - INFO - Gpu Mem Used Bytes Avg   : 20236664832.0000
2025-11-22 15:34:35,117 - INFO - Gpu Mem Used Bytes Peak  : 20236664832.0000
2025-11-22 15:34:35,117 - INFO - Gpu Vram Used Bytes      : 20236664832.0000
2025-11-22 15:34:35,118 - INFO - Accuracy                 : 0.5540
2025-11-22 15:34:35,118 - INFO - Precision                : 0.5621
2025-11-22 15:34:35,118 - INFO - Recall                   : 0.5540
2025-11-22 15:34:35,118 - INFO - F1 Score                 : 0.5493
2025-11-22 15:34:35,118 - INFO - ==================================================
2025-11-22 15:35:29,383 - INFO - Época 60 concluída. Loss média: 2.6992
2025-11-22 15:35:29,383 - INFO - Taxa de aprendizado ajustada para: 0.001000
2025-11-22 15:35:29,387 - INFO - Iniciando inferência com o modelo EfficientNetB0...
2025-11-22 15:35:32,219 - INFO - ==================================================
2025-11-22 15:35:32,219 - INFO - EXPERIMENT RESULTS
2025-11-22 15:35:32,219 - INFO - ==================================================
2025-11-22 15:35:32,219 - INFO - Elapsed Time Seconds     : 2.8095
2025-11-22 15:35:32,219 - INFO - Cpu Usage Percent        : 3.3156
2025-11-22 15:35:32,219 - INFO - Ram Peak Usage Bytes     : 10902126592.0000
2025-11-22 15:35:32,219 - INFO - Disk Read Bytes          : 0.0000
2025-11-22 15:35:32,219 - INFO - Disk Write Bytes         : 430080.0000
2025-11-22 15:35:32,219 - INFO - Vram Peak Usage Bytes    : 2760595268.0000
2025-11-22 15:35:32,219 - INFO - Gpu Power Watts Avg      : 187.5668
2025-11-22 15:35:32,219 - INFO - Gpu Power Watts Peak     : 295.7170
2025-11-22 15:35:32,219 - INFO - Gpu Temp Celsius Avg     : 55.3333
2025-11-22 15:35:32,219 - INFO - Gpu Temp Celsius Peak    : 62.0000
2025-11-22 15:35:32,219 - INFO - Gpu Utilization Percent Avg: 51.7407
2025-11-22 15:35:32,219 - INFO - Gpu Utilization Percent Peak: 100.0000
2025-11-22 15:35:32,219 - INFO - Gpu Mem Used Bytes Avg   : 20236664832.0000
2025-11-22 15:35:32,219 - INFO - Gpu Mem Used Bytes Peak  : 20236664832.0000
2025-11-22 15:35:32,220 - INFO - Gpu Vram Used Bytes      : 20236664832.0000
2025-11-22 15:35:32,220 - INFO - Accuracy                 : 0.5572
2025-11-22 15:35:32,220 - INFO - Precision                : 0.5634
2025-11-22 15:35:32,220 - INFO - Recall                   : 0.5572
2025-11-22 15:35:32,220 - INFO - F1 Score                 : 0.5527
2025-11-22 15:35:32,220 - INFO - ==================================================
2025-11-22 15:36:25,486 - INFO - Época 61 concluída. Loss média: 2.5959
2025-11-22 15:36:25,486 - INFO - Taxa de aprendizado ajustada para: 0.001000
2025-11-22 15:36:25,490 - INFO - Iniciando inferência com o modelo EfficientNetB0...
2025-11-22 15:36:28,691 - INFO - ==================================================
2025-11-22 15:36:28,691 - INFO - EXPERIMENT RESULTS
2025-11-22 15:36:28,691 - INFO - ==================================================
2025-11-22 15:36:28,691 - INFO - Elapsed Time Seconds     : 3.1782
2025-11-22 15:36:28,691 - INFO - Cpu Usage Percent        : 3.6781
2025-11-22 15:36:28,691 - INFO - Ram Peak Usage Bytes     : 10902343680.0000
2025-11-22 15:36:28,691 - INFO - Disk Read Bytes          : 0.0000
2025-11-22 15:36:28,691 - INFO - Disk Write Bytes         : 294912.0000
2025-11-22 15:36:28,691 - INFO - Vram Peak Usage Bytes    : 2760595268.0000
2025-11-22 15:36:28,691 - INFO - Gpu Power Watts Avg      : 167.4175
2025-11-22 15:36:28,691 - INFO - Gpu Power Watts Peak     : 301.4940
2025-11-22 15:36:28,691 - INFO - Gpu Temp Celsius Avg     : 54.1613
2025-11-22 15:36:28,691 - INFO - Gpu Temp Celsius Peak    : 62.0000
2025-11-22 15:36:28,691 - INFO - Gpu Utilization Percent Avg: 45.1613
2025-11-22 15:36:28,691 - INFO - Gpu Utilization Percent Peak: 100.0000
2025-11-22 15:36:28,691 - INFO - Gpu Mem Used Bytes Avg   : 20236664832.0000
2025-11-22 15:36:28,691 - INFO - Gpu Mem Used Bytes Peak  : 20236664832.0000
2025-11-22 15:36:28,691 - INFO - Gpu Vram Used Bytes      : 20236664832.0000
2025-11-22 15:36:28,691 - INFO - Accuracy                 : 0.5855
2025-11-22 15:36:28,691 - INFO - Precision                : 0.5826
2025-11-22 15:36:28,691 - INFO - Recall                   : 0.5855
2025-11-22 15:36:28,691 - INFO - F1 Score                 : 0.5802
2025-11-22 15:36:28,691 - INFO - ==================================================
2025-11-22 15:37:22,412 - INFO - Época 62 concluída. Loss média: 2.5545
2025-11-22 15:37:22,413 - INFO - Taxa de aprendizado ajustada para: 0.001000
2025-11-22 15:37:22,416 - INFO - Iniciando inferência com o modelo EfficientNetB0...
2025-11-22 15:37:25,192 - INFO - ==================================================
2025-11-22 15:37:25,192 - INFO - EXPERIMENT RESULTS
2025-11-22 15:37:25,192 - INFO - ==================================================
2025-11-22 15:37:25,192 - INFO - Elapsed Time Seconds     : 2.7532
2025-11-22 15:37:25,192 - INFO - Cpu Usage Percent        : 3.2906
2025-11-22 15:37:25,192 - INFO - Ram Peak Usage Bytes     : 10902384640.0000
2025-11-22 15:37:25,192 - INFO - Disk Read Bytes          : 0.0000
2025-11-22 15:37:25,192 - INFO - Disk Write Bytes         : 0.0000
2025-11-22 15:37:25,192 - INFO - Vram Peak Usage Bytes    : 2760595268.0000
2025-11-22 15:37:25,192 - INFO - Gpu Power Watts Avg      : 185.7410
2025-11-22 15:37:25,192 - INFO - Gpu Power Watts Peak     : 309.2290
2025-11-22 15:37:25,192 - INFO - Gpu Temp Celsius Avg     : 55.1481
2025-11-22 15:37:25,192 - INFO - Gpu Temp Celsius Peak    : 62.0000
2025-11-22 15:37:25,192 - INFO - Gpu Utilization Percent Avg: 50.1481
2025-11-22 15:37:25,192 - INFO - Gpu Utilization Percent Peak: 100.0000
2025-11-22 15:37:25,192 - INFO - Gpu Mem Used Bytes Avg   : 20236664832.0000
2025-11-22 15:37:25,192 - INFO - Gpu Mem Used Bytes Peak  : 20236664832.0000
2025-11-22 15:37:25,192 - INFO - Gpu Vram Used Bytes      : 20236664832.0000
2025-11-22 15:37:25,192 - INFO - Accuracy                 : 0.5898
2025-11-22 15:37:25,192 - INFO - Precision                : 0.5884
2025-11-22 15:37:25,192 - INFO - Recall                   : 0.5898
2025-11-22 15:37:25,192 - INFO - F1 Score                 : 0.5853
2025-11-22 15:37:25,192 - INFO - ==================================================
2025-11-22 15:38:18,980 - INFO - Época 63 concluída. Loss média: 2.5468
2025-11-22 15:38:18,980 - INFO - Taxa de aprendizado ajustada para: 0.001000
2025-11-22 15:38:18,984 - INFO - Iniciando inferência com o modelo EfficientNetB0...
2025-11-22 15:38:21,674 - INFO - ==================================================
2025-11-22 15:38:21,674 - INFO - EXPERIMENT RESULTS
2025-11-22 15:38:21,674 - INFO - ==================================================
2025-11-22 15:38:21,674 - INFO - Elapsed Time Seconds     : 2.6682
2025-11-22 15:38:21,675 - INFO - Cpu Usage Percent        : 3.3375
2025-11-22 15:38:21,675 - INFO - Ram Peak Usage Bytes     : 10902437888.0000
2025-11-22 15:38:21,675 - INFO - Disk Read Bytes          : 0.0000
2025-11-22 15:38:21,675 - INFO - Disk Write Bytes         : 0.0000
2025-11-22 15:38:21,675 - INFO - Vram Peak Usage Bytes    : 2760595268.0000
2025-11-22 15:38:21,675 - INFO - Gpu Power Watts Avg      : 191.5371
2025-11-22 15:38:21,675 - INFO - Gpu Power Watts Peak     : 308.5030
2025-11-22 15:38:21,675 - INFO - Gpu Temp Celsius Avg     : 55.5000
2025-11-22 15:38:21,675 - INFO - Gpu Temp Celsius Peak    : 61.0000
2025-11-22 15:38:21,675 - INFO - Gpu Utilization Percent Avg: 54.2308
2025-11-22 15:38:21,675 - INFO - Gpu Utilization Percent Peak: 100.0000
2025-11-22 15:38:21,675 - INFO - Gpu Mem Used Bytes Avg   : 20236664832.0000
2025-11-22 15:38:21,675 - INFO - Gpu Mem Used Bytes Peak  : 20236664832.0000
2025-11-22 15:38:21,675 - INFO - Gpu Vram Used Bytes      : 20236664832.0000
2025-11-22 15:38:21,675 - INFO - Accuracy                 : 0.5887
2025-11-22 15:38:21,675 - INFO - Precision                : 0.5859
2025-11-22 15:38:21,675 - INFO - Recall                   : 0.5887
2025-11-22 15:38:21,675 - INFO - F1 Score                 : 0.5837
2025-11-22 15:38:21,675 - INFO - ==================================================
2025-11-22 15:39:15,089 - INFO - Época 64 concluída. Loss média: 2.5359
2025-11-22 15:39:15,089 - INFO - Taxa de aprendizado ajustada para: 0.001000
2025-11-22 15:39:15,093 - INFO - Iniciando inferência com o modelo EfficientNetB0...
2025-11-22 15:39:17,871 - INFO - ==================================================
2025-11-22 15:39:17,871 - INFO - EXPERIMENT RESULTS
2025-11-22 15:39:17,871 - INFO - ==================================================
2025-11-22 15:39:17,871 - INFO - Elapsed Time Seconds     : 2.7554
2025-11-22 15:39:17,871 - INFO - Cpu Usage Percent        : 3.2531
2025-11-22 15:39:17,871 - INFO - Ram Peak Usage Bytes     : 10902478848.0000
2025-11-22 15:39:17,871 - INFO - Disk Read Bytes          : 0.0000
2025-11-22 15:39:17,872 - INFO - Disk Write Bytes         : 139264.0000
2025-11-22 15:39:17,872 - INFO - Vram Peak Usage Bytes    : 2760595268.0000
2025-11-22 15:39:17,872 - INFO - Gpu Power Watts Avg      : 184.6662
2025-11-22 15:39:17,872 - INFO - Gpu Power Watts Peak     : 309.0670
2025-11-22 15:39:17,872 - INFO - Gpu Temp Celsius Avg     : 54.8889
2025-11-22 15:39:17,872 - INFO - Gpu Temp Celsius Peak    : 62.0000
2025-11-22 15:39:17,872 - INFO - Gpu Utilization Percent Avg: 50.7037
2025-11-22 15:39:17,872 - INFO - Gpu Utilization Percent Peak: 100.0000
2025-11-22 15:39:17,872 - INFO - Gpu Mem Used Bytes Avg   : 20236664832.0000
2025-11-22 15:39:17,872 - INFO - Gpu Mem Used Bytes Peak  : 20236664832.0000
2025-11-22 15:39:17,872 - INFO - Gpu Vram Used Bytes      : 20236664832.0000
2025-11-22 15:39:17,872 - INFO - Accuracy                 : 0.5924
2025-11-22 15:39:17,872 - INFO - Precision                : 0.5900
2025-11-22 15:39:17,872 - INFO - Recall                   : 0.5924
2025-11-22 15:39:17,872 - INFO - F1 Score                 : 0.5872
2025-11-22 15:39:17,872 - INFO - ==================================================
2025-11-22 15:40:11,643 - INFO - Época 65 concluída. Loss média: 2.5322
2025-11-22 15:40:11,644 - INFO - Taxa de aprendizado ajustada para: 0.001000
2025-11-22 15:40:11,648 - INFO - Iniciando inferência com o modelo EfficientNetB0...
2025-11-22 15:40:14,549 - INFO - ==================================================
2025-11-22 15:40:14,550 - INFO - EXPERIMENT RESULTS
2025-11-22 15:40:14,550 - INFO - ==================================================
2025-11-22 15:40:14,550 - INFO - Elapsed Time Seconds     : 2.8799
2025-11-22 15:40:14,550 - INFO - Cpu Usage Percent        : 3.1562
2025-11-22 15:40:14,550 - INFO - Ram Peak Usage Bytes     : 10902532096.0000
2025-11-22 15:40:14,550 - INFO - Disk Read Bytes          : 0.0000
2025-11-22 15:40:14,550 - INFO - Disk Write Bytes         : 131072.0000
2025-11-22 15:40:14,550 - INFO - Vram Peak Usage Bytes    : 2760595268.0000
2025-11-22 15:40:14,550 - INFO - Gpu Power Watts Avg      : 181.0764
2025-11-22 15:40:14,550 - INFO - Gpu Power Watts Peak     : 304.9720
2025-11-22 15:40:14,550 - INFO - Gpu Temp Celsius Avg     : 54.7500
2025-11-22 15:40:14,550 - INFO - Gpu Temp Celsius Peak    : 60.0000
2025-11-22 15:40:14,550 - INFO - Gpu Utilization Percent Avg: 49.1786
2025-11-22 15:40:14,550 - INFO - Gpu Utilization Percent Peak: 100.0000
2025-11-22 15:40:14,550 - INFO - Gpu Mem Used Bytes Avg   : 20236664832.0000
2025-11-22 15:40:14,550 - INFO - Gpu Mem Used Bytes Peak  : 20236664832.0000
2025-11-22 15:40:14,550 - INFO - Gpu Vram Used Bytes      : 20236664832.0000
2025-11-22 15:40:14,550 - INFO - Accuracy                 : 0.5900
2025-11-22 15:40:14,550 - INFO - Precision                : 0.5874
2025-11-22 15:40:14,550 - INFO - Recall                   : 0.5900
2025-11-22 15:40:14,550 - INFO - F1 Score                 : 0.5847
2025-11-22 15:40:14,550 - INFO - ==================================================
2025-11-22 15:41:10,126 - INFO - Época 66 concluída. Loss média: 2.5230
2025-11-22 15:41:10,126 - INFO - Taxa de aprendizado ajustada para: 0.001000
2025-11-22 15:41:10,130 - INFO - Iniciando inferência com o modelo EfficientNetB0...
2025-11-22 15:41:13,002 - INFO - ==================================================
2025-11-22 15:41:13,002 - INFO - EXPERIMENT RESULTS
2025-11-22 15:41:13,002 - INFO - ==================================================
2025-11-22 15:41:13,002 - INFO - Elapsed Time Seconds     : 2.8502
2025-11-22 15:41:13,002 - INFO - Cpu Usage Percent        : 3.1469
2025-11-22 15:41:13,002 - INFO - Ram Peak Usage Bytes     : 10902568960.0000
2025-11-22 15:41:13,002 - INFO - Disk Read Bytes          : 0.0000
2025-11-22 15:41:13,002 - INFO - Disk Write Bytes         : 0.0000
2025-11-22 15:41:13,002 - INFO - Vram Peak Usage Bytes    : 2760595268.0000
2025-11-22 15:41:13,002 - INFO - Gpu Power Watts Avg      : 178.8532
2025-11-22 15:41:13,002 - INFO - Gpu Power Watts Peak     : 306.4690
2025-11-22 15:41:13,002 - INFO - Gpu Temp Celsius Avg     : 54.4286
2025-11-22 15:41:13,002 - INFO - Gpu Temp Celsius Peak    : 62.0000
2025-11-22 15:41:13,002 - INFO - Gpu Utilization Percent Avg: 48.5000
2025-11-22 15:41:13,002 - INFO - Gpu Utilization Percent Peak: 100.0000
2025-11-22 15:41:13,002 - INFO - Gpu Mem Used Bytes Avg   : 20236664832.0000
2025-11-22 15:41:13,002 - INFO - Gpu Mem Used Bytes Peak  : 20236664832.0000
2025-11-22 15:41:13,002 - INFO - Gpu Vram Used Bytes      : 20236664832.0000
2025-11-22 15:41:13,002 - INFO - Accuracy                 : 0.5939
2025-11-22 15:41:13,002 - INFO - Precision                : 0.5915
2025-11-22 15:41:13,002 - INFO - Recall                   : 0.5939
2025-11-22 15:41:13,003 - INFO - F1 Score                 : 0.5892
2025-11-22 15:41:13,003 - INFO - ==================================================
2025-11-22 15:42:08,237 - INFO - Época 67 concluída. Loss média: 2.5221
2025-11-22 15:42:08,237 - INFO - Taxa de aprendizado ajustada para: 0.001000
2025-11-22 15:42:08,241 - INFO - Iniciando inferência com o modelo EfficientNetB0...
2025-11-22 15:42:11,036 - INFO - ==================================================
2025-11-22 15:42:11,037 - INFO - EXPERIMENT RESULTS
2025-11-22 15:42:11,037 - INFO - ==================================================
2025-11-22 15:42:11,037 - INFO - Elapsed Time Seconds     : 2.7735
2025-11-22 15:42:11,037 - INFO - Cpu Usage Percent        : 3.2656
2025-11-22 15:42:11,037 - INFO - Ram Peak Usage Bytes     : 10902638592.0000
2025-11-22 15:42:11,037 - INFO - Disk Read Bytes          : 0.0000
2025-11-22 15:42:11,037 - INFO - Disk Write Bytes         : 413696.0000
2025-11-22 15:42:11,037 - INFO - Vram Peak Usage Bytes    : 2760595268.0000
2025-11-22 15:42:11,037 - INFO - Gpu Power Watts Avg      : 183.6436
2025-11-22 15:42:11,037 - INFO - Gpu Power Watts Peak     : 309.9270
2025-11-22 15:42:11,037 - INFO - Gpu Temp Celsius Avg     : 55.0000
2025-11-22 15:42:11,037 - INFO - Gpu Temp Celsius Peak    : 62.0000
2025-11-22 15:42:11,037 - INFO - Gpu Utilization Percent Avg: 49.6667
2025-11-22 15:42:11,037 - INFO - Gpu Utilization Percent Peak: 100.0000
2025-11-22 15:42:11,037 - INFO - Gpu Mem Used Bytes Avg   : 20236664832.0000
2025-11-22 15:42:11,037 - INFO - Gpu Mem Used Bytes Peak  : 20236664832.0000
2025-11-22 15:42:11,037 - INFO - Gpu Vram Used Bytes      : 20236664832.0000
2025-11-22 15:42:11,037 - INFO - Accuracy                 : 0.5923
2025-11-22 15:42:11,037 - INFO - Precision                : 0.5903
2025-11-22 15:42:11,037 - INFO - Recall                   : 0.5923
2025-11-22 15:42:11,037 - INFO - F1 Score                 : 0.5873
2025-11-22 15:42:11,037 - INFO - ==================================================
2025-11-22 15:43:04,758 - INFO - Época 68 concluída. Loss média: 2.5174
2025-11-22 15:43:04,758 - INFO - Taxa de aprendizado ajustada para: 0.001000
2025-11-22 15:43:04,762 - INFO - Iniciando inferência com o modelo EfficientNetB0...
2025-11-22 15:43:07,349 - INFO - ==================================================
2025-11-22 15:43:07,349 - INFO - EXPERIMENT RESULTS
2025-11-22 15:43:07,349 - INFO - ==================================================
2025-11-22 15:43:07,349 - INFO - Elapsed Time Seconds     : 2.5648
2025-11-22 15:43:07,349 - INFO - Cpu Usage Percent        : 3.5344
2025-11-22 15:43:07,349 - INFO - Ram Peak Usage Bytes     : 10902671360.0000
2025-11-22 15:43:07,349 - INFO - Disk Read Bytes          : 0.0000
2025-11-22 15:43:07,349 - INFO - Disk Write Bytes         : 417792.0000
2025-11-22 15:43:07,349 - INFO - Vram Peak Usage Bytes    : 2760595268.0000
2025-11-22 15:43:07,349 - INFO - Gpu Power Watts Avg      : 195.2794
2025-11-22 15:43:07,349 - INFO - Gpu Power Watts Peak     : 302.3180
2025-11-22 15:43:07,349 - INFO - Gpu Temp Celsius Avg     : 55.7600
2025-11-22 15:43:07,349 - INFO - Gpu Temp Celsius Peak    : 62.0000
2025-11-22 15:43:07,349 - INFO - Gpu Utilization Percent Avg: 57.9200
2025-11-22 15:43:07,349 - INFO - Gpu Utilization Percent Peak: 100.0000
2025-11-22 15:43:07,349 - INFO - Gpu Mem Used Bytes Avg   : 20236664832.0000
2025-11-22 15:43:07,349 - INFO - Gpu Mem Used Bytes Peak  : 20236664832.0000
2025-11-22 15:43:07,349 - INFO - Gpu Vram Used Bytes      : 20236664832.0000
2025-11-22 15:43:07,349 - INFO - Accuracy                 : 0.5918
2025-11-22 15:43:07,349 - INFO - Precision                : 0.5894
2025-11-22 15:43:07,349 - INFO - Recall                   : 0.5918
2025-11-22 15:43:07,349 - INFO - F1 Score                 : 0.5871
2025-11-22 15:43:07,349 - INFO - ==================================================
2025-11-22 15:44:00,884 - INFO - Época 69 concluída. Loss média: 2.5181
2025-11-22 15:44:00,884 - INFO - Taxa de aprendizado ajustada para: 0.001000
2025-11-22 15:44:00,888 - INFO - Iniciando inferência com o modelo EfficientNetB0...
2025-11-22 15:44:03,490 - INFO - ==================================================
2025-11-22 15:44:03,490 - INFO - EXPERIMENT RESULTS
2025-11-22 15:44:03,490 - INFO - ==================================================
2025-11-22 15:44:03,490 - INFO - Elapsed Time Seconds     : 2.5795
2025-11-22 15:44:03,490 - INFO - Cpu Usage Percent        : 3.4531
2025-11-22 15:44:03,490 - INFO - Ram Peak Usage Bytes     : 10903035904.0000
2025-11-22 15:44:03,490 - INFO - Disk Read Bytes          : 0.0000
2025-11-22 15:44:03,490 - INFO - Disk Write Bytes         : 0.0000
2025-11-22 15:44:03,490 - INFO - Vram Peak Usage Bytes    : 2760595268.0000
2025-11-22 15:44:03,490 - INFO - Gpu Power Watts Avg      : 187.5289
2025-11-22 15:44:03,490 - INFO - Gpu Power Watts Peak     : 290.6320
2025-11-22 15:44:03,490 - INFO - Gpu Temp Celsius Avg     : 55.9600
2025-11-22 15:44:03,490 - INFO - Gpu Temp Celsius Peak    : 62.0000
2025-11-22 15:44:03,490 - INFO - Gpu Utilization Percent Avg: 53.0400
2025-11-22 15:44:03,490 - INFO - Gpu Utilization Percent Peak: 100.0000
2025-11-22 15:44:03,490 - INFO - Gpu Mem Used Bytes Avg   : 20236664832.0000
2025-11-22 15:44:03,490 - INFO - Gpu Mem Used Bytes Peak  : 20236664832.0000
2025-11-22 15:44:03,490 - INFO - Gpu Vram Used Bytes      : 20236664832.0000
2025-11-22 15:44:03,490 - INFO - Accuracy                 : 0.5947
2025-11-22 15:44:03,490 - INFO - Precision                : 0.5927
2025-11-22 15:44:03,490 - INFO - Recall                   : 0.5947
2025-11-22 15:44:03,490 - INFO - F1 Score                 : 0.5900
2025-11-22 15:44:03,490 - INFO - ==================================================
2025-11-22 15:44:57,216 - INFO - Época 70 concluída. Loss média: 2.5130
2025-11-22 15:44:57,216 - INFO - Taxa de aprendizado ajustada para: 0.001000
2025-11-22 15:44:57,220 - INFO - Iniciando inferência com o modelo EfficientNetB0...
2025-11-22 15:45:00,037 - INFO - ==================================================
2025-11-22 15:45:00,038 - INFO - EXPERIMENT RESULTS
2025-11-22 15:45:00,038 - INFO - ==================================================
2025-11-22 15:45:00,038 - INFO - Elapsed Time Seconds     : 2.7955
2025-11-22 15:45:00,038 - INFO - Cpu Usage Percent        : 3.3094
2025-11-22 15:45:00,038 - INFO - Ram Peak Usage Bytes     : 10903056384.0000
2025-11-22 15:45:00,038 - INFO - Disk Read Bytes          : 0.0000
2025-11-22 15:45:00,038 - INFO - Disk Write Bytes         : 303104.0000
2025-11-22 15:45:00,038 - INFO - Vram Peak Usage Bytes    : 2760595268.0000
2025-11-22 15:45:00,038 - INFO - Gpu Power Watts Avg      : 185.4236
2025-11-22 15:45:00,038 - INFO - Gpu Power Watts Peak     : 299.8910
2025-11-22 15:45:00,038 - INFO - Gpu Temp Celsius Avg     : 55.3333
2025-11-22 15:45:00,038 - INFO - Gpu Temp Celsius Peak    : 62.0000
2025-11-22 15:45:00,038 - INFO - Gpu Utilization Percent Avg: 52.0370
2025-11-22 15:45:00,038 - INFO - Gpu Utilization Percent Peak: 100.0000
2025-11-22 15:45:00,038 - INFO - Gpu Mem Used Bytes Avg   : 20236664832.0000
2025-11-22 15:45:00,038 - INFO - Gpu Mem Used Bytes Peak  : 20236664832.0000
2025-11-22 15:45:00,038 - INFO - Gpu Vram Used Bytes      : 20236664832.0000
2025-11-22 15:45:00,038 - INFO - Accuracy                 : 0.5950
2025-11-22 15:45:00,038 - INFO - Precision                : 0.5927
2025-11-22 15:45:00,038 - INFO - Recall                   : 0.5950
2025-11-22 15:45:00,038 - INFO - F1 Score                 : 0.5898
2025-11-22 15:45:00,038 - INFO - ==================================================
2025-11-22 15:45:54,126 - INFO - Época 71 concluída. Loss média: 2.5097
2025-11-22 15:45:54,126 - INFO - Taxa de aprendizado ajustada para: 0.001000
2025-11-22 15:45:54,130 - INFO - Iniciando inferência com o modelo EfficientNetB0...
2025-11-22 15:45:56,901 - INFO - ==================================================
2025-11-22 15:45:56,901 - INFO - EXPERIMENT RESULTS
2025-11-22 15:45:56,901 - INFO - ==================================================
2025-11-22 15:45:56,901 - INFO - Elapsed Time Seconds     : 2.7562
2025-11-22 15:45:56,901 - INFO - Cpu Usage Percent        : 3.3094
2025-11-22 15:45:56,901 - INFO - Ram Peak Usage Bytes     : 10903093248.0000
2025-11-22 15:45:56,901 - INFO - Disk Read Bytes          : 0.0000
2025-11-22 15:45:56,901 - INFO - Disk Write Bytes         : 360448.0000
2025-11-22 15:45:56,901 - INFO - Vram Peak Usage Bytes    : 2760595268.0000
2025-11-22 15:45:56,901 - INFO - Gpu Power Watts Avg      : 186.9588
2025-11-22 15:45:56,901 - INFO - Gpu Power Watts Peak     : 301.7230
2025-11-22 15:45:56,901 - INFO - Gpu Temp Celsius Avg     : 55.2593
2025-11-22 15:45:56,901 - INFO - Gpu Temp Celsius Peak    : 61.0000
2025-11-22 15:45:56,901 - INFO - Gpu Utilization Percent Avg: 49.3333
2025-11-22 15:45:56,901 - INFO - Gpu Utilization Percent Peak: 100.0000
2025-11-22 15:45:56,901 - INFO - Gpu Mem Used Bytes Avg   : 20236664832.0000
2025-11-22 15:45:56,901 - INFO - Gpu Mem Used Bytes Peak  : 20236664832.0000
2025-11-22 15:45:56,901 - INFO - Gpu Vram Used Bytes      : 20236664832.0000
2025-11-22 15:45:56,901 - INFO - Accuracy                 : 0.5950
2025-11-22 15:45:56,901 - INFO - Precision                : 0.5934
2025-11-22 15:45:56,901 - INFO - Recall                   : 0.5950
2025-11-22 15:45:56,901 - INFO - F1 Score                 : 0.5902
2025-11-22 15:45:56,901 - INFO - ==================================================
2025-11-22 15:46:50,892 - INFO - Época 72 concluída. Loss média: 2.5093
2025-11-22 15:46:50,892 - INFO - Taxa de aprendizado ajustada para: 0.001000
2025-11-22 15:46:50,894 - INFO - Iniciando inferência com o modelo EfficientNetB0...
2025-11-22 15:46:53,753 - INFO - ==================================================
2025-11-22 15:46:53,753 - INFO - EXPERIMENT RESULTS
2025-11-22 15:46:53,753 - INFO - ==================================================
2025-11-22 15:46:53,753 - INFO - Elapsed Time Seconds     : 2.8378
2025-11-22 15:46:53,753 - INFO - Cpu Usage Percent        : 3.2156
2025-11-22 15:46:53,753 - INFO - Ram Peak Usage Bytes     : 10903138304.0000
2025-11-22 15:46:53,753 - INFO - Disk Read Bytes          : 0.0000
2025-11-22 15:46:53,753 - INFO - Disk Write Bytes         : 471040.0000
2025-11-22 15:46:53,754 - INFO - Vram Peak Usage Bytes    : 2760595268.0000
2025-11-22 15:46:53,754 - INFO - Gpu Power Watts Avg      : 182.6932
2025-11-22 15:46:53,754 - INFO - Gpu Power Watts Peak     : 303.2600
2025-11-22 15:46:53,754 - INFO - Gpu Temp Celsius Avg     : 55.3929
2025-11-22 15:46:53,754 - INFO - Gpu Temp Celsius Peak    : 61.0000
2025-11-22 15:46:53,754 - INFO - Gpu Utilization Percent Avg: 48.4286
2025-11-22 15:46:53,754 - INFO - Gpu Utilization Percent Peak: 100.0000
2025-11-22 15:46:53,754 - INFO - Gpu Mem Used Bytes Avg   : 20236664832.0000
2025-11-22 15:46:53,754 - INFO - Gpu Mem Used Bytes Peak  : 20236664832.0000
2025-11-22 15:46:53,754 - INFO - Gpu Vram Used Bytes      : 20236664832.0000
2025-11-22 15:46:53,754 - INFO - Accuracy                 : 0.5974
2025-11-22 15:46:53,754 - INFO - Precision                : 0.5949
2025-11-22 15:46:53,754 - INFO - Recall                   : 0.5974
2025-11-22 15:46:53,754 - INFO - F1 Score                 : 0.5924
2025-11-22 15:46:53,754 - INFO - ==================================================
2025-11-22 15:47:47,958 - INFO - Época 73 concluída. Loss média: 2.4939
2025-11-22 15:47:47,958 - INFO - Taxa de aprendizado ajustada para: 0.001000
2025-11-22 15:47:47,962 - INFO - Iniciando inferência com o modelo EfficientNetB0...
2025-11-22 15:47:50,726 - INFO - ==================================================
2025-11-22 15:47:50,726 - INFO - EXPERIMENT RESULTS
2025-11-22 15:47:50,726 - INFO - ==================================================
2025-11-22 15:47:50,726 - INFO - Elapsed Time Seconds     : 2.7417
2025-11-22 15:47:50,726 - INFO - Cpu Usage Percent        : 3.2719
2025-11-22 15:47:50,726 - INFO - Ram Peak Usage Bytes     : 10903584768.0000
2025-11-22 15:47:50,726 - INFO - Disk Read Bytes          : 0.0000
2025-11-22 15:47:50,726 - INFO - Disk Write Bytes         : 172032.0000
2025-11-22 15:47:50,726 - INFO - Vram Peak Usage Bytes    : 2760595268.0000
2025-11-22 15:47:50,726 - INFO - Gpu Power Watts Avg      : 181.1185
2025-11-22 15:47:50,726 - INFO - Gpu Power Watts Peak     : 298.6340
2025-11-22 15:47:50,726 - INFO - Gpu Temp Celsius Avg     : 55.5185
2025-11-22 15:47:50,726 - INFO - Gpu Temp Celsius Peak    : 62.0000
2025-11-22 15:47:50,726 - INFO - Gpu Utilization Percent Avg: 49.0741
2025-11-22 15:47:50,727 - INFO - Gpu Utilization Percent Peak: 100.0000
2025-11-22 15:47:50,727 - INFO - Gpu Mem Used Bytes Avg   : 20236664832.0000
2025-11-22 15:47:50,727 - INFO - Gpu Mem Used Bytes Peak  : 20236664832.0000
2025-11-22 15:47:50,727 - INFO - Gpu Vram Used Bytes      : 20236664832.0000
2025-11-22 15:47:50,727 - INFO - Accuracy                 : 0.5951
2025-11-22 15:47:50,727 - INFO - Precision                : 0.5917
2025-11-22 15:47:50,727 - INFO - Recall                   : 0.5951
2025-11-22 15:47:50,727 - INFO - F1 Score                 : 0.5896
2025-11-22 15:47:50,727 - INFO - ==================================================
2025-11-22 15:48:44,772 - INFO - Época 74 concluída. Loss média: 2.5001
2025-11-22 15:48:44,772 - INFO - Taxa de aprendizado ajustada para: 0.001000
2025-11-22 15:48:44,776 - INFO - Iniciando inferência com o modelo EfficientNetB0...
2025-11-22 15:48:49,211 - INFO - ==================================================
2025-11-22 15:48:49,211 - INFO - EXPERIMENT RESULTS
2025-11-22 15:48:49,211 - INFO - ==================================================
2025-11-22 15:48:49,211 - INFO - Elapsed Time Seconds     : 4.4127
2025-11-22 15:48:49,211 - INFO - Cpu Usage Percent        : 2.6187
2025-11-22 15:48:49,211 - INFO - Ram Peak Usage Bytes     : 10903588864.0000
2025-11-22 15:48:49,211 - INFO - Disk Read Bytes          : 0.0000
2025-11-22 15:48:49,211 - INFO - Disk Write Bytes         : 180224.0000
2025-11-22 15:48:49,211 - INFO - Vram Peak Usage Bytes    : 2760595268.0000
2025-11-22 15:48:49,211 - INFO - Gpu Power Watts Avg      : 170.4688
2025-11-22 15:48:49,212 - INFO - Gpu Power Watts Peak     : 304.3650
2025-11-22 15:48:49,212 - INFO - Gpu Temp Celsius Avg     : 52.9302
2025-11-22 15:48:49,212 - INFO - Gpu Temp Celsius Peak    : 60.0000
2025-11-22 15:48:49,212 - INFO - Gpu Utilization Percent Avg: 34.8140
2025-11-22 15:48:49,212 - INFO - Gpu Utilization Percent Peak: 100.0000
2025-11-22 15:48:49,212 - INFO - Gpu Mem Used Bytes Avg   : 20236664832.0000
2025-11-22 15:48:49,212 - INFO - Gpu Mem Used Bytes Peak  : 20236664832.0000
2025-11-22 15:48:49,212 - INFO - Gpu Vram Used Bytes      : 20236664832.0000
2025-11-22 15:48:49,212 - INFO - Accuracy                 : 0.5953
2025-11-22 15:48:49,212 - INFO - Precision                : 0.5939
2025-11-22 15:48:49,212 - INFO - Recall                   : 0.5953
2025-11-22 15:48:49,212 - INFO - F1 Score                 : 0.5906
2025-11-22 15:48:49,212 - INFO - ==================================================
2025-11-22 15:49:42,507 - INFO - Época 75 concluída. Loss média: 2.4970
2025-11-22 15:49:42,507 - INFO - Taxa de aprendizado ajustada para: 0.001000
2025-11-22 15:49:42,508 - INFO - Iniciando inferência com o modelo EfficientNetB0...
2025-11-22 15:49:45,767 - INFO - ==================================================
2025-11-22 15:49:45,768 - INFO - EXPERIMENT RESULTS
2025-11-22 15:49:45,768 - INFO - ==================================================
2025-11-22 15:49:45,768 - INFO - Elapsed Time Seconds     : 3.2374
2025-11-22 15:49:45,768 - INFO - Cpu Usage Percent        : 3.5031
2025-11-22 15:49:45,768 - INFO - Ram Peak Usage Bytes     : 10903592960.0000
2025-11-22 15:49:45,768 - INFO - Disk Read Bytes          : 0.0000
2025-11-22 15:49:45,768 - INFO - Disk Write Bytes         : 442368.0000
2025-11-22 15:49:45,768 - INFO - Vram Peak Usage Bytes    : 2760595268.0000
2025-11-22 15:49:45,768 - INFO - Gpu Power Watts Avg      : 165.9218
2025-11-22 15:49:45,768 - INFO - Gpu Power Watts Peak     : 298.0760
2025-11-22 15:49:45,768 - INFO - Gpu Temp Celsius Avg     : 54.2812
2025-11-22 15:49:45,768 - INFO - Gpu Temp Celsius Peak    : 61.0000
2025-11-22 15:49:45,768 - INFO - Gpu Utilization Percent Avg: 42.6562
2025-11-22 15:49:45,768 - INFO - Gpu Utilization Percent Peak: 100.0000
2025-11-22 15:49:45,768 - INFO - Gpu Mem Used Bytes Avg   : 20236664832.0000
2025-11-22 15:49:45,768 - INFO - Gpu Mem Used Bytes Peak  : 20236664832.0000
2025-11-22 15:49:45,768 - INFO - Gpu Vram Used Bytes      : 20236664832.0000
2025-11-22 15:49:45,768 - INFO - Accuracy                 : 0.5957
2025-11-22 15:49:45,768 - INFO - Precision                : 0.5944
2025-11-22 15:49:45,768 - INFO - Recall                   : 0.5957
2025-11-22 15:49:45,768 - INFO - F1 Score                 : 0.5908
2025-11-22 15:49:45,768 - INFO - ==================================================
2025-11-22 15:50:39,589 - INFO - Época 76 concluída. Loss média: 2.4970
2025-11-22 15:50:39,589 - INFO - Taxa de aprendizado ajustada para: 0.001000
2025-11-22 15:50:39,593 - INFO - Iniciando inferência com o modelo EfficientNetB0...
2025-11-22 15:50:42,384 - INFO - ==================================================
2025-11-22 15:50:42,384 - INFO - EXPERIMENT RESULTS
2025-11-22 15:50:42,384 - INFO - ==================================================
2025-11-22 15:50:42,384 - INFO - Elapsed Time Seconds     : 2.7694
2025-11-22 15:50:42,384 - INFO - Cpu Usage Percent        : 3.2375
2025-11-22 15:50:42,384 - INFO - Ram Peak Usage Bytes     : 10903597056.0000
2025-11-22 15:50:42,384 - INFO - Disk Read Bytes          : 0.0000
2025-11-22 15:50:42,385 - INFO - Disk Write Bytes         : 589824.0000
2025-11-22 15:50:42,385 - INFO - Vram Peak Usage Bytes    : 2760595268.0000
2025-11-22 15:50:42,385 - INFO - Gpu Power Watts Avg      : 186.1894
2025-11-22 15:50:42,385 - INFO - Gpu Power Watts Peak     : 297.8910
2025-11-22 15:50:42,385 - INFO - Gpu Temp Celsius Avg     : 55.1111
2025-11-22 15:50:42,385 - INFO - Gpu Temp Celsius Peak    : 62.0000
2025-11-22 15:50:42,385 - INFO - Gpu Utilization Percent Avg: 50.3704
2025-11-22 15:50:42,385 - INFO - Gpu Utilization Percent Peak: 100.0000
2025-11-22 15:50:42,385 - INFO - Gpu Mem Used Bytes Avg   : 20236664832.0000
2025-11-22 15:50:42,385 - INFO - Gpu Mem Used Bytes Peak  : 20236664832.0000
2025-11-22 15:50:42,385 - INFO - Gpu Vram Used Bytes      : 20236664832.0000
2025-11-22 15:50:42,385 - INFO - Accuracy                 : 0.5973
2025-11-22 15:50:42,385 - INFO - Precision                : 0.5966
2025-11-22 15:50:42,385 - INFO - Recall                   : 0.5973
2025-11-22 15:50:42,385 - INFO - F1 Score                 : 0.5927
2025-11-22 15:50:42,385 - INFO - ==================================================
2025-11-22 15:51:36,108 - INFO - Época 77 concluída. Loss média: 2.4936
2025-11-22 15:51:36,108 - INFO - Taxa de aprendizado ajustada para: 0.001000
2025-11-22 15:51:36,112 - INFO - Iniciando inferência com o modelo EfficientNetB0...
2025-11-22 15:51:39,425 - INFO - ==================================================
2025-11-22 15:51:39,425 - INFO - EXPERIMENT RESULTS
2025-11-22 15:51:39,425 - INFO - ==================================================
2025-11-22 15:51:39,425 - INFO - Elapsed Time Seconds     : 3.2902
2025-11-22 15:51:39,425 - INFO - Cpu Usage Percent        : 3.5219
2025-11-22 15:51:39,425 - INFO - Ram Peak Usage Bytes     : 10903601152.0000
2025-11-22 15:51:39,425 - INFO - Disk Read Bytes          : 0.0000
2025-11-22 15:51:39,425 - INFO - Disk Write Bytes         : 8192.0000
2025-11-22 15:51:39,425 - INFO - Vram Peak Usage Bytes    : 2760595268.0000
2025-11-22 15:51:39,425 - INFO - Gpu Power Watts Avg      : 164.2591
2025-11-22 15:51:39,425 - INFO - Gpu Power Watts Peak     : 301.8890
2025-11-22 15:51:39,425 - INFO - Gpu Temp Celsius Avg     : 54.0312
2025-11-22 15:51:39,425 - INFO - Gpu Temp Celsius Peak    : 62.0000
2025-11-22 15:51:39,425 - INFO - Gpu Utilization Percent Avg: 41.5938
2025-11-22 15:51:39,425 - INFO - Gpu Utilization Percent Peak: 100.0000
2025-11-22 15:51:39,425 - INFO - Gpu Mem Used Bytes Avg   : 20236664832.0000
2025-11-22 15:51:39,425 - INFO - Gpu Mem Used Bytes Peak  : 20236664832.0000
2025-11-22 15:51:39,425 - INFO - Gpu Vram Used Bytes      : 20236664832.0000
2025-11-22 15:51:39,425 - INFO - Accuracy                 : 0.5958
2025-11-22 15:51:39,425 - INFO - Precision                : 0.5935
2025-11-22 15:51:39,425 - INFO - Recall                   : 0.5958
2025-11-22 15:51:39,425 - INFO - F1 Score                 : 0.5909
2025-11-22 15:51:39,425 - INFO - ==================================================
2025-11-22 15:52:36,447 - INFO - Época 78 concluída. Loss média: 2.4890
2025-11-22 15:52:36,447 - INFO - Taxa de aprendizado ajustada para: 0.001000
2025-11-22 15:52:36,451 - INFO - Iniciando inferência com o modelo EfficientNetB0...
2025-11-22 15:52:39,226 - INFO - ==================================================
2025-11-22 15:52:39,226 - INFO - EXPERIMENT RESULTS
2025-11-22 15:52:39,226 - INFO - ==================================================
2025-11-22 15:52:39,226 - INFO - Elapsed Time Seconds     : 2.7533
2025-11-22 15:52:39,226 - INFO - Cpu Usage Percent        : 3.3250
2025-11-22 15:52:39,226 - INFO - Ram Peak Usage Bytes     : 10903605248.0000
2025-11-22 15:52:39,226 - INFO - Disk Read Bytes          : 0.0000
2025-11-22 15:52:39,226 - INFO - Disk Write Bytes         : 0.0000
2025-11-22 15:52:39,226 - INFO - Vram Peak Usage Bytes    : 2760595268.0000
2025-11-22 15:52:39,226 - INFO - Gpu Power Watts Avg      : 187.1540
2025-11-22 15:52:39,226 - INFO - Gpu Power Watts Peak     : 292.7440
2025-11-22 15:52:39,226 - INFO - Gpu Temp Celsius Avg     : 55.0000
2025-11-22 15:52:39,226 - INFO - Gpu Temp Celsius Peak    : 61.0000
2025-11-22 15:52:39,226 - INFO - Gpu Utilization Percent Avg: 50.8519
2025-11-22 15:52:39,226 - INFO - Gpu Utilization Percent Peak: 100.0000
2025-11-22 15:52:39,226 - INFO - Gpu Mem Used Bytes Avg   : 20236664832.0000
2025-11-22 15:52:39,227 - INFO - Gpu Mem Used Bytes Peak  : 20236664832.0000
2025-11-22 15:52:39,227 - INFO - Gpu Vram Used Bytes      : 20236664832.0000
2025-11-22 15:52:39,227 - INFO - Accuracy                 : 0.5948
2025-11-22 15:52:39,227 - INFO - Precision                : 0.5919
2025-11-22 15:52:39,227 - INFO - Recall                   : 0.5948
2025-11-22 15:52:39,227 - INFO - F1 Score                 : 0.5895
2025-11-22 15:52:39,227 - INFO - ==================================================
2025-11-22 15:53:33,299 - INFO - Época 79 concluída. Loss média: 2.4928
2025-11-22 15:53:33,299 - INFO - Taxa de aprendizado ajustada para: 0.001000
2025-11-22 15:53:33,303 - INFO - Iniciando inferência com o modelo EfficientNetB0...
2025-11-22 15:53:36,582 - INFO - ==================================================
2025-11-22 15:53:36,582 - INFO - EXPERIMENT RESULTS
2025-11-22 15:53:36,582 - INFO - ==================================================
2025-11-22 15:53:36,582 - INFO - Elapsed Time Seconds     : 3.2570
2025-11-22 15:53:36,582 - INFO - Cpu Usage Percent        : 3.5500
2025-11-22 15:53:36,582 - INFO - Ram Peak Usage Bytes     : 10903605248.0000
2025-11-22 15:53:36,582 - INFO - Disk Read Bytes          : 0.0000
2025-11-22 15:53:36,582 - INFO - Disk Write Bytes         : 151552.0000
2025-11-22 15:53:36,582 - INFO - Vram Peak Usage Bytes    : 2760595268.0000
2025-11-22 15:53:36,582 - INFO - Gpu Power Watts Avg      : 168.4178
2025-11-22 15:53:36,582 - INFO - Gpu Power Watts Peak     : 303.7380
2025-11-22 15:53:36,582 - INFO - Gpu Temp Celsius Avg     : 54.1562
2025-11-22 15:53:36,582 - INFO - Gpu Temp Celsius Peak    : 62.0000
2025-11-22 15:53:36,582 - INFO - Gpu Utilization Percent Avg: 43.6562
2025-11-22 15:53:36,582 - INFO - Gpu Utilization Percent Peak: 100.0000
2025-11-22 15:53:36,582 - INFO - Gpu Mem Used Bytes Avg   : 20236664832.0000
2025-11-22 15:53:36,582 - INFO - Gpu Mem Used Bytes Peak  : 20236664832.0000
2025-11-22 15:53:36,582 - INFO - Gpu Vram Used Bytes      : 20236664832.0000
2025-11-22 15:53:36,582 - INFO - Accuracy                 : 0.5986
2025-11-22 15:53:36,582 - INFO - Precision                : 0.5983
2025-11-22 15:53:36,582 - INFO - Recall                   : 0.5986
2025-11-22 15:53:36,582 - INFO - F1 Score                 : 0.5946
2025-11-22 15:53:36,582 - INFO - ==================================================
2025-11-22 15:54:30,255 - INFO - Época 80 concluída. Loss média: 2.4865
2025-11-22 15:54:30,255 - INFO - Taxa de aprendizado ajustada para: 0.001000
2025-11-22 15:54:30,259 - INFO - Iniciando inferência com o modelo EfficientNetB0...
2025-11-22 15:54:33,046 - INFO - ==================================================
2025-11-22 15:54:33,046 - INFO - EXPERIMENT RESULTS
2025-11-22 15:54:33,046 - INFO - ==================================================
2025-11-22 15:54:33,046 - INFO - Elapsed Time Seconds     : 2.7645
2025-11-22 15:54:33,046 - INFO - Cpu Usage Percent        : 3.1875
2025-11-22 15:54:33,046 - INFO - Ram Peak Usage Bytes     : 10903605248.0000
2025-11-22 15:54:33,046 - INFO - Disk Read Bytes          : 0.0000
2025-11-22 15:54:33,046 - INFO - Disk Write Bytes         : 0.0000
2025-11-22 15:54:33,046 - INFO - Vram Peak Usage Bytes    : 2760595268.0000
2025-11-22 15:54:33,046 - INFO - Gpu Power Watts Avg      : 184.8806
2025-11-22 15:54:33,046 - INFO - Gpu Power Watts Peak     : 308.3340
2025-11-22 15:54:33,046 - INFO - Gpu Temp Celsius Avg     : 55.4444
2025-11-22 15:54:33,046 - INFO - Gpu Temp Celsius Peak    : 62.0000
2025-11-22 15:54:33,046 - INFO - Gpu Utilization Percent Avg: 52.1111
2025-11-22 15:54:33,046 - INFO - Gpu Utilization Percent Peak: 100.0000
2025-11-22 15:54:33,046 - INFO - Gpu Mem Used Bytes Avg   : 20236664832.0000
2025-11-22 15:54:33,046 - INFO - Gpu Mem Used Bytes Peak  : 20236664832.0000
2025-11-22 15:54:33,046 - INFO - Gpu Vram Used Bytes      : 20236664832.0000
2025-11-22 15:54:33,046 - INFO - Accuracy                 : 0.5960
2025-11-22 15:54:33,046 - INFO - Precision                : 0.5941
2025-11-22 15:54:33,046 - INFO - Recall                   : 0.5960
2025-11-22 15:54:33,046 - INFO - F1 Score                 : 0.5907
2025-11-22 15:54:33,046 - INFO - ==================================================
2025-11-22 15:55:26,787 - INFO - Época 81 concluída. Loss média: 2.4862
2025-11-22 15:55:26,787 - INFO - Taxa de aprendizado ajustada para: 0.001000
2025-11-22 15:55:26,791 - INFO - Iniciando inferência com o modelo EfficientNetB0...
2025-11-22 15:55:29,461 - INFO - ==================================================
2025-11-22 15:55:29,461 - INFO - EXPERIMENT RESULTS
2025-11-22 15:55:29,461 - INFO - ==================================================
2025-11-22 15:55:29,461 - INFO - Elapsed Time Seconds     : 2.6474
2025-11-22 15:55:29,461 - INFO - Cpu Usage Percent        : 3.3750
2025-11-22 15:55:29,461 - INFO - Ram Peak Usage Bytes     : 10903605248.0000
2025-11-22 15:55:29,461 - INFO - Disk Read Bytes          : 0.0000
2025-11-22 15:55:29,461 - INFO - Disk Write Bytes         : 290816.0000
2025-11-22 15:55:29,461 - INFO - Vram Peak Usage Bytes    : 2760595268.0000
2025-11-22 15:55:29,461 - INFO - Gpu Power Watts Avg      : 188.5566
2025-11-22 15:55:29,461 - INFO - Gpu Power Watts Peak     : 290.9850
2025-11-22 15:55:29,461 - INFO - Gpu Temp Celsius Avg     : 55.5000
2025-11-22 15:55:29,461 - INFO - Gpu Temp Celsius Peak    : 61.0000
2025-11-22 15:55:29,461 - INFO - Gpu Utilization Percent Avg: 51.8077
2025-11-22 15:55:29,461 - INFO - Gpu Utilization Percent Peak: 100.0000
2025-11-22 15:55:29,461 - INFO - Gpu Mem Used Bytes Avg   : 20236664832.0000
2025-11-22 15:55:29,461 - INFO - Gpu Mem Used Bytes Peak  : 20236664832.0000
2025-11-22 15:55:29,461 - INFO - Gpu Vram Used Bytes      : 20236664832.0000
2025-11-22 15:55:29,461 - INFO - Accuracy                 : 0.5960
2025-11-22 15:55:29,461 - INFO - Precision                : 0.5929
2025-11-22 15:55:29,461 - INFO - Recall                   : 0.5960
2025-11-22 15:55:29,461 - INFO - F1 Score                 : 0.5907
2025-11-22 15:55:29,461 - INFO - ==================================================
2025-11-22 15:56:23,138 - INFO - Época 82 concluída. Loss média: 2.4824
2025-11-22 15:56:23,138 - INFO - Taxa de aprendizado ajustada para: 0.001000
2025-11-22 15:56:23,142 - INFO - Iniciando inferência com o modelo EfficientNetB0...
2025-11-22 15:56:25,927 - INFO - ==================================================
2025-11-22 15:56:25,928 - INFO - EXPERIMENT RESULTS
2025-11-22 15:56:25,928 - INFO - ==================================================
2025-11-22 15:56:25,928 - INFO - Elapsed Time Seconds     : 2.7629
2025-11-22 15:56:25,928 - INFO - Cpu Usage Percent        : 3.3469
2025-11-22 15:56:25,928 - INFO - Ram Peak Usage Bytes     : 10903621632.0000
2025-11-22 15:56:25,928 - INFO - Disk Read Bytes          : 0.0000
2025-11-22 15:56:25,928 - INFO - Disk Write Bytes         : 204800.0000
2025-11-22 15:56:25,928 - INFO - Vram Peak Usage Bytes    : 2760595268.0000
2025-11-22 15:56:25,928 - INFO - Gpu Power Watts Avg      : 185.3704
2025-11-22 15:56:25,928 - INFO - Gpu Power Watts Peak     : 302.8040
2025-11-22 15:56:25,928 - INFO - Gpu Temp Celsius Avg     : 55.4074
2025-11-22 15:56:25,928 - INFO - Gpu Temp Celsius Peak    : 62.0000
2025-11-22 15:56:25,928 - INFO - Gpu Utilization Percent Avg: 49.7407
2025-11-22 15:56:25,928 - INFO - Gpu Utilization Percent Peak: 100.0000
2025-11-22 15:56:25,928 - INFO - Gpu Mem Used Bytes Avg   : 20236664832.0000
2025-11-22 15:56:25,928 - INFO - Gpu Mem Used Bytes Peak  : 20236664832.0000
2025-11-22 15:56:25,928 - INFO - Gpu Vram Used Bytes      : 20236664832.0000
2025-11-22 15:56:25,928 - INFO - Accuracy                 : 0.5948
2025-11-22 15:56:25,928 - INFO - Precision                : 0.5934
2025-11-22 15:56:25,928 - INFO - Recall                   : 0.5948
2025-11-22 15:56:25,928 - INFO - F1 Score                 : 0.5901
2025-11-22 15:56:25,928 - INFO - ==================================================
2025-11-22 15:57:19,295 - INFO - Época 83 concluída. Loss média: 2.4856
2025-11-22 15:57:19,296 - INFO - Taxa de aprendizado ajustada para: 0.001000
2025-11-22 15:57:19,300 - INFO - Iniciando inferência com o modelo EfficientNetB0...
2025-11-22 15:57:22,110 - INFO - ==================================================
2025-11-22 15:57:22,110 - INFO - EXPERIMENT RESULTS
2025-11-22 15:57:22,110 - INFO - ==================================================
2025-11-22 15:57:22,110 - INFO - Elapsed Time Seconds     : 2.7886
2025-11-22 15:57:22,110 - INFO - Cpu Usage Percent        : 3.2156
2025-11-22 15:57:22,110 - INFO - Ram Peak Usage Bytes     : 10903605248.0000
2025-11-22 15:57:22,110 - INFO - Disk Read Bytes          : 0.0000
2025-11-22 15:57:22,110 - INFO - Disk Write Bytes         : 225280.0000
2025-11-22 15:57:22,111 - INFO - Vram Peak Usage Bytes    : 2760595268.0000
2025-11-22 15:57:22,111 - INFO - Gpu Power Watts Avg      : 188.7235
2025-11-22 15:57:22,111 - INFO - Gpu Power Watts Peak     : 300.6460
2025-11-22 15:57:22,111 - INFO - Gpu Temp Celsius Avg     : 55.4074
2025-11-22 15:57:22,111 - INFO - Gpu Temp Celsius Peak    : 61.0000
2025-11-22 15:57:22,111 - INFO - Gpu Utilization Percent Avg: 50.3704
2025-11-22 15:57:22,111 - INFO - Gpu Utilization Percent Peak: 100.0000
2025-11-22 15:57:22,111 - INFO - Gpu Mem Used Bytes Avg   : 20236664832.0000
2025-11-22 15:57:22,111 - INFO - Gpu Mem Used Bytes Peak  : 20236664832.0000
2025-11-22 15:57:22,111 - INFO - Gpu Vram Used Bytes      : 20236664832.0000
2025-11-22 15:57:22,111 - INFO - Accuracy                 : 0.5973
2025-11-22 15:57:22,111 - INFO - Precision                : 0.5947
2025-11-22 15:57:22,111 - INFO - Recall                   : 0.5973
2025-11-22 15:57:22,111 - INFO - F1 Score                 : 0.5922
2025-11-22 15:57:22,111 - INFO - ==================================================
2025-11-22 15:58:15,303 - INFO - Época 84 concluída. Loss média: 2.4807
2025-11-22 15:58:15,303 - INFO - Taxa de aprendizado ajustada para: 0.001000
2025-11-22 15:58:15,307 - INFO - Iniciando inferência com o modelo EfficientNetB0...
2025-11-22 15:58:18,103 - INFO - ==================================================
2025-11-22 15:58:18,103 - INFO - EXPERIMENT RESULTS
2025-11-22 15:58:18,103 - INFO - ==================================================
2025-11-22 15:58:18,103 - INFO - Elapsed Time Seconds     : 2.7738
2025-11-22 15:58:18,103 - INFO - Cpu Usage Percent        : 3.2781
2025-11-22 15:58:18,103 - INFO - Ram Peak Usage Bytes     : 10903609344.0000
2025-11-22 15:58:18,103 - INFO - Disk Read Bytes          : 0.0000
2025-11-22 15:58:18,103 - INFO - Disk Write Bytes         : 4096.0000
2025-11-22 15:58:18,103 - INFO - Vram Peak Usage Bytes    : 2760595268.0000
2025-11-22 15:58:18,103 - INFO - Gpu Power Watts Avg      : 185.6043
2025-11-22 15:58:18,103 - INFO - Gpu Power Watts Peak     : 303.1420
2025-11-22 15:58:18,103 - INFO - Gpu Temp Celsius Avg     : 55.4074
2025-11-22 15:58:18,103 - INFO - Gpu Temp Celsius Peak    : 63.0000
2025-11-22 15:58:18,103 - INFO - Gpu Utilization Percent Avg: 49.9630
2025-11-22 15:58:18,103 - INFO - Gpu Utilization Percent Peak: 100.0000
2025-11-22 15:58:18,103 - INFO - Gpu Mem Used Bytes Avg   : 20236664832.0000
2025-11-22 15:58:18,103 - INFO - Gpu Mem Used Bytes Peak  : 20236664832.0000
2025-11-22 15:58:18,103 - INFO - Gpu Vram Used Bytes      : 20236664832.0000
2025-11-22 15:58:18,103 - INFO - Accuracy                 : 0.5963
2025-11-22 15:58:18,103 - INFO - Precision                : 0.5959
2025-11-22 15:58:18,103 - INFO - Recall                   : 0.5963
2025-11-22 15:58:18,103 - INFO - F1 Score                 : 0.5923
2025-11-22 15:58:18,103 - INFO - ==================================================
2025-11-22 15:59:11,694 - INFO - Época 85 concluída. Loss média: 2.4746
2025-11-22 15:59:11,694 - INFO - Taxa de aprendizado ajustada para: 0.001000
2025-11-22 15:59:11,698 - INFO - Iniciando inferência com o modelo EfficientNetB0...
2025-11-22 15:59:14,607 - INFO - ==================================================
2025-11-22 15:59:14,608 - INFO - EXPERIMENT RESULTS
2025-11-22 15:59:14,608 - INFO - ==================================================
2025-11-22 15:59:14,608 - INFO - Elapsed Time Seconds     : 2.8875
2025-11-22 15:59:14,608 - INFO - Cpu Usage Percent        : 3.1281
2025-11-22 15:59:14,608 - INFO - Ram Peak Usage Bytes     : 10903642112.0000
2025-11-22 15:59:14,608 - INFO - Disk Read Bytes          : 0.0000
2025-11-22 15:59:14,608 - INFO - Disk Write Bytes         : 0.0000
2025-11-22 15:59:14,608 - INFO - Vram Peak Usage Bytes    : 2760595268.0000
2025-11-22 15:59:14,608 - INFO - Gpu Power Watts Avg      : 172.7676
2025-11-22 15:59:14,608 - INFO - Gpu Power Watts Peak     : 306.2560
2025-11-22 15:59:14,608 - INFO - Gpu Temp Celsius Avg     : 54.8571
2025-11-22 15:59:14,608 - INFO - Gpu Temp Celsius Peak    : 62.0000
2025-11-22 15:59:14,608 - INFO - Gpu Utilization Percent Avg: 45.2500
2025-11-22 15:59:14,608 - INFO - Gpu Utilization Percent Peak: 100.0000
2025-11-22 15:59:14,608 - INFO - Gpu Mem Used Bytes Avg   : 20236664832.0000
2025-11-22 15:59:14,608 - INFO - Gpu Mem Used Bytes Peak  : 20236664832.0000
2025-11-22 15:59:14,608 - INFO - Gpu Vram Used Bytes      : 20236664832.0000
2025-11-22 15:59:14,608 - INFO - Accuracy                 : 0.5954
2025-11-22 15:59:14,608 - INFO - Precision                : 0.5938
2025-11-22 15:59:14,608 - INFO - Recall                   : 0.5954
2025-11-22 15:59:14,608 - INFO - F1 Score                 : 0.5909
2025-11-22 15:59:14,608 - INFO - ==================================================
2025-11-22 16:00:10,130 - INFO - Época 86 concluída. Loss média: 2.4762
2025-11-22 16:00:10,131 - INFO - Taxa de aprendizado ajustada para: 0.001000
2025-11-22 16:00:10,135 - INFO - Iniciando inferência com o modelo EfficientNetB0...
2025-11-22 16:00:12,948 - INFO - ==================================================
2025-11-22 16:00:12,948 - INFO - EXPERIMENT RESULTS
2025-11-22 16:00:12,948 - INFO - ==================================================
2025-11-22 16:00:12,948 - INFO - Elapsed Time Seconds     : 2.7910
2025-11-22 16:00:12,948 - INFO - Cpu Usage Percent        : 3.2250
2025-11-22 16:00:12,948 - INFO - Ram Peak Usage Bytes     : 10903678976.0000
2025-11-22 16:00:12,948 - INFO - Disk Read Bytes          : 0.0000
2025-11-22 16:00:12,948 - INFO - Disk Write Bytes         : 434176.0000
2025-11-22 16:00:12,948 - INFO - Vram Peak Usage Bytes    : 2760595268.0000
2025-11-22 16:00:12,948 - INFO - Gpu Power Watts Avg      : 191.5666
2025-11-22 16:00:12,948 - INFO - Gpu Power Watts Peak     : 308.0520
2025-11-22 16:00:12,948 - INFO - Gpu Temp Celsius Avg     : 54.3704
2025-11-22 16:00:12,948 - INFO - Gpu Temp Celsius Peak    : 60.0000
2025-11-22 16:00:12,948 - INFO - Gpu Utilization Percent Avg: 51.0000
2025-11-22 16:00:12,948 - INFO - Gpu Utilization Percent Peak: 100.0000
2025-11-22 16:00:12,948 - INFO - Gpu Mem Used Bytes Avg   : 20236664832.0000
2025-11-22 16:00:12,948 - INFO - Gpu Mem Used Bytes Peak  : 20236664832.0000
2025-11-22 16:00:12,948 - INFO - Gpu Vram Used Bytes      : 20236664832.0000
2025-11-22 16:00:12,948 - INFO - Accuracy                 : 0.5949
2025-11-22 16:00:12,948 - INFO - Precision                : 0.5930
2025-11-22 16:00:12,948 - INFO - Recall                   : 0.5949
2025-11-22 16:00:12,948 - INFO - F1 Score                 : 0.5901
2025-11-22 16:00:12,948 - INFO - ==================================================
2025-11-22 16:01:06,381 - INFO - Época 87 concluída. Loss média: 2.4797
2025-11-22 16:01:06,382 - INFO - Taxa de aprendizado ajustada para: 0.001000
2025-11-22 16:01:06,385 - INFO - Iniciando inferência com o modelo EfficientNetB0...
2025-11-22 16:01:09,276 - INFO - ==================================================
2025-11-22 16:01:09,276 - INFO - EXPERIMENT RESULTS
2025-11-22 16:01:09,276 - INFO - ==================================================
2025-11-22 16:01:09,276 - INFO - Elapsed Time Seconds     : 2.8687
2025-11-22 16:01:09,276 - INFO - Cpu Usage Percent        : 3.2125
2025-11-22 16:01:09,276 - INFO - Ram Peak Usage Bytes     : 10903740416.0000
2025-11-22 16:01:09,276 - INFO - Disk Read Bytes          : 0.0000
2025-11-22 16:01:09,276 - INFO - Disk Write Bytes         : 278528.0000
2025-11-22 16:01:09,276 - INFO - Vram Peak Usage Bytes    : 2760595268.0000
2025-11-22 16:01:09,277 - INFO - Gpu Power Watts Avg      : 178.4172
2025-11-22 16:01:09,277 - INFO - Gpu Power Watts Peak     : 307.9110
2025-11-22 16:01:09,277 - INFO - Gpu Temp Celsius Avg     : 54.5000
2025-11-22 16:01:09,277 - INFO - Gpu Temp Celsius Peak    : 61.0000
2025-11-22 16:01:09,277 - INFO - Gpu Utilization Percent Avg: 47.5000
2025-11-22 16:01:09,277 - INFO - Gpu Utilization Percent Peak: 100.0000
2025-11-22 16:01:09,277 - INFO - Gpu Mem Used Bytes Avg   : 20236664832.0000
2025-11-22 16:01:09,277 - INFO - Gpu Mem Used Bytes Peak  : 20236664832.0000
2025-11-22 16:01:09,277 - INFO - Gpu Vram Used Bytes      : 20236664832.0000
2025-11-22 16:01:09,277 - INFO - Accuracy                 : 0.5955
2025-11-22 16:01:09,277 - INFO - Precision                : 0.5945
2025-11-22 16:01:09,277 - INFO - Recall                   : 0.5955
2025-11-22 16:01:09,277 - INFO - F1 Score                 : 0.5909
2025-11-22 16:01:09,277 - INFO - ==================================================
2025-11-22 16:02:02,861 - INFO - Época 88 concluída. Loss média: 2.4739
2025-11-22 16:02:02,861 - INFO - Taxa de aprendizado ajustada para: 0.001000
2025-11-22 16:02:02,865 - INFO - Iniciando inferência com o modelo EfficientNetB0...
2025-11-22 16:02:05,575 - INFO - ==================================================
2025-11-22 16:02:05,576 - INFO - EXPERIMENT RESULTS
2025-11-22 16:02:05,576 - INFO - ==================================================
2025-11-22 16:02:05,576 - INFO - Elapsed Time Seconds     : 2.6887
2025-11-22 16:02:05,576 - INFO - Cpu Usage Percent        : 3.3469
2025-11-22 16:02:05,576 - INFO - Ram Peak Usage Bytes     : 10904047616.0000
2025-11-22 16:02:05,576 - INFO - Disk Read Bytes          : 0.0000
2025-11-22 16:02:05,576 - INFO - Disk Write Bytes         : 0.0000
2025-11-22 16:02:05,576 - INFO - Vram Peak Usage Bytes    : 2760595268.0000
2025-11-22 16:02:05,576 - INFO - Gpu Power Watts Avg      : 189.4218
2025-11-22 16:02:05,576 - INFO - Gpu Power Watts Peak     : 308.2580
2025-11-22 16:02:05,576 - INFO - Gpu Temp Celsius Avg     : 55.2692
2025-11-22 16:02:05,576 - INFO - Gpu Temp Celsius Peak    : 60.0000
2025-11-22 16:02:05,576 - INFO - Gpu Utilization Percent Avg: 52.5000
2025-11-22 16:02:05,576 - INFO - Gpu Utilization Percent Peak: 100.0000
2025-11-22 16:02:05,576 - INFO - Gpu Mem Used Bytes Avg   : 20236664832.0000
2025-11-22 16:02:05,576 - INFO - Gpu Mem Used Bytes Peak  : 20236664832.0000
2025-11-22 16:02:05,576 - INFO - Gpu Vram Used Bytes      : 20236664832.0000
2025-11-22 16:02:05,576 - INFO - Accuracy                 : 0.5963
2025-11-22 16:02:05,576 - INFO - Precision                : 0.5942
2025-11-22 16:02:05,576 - INFO - Recall                   : 0.5963
2025-11-22 16:02:05,576 - INFO - F1 Score                 : 0.5916
2025-11-22 16:02:05,576 - INFO - ==================================================
2025-11-22 16:02:58,499 - INFO - Época 89 concluída. Loss média: 2.4707
2025-11-22 16:02:58,499 - INFO - Taxa de aprendizado ajustada para: 0.001000
2025-11-22 16:02:58,503 - INFO - Iniciando inferência com o modelo EfficientNetB0...
2025-11-22 16:03:02,006 - INFO - ==================================================
2025-11-22 16:03:02,006 - INFO - EXPERIMENT RESULTS
2025-11-22 16:03:02,006 - INFO - ==================================================
2025-11-22 16:03:02,006 - INFO - Elapsed Time Seconds     : 3.4806
2025-11-22 16:03:02,006 - INFO - Cpu Usage Percent        : 3.3219
2025-11-22 16:03:02,006 - INFO - Ram Peak Usage Bytes     : 10904084480.0000
2025-11-22 16:03:02,006 - INFO - Disk Read Bytes          : 0.0000
2025-11-22 16:03:02,006 - INFO - Disk Write Bytes         : 278528.0000
2025-11-22 16:03:02,006 - INFO - Vram Peak Usage Bytes    : 2760595268.0000
2025-11-22 16:03:02,006 - INFO - Gpu Power Watts Avg      : 155.7891
2025-11-22 16:03:02,006 - INFO - Gpu Power Watts Peak     : 306.3280
2025-11-22 16:03:02,006 - INFO - Gpu Temp Celsius Avg     : 53.5000
2025-11-22 16:03:02,006 - INFO - Gpu Temp Celsius Peak    : 61.0000
2025-11-22 16:03:02,006 - INFO - Gpu Utilization Percent Avg: 40.9118
2025-11-22 16:03:02,006 - INFO - Gpu Utilization Percent Peak: 100.0000
2025-11-22 16:03:02,006 - INFO - Gpu Mem Used Bytes Avg   : 20236664832.0000
2025-11-22 16:03:02,006 - INFO - Gpu Mem Used Bytes Peak  : 20236664832.0000
2025-11-22 16:03:02,006 - INFO - Gpu Vram Used Bytes      : 20236664832.0000
2025-11-22 16:03:02,006 - INFO - Accuracy                 : 0.5967
2025-11-22 16:03:02,006 - INFO - Precision                : 0.5952
2025-11-22 16:03:02,006 - INFO - Recall                   : 0.5967
2025-11-22 16:03:02,006 - INFO - F1 Score                 : 0.5919
2025-11-22 16:03:02,006 - INFO - ==================================================
2025-11-22 16:03:55,519 - INFO - Época 90 concluída. Loss média: 2.4727
2025-11-22 16:03:55,519 - INFO - Taxa de aprendizado ajustada para: 0.000100
2025-11-22 16:03:55,523 - INFO - Iniciando inferência com o modelo EfficientNetB0...
2025-11-22 16:03:58,212 - INFO - ==================================================
2025-11-22 16:03:58,212 - INFO - EXPERIMENT RESULTS
2025-11-22 16:03:58,212 - INFO - ==================================================
2025-11-22 16:03:58,212 - INFO - Elapsed Time Seconds     : 2.6670
2025-11-22 16:03:58,212 - INFO - Cpu Usage Percent        : 3.3844
2025-11-22 16:03:58,212 - INFO - Ram Peak Usage Bytes     : 10905227264.0000
2025-11-22 16:03:58,212 - INFO - Disk Read Bytes          : 0.0000
2025-11-22 16:03:58,212 - INFO - Disk Write Bytes         : 159744.0000
2025-11-22 16:03:58,212 - INFO - Vram Peak Usage Bytes    : 2760595268.0000
2025-11-22 16:03:58,212 - INFO - Gpu Power Watts Avg      : 188.4862
2025-11-22 16:03:58,212 - INFO - Gpu Power Watts Peak     : 308.4140
2025-11-22 16:03:58,212 - INFO - Gpu Temp Celsius Avg     : 55.5385
2025-11-22 16:03:58,212 - INFO - Gpu Temp Celsius Peak    : 61.0000
2025-11-22 16:03:58,212 - INFO - Gpu Utilization Percent Avg: 50.9231
2025-11-22 16:03:58,213 - INFO - Gpu Utilization Percent Peak: 100.0000
2025-11-22 16:03:58,213 - INFO - Gpu Mem Used Bytes Avg   : 20236664832.0000
2025-11-22 16:03:58,213 - INFO - Gpu Mem Used Bytes Peak  : 20236664832.0000
2025-11-22 16:03:58,213 - INFO - Gpu Vram Used Bytes      : 20236664832.0000
2025-11-22 16:03:58,213 - INFO - Accuracy                 : 0.5964
2025-11-22 16:03:58,213 - INFO - Precision                : 0.5940
2025-11-22 16:03:58,213 - INFO - Recall                   : 0.5964
2025-11-22 16:03:58,213 - INFO - F1 Score                 : 0.5920
2025-11-22 16:03:58,213 - INFO - ==================================================
2025-11-22 16:04:51,638 - INFO - Época 91 concluída. Loss média: 2.4495
2025-11-22 16:04:51,638 - INFO - Taxa de aprendizado ajustada para: 0.000100
2025-11-22 16:04:51,642 - INFO - Iniciando inferência com o modelo EfficientNetB0...
2025-11-22 16:04:54,319 - INFO - ==================================================
2025-11-22 16:04:54,319 - INFO - EXPERIMENT RESULTS
2025-11-22 16:04:54,319 - INFO - ==================================================
2025-11-22 16:04:54,319 - INFO - Elapsed Time Seconds     : 2.6548
2025-11-22 16:04:54,319 - INFO - Cpu Usage Percent        : 3.3531
2025-11-22 16:04:54,319 - INFO - Ram Peak Usage Bytes     : 10906804224.0000
2025-11-22 16:04:54,319 - INFO - Disk Read Bytes          : 0.0000
2025-11-22 16:04:54,319 - INFO - Disk Write Bytes         : 147456.0000
2025-11-22 16:04:54,319 - INFO - Vram Peak Usage Bytes    : 2760595268.0000
2025-11-22 16:04:54,319 - INFO - Gpu Power Watts Avg      : 189.3199
2025-11-22 16:04:54,319 - INFO - Gpu Power Watts Peak     : 307.9570
2025-11-22 16:04:54,319 - INFO - Gpu Temp Celsius Avg     : 55.5769
2025-11-22 16:04:54,319 - INFO - Gpu Temp Celsius Peak    : 62.0000
2025-11-22 16:04:54,320 - INFO - Gpu Utilization Percent Avg: 51.7308
2025-11-22 16:04:54,320 - INFO - Gpu Utilization Percent Peak: 100.0000
2025-11-22 16:04:54,320 - INFO - Gpu Mem Used Bytes Avg   : 20236664832.0000
2025-11-22 16:04:54,320 - INFO - Gpu Mem Used Bytes Peak  : 20236664832.0000
2025-11-22 16:04:54,320 - INFO - Gpu Vram Used Bytes      : 20236664832.0000
2025-11-22 16:04:54,320 - INFO - Accuracy                 : 0.5977
2025-11-22 16:04:54,320 - INFO - Precision                : 0.5946
2025-11-22 16:04:54,320 - INFO - Recall                   : 0.5977
2025-11-22 16:04:54,320 - INFO - F1 Score                 : 0.5926
2025-11-22 16:04:54,320 - INFO - ==================================================
2025-11-22 16:05:47,739 - INFO - Época 92 concluída. Loss média: 2.4444
2025-11-22 16:05:47,739 - INFO - Taxa de aprendizado ajustada para: 0.000100
2025-11-22 16:05:47,743 - INFO - Iniciando inferência com o modelo EfficientNetB0...
2025-11-22 16:05:50,325 - INFO - ==================================================
2025-11-22 16:05:50,325 - INFO - EXPERIMENT RESULTS
2025-11-22 16:05:50,325 - INFO - ==================================================
2025-11-22 16:05:50,325 - INFO - Elapsed Time Seconds     : 2.5597
2025-11-22 16:05:50,325 - INFO - Cpu Usage Percent        : 3.5156
2025-11-22 16:05:50,326 - INFO - Ram Peak Usage Bytes     : 10906857472.0000
2025-11-22 16:05:50,326 - INFO - Disk Read Bytes          : 0.0000
2025-11-22 16:05:50,326 - INFO - Disk Write Bytes         : 311296.0000
2025-11-22 16:05:50,326 - INFO - Vram Peak Usage Bytes    : 2760595268.0000
2025-11-22 16:05:50,326 - INFO - Gpu Power Watts Avg      : 200.2566
2025-11-22 16:05:50,326 - INFO - Gpu Power Watts Peak     : 308.2820
2025-11-22 16:05:50,326 - INFO - Gpu Temp Celsius Avg     : 55.9600
2025-11-22 16:05:50,326 - INFO - Gpu Temp Celsius Peak    : 61.0000
2025-11-22 16:05:50,326 - INFO - Gpu Utilization Percent Avg: 57.5200
2025-11-22 16:05:50,326 - INFO - Gpu Utilization Percent Peak: 100.0000
2025-11-22 16:05:50,326 - INFO - Gpu Mem Used Bytes Avg   : 20236664832.0000
2025-11-22 16:05:50,326 - INFO - Gpu Mem Used Bytes Peak  : 20236664832.0000
2025-11-22 16:05:50,326 - INFO - Gpu Vram Used Bytes      : 20236664832.0000
2025-11-22 16:05:50,326 - INFO - Accuracy                 : 0.5998
2025-11-22 16:05:50,326 - INFO - Precision                : 0.5973
2025-11-22 16:05:50,326 - INFO - Recall                   : 0.5998
2025-11-22 16:05:50,326 - INFO - F1 Score                 : 0.5952
2025-11-22 16:05:50,326 - INFO - ==================================================
2025-11-22 16:06:43,954 - INFO - Época 93 concluída. Loss média: 2.4455
2025-11-22 16:06:43,955 - INFO - Taxa de aprendizado ajustada para: 0.000100
2025-11-22 16:06:43,959 - INFO - Iniciando inferência com o modelo EfficientNetB0...
2025-11-22 16:06:47,235 - INFO - ==================================================
2025-11-22 16:06:47,236 - INFO - EXPERIMENT RESULTS
2025-11-22 16:06:47,236 - INFO - ==================================================
2025-11-22 16:06:47,236 - INFO - Elapsed Time Seconds     : 3.2547
2025-11-22 16:06:47,236 - INFO - Cpu Usage Percent        : 3.5812
2025-11-22 16:06:47,236 - INFO - Ram Peak Usage Bytes     : 10906877952.0000
2025-11-22 16:06:47,236 - INFO - Disk Read Bytes          : 0.0000
2025-11-22 16:06:47,236 - INFO - Disk Write Bytes         : 331776.0000
2025-11-22 16:06:47,236 - INFO - Vram Peak Usage Bytes    : 2760595268.0000
2025-11-22 16:06:47,236 - INFO - Gpu Power Watts Avg      : 162.2541
2025-11-22 16:06:47,236 - INFO - Gpu Power Watts Peak     : 302.4060
2025-11-22 16:06:47,236 - INFO - Gpu Temp Celsius Avg     : 54.1562
2025-11-22 16:06:47,236 - INFO - Gpu Temp Celsius Peak    : 62.0000
2025-11-22 16:06:47,236 - INFO - Gpu Utilization Percent Avg: 41.1250
2025-11-22 16:06:47,236 - INFO - Gpu Utilization Percent Peak: 100.0000
2025-11-22 16:06:47,236 - INFO - Gpu Mem Used Bytes Avg   : 20236664832.0000
2025-11-22 16:06:47,236 - INFO - Gpu Mem Used Bytes Peak  : 20236664832.0000
2025-11-22 16:06:47,236 - INFO - Gpu Vram Used Bytes      : 20236664832.0000
2025-11-22 16:06:47,236 - INFO - Accuracy                 : 0.5990
2025-11-22 16:06:47,236 - INFO - Precision                : 0.5961
2025-11-22 16:06:47,236 - INFO - Recall                   : 0.5990
2025-11-22 16:06:47,236 - INFO - F1 Score                 : 0.5944
2025-11-22 16:06:47,236 - INFO - ==================================================
2025-11-22 16:07:40,579 - INFO - Época 94 concluída. Loss média: 2.4424
2025-11-22 16:07:40,579 - INFO - Taxa de aprendizado ajustada para: 0.000100
2025-11-22 16:07:40,583 - INFO - Iniciando inferência com o modelo EfficientNetB0...
2025-11-22 16:07:43,159 - INFO - ==================================================
2025-11-22 16:07:43,159 - INFO - EXPERIMENT RESULTS
2025-11-22 16:07:43,159 - INFO - ==================================================
2025-11-22 16:07:43,159 - INFO - Elapsed Time Seconds     : 2.5539
2025-11-22 16:07:43,159 - INFO - Cpu Usage Percent        : 3.5125
2025-11-22 16:07:43,159 - INFO - Ram Peak Usage Bytes     : 10906914816.0000
2025-11-22 16:07:43,159 - INFO - Disk Read Bytes          : 0.0000
2025-11-22 16:07:43,160 - INFO - Disk Write Bytes         : 8192.0000
2025-11-22 16:07:43,160 - INFO - Vram Peak Usage Bytes    : 2760595268.0000
2025-11-22 16:07:43,160 - INFO - Gpu Power Watts Avg      : 189.4808
2025-11-22 16:07:43,160 - INFO - Gpu Power Watts Peak     : 297.9440
2025-11-22 16:07:43,160 - INFO - Gpu Temp Celsius Avg     : 55.9200
2025-11-22 16:07:43,160 - INFO - Gpu Temp Celsius Peak    : 62.0000
2025-11-22 16:07:43,160 - INFO - Gpu Utilization Percent Avg: 53.3200
2025-11-22 16:07:43,160 - INFO - Gpu Utilization Percent Peak: 100.0000
2025-11-22 16:07:43,160 - INFO - Gpu Mem Used Bytes Avg   : 20236664832.0000
2025-11-22 16:07:43,160 - INFO - Gpu Mem Used Bytes Peak  : 20236664832.0000
2025-11-22 16:07:43,160 - INFO - Gpu Vram Used Bytes      : 20236664832.0000
2025-11-22 16:07:43,160 - INFO - Accuracy                 : 0.5999
2025-11-22 16:07:43,160 - INFO - Precision                : 0.5966
2025-11-22 16:07:43,160 - INFO - Recall                   : 0.5999
2025-11-22 16:07:43,160 - INFO - F1 Score                 : 0.5950
2025-11-22 16:07:43,160 - INFO - ==================================================
2025-11-22 16:08:36,956 - INFO - Época 95 concluída. Loss média: 2.4431
2025-11-22 16:08:36,956 - INFO - Taxa de aprendizado ajustada para: 0.000100
2025-11-22 16:08:36,960 - INFO - Iniciando inferência com o modelo EfficientNetB0...
2025-11-22 16:08:39,735 - INFO - ==================================================
2025-11-22 16:08:39,735 - INFO - EXPERIMENT RESULTS
2025-11-22 16:08:39,735 - INFO - ==================================================
2025-11-22 16:08:39,735 - INFO - Elapsed Time Seconds     : 2.7530
2025-11-22 16:08:39,736 - INFO - Cpu Usage Percent        : 3.2906
2025-11-22 16:08:39,736 - INFO - Ram Peak Usage Bytes     : 10906951680.0000
2025-11-22 16:08:39,736 - INFO - Disk Read Bytes          : 0.0000
2025-11-22 16:08:39,736 - INFO - Disk Write Bytes         : 0.0000
2025-11-22 16:08:39,736 - INFO - Vram Peak Usage Bytes    : 2760595268.0000
2025-11-22 16:08:39,736 - INFO - Gpu Power Watts Avg      : 182.3889
2025-11-22 16:08:39,736 - INFO - Gpu Power Watts Peak     : 295.3140
2025-11-22 16:08:39,736 - INFO - Gpu Temp Celsius Avg     : 55.3333
2025-11-22 16:08:39,736 - INFO - Gpu Temp Celsius Peak    : 63.0000
2025-11-22 16:08:39,736 - INFO - Gpu Utilization Percent Avg: 49.0000
2025-11-22 16:08:39,736 - INFO - Gpu Utilization Percent Peak: 100.0000
2025-11-22 16:08:39,736 - INFO - Gpu Mem Used Bytes Avg   : 20236664832.0000
2025-11-22 16:08:39,736 - INFO - Gpu Mem Used Bytes Peak  : 20236664832.0000
2025-11-22 16:08:39,736 - INFO - Gpu Vram Used Bytes      : 20236664832.0000
2025-11-22 16:08:39,736 - INFO - Accuracy                 : 0.5995
2025-11-22 16:08:39,736 - INFO - Precision                : 0.5964
2025-11-22 16:08:39,736 - INFO - Recall                   : 0.5995
2025-11-22 16:08:39,736 - INFO - F1 Score                 : 0.5945
2025-11-22 16:08:39,736 - INFO - ==================================================
2025-11-22 16:09:33,982 - INFO - Época 96 concluída. Loss média: 2.4411
2025-11-22 16:09:33,982 - INFO - Taxa de aprendizado ajustada para: 0.000100
2025-11-22 16:09:33,986 - INFO - Iniciando inferência com o modelo EfficientNetB0...
2025-11-22 16:09:36,685 - INFO - ==================================================
2025-11-22 16:09:36,685 - INFO - EXPERIMENT RESULTS
2025-11-22 16:09:36,685 - INFO - ==================================================
2025-11-22 16:09:36,685 - INFO - Elapsed Time Seconds     : 2.6769
2025-11-22 16:09:36,685 - INFO - Cpu Usage Percent        : 3.3719
2025-11-22 16:09:36,685 - INFO - Ram Peak Usage Bytes     : 10906988544.0000
2025-11-22 16:09:36,685 - INFO - Disk Read Bytes          : 0.0000
2025-11-22 16:09:36,685 - INFO - Disk Write Bytes         : 122880.0000
2025-11-22 16:09:36,685 - INFO - Vram Peak Usage Bytes    : 2760595268.0000
2025-11-22 16:09:36,685 - INFO - Gpu Power Watts Avg      : 189.3944
2025-11-22 16:09:36,686 - INFO - Gpu Power Watts Peak     : 307.7360
2025-11-22 16:09:36,686 - INFO - Gpu Temp Celsius Avg     : 55.6154
2025-11-22 16:09:36,686 - INFO - Gpu Temp Celsius Peak    : 61.0000
2025-11-22 16:09:36,686 - INFO - Gpu Utilization Percent Avg: 52.7308
2025-11-22 16:09:36,686 - INFO - Gpu Utilization Percent Peak: 100.0000
2025-11-22 16:09:36,686 - INFO - Gpu Mem Used Bytes Avg   : 20236664832.0000
2025-11-22 16:09:36,686 - INFO - Gpu Mem Used Bytes Peak  : 20236664832.0000
2025-11-22 16:09:36,686 - INFO - Gpu Vram Used Bytes      : 20236664832.0000
2025-11-22 16:09:36,686 - INFO - Accuracy                 : 0.5987
2025-11-22 16:09:36,686 - INFO - Precision                : 0.5966
2025-11-22 16:09:36,686 - INFO - Recall                   : 0.5987
2025-11-22 16:09:36,686 - INFO - F1 Score                 : 0.5942
2025-11-22 16:09:36,686 - INFO - ==================================================
2025-11-22 16:10:29,906 - INFO - Época 97 concluída. Loss média: 2.4396
2025-11-22 16:10:29,906 - INFO - Taxa de aprendizado ajustada para: 0.000100
2025-11-22 16:10:29,910 - INFO - Iniciando inferência com o modelo EfficientNetB0...
2025-11-22 16:10:32,590 - INFO - ==================================================
2025-11-22 16:10:32,590 - INFO - EXPERIMENT RESULTS
2025-11-22 16:10:32,590 - INFO - ==================================================
2025-11-22 16:10:32,590 - INFO - Elapsed Time Seconds     : 2.6654
2025-11-22 16:10:32,590 - INFO - Cpu Usage Percent        : 3.3531
2025-11-22 16:10:32,590 - INFO - Ram Peak Usage Bytes     : 10907045888.0000
2025-11-22 16:10:32,590 - INFO - Disk Read Bytes          : 0.0000
2025-11-22 16:10:32,590 - INFO - Disk Write Bytes         : 0.0000
2025-11-22 16:10:32,590 - INFO - Vram Peak Usage Bytes    : 2760595268.0000
2025-11-22 16:10:32,590 - INFO - Gpu Power Watts Avg      : 191.1888
2025-11-22 16:10:32,590 - INFO - Gpu Power Watts Peak     : 293.3480
2025-11-22 16:10:32,590 - INFO - Gpu Temp Celsius Avg     : 55.5385
2025-11-22 16:10:32,590 - INFO - Gpu Temp Celsius Peak    : 63.0000
2025-11-22 16:10:32,590 - INFO - Gpu Utilization Percent Avg: 52.7308
2025-11-22 16:10:32,590 - INFO - Gpu Utilization Percent Peak: 100.0000
2025-11-22 16:10:32,590 - INFO - Gpu Mem Used Bytes Avg   : 20236664832.0000
2025-11-22 16:10:32,590 - INFO - Gpu Mem Used Bytes Peak  : 20236664832.0000
2025-11-22 16:10:32,590 - INFO - Gpu Vram Used Bytes      : 20236664832.0000
2025-11-22 16:10:32,590 - INFO - Accuracy                 : 0.5995
2025-11-22 16:10:32,590 - INFO - Precision                : 0.5969
2025-11-22 16:10:32,590 - INFO - Recall                   : 0.5995
2025-11-22 16:10:32,590 - INFO - F1 Score                 : 0.5951
2025-11-22 16:10:32,590 - INFO - ==================================================
2025-11-22 16:11:26,015 - INFO - Época 98 concluída. Loss média: 2.4393
2025-11-22 16:11:26,015 - INFO - Taxa de aprendizado ajustada para: 0.000100
2025-11-22 16:11:26,019 - INFO - Iniciando inferência com o modelo EfficientNetB0...
2025-11-22 16:11:28,641 - INFO - ==================================================
2025-11-22 16:11:28,641 - INFO - EXPERIMENT RESULTS
2025-11-22 16:11:28,641 - INFO - ==================================================
2025-11-22 16:11:28,641 - INFO - Elapsed Time Seconds     : 2.5995
2025-11-22 16:11:28,641 - INFO - Cpu Usage Percent        : 3.4375
2025-11-22 16:11:28,641 - INFO - Ram Peak Usage Bytes     : 10907082752.0000
2025-11-22 16:11:28,641 - INFO - Disk Read Bytes          : 0.0000
2025-11-22 16:11:28,641 - INFO - Disk Write Bytes         : 0.0000
2025-11-22 16:11:28,641 - INFO - Vram Peak Usage Bytes    : 2760595268.0000
2025-11-22 16:11:28,641 - INFO - Gpu Power Watts Avg      : 186.1924
2025-11-22 16:11:28,641 - INFO - Gpu Power Watts Peak     : 298.9540
2025-11-22 16:11:28,641 - INFO - Gpu Temp Celsius Avg     : 55.6400
2025-11-22 16:11:28,641 - INFO - Gpu Temp Celsius Peak    : 61.0000
2025-11-22 16:11:28,641 - INFO - Gpu Utilization Percent Avg: 53.7600
2025-11-22 16:11:28,641 - INFO - Gpu Utilization Percent Peak: 100.0000
2025-11-22 16:11:28,641 - INFO - Gpu Mem Used Bytes Avg   : 20236664832.0000
2025-11-22 16:11:28,641 - INFO - Gpu Mem Used Bytes Peak  : 20236664832.0000
2025-11-22 16:11:28,641 - INFO - Gpu Vram Used Bytes      : 20236664832.0000
2025-11-22 16:11:28,641 - INFO - Accuracy                 : 0.5989
2025-11-22 16:11:28,641 - INFO - Precision                : 0.5962
2025-11-22 16:11:28,641 - INFO - Recall                   : 0.5989
2025-11-22 16:11:28,641 - INFO - F1 Score                 : 0.5940
2025-11-22 16:11:28,641 - INFO - ==================================================
2025-11-22 16:12:22,565 - INFO - Época 99 concluída. Loss média: 2.4349
2025-11-22 16:12:22,565 - INFO - Taxa de aprendizado ajustada para: 0.000100
2025-11-22 16:12:22,569 - INFO - Iniciando inferência com o modelo EfficientNetB0...
2025-11-22 16:12:25,516 - INFO - ==================================================
2025-11-22 16:12:25,516 - INFO - EXPERIMENT RESULTS
2025-11-22 16:12:25,516 - INFO - ==================================================
2025-11-22 16:12:25,516 - INFO - Elapsed Time Seconds     : 2.9254
2025-11-22 16:12:25,516 - INFO - Cpu Usage Percent        : 3.2031
2025-11-22 16:12:25,516 - INFO - Ram Peak Usage Bytes     : 10907140096.0000
2025-11-22 16:12:25,516 - INFO - Disk Read Bytes          : 0.0000
2025-11-22 16:12:25,516 - INFO - Disk Write Bytes         : 417792.0000
2025-11-22 16:12:25,516 - INFO - Vram Peak Usage Bytes    : 2760595268.0000
2025-11-22 16:12:25,516 - INFO - Gpu Power Watts Avg      : 184.3106
2025-11-22 16:12:25,516 - INFO - Gpu Power Watts Peak     : 307.9250
2025-11-22 16:12:25,516 - INFO - Gpu Temp Celsius Avg     : 54.8571
2025-11-22 16:12:25,516 - INFO - Gpu Temp Celsius Peak    : 61.0000
2025-11-22 16:12:25,517 - INFO - Gpu Utilization Percent Avg: 46.8571
2025-11-22 16:12:25,517 - INFO - Gpu Utilization Percent Peak: 100.0000
2025-11-22 16:12:25,517 - INFO - Gpu Mem Used Bytes Avg   : 20236664832.0000
2025-11-22 16:12:25,517 - INFO - Gpu Mem Used Bytes Peak  : 20236664832.0000
2025-11-22 16:12:25,517 - INFO - Gpu Vram Used Bytes      : 20236664832.0000
2025-11-22 16:12:25,517 - INFO - Accuracy                 : 0.5978
2025-11-22 16:12:25,517 - INFO - Precision                : 0.5950
2025-11-22 16:12:25,517 - INFO - Recall                   : 0.5978
2025-11-22 16:12:25,517 - INFO - F1 Score                 : 0.5930
2025-11-22 16:12:25,517 - INFO - ==================================================
2025-11-22 16:13:18,490 - INFO - Época 100 concluída. Loss média: 2.4374
2025-11-22 16:13:18,490 - INFO - Taxa de aprendizado ajustada para: 0.000100
2025-11-22 16:13:18,494 - INFO - Iniciando inferência com o modelo EfficientNetB0...
2025-11-22 16:13:21,169 - INFO - ==================================================
2025-11-22 16:13:21,169 - INFO - EXPERIMENT RESULTS
2025-11-22 16:13:21,169 - INFO - ==================================================
2025-11-22 16:13:21,169 - INFO - Elapsed Time Seconds     : 2.6532
2025-11-22 16:13:21,169 - INFO - Cpu Usage Percent        : 3.3219
2025-11-22 16:13:21,169 - INFO - Ram Peak Usage Bytes     : 10907160576.0000
2025-11-22 16:13:21,169 - INFO - Disk Read Bytes          : 0.0000
2025-11-22 16:13:21,169 - INFO - Disk Write Bytes         : 0.0000
2025-11-22 16:13:21,169 - INFO - Vram Peak Usage Bytes    : 2760595268.0000
2025-11-22 16:13:21,169 - INFO - Gpu Power Watts Avg      : 187.6870
2025-11-22 16:13:21,169 - INFO - Gpu Power Watts Peak     : 299.8290
2025-11-22 16:13:21,169 - INFO - Gpu Temp Celsius Avg     : 55.2308
2025-11-22 16:13:21,169 - INFO - Gpu Temp Celsius Peak    : 63.0000
2025-11-22 16:13:21,169 - INFO - Gpu Utilization Percent Avg: 50.8077
2025-11-22 16:13:21,169 - INFO - Gpu Utilization Percent Peak: 100.0000
2025-11-22 16:13:21,169 - INFO - Gpu Mem Used Bytes Avg   : 20236664832.0000
2025-11-22 16:13:21,169 - INFO - Gpu Mem Used Bytes Peak  : 20236664832.0000
2025-11-22 16:13:21,169 - INFO - Gpu Vram Used Bytes      : 20236664832.0000
2025-11-22 16:13:21,169 - INFO - Accuracy                 : 0.5992
2025-11-22 16:13:21,170 - INFO - Precision                : 0.5970
2025-11-22 16:13:21,170 - INFO - Recall                   : 0.5992
2025-11-22 16:13:21,170 - INFO - F1 Score                 : 0.5946
2025-11-22 16:13:21,170 - INFO - ==================================================
2025-11-22 16:13:21,230 - INFO - Métricas de performance do treinamento:
2025-11-22 16:13:21,230 - INFO - ==================================================
2025-11-22 16:13:21,230 - INFO - EXPERIMENT RESULTS
2025-11-22 16:13:21,230 - INFO - ==================================================
2025-11-22 16:13:21,230 - INFO - Elapsed Time Seconds     : 5721.5661
2025-11-22 16:13:21,230 - INFO - Cpu Usage Percent        : 3.9500
2025-11-22 16:13:21,230 - INFO - Ram Peak Usage Bytes     : 10907074560.0000
2025-11-22 16:13:21,230 - INFO - Disk Read Bytes          : 0.0000
2025-11-22 16:13:21,230 - INFO - Disk Write Bytes         : 510816256.0000
2025-11-22 16:13:21,230 - INFO - Vram Peak Usage Bytes    : 2760595268.0000
2025-11-22 16:13:21,230 - INFO - Gpu Power Watts Avg      : 286.9587
2025-11-22 16:13:21,231 - INFO - Gpu Power Watts Peak     : 311.4950
2025-11-22 16:13:21,231 - INFO - Gpu Temp Celsius Avg     : 60.0194
2025-11-22 16:13:21,231 - INFO - Gpu Temp Celsius Peak    : 64.0000
2025-11-22 16:13:21,231 - INFO - Gpu Utilization Percent Avg: 92.0526
2025-11-22 16:13:21,231 - INFO - Gpu Utilization Percent Peak: 100.0000
2025-11-22 16:13:21,231 - INFO - Gpu Mem Used Bytes Avg   : 20185909944.7057
2025-11-22 16:13:21,231 - INFO - Gpu Mem Used Bytes Peak  : 20236664832.0000
2025-11-22 16:13:21,231 - INFO - Gpu Vram Used Bytes      : 20236664832.0000
2025-11-22 16:13:21,231 - INFO - ==================================================
2025-11-22 16:13:24,015 - INFO - Modelo salvo em: trained_models/efficientnet_b0_final.pth
2025-11-22 16:13:24,027 - INFO - Pipeline de treinamento concluído. Modelo salvo em: trained_models/efficientnet_b0_final.pth
2025-11-22 16:13:24,027 - INFO - Iniciando pipeline de inferência para avaliação final no conjunto de validação...
2025-11-22 16:13:24,159 - INFO - Iniciando inferência com o modelo EfficientNetB0...
2025-11-22 16:13:27,636 - INFO - ==================================================
2025-11-22 16:13:27,636 - INFO - EXPERIMENT RESULTS
2025-11-22 16:13:27,636 - INFO - ==================================================
2025-11-22 16:13:27,636 - INFO - Elapsed Time Seconds     : 3.4550
2025-11-22 16:13:27,636 - INFO - Cpu Usage Percent        : 3.3469
2025-11-22 16:13:27,636 - INFO - Ram Peak Usage Bytes     : 10931294208.0000
2025-11-22 16:13:27,636 - INFO - Disk Read Bytes          : 0.0000
2025-11-22 16:13:27,636 - INFO - Disk Write Bytes         : 143360.0000
2025-11-22 16:13:27,636 - INFO - Vram Peak Usage Bytes    : 2604999672.0000
2025-11-22 16:13:27,636 - INFO - Gpu Power Watts Avg      : 115.0911
2025-11-22 16:13:27,636 - INFO - Gpu Power Watts Peak     : 280.6180
2025-11-22 16:13:27,636 - INFO - Gpu Temp Celsius Avg     : 51.4118
2025-11-22 16:13:27,636 - INFO - Gpu Temp Celsius Peak    : 60.0000
2025-11-22 16:13:27,636 - INFO - Gpu Utilization Percent Avg: 37.5294
2025-11-22 16:13:27,636 - INFO - Gpu Utilization Percent Peak: 100.0000
2025-11-22 16:13:27,636 - INFO - Gpu Mem Used Bytes Avg   : 20236664832.0000
2025-11-22 16:13:27,636 - INFO - Gpu Mem Used Bytes Peak  : 20236664832.0000
2025-11-22 16:13:27,636 - INFO - Gpu Vram Used Bytes      : 20236664832.0000
2025-11-22 16:13:27,636 - INFO - Accuracy                 : 0.5992
2025-11-22 16:13:27,636 - INFO - Precision                : 0.5970
2025-11-22 16:13:27,636 - INFO - Recall                   : 0.5992
2025-11-22 16:13:27,636 - INFO - F1 Score                 : 0.5946
2025-11-22 16:13:27,636 - INFO - ==================================================
2025-11-22 16:13:27,637 - INFO - Projeto executado com sucesso!
