2025-11-27 16:46:07,939 - INFO - ==================================================
2025-11-27 16:46:07,939 - INFO - EXPERIMENT CONFIGURATION
2025-11-27 16:46:07,939 - INFO - ==================================================
2025-11-27 16:46:07,939 - INFO - Model Name          : efficientnet_b7
2025-11-27 16:46:07,939 - INFO - Config File         : configs/efficientnet_b7_config.yaml
2025-11-27 16:46:07,939 - INFO - Train Data          : /scratch/ehdmenezes//tiny-imagenet-200/train
2025-11-27 16:46:07,939 - INFO - Validation Data     : /scratch/ehdmenezes//tiny-imagenet-200/val
2025-11-27 16:46:07,939 - INFO - model_params        : {'num_classes': 200}
2025-11-27 16:46:07,939 - INFO - train_params        : {'epochs': 100, 'batch_size': 64, 'learning_rate': 0.1}
2025-11-27 16:46:07,939 - INFO - inference_params    : {'batch_size': 64}
2025-11-27 16:46:07,939 - INFO - scheduler_params    : {'type': 'StepLR', 'step_size': 30, 'gamma': 0.1}
2025-11-27 16:46:07,939 - INFO - ==================================================
2025-11-27 16:46:07,951 - INFO - Semente aleatória para esta execução foi fixada em: 82
2025-11-27 16:46:07,951 - INFO - Configuração de treinamento: {'model_params': {'num_classes': 200}, 'train_params': {'epochs': 100, 'batch_size': 64, 'learning_rate': 0.1}, 'inference_params': {'batch_size': 64}, 'scheduler_params': {'type': 'StepLR', 'step_size': 30, 'gamma': 0.1}}
2025-11-27 16:46:08,645 - INFO - Usando otimizador SGD com momento e weight decay.
2025-11-27 16:46:08,646 - INFO - Usando StepLR scheduler com step_size=30 e gamma=0.1.
2025-11-27 16:46:08,646 - INFO - AMP (Automatic Mixed Precision) ativado.
2025-11-27 16:46:08,646 - INFO - Iniciando treinamento do modelo efficientnet_b7 no dispositivo cuda.
2025-11-27 16:50:31,875 - INFO - Época 1 concluída. Loss média: 5.1925
2025-11-27 16:50:31,875 - INFO - Taxa de aprendizado ajustada para: 0.100000
2025-11-27 16:50:31,889 - INFO - Iniciando inferência com o modelo EfficientNetB7...
2025-11-27 16:50:39,038 - INFO - ==================================================
2025-11-27 16:50:39,038 - INFO - EXPERIMENT RESULTS
2025-11-27 16:50:39,038 - INFO - ==================================================
2025-11-27 16:50:39,038 - INFO - Elapsed Time Seconds     : 7.1274
2025-11-27 16:50:39,038 - INFO - Cpu Usage Percent        : 3.9250
2025-11-27 16:50:39,038 - INFO - Ram Peak Usage Bytes     : 4079951872.0000
2025-11-27 16:50:39,038 - INFO - Disk Read Bytes          : 1974272.0000
2025-11-27 16:50:39,038 - INFO - Disk Write Bytes         : 14000128.0000
2025-11-27 16:50:39,038 - INFO - Vram Peak Usage Bytes    : 1746396276.0000
2025-11-27 16:50:39,038 - INFO - Gpu Power Watts Avg      : 335.3812
2025-11-27 16:50:39,039 - INFO - Gpu Power Watts Peak     : 363.3490
2025-11-27 16:50:39,039 - INFO - Gpu Temp Celsius Avg     : 64.9143
2025-11-27 16:50:39,039 - INFO - Gpu Temp Celsius Peak    : 68.0000
2025-11-27 16:50:39,039 - INFO - Gpu Utilization Percent Avg: 90.6857
2025-11-27 16:50:39,039 - INFO - Gpu Utilization Percent Peak: 100.0000
2025-11-27 16:50:39,039 - INFO - Gpu Mem Used Bytes Avg   : 21870346240.0000
2025-11-27 16:50:39,039 - INFO - Gpu Mem Used Bytes Peak  : 21870346240.0000
2025-11-27 16:50:39,039 - INFO - Gpu Vram Used Bytes      : 21870346240.0000
2025-11-27 16:50:39,039 - INFO - Accuracy                 : 0.0225
2025-11-27 16:50:39,039 - INFO - Precision                : 0.0116
2025-11-27 16:50:39,039 - INFO - Recall                   : 0.0225
2025-11-27 16:50:39,039 - INFO - F1 Score                 : 0.0099
2025-11-27 16:50:39,039 - INFO - ==================================================
2025-11-27 16:55:05,289 - INFO - Época 2 concluída. Loss média: 4.9264
2025-11-27 16:55:05,289 - INFO - Taxa de aprendizado ajustada para: 0.100000
2025-11-27 16:55:05,303 - INFO - Iniciando inferência com o modelo EfficientNetB7...
2025-11-27 16:55:12,265 - INFO - ==================================================
2025-11-27 16:55:12,265 - INFO - EXPERIMENT RESULTS
2025-11-27 16:55:12,265 - INFO - ==================================================
2025-11-27 16:55:12,265 - INFO - Elapsed Time Seconds     : 6.9399
2025-11-27 16:55:12,265 - INFO - Cpu Usage Percent        : 3.5469
2025-11-27 16:55:12,265 - INFO - Ram Peak Usage Bytes     : 4097368064.0000
2025-11-27 16:55:12,265 - INFO - Disk Read Bytes          : 0.0000
2025-11-27 16:55:12,265 - INFO - Disk Write Bytes         : 462848.0000
2025-11-27 16:55:12,266 - INFO - Vram Peak Usage Bytes    : 1746396276.0000
2025-11-27 16:55:12,266 - INFO - Gpu Power Watts Avg      : 334.9048
2025-11-27 16:55:12,266 - INFO - Gpu Power Watts Peak     : 359.6830
2025-11-27 16:55:12,266 - INFO - Gpu Temp Celsius Avg     : 65.2500
2025-11-27 16:55:12,266 - INFO - Gpu Temp Celsius Peak    : 67.0000
2025-11-27 16:55:12,266 - INFO - Gpu Utilization Percent Avg: 92.8824
2025-11-27 16:55:12,266 - INFO - Gpu Utilization Percent Peak: 100.0000
2025-11-27 16:55:12,266 - INFO - Gpu Mem Used Bytes Avg   : 21870346240.0000
2025-11-27 16:55:12,266 - INFO - Gpu Mem Used Bytes Peak  : 21870346240.0000
2025-11-27 16:55:12,266 - INFO - Gpu Vram Used Bytes      : 21870346240.0000
2025-11-27 16:55:12,266 - INFO - Accuracy                 : 0.0444
2025-11-27 16:55:12,266 - INFO - Precision                : 0.0289
2025-11-27 16:55:12,266 - INFO - Recall                   : 0.0444
2025-11-27 16:55:12,266 - INFO - F1 Score                 : 0.0215
2025-11-27 16:55:12,266 - INFO - ==================================================
2025-11-27 16:59:39,009 - INFO - Época 3 concluída. Loss média: 4.8169
2025-11-27 16:59:39,010 - INFO - Taxa de aprendizado ajustada para: 0.100000
2025-11-27 16:59:39,024 - INFO - Iniciando inferência com o modelo EfficientNetB7...
2025-11-27 16:59:45,933 - INFO - ==================================================
2025-11-27 16:59:45,933 - INFO - EXPERIMENT RESULTS
2025-11-27 16:59:45,934 - INFO - ==================================================
2025-11-27 16:59:45,934 - INFO - Elapsed Time Seconds     : 6.8875
2025-11-27 16:59:45,934 - INFO - Cpu Usage Percent        : 3.6063
2025-11-27 16:59:45,934 - INFO - Ram Peak Usage Bytes     : 4141375488.0000
2025-11-27 16:59:45,934 - INFO - Disk Read Bytes          : 0.0000
2025-11-27 16:59:45,934 - INFO - Disk Write Bytes         : 434176.0000
2025-11-27 16:59:45,934 - INFO - Vram Peak Usage Bytes    : 1746396276.0000
2025-11-27 16:59:45,934 - INFO - Gpu Power Watts Avg      : 337.5639
2025-11-27 16:59:45,934 - INFO - Gpu Power Watts Peak     : 360.1670
2025-11-27 16:59:45,934 - INFO - Gpu Temp Celsius Avg     : 65.3971
2025-11-27 16:59:45,934 - INFO - Gpu Temp Celsius Peak    : 68.0000
2025-11-27 16:59:45,934 - INFO - Gpu Utilization Percent Avg: 92.8529
2025-11-27 16:59:45,934 - INFO - Gpu Utilization Percent Peak: 100.0000
2025-11-27 16:59:45,934 - INFO - Gpu Mem Used Bytes Avg   : 21870346240.0000
2025-11-27 16:59:45,934 - INFO - Gpu Mem Used Bytes Peak  : 21870346240.0000
2025-11-27 16:59:45,934 - INFO - Gpu Vram Used Bytes      : 21870346240.0000
2025-11-27 16:59:45,934 - INFO - Accuracy                 : 0.0527
2025-11-27 16:59:45,934 - INFO - Precision                : 0.0538
2025-11-27 16:59:45,934 - INFO - Recall                   : 0.0527
2025-11-27 16:59:45,934 - INFO - F1 Score                 : 0.0345
2025-11-27 16:59:45,934 - INFO - ==================================================
2025-11-27 17:04:12,419 - INFO - Época 4 concluída. Loss média: 4.7470
2025-11-27 17:04:12,419 - INFO - Taxa de aprendizado ajustada para: 0.100000
2025-11-27 17:04:12,433 - INFO - Iniciando inferência com o modelo EfficientNetB7...
2025-11-27 17:04:19,479 - INFO - ==================================================
2025-11-27 17:04:19,479 - INFO - EXPERIMENT RESULTS
2025-11-27 17:04:19,479 - INFO - ==================================================
2025-11-27 17:04:19,479 - INFO - Elapsed Time Seconds     : 7.0240
2025-11-27 17:04:19,479 - INFO - Cpu Usage Percent        : 3.5156
2025-11-27 17:04:19,479 - INFO - Ram Peak Usage Bytes     : 4160237568.0000
2025-11-27 17:04:19,479 - INFO - Disk Read Bytes          : 0.0000
2025-11-27 17:04:19,479 - INFO - Disk Write Bytes         : 397312.0000
2025-11-27 17:04:19,479 - INFO - Vram Peak Usage Bytes    : 1746396276.0000
2025-11-27 17:04:19,479 - INFO - Gpu Power Watts Avg      : 333.6195
2025-11-27 17:04:19,479 - INFO - Gpu Power Watts Peak     : 359.3990
2025-11-27 17:04:19,480 - INFO - Gpu Temp Celsius Avg     : 65.0435
2025-11-27 17:04:19,480 - INFO - Gpu Temp Celsius Peak    : 67.0000
2025-11-27 17:04:19,480 - INFO - Gpu Utilization Percent Avg: 92.8696
2025-11-27 17:04:19,480 - INFO - Gpu Utilization Percent Peak: 100.0000
2025-11-27 17:04:19,480 - INFO - Gpu Mem Used Bytes Avg   : 21870346240.0000
2025-11-27 17:04:19,480 - INFO - Gpu Mem Used Bytes Peak  : 21870346240.0000
2025-11-27 17:04:19,480 - INFO - Gpu Vram Used Bytes      : 21870346240.0000
2025-11-27 17:04:19,480 - INFO - Accuracy                 : 0.0703
2025-11-27 17:04:19,480 - INFO - Precision                : 0.0512
2025-11-27 17:04:19,480 - INFO - Recall                   : 0.0703
2025-11-27 17:04:19,480 - INFO - F1 Score                 : 0.0447
2025-11-27 17:04:19,480 - INFO - ==================================================
2025-11-27 17:08:45,752 - INFO - Época 5 concluída. Loss média: 4.6562
2025-11-27 17:08:45,752 - INFO - Taxa de aprendizado ajustada para: 0.100000
2025-11-27 17:08:45,757 - INFO - Iniciando inferência com o modelo EfficientNetB7...
2025-11-27 17:08:52,558 - INFO - ==================================================
2025-11-27 17:08:52,558 - INFO - EXPERIMENT RESULTS
2025-11-27 17:08:52,558 - INFO - ==================================================
2025-11-27 17:08:52,558 - INFO - Elapsed Time Seconds     : 6.7782
2025-11-27 17:08:52,558 - INFO - Cpu Usage Percent        : 3.5906
2025-11-27 17:08:52,558 - INFO - Ram Peak Usage Bytes     : 4161437696.0000
2025-11-27 17:08:52,558 - INFO - Disk Read Bytes          : 0.0000
2025-11-27 17:08:52,558 - INFO - Disk Write Bytes         : 282624.0000
2025-11-27 17:08:52,558 - INFO - Vram Peak Usage Bytes    : 1746396276.0000
2025-11-27 17:08:52,558 - INFO - Gpu Power Watts Avg      : 343.6358
2025-11-27 17:08:52,558 - INFO - Gpu Power Watts Peak     : 364.6350
2025-11-27 17:08:52,558 - INFO - Gpu Temp Celsius Avg     : 66.0597
2025-11-27 17:08:52,558 - INFO - Gpu Temp Celsius Peak    : 68.0000
2025-11-27 17:08:52,558 - INFO - Gpu Utilization Percent Avg: 94.2537
2025-11-27 17:08:52,558 - INFO - Gpu Utilization Percent Peak: 100.0000
2025-11-27 17:08:52,558 - INFO - Gpu Mem Used Bytes Avg   : 21870346240.0000
2025-11-27 17:08:52,558 - INFO - Gpu Mem Used Bytes Peak  : 21870346240.0000
2025-11-27 17:08:52,558 - INFO - Gpu Vram Used Bytes      : 21870346240.0000
2025-11-27 17:08:52,558 - INFO - Accuracy                 : 0.0692
2025-11-27 17:08:52,558 - INFO - Precision                : 0.0580
2025-11-27 17:08:52,558 - INFO - Recall                   : 0.0692
2025-11-27 17:08:52,558 - INFO - F1 Score                 : 0.0442
2025-11-27 17:08:52,559 - INFO - ==================================================
2025-11-27 17:13:14,335 - INFO - Época 6 concluída. Loss média: 4.5901
2025-11-27 17:13:14,335 - INFO - Taxa de aprendizado ajustada para: 0.100000
2025-11-27 17:13:14,340 - INFO - Iniciando inferência com o modelo EfficientNetB7...
2025-11-27 17:13:21,160 - INFO - ==================================================
2025-11-27 17:13:21,160 - INFO - EXPERIMENT RESULTS
2025-11-27 17:13:21,160 - INFO - ==================================================
2025-11-27 17:13:21,160 - INFO - Elapsed Time Seconds     : 6.7976
2025-11-27 17:13:21,160 - INFO - Cpu Usage Percent        : 3.5844
2025-11-27 17:13:21,160 - INFO - Ram Peak Usage Bytes     : 4161716224.0000
2025-11-27 17:13:21,161 - INFO - Disk Read Bytes          : 0.0000
2025-11-27 17:13:21,161 - INFO - Disk Write Bytes         : 593920.0000
2025-11-27 17:13:21,161 - INFO - Vram Peak Usage Bytes    : 1746396276.0000
2025-11-27 17:13:21,161 - INFO - Gpu Power Watts Avg      : 338.5858
2025-11-27 17:13:21,161 - INFO - Gpu Power Watts Peak     : 357.5010
2025-11-27 17:13:21,161 - INFO - Gpu Temp Celsius Avg     : 65.6418
2025-11-27 17:13:21,161 - INFO - Gpu Temp Celsius Peak    : 68.0000
2025-11-27 17:13:21,161 - INFO - Gpu Utilization Percent Avg: 94.1642
2025-11-27 17:13:21,161 - INFO - Gpu Utilization Percent Peak: 100.0000
2025-11-27 17:13:21,161 - INFO - Gpu Mem Used Bytes Avg   : 21903900672.0000
2025-11-27 17:13:21,161 - INFO - Gpu Mem Used Bytes Peak  : 21903900672.0000
2025-11-27 17:13:21,161 - INFO - Gpu Vram Used Bytes      : 21903900672.0000
2025-11-27 17:13:21,161 - INFO - Accuracy                 : 0.0943
2025-11-27 17:13:21,161 - INFO - Precision                : 0.0914
2025-11-27 17:13:21,161 - INFO - Recall                   : 0.0943
2025-11-27 17:13:21,161 - INFO - F1 Score                 : 0.0642
2025-11-27 17:13:21,161 - INFO - ==================================================
2025-11-27 17:17:48,263 - INFO - Época 7 concluída. Loss média: 4.5368
2025-11-27 17:17:48,264 - INFO - Taxa de aprendizado ajustada para: 0.100000
2025-11-27 17:17:48,278 - INFO - Iniciando inferência com o modelo EfficientNetB7...
2025-11-27 17:17:55,329 - INFO - ==================================================
2025-11-27 17:17:55,329 - INFO - EXPERIMENT RESULTS
2025-11-27 17:17:55,329 - INFO - ==================================================
2025-11-27 17:17:55,329 - INFO - Elapsed Time Seconds     : 7.0284
2025-11-27 17:17:55,329 - INFO - Cpu Usage Percent        : 3.9438
2025-11-27 17:17:55,329 - INFO - Ram Peak Usage Bytes     : 4161888256.0000
2025-11-27 17:17:55,329 - INFO - Disk Read Bytes          : 0.0000
2025-11-27 17:17:55,329 - INFO - Disk Write Bytes         : 569344.0000
2025-11-27 17:17:55,329 - INFO - Vram Peak Usage Bytes    : 1746396276.0000
2025-11-27 17:17:55,329 - INFO - Gpu Power Watts Avg      : 329.2664
2025-11-27 17:17:55,329 - INFO - Gpu Power Watts Peak     : 358.6430
2025-11-27 17:17:55,329 - INFO - Gpu Temp Celsius Avg     : 64.9275
2025-11-27 17:17:55,329 - INFO - Gpu Temp Celsius Peak    : 68.0000
2025-11-27 17:17:55,329 - INFO - Gpu Utilization Percent Avg: 91.3768
2025-11-27 17:17:55,329 - INFO - Gpu Utilization Percent Peak: 100.0000
2025-11-27 17:17:55,329 - INFO - Gpu Mem Used Bytes Avg   : 21903900672.0000
2025-11-27 17:17:55,329 - INFO - Gpu Mem Used Bytes Peak  : 21903900672.0000
2025-11-27 17:17:55,329 - INFO - Gpu Vram Used Bytes      : 21903900672.0000
2025-11-27 17:17:55,329 - INFO - Accuracy                 : 0.0775
2025-11-27 17:17:55,329 - INFO - Precision                : 0.1131
2025-11-27 17:17:55,329 - INFO - Recall                   : 0.0775
2025-11-27 17:17:55,329 - INFO - F1 Score                 : 0.0593
2025-11-27 17:17:55,329 - INFO - ==================================================
2025-11-27 17:22:22,041 - INFO - Época 8 concluída. Loss média: 4.4848
2025-11-27 17:22:22,041 - INFO - Taxa de aprendizado ajustada para: 0.100000
2025-11-27 17:22:22,055 - INFO - Iniciando inferência com o modelo EfficientNetB7...
2025-11-27 17:22:29,182 - INFO - ==================================================
2025-11-27 17:22:29,182 - INFO - EXPERIMENT RESULTS
2025-11-27 17:22:29,182 - INFO - ==================================================
2025-11-27 17:22:29,182 - INFO - Elapsed Time Seconds     : 7.1043
2025-11-27 17:22:29,182 - INFO - Cpu Usage Percent        : 3.8969
2025-11-27 17:22:29,182 - INFO - Ram Peak Usage Bytes     : 4161970176.0000
2025-11-27 17:22:29,182 - INFO - Disk Read Bytes          : 0.0000
2025-11-27 17:22:29,182 - INFO - Disk Write Bytes         : 319488.0000
2025-11-27 17:22:29,182 - INFO - Vram Peak Usage Bytes    : 1746396276.0000
2025-11-27 17:22:29,182 - INFO - Gpu Power Watts Avg      : 325.3121
2025-11-27 17:22:29,182 - INFO - Gpu Power Watts Peak     : 356.1180
2025-11-27 17:22:29,182 - INFO - Gpu Temp Celsius Avg     : 64.4714
2025-11-27 17:22:29,182 - INFO - Gpu Temp Celsius Peak    : 67.0000
2025-11-27 17:22:29,182 - INFO - Gpu Utilization Percent Avg: 90.0714
2025-11-27 17:22:29,182 - INFO - Gpu Utilization Percent Peak: 100.0000
2025-11-27 17:22:29,182 - INFO - Gpu Mem Used Bytes Avg   : 21903900672.0000
2025-11-27 17:22:29,182 - INFO - Gpu Mem Used Bytes Peak  : 21903900672.0000
2025-11-27 17:22:29,182 - INFO - Gpu Vram Used Bytes      : 21903900672.0000
2025-11-27 17:22:29,182 - INFO - Accuracy                 : 0.0859
2025-11-27 17:22:29,183 - INFO - Precision                : 0.1042
2025-11-27 17:22:29,183 - INFO - Recall                   : 0.0859
2025-11-27 17:22:29,183 - INFO - F1 Score                 : 0.0637
2025-11-27 17:22:29,183 - INFO - ==================================================
2025-11-27 17:26:56,131 - INFO - Época 9 concluída. Loss média: 4.4464
2025-11-27 17:26:56,131 - INFO - Taxa de aprendizado ajustada para: 0.100000
2025-11-27 17:26:56,145 - INFO - Iniciando inferência com o modelo EfficientNetB7...
2025-11-27 17:27:03,193 - INFO - ==================================================
2025-11-27 17:27:03,193 - INFO - EXPERIMENT RESULTS
2025-11-27 17:27:03,193 - INFO - ==================================================
2025-11-27 17:27:03,193 - INFO - Elapsed Time Seconds     : 7.0250
2025-11-27 17:27:03,193 - INFO - Cpu Usage Percent        : 3.9531
2025-11-27 17:27:03,193 - INFO - Ram Peak Usage Bytes     : 4162408448.0000
2025-11-27 17:27:03,193 - INFO - Disk Read Bytes          : 0.0000
2025-11-27 17:27:03,193 - INFO - Disk Write Bytes         : 290816.0000
2025-11-27 17:27:03,193 - INFO - Vram Peak Usage Bytes    : 1746396276.0000
2025-11-27 17:27:03,193 - INFO - Gpu Power Watts Avg      : 322.5201
2025-11-27 17:27:03,193 - INFO - Gpu Power Watts Peak     : 350.4700
2025-11-27 17:27:03,193 - INFO - Gpu Temp Celsius Avg     : 64.3913
2025-11-27 17:27:03,193 - INFO - Gpu Temp Celsius Peak    : 67.0000
2025-11-27 17:27:03,193 - INFO - Gpu Utilization Percent Avg: 92.0870
2025-11-27 17:27:03,193 - INFO - Gpu Utilization Percent Peak: 100.0000
2025-11-27 17:27:03,193 - INFO - Gpu Mem Used Bytes Avg   : 21903900672.0000
2025-11-27 17:27:03,193 - INFO - Gpu Mem Used Bytes Peak  : 21903900672.0000
2025-11-27 17:27:03,193 - INFO - Gpu Vram Used Bytes      : 21903900672.0000
2025-11-27 17:27:03,193 - INFO - Accuracy                 : 0.1278
2025-11-27 17:27:03,193 - INFO - Precision                : 0.1264
2025-11-27 17:27:03,193 - INFO - Recall                   : 0.1278
2025-11-27 17:27:03,193 - INFO - F1 Score                 : 0.0996
2025-11-27 17:27:03,193 - INFO - ==================================================
2025-11-27 17:31:29,623 - INFO - Época 10 concluída. Loss média: 4.4077
2025-11-27 17:31:29,623 - INFO - Taxa de aprendizado ajustada para: 0.100000
2025-11-27 17:31:29,637 - INFO - Iniciando inferência com o modelo EfficientNetB7...
2025-11-27 17:31:36,862 - INFO - ==================================================
2025-11-27 17:31:36,862 - INFO - EXPERIMENT RESULTS
2025-11-27 17:31:36,862 - INFO - ==================================================
2025-11-27 17:31:36,862 - INFO - Elapsed Time Seconds     : 7.2022
2025-11-27 17:31:36,862 - INFO - Cpu Usage Percent        : 3.8188
2025-11-27 17:31:36,862 - INFO - Ram Peak Usage Bytes     : 4162809856.0000
2025-11-27 17:31:36,862 - INFO - Disk Read Bytes          : 0.0000
2025-11-27 17:31:36,862 - INFO - Disk Write Bytes         : 278528.0000
2025-11-27 17:31:36,862 - INFO - Vram Peak Usage Bytes    : 1746396276.0000
2025-11-27 17:31:36,862 - INFO - Gpu Power Watts Avg      : 317.0466
2025-11-27 17:31:36,862 - INFO - Gpu Power Watts Peak     : 348.3500
2025-11-27 17:31:36,862 - INFO - Gpu Temp Celsius Avg     : 63.6620
2025-11-27 17:31:36,862 - INFO - Gpu Temp Celsius Peak    : 66.0000
2025-11-27 17:31:36,862 - INFO - Gpu Utilization Percent Avg: 90.5915
2025-11-27 17:31:36,862 - INFO - Gpu Utilization Percent Peak: 100.0000
2025-11-27 17:31:36,862 - INFO - Gpu Mem Used Bytes Avg   : 21903900672.0000
2025-11-27 17:31:36,862 - INFO - Gpu Mem Used Bytes Peak  : 21903900672.0000
2025-11-27 17:31:36,862 - INFO - Gpu Vram Used Bytes      : 21903900672.0000
2025-11-27 17:31:36,862 - INFO - Accuracy                 : 0.1061
2025-11-27 17:31:36,862 - INFO - Precision                : 0.1062
2025-11-27 17:31:36,862 - INFO - Recall                   : 0.1061
2025-11-27 17:31:36,862 - INFO - F1 Score                 : 0.0772
2025-11-27 17:31:36,862 - INFO - ==================================================
2025-11-27 17:36:03,246 - INFO - Época 11 concluída. Loss média: 4.3819
2025-11-27 17:36:03,246 - INFO - Taxa de aprendizado ajustada para: 0.100000
2025-11-27 17:36:03,260 - INFO - Iniciando inferência com o modelo EfficientNetB7...
2025-11-27 17:36:10,271 - INFO - ==================================================
2025-11-27 17:36:10,271 - INFO - EXPERIMENT RESULTS
2025-11-27 17:36:10,271 - INFO - ==================================================
2025-11-27 17:36:10,271 - INFO - Elapsed Time Seconds     : 6.9883
2025-11-27 17:36:10,271 - INFO - Cpu Usage Percent        : 3.8594
2025-11-27 17:36:10,271 - INFO - Ram Peak Usage Bytes     : 4163260416.0000
2025-11-27 17:36:10,271 - INFO - Disk Read Bytes          : 0.0000
2025-11-27 17:36:10,271 - INFO - Disk Write Bytes         : 290816.0000
2025-11-27 17:36:10,271 - INFO - Vram Peak Usage Bytes    : 1746396276.0000
2025-11-27 17:36:10,271 - INFO - Gpu Power Watts Avg      : 321.6960
2025-11-27 17:36:10,272 - INFO - Gpu Power Watts Peak     : 344.6520
2025-11-27 17:36:10,272 - INFO - Gpu Temp Celsius Avg     : 64.0000
2025-11-27 17:36:10,272 - INFO - Gpu Temp Celsius Peak    : 66.0000
2025-11-27 17:36:10,272 - INFO - Gpu Utilization Percent Avg: 92.1884
2025-11-27 17:36:10,272 - INFO - Gpu Utilization Percent Peak: 100.0000
2025-11-27 17:36:10,272 - INFO - Gpu Mem Used Bytes Avg   : 21903900672.0000
2025-11-27 17:36:10,272 - INFO - Gpu Mem Used Bytes Peak  : 21903900672.0000
2025-11-27 17:36:10,272 - INFO - Gpu Vram Used Bytes      : 21903900672.0000
2025-11-27 17:36:10,272 - INFO - Accuracy                 : 0.1054
2025-11-27 17:36:10,272 - INFO - Precision                : 0.1213
2025-11-27 17:36:10,272 - INFO - Recall                   : 0.1054
2025-11-27 17:36:10,272 - INFO - F1 Score                 : 0.0837
2025-11-27 17:36:10,272 - INFO - ==================================================
2025-11-27 17:40:36,574 - INFO - Época 12 concluída. Loss média: 4.3546
2025-11-27 17:40:36,574 - INFO - Taxa de aprendizado ajustada para: 0.100000
2025-11-27 17:40:36,588 - INFO - Iniciando inferência com o modelo EfficientNetB7...
2025-11-27 17:40:43,616 - INFO - ==================================================
2025-11-27 17:40:43,617 - INFO - EXPERIMENT RESULTS
2025-11-27 17:40:43,617 - INFO - ==================================================
2025-11-27 17:40:43,617 - INFO - Elapsed Time Seconds     : 7.0061
2025-11-27 17:40:43,617 - INFO - Cpu Usage Percent        : 3.9469
2025-11-27 17:40:43,617 - INFO - Ram Peak Usage Bytes     : 4163842048.0000
2025-11-27 17:40:43,617 - INFO - Disk Read Bytes          : 0.0000
2025-11-27 17:40:43,617 - INFO - Disk Write Bytes         : 270336.0000
2025-11-27 17:40:43,617 - INFO - Vram Peak Usage Bytes    : 1746396276.0000
2025-11-27 17:40:43,617 - INFO - Gpu Power Watts Avg      : 317.2145
2025-11-27 17:40:43,617 - INFO - Gpu Power Watts Peak     : 342.0190
2025-11-27 17:40:43,617 - INFO - Gpu Temp Celsius Avg     : 63.9275
2025-11-27 17:40:43,617 - INFO - Gpu Temp Celsius Peak    : 66.0000
2025-11-27 17:40:43,617 - INFO - Gpu Utilization Percent Avg: 91.8406
2025-11-27 17:40:43,617 - INFO - Gpu Utilization Percent Peak: 100.0000
2025-11-27 17:40:43,617 - INFO - Gpu Mem Used Bytes Avg   : 21903900672.0000
2025-11-27 17:40:43,617 - INFO - Gpu Mem Used Bytes Peak  : 21903900672.0000
2025-11-27 17:40:43,617 - INFO - Gpu Vram Used Bytes      : 21903900672.0000
2025-11-27 17:40:43,617 - INFO - Accuracy                 : 0.1479
2025-11-27 17:40:43,617 - INFO - Precision                : 0.1570
2025-11-27 17:40:43,617 - INFO - Recall                   : 0.1479
2025-11-27 17:40:43,617 - INFO - F1 Score                 : 0.1145
2025-11-27 17:40:43,617 - INFO - ==================================================
2025-11-27 17:45:10,597 - INFO - Época 13 concluída. Loss média: 4.3296
2025-11-27 17:45:10,598 - INFO - Taxa de aprendizado ajustada para: 0.100000
2025-11-27 17:45:10,612 - INFO - Iniciando inferência com o modelo EfficientNetB7...
2025-11-27 17:45:17,580 - INFO - ==================================================
2025-11-27 17:45:17,580 - INFO - EXPERIMENT RESULTS
2025-11-27 17:45:17,580 - INFO - ==================================================
2025-11-27 17:45:17,580 - INFO - Elapsed Time Seconds     : 6.9450
2025-11-27 17:45:17,580 - INFO - Cpu Usage Percent        : 3.5531
2025-11-27 17:45:17,580 - INFO - Ram Peak Usage Bytes     : 4164026368.0000
2025-11-27 17:45:17,580 - INFO - Disk Read Bytes          : 0.0000
2025-11-27 17:45:17,580 - INFO - Disk Write Bytes         : 720896.0000
2025-11-27 17:45:17,580 - INFO - Vram Peak Usage Bytes    : 1746396276.0000
2025-11-27 17:45:17,580 - INFO - Gpu Power Watts Avg      : 313.6006
2025-11-27 17:45:17,580 - INFO - Gpu Power Watts Peak     : 337.4580
2025-11-27 17:45:17,580 - INFO - Gpu Temp Celsius Avg     : 63.7353
2025-11-27 17:45:17,580 - INFO - Gpu Temp Celsius Peak    : 66.0000
2025-11-27 17:45:17,580 - INFO - Gpu Utilization Percent Avg: 92.7059
2025-11-27 17:45:17,580 - INFO - Gpu Utilization Percent Peak: 100.0000
2025-11-27 17:45:17,580 - INFO - Gpu Mem Used Bytes Avg   : 21903900672.0000
2025-11-27 17:45:17,580 - INFO - Gpu Mem Used Bytes Peak  : 21903900672.0000
2025-11-27 17:45:17,581 - INFO - Gpu Vram Used Bytes      : 21903900672.0000
2025-11-27 17:45:17,581 - INFO - Accuracy                 : 0.1280
2025-11-27 17:45:17,581 - INFO - Precision                : 0.1540
2025-11-27 17:45:17,581 - INFO - Recall                   : 0.1280
2025-11-27 17:45:17,581 - INFO - F1 Score                 : 0.1018
2025-11-27 17:45:17,581 - INFO - ==================================================
2025-11-27 17:49:43,873 - INFO - Época 14 concluída. Loss média: 4.2959
2025-11-27 17:49:43,874 - INFO - Taxa de aprendizado ajustada para: 0.100000
2025-11-27 17:49:43,887 - INFO - Iniciando inferência com o modelo EfficientNetB7...
2025-11-27 17:49:50,918 - INFO - ==================================================
2025-11-27 17:49:50,918 - INFO - EXPERIMENT RESULTS
2025-11-27 17:49:50,918 - INFO - ==================================================
2025-11-27 17:49:50,918 - INFO - Elapsed Time Seconds     : 7.0079
2025-11-27 17:49:50,918 - INFO - Cpu Usage Percent        : 3.5281
2025-11-27 17:49:50,918 - INFO - Ram Peak Usage Bytes     : 4164050944.0000
2025-11-27 17:49:50,918 - INFO - Disk Read Bytes          : 0.0000
2025-11-27 17:49:50,918 - INFO - Disk Write Bytes         : 421888.0000
2025-11-27 17:49:50,918 - INFO - Vram Peak Usage Bytes    : 1746396276.0000
2025-11-27 17:49:50,918 - INFO - Gpu Power Watts Avg      : 314.5010
2025-11-27 17:49:50,918 - INFO - Gpu Power Watts Peak     : 338.1460
2025-11-27 17:49:50,918 - INFO - Gpu Temp Celsius Avg     : 63.6957
2025-11-27 17:49:50,918 - INFO - Gpu Temp Celsius Peak    : 66.0000
2025-11-27 17:49:50,918 - INFO - Gpu Utilization Percent Avg: 91.8116
2025-11-27 17:49:50,918 - INFO - Gpu Utilization Percent Peak: 100.0000
2025-11-27 17:49:50,918 - INFO - Gpu Mem Used Bytes Avg   : 22071672832.0000
2025-11-27 17:49:50,918 - INFO - Gpu Mem Used Bytes Peak  : 22071672832.0000
2025-11-27 17:49:50,918 - INFO - Gpu Vram Used Bytes      : 22071672832.0000
2025-11-27 17:49:50,918 - INFO - Accuracy                 : 0.1153
2025-11-27 17:49:50,918 - INFO - Precision                : 0.1406
2025-11-27 17:49:50,918 - INFO - Recall                   : 0.1153
2025-11-27 17:49:50,918 - INFO - F1 Score                 : 0.0884
2025-11-27 17:49:50,918 - INFO - ==================================================
2025-11-27 17:54:17,705 - INFO - Época 15 concluída. Loss média: 4.2665
2025-11-27 17:54:17,706 - INFO - Taxa de aprendizado ajustada para: 0.100000
2025-11-27 17:54:17,720 - INFO - Iniciando inferência com o modelo EfficientNetB7...
2025-11-27 17:54:24,743 - INFO - ==================================================
2025-11-27 17:54:24,743 - INFO - EXPERIMENT RESULTS
2025-11-27 17:54:24,743 - INFO - ==================================================
2025-11-27 17:54:24,743 - INFO - Elapsed Time Seconds     : 7.0000
2025-11-27 17:54:24,743 - INFO - Cpu Usage Percent        : 3.9562
2025-11-27 17:54:24,743 - INFO - Ram Peak Usage Bytes     : 4164521984.0000
2025-11-27 17:54:24,743 - INFO - Disk Read Bytes          : 0.0000
2025-11-27 17:54:24,743 - INFO - Disk Write Bytes         : 442368.0000
2025-11-27 17:54:24,743 - INFO - Vram Peak Usage Bytes    : 1746396276.0000
2025-11-27 17:54:24,743 - INFO - Gpu Power Watts Avg      : 308.6996
2025-11-27 17:54:24,743 - INFO - Gpu Power Watts Peak     : 332.3940
2025-11-27 17:54:24,743 - INFO - Gpu Temp Celsius Avg     : 63.2754
2025-11-27 17:54:24,743 - INFO - Gpu Temp Celsius Peak    : 65.0000
2025-11-27 17:54:24,743 - INFO - Gpu Utilization Percent Avg: 92.2174
2025-11-27 17:54:24,743 - INFO - Gpu Utilization Percent Peak: 100.0000
2025-11-27 17:54:24,743 - INFO - Gpu Mem Used Bytes Avg   : 22071672832.0000
2025-11-27 17:54:24,743 - INFO - Gpu Mem Used Bytes Peak  : 22071672832.0000
2025-11-27 17:54:24,743 - INFO - Gpu Vram Used Bytes      : 22071672832.0000
2025-11-27 17:54:24,743 - INFO - Accuracy                 : 0.1415
2025-11-27 17:54:24,743 - INFO - Precision                : 0.1692
2025-11-27 17:54:24,743 - INFO - Recall                   : 0.1415
2025-11-27 17:54:24,743 - INFO - F1 Score                 : 0.1063
2025-11-27 17:54:24,743 - INFO - ==================================================
2025-11-27 17:58:51,296 - INFO - Época 16 concluída. Loss média: 4.2410
2025-11-27 17:58:51,296 - INFO - Taxa de aprendizado ajustada para: 0.100000
2025-11-27 17:58:51,310 - INFO - Iniciando inferência com o modelo EfficientNetB7...
2025-11-27 17:58:58,247 - INFO - ==================================================
2025-11-27 17:58:58,247 - INFO - EXPERIMENT RESULTS
2025-11-27 17:58:58,247 - INFO - ==================================================
2025-11-27 17:58:58,247 - INFO - Elapsed Time Seconds     : 6.9225
2025-11-27 17:58:58,247 - INFO - Cpu Usage Percent        : 4.0125
2025-11-27 17:58:58,247 - INFO - Ram Peak Usage Bytes     : 4164792320.0000
2025-11-27 17:58:58,247 - INFO - Disk Read Bytes          : 0.0000
2025-11-27 17:58:58,247 - INFO - Disk Write Bytes         : 491520.0000
2025-11-27 17:58:58,247 - INFO - Vram Peak Usage Bytes    : 1746396276.0000
2025-11-27 17:58:58,247 - INFO - Gpu Power Watts Avg      : 308.1962
2025-11-27 17:58:58,247 - INFO - Gpu Power Watts Peak     : 329.8140
2025-11-27 17:58:58,247 - INFO - Gpu Temp Celsius Avg     : 63.4265
2025-11-27 17:58:58,247 - INFO - Gpu Temp Celsius Peak    : 65.0000
2025-11-27 17:58:58,247 - INFO - Gpu Utilization Percent Avg: 93.4265
2025-11-27 17:58:58,247 - INFO - Gpu Utilization Percent Peak: 100.0000
2025-11-27 17:58:58,247 - INFO - Gpu Mem Used Bytes Avg   : 22071672832.0000
2025-11-27 17:58:58,247 - INFO - Gpu Mem Used Bytes Peak  : 22071672832.0000
2025-11-27 17:58:58,247 - INFO - Gpu Vram Used Bytes      : 22071672832.0000
2025-11-27 17:58:58,247 - INFO - Accuracy                 : 0.1483
2025-11-27 17:58:58,247 - INFO - Precision                : 0.1617
2025-11-27 17:58:58,247 - INFO - Recall                   : 0.1483
2025-11-27 17:58:58,247 - INFO - F1 Score                 : 0.1165
2025-11-27 17:58:58,247 - INFO - ==================================================
2025-11-27 18:03:24,738 - INFO - Época 17 concluída. Loss média: 4.2251
2025-11-27 18:03:24,738 - INFO - Taxa de aprendizado ajustada para: 0.100000
2025-11-27 18:03:24,752 - INFO - Iniciando inferência com o modelo EfficientNetB7...
2025-11-27 18:03:31,723 - INFO - ==================================================
2025-11-27 18:03:31,723 - INFO - EXPERIMENT RESULTS
2025-11-27 18:03:31,723 - INFO - ==================================================
2025-11-27 18:03:31,723 - INFO - Elapsed Time Seconds     : 6.9557
2025-11-27 18:03:31,723 - INFO - Cpu Usage Percent        : 4.0062
2025-11-27 18:03:31,723 - INFO - Ram Peak Usage Bytes     : 4164960256.0000
2025-11-27 18:03:31,723 - INFO - Disk Read Bytes          : 0.0000
2025-11-27 18:03:31,723 - INFO - Disk Write Bytes         : 393216.0000
2025-11-27 18:03:31,723 - INFO - Vram Peak Usage Bytes    : 1746396276.0000
2025-11-27 18:03:31,723 - INFO - Gpu Power Watts Avg      : 306.3797
2025-11-27 18:03:31,723 - INFO - Gpu Power Watts Peak     : 330.0590
2025-11-27 18:03:31,723 - INFO - Gpu Temp Celsius Avg     : 63.3824
2025-11-27 18:03:31,723 - INFO - Gpu Temp Celsius Peak    : 65.0000
2025-11-27 18:03:31,723 - INFO - Gpu Utilization Percent Avg: 92.0882
2025-11-27 18:03:31,723 - INFO - Gpu Utilization Percent Peak: 100.0000
2025-11-27 18:03:31,723 - INFO - Gpu Mem Used Bytes Avg   : 22071672832.0000
2025-11-27 18:03:31,723 - INFO - Gpu Mem Used Bytes Peak  : 22071672832.0000
2025-11-27 18:03:31,723 - INFO - Gpu Vram Used Bytes      : 22071672832.0000
2025-11-27 18:03:31,723 - INFO - Accuracy                 : 0.1158
2025-11-27 18:03:31,723 - INFO - Precision                : 0.1769
2025-11-27 18:03:31,723 - INFO - Recall                   : 0.1158
2025-11-27 18:03:31,723 - INFO - F1 Score                 : 0.1016
2025-11-27 18:03:31,723 - INFO - ==================================================
2025-11-27 18:07:58,312 - INFO - Época 18 concluída. Loss média: 4.2081
2025-11-27 18:07:58,313 - INFO - Taxa de aprendizado ajustada para: 0.100000
2025-11-27 18:07:58,326 - INFO - Iniciando inferência com o modelo EfficientNetB7...
2025-11-27 18:08:05,358 - INFO - ==================================================
2025-11-27 18:08:05,358 - INFO - EXPERIMENT RESULTS
2025-11-27 18:08:05,358 - INFO - ==================================================
2025-11-27 18:08:05,358 - INFO - Elapsed Time Seconds     : 7.0083
2025-11-27 18:08:05,358 - INFO - Cpu Usage Percent        : 3.9688
2025-11-27 18:08:05,358 - INFO - Ram Peak Usage Bytes     : 4165668864.0000
2025-11-27 18:08:05,358 - INFO - Disk Read Bytes          : 0.0000
2025-11-27 18:08:05,358 - INFO - Disk Write Bytes         : 475136.0000
2025-11-27 18:08:05,358 - INFO - Vram Peak Usage Bytes    : 1746396276.0000
2025-11-27 18:08:05,358 - INFO - Gpu Power Watts Avg      : 303.0700
2025-11-27 18:08:05,358 - INFO - Gpu Power Watts Peak     : 325.8980
2025-11-27 18:08:05,358 - INFO - Gpu Temp Celsius Avg     : 62.7681
2025-11-27 18:08:05,358 - INFO - Gpu Temp Celsius Peak    : 65.0000
2025-11-27 18:08:05,358 - INFO - Gpu Utilization Percent Avg: 91.9855
2025-11-27 18:08:05,358 - INFO - Gpu Utilization Percent Peak: 100.0000
2025-11-27 18:08:05,358 - INFO - Gpu Mem Used Bytes Avg   : 22071672832.0000
2025-11-27 18:08:05,358 - INFO - Gpu Mem Used Bytes Peak  : 22071672832.0000
2025-11-27 18:08:05,358 - INFO - Gpu Vram Used Bytes      : 22071672832.0000
2025-11-27 18:08:05,358 - INFO - Accuracy                 : 0.1615
2025-11-27 18:08:05,358 - INFO - Precision                : 0.2001
2025-11-27 18:08:05,358 - INFO - Recall                   : 0.1615
2025-11-27 18:08:05,358 - INFO - F1 Score                 : 0.1403
2025-11-27 18:08:05,358 - INFO - ==================================================
2025-11-27 18:12:32,848 - INFO - Época 19 concluída. Loss média: 4.1918
2025-11-27 18:12:32,849 - INFO - Taxa de aprendizado ajustada para: 0.100000
2025-11-27 18:12:32,862 - INFO - Iniciando inferência com o modelo EfficientNetB7...
2025-11-27 18:12:39,891 - INFO - ==================================================
2025-11-27 18:12:39,892 - INFO - EXPERIMENT RESULTS
2025-11-27 18:12:39,892 - INFO - ==================================================
2025-11-27 18:12:39,892 - INFO - Elapsed Time Seconds     : 7.0062
2025-11-27 18:12:39,892 - INFO - Cpu Usage Percent        : 3.5562
2025-11-27 18:12:39,892 - INFO - Ram Peak Usage Bytes     : 4165967872.0000
2025-11-27 18:12:39,892 - INFO - Disk Read Bytes          : 0.0000
2025-11-27 18:12:39,892 - INFO - Disk Write Bytes         : 507904.0000
2025-11-27 18:12:39,892 - INFO - Vram Peak Usage Bytes    : 1746396276.0000
2025-11-27 18:12:39,892 - INFO - Gpu Power Watts Avg      : 303.8245
2025-11-27 18:12:39,892 - INFO - Gpu Power Watts Peak     : 324.8940
2025-11-27 18:12:39,892 - INFO - Gpu Temp Celsius Avg     : 62.8696
2025-11-27 18:12:39,892 - INFO - Gpu Temp Celsius Peak    : 65.0000
2025-11-27 18:12:39,892 - INFO - Gpu Utilization Percent Avg: 91.9565
2025-11-27 18:12:39,892 - INFO - Gpu Utilization Percent Peak: 100.0000
2025-11-27 18:12:39,892 - INFO - Gpu Mem Used Bytes Avg   : 22071672832.0000
2025-11-27 18:12:39,892 - INFO - Gpu Mem Used Bytes Peak  : 22071672832.0000
2025-11-27 18:12:39,892 - INFO - Gpu Vram Used Bytes      : 22071672832.0000
2025-11-27 18:12:39,892 - INFO - Accuracy                 : 0.1490
2025-11-27 18:12:39,892 - INFO - Precision                : 0.2340
2025-11-27 18:12:39,892 - INFO - Recall                   : 0.1490
2025-11-27 18:12:39,892 - INFO - F1 Score                 : 0.1308
2025-11-27 18:12:39,892 - INFO - ==================================================
2025-11-27 18:17:02,130 - INFO - Época 20 concluída. Loss média: 4.1806
2025-11-27 18:17:02,130 - INFO - Taxa de aprendizado ajustada para: 0.100000
2025-11-27 18:17:02,135 - INFO - Iniciando inferência com o modelo EfficientNetB7...
2025-11-27 18:17:09,127 - INFO - ==================================================
2025-11-27 18:17:09,128 - INFO - EXPERIMENT RESULTS
2025-11-27 18:17:09,128 - INFO - ==================================================
2025-11-27 18:17:09,128 - INFO - Elapsed Time Seconds     : 6.9690
2025-11-27 18:17:09,128 - INFO - Cpu Usage Percent        : 3.5438
2025-11-27 18:17:09,128 - INFO - Ram Peak Usage Bytes     : 4165992448.0000
2025-11-27 18:17:09,128 - INFO - Disk Read Bytes          : 0.0000
2025-11-27 18:17:09,128 - INFO - Disk Write Bytes         : 774144.0000
2025-11-27 18:17:09,128 - INFO - Vram Peak Usage Bytes    : 1746396276.0000
2025-11-27 18:17:09,128 - INFO - Gpu Power Watts Avg      : 304.1319
2025-11-27 18:17:09,128 - INFO - Gpu Power Watts Peak     : 322.3850
2025-11-27 18:17:09,128 - INFO - Gpu Temp Celsius Avg     : 63.1884
2025-11-27 18:17:09,128 - INFO - Gpu Temp Celsius Peak    : 65.0000
2025-11-27 18:17:09,128 - INFO - Gpu Utilization Percent Avg: 93.5507
2025-11-27 18:17:09,128 - INFO - Gpu Utilization Percent Peak: 100.0000
2025-11-27 18:17:09,128 - INFO - Gpu Mem Used Bytes Avg   : 22071672832.0000
2025-11-27 18:17:09,128 - INFO - Gpu Mem Used Bytes Peak  : 22071672832.0000
2025-11-27 18:17:09,128 - INFO - Gpu Vram Used Bytes      : 22071672832.0000
2025-11-27 18:17:09,128 - INFO - Accuracy                 : 0.1646
2025-11-27 18:17:09,128 - INFO - Precision                : 0.1878
2025-11-27 18:17:09,128 - INFO - Recall                   : 0.1646
2025-11-27 18:17:09,128 - INFO - F1 Score                 : 0.1299
2025-11-27 18:17:09,128 - INFO - ==================================================
2025-11-27 18:21:36,333 - INFO - Época 21 concluída. Loss média: 4.1703
2025-11-27 18:21:36,334 - INFO - Taxa de aprendizado ajustada para: 0.100000
2025-11-27 18:21:36,348 - INFO - Iniciando inferência com o modelo EfficientNetB7...
2025-11-27 18:21:43,305 - INFO - ==================================================
2025-11-27 18:21:43,305 - INFO - EXPERIMENT RESULTS
2025-11-27 18:21:43,305 - INFO - ==================================================
2025-11-27 18:21:43,305 - INFO - Elapsed Time Seconds     : 6.9427
2025-11-27 18:21:43,305 - INFO - Cpu Usage Percent        : 3.9281
2025-11-27 18:21:43,305 - INFO - Ram Peak Usage Bytes     : 4166160384.0000
2025-11-27 18:21:43,305 - INFO - Disk Read Bytes          : 0.0000
2025-11-27 18:21:43,305 - INFO - Disk Write Bytes         : 548864.0000
2025-11-27 18:21:43,305 - INFO - Vram Peak Usage Bytes    : 1746396276.0000
2025-11-27 18:21:43,305 - INFO - Gpu Power Watts Avg      : 301.7922
2025-11-27 18:21:43,305 - INFO - Gpu Power Watts Peak     : 324.6120
2025-11-27 18:21:43,305 - INFO - Gpu Temp Celsius Avg     : 63.1324
2025-11-27 18:21:43,305 - INFO - Gpu Temp Celsius Peak    : 65.0000
2025-11-27 18:21:43,305 - INFO - Gpu Utilization Percent Avg: 92.1324
2025-11-27 18:21:43,305 - INFO - Gpu Utilization Percent Peak: 100.0000
2025-11-27 18:21:43,305 - INFO - Gpu Mem Used Bytes Avg   : 22071672832.0000
2025-11-27 18:21:43,305 - INFO - Gpu Mem Used Bytes Peak  : 22071672832.0000
2025-11-27 18:21:43,305 - INFO - Gpu Vram Used Bytes      : 22071672832.0000
2025-11-27 18:21:43,305 - INFO - Accuracy                 : 0.1907
2025-11-27 18:21:43,305 - INFO - Precision                : 0.2037
2025-11-27 18:21:43,305 - INFO - Recall                   : 0.1907
2025-11-27 18:21:43,305 - INFO - F1 Score                 : 0.1550
2025-11-27 18:21:43,305 - INFO - ==================================================
2025-11-27 18:26:10,439 - INFO - Época 22 concluída. Loss média: 4.1636
2025-11-27 18:26:10,440 - INFO - Taxa de aprendizado ajustada para: 0.100000
2025-11-27 18:26:10,453 - INFO - Iniciando inferência com o modelo EfficientNetB7...
2025-11-27 18:26:17,562 - INFO - ==================================================
2025-11-27 18:26:17,562 - INFO - EXPERIMENT RESULTS
2025-11-27 18:26:17,562 - INFO - ==================================================
2025-11-27 18:26:17,562 - INFO - Elapsed Time Seconds     : 7.0854
2025-11-27 18:26:17,562 - INFO - Cpu Usage Percent        : 3.9562
2025-11-27 18:26:17,562 - INFO - Ram Peak Usage Bytes     : 4166320128.0000
2025-11-27 18:26:17,562 - INFO - Disk Read Bytes          : 0.0000
2025-11-27 18:26:17,562 - INFO - Disk Write Bytes         : 290816.0000
2025-11-27 18:26:17,562 - INFO - Vram Peak Usage Bytes    : 1746396276.0000
2025-11-27 18:26:17,562 - INFO - Gpu Power Watts Avg      : 296.6416
2025-11-27 18:26:17,562 - INFO - Gpu Power Watts Peak     : 321.8240
2025-11-27 18:26:17,562 - INFO - Gpu Temp Celsius Avg     : 62.8143
2025-11-27 18:26:17,562 - INFO - Gpu Temp Celsius Peak    : 65.0000
2025-11-27 18:26:17,562 - INFO - Gpu Utilization Percent Avg: 91.6857
2025-11-27 18:26:17,562 - INFO - Gpu Utilization Percent Peak: 100.0000
2025-11-27 18:26:17,562 - INFO - Gpu Mem Used Bytes Avg   : 22071672832.0000
2025-11-27 18:26:17,562 - INFO - Gpu Mem Used Bytes Peak  : 22071672832.0000
2025-11-27 18:26:17,563 - INFO - Gpu Vram Used Bytes      : 22071672832.0000
2025-11-27 18:26:17,563 - INFO - Accuracy                 : 0.1515
2025-11-27 18:26:17,563 - INFO - Precision                : 0.2245
2025-11-27 18:26:17,563 - INFO - Recall                   : 0.1515
2025-11-27 18:26:17,563 - INFO - F1 Score                 : 0.1259
2025-11-27 18:26:17,563 - INFO - ==================================================
2025-11-27 18:30:40,415 - INFO - Época 23 concluída. Loss média: 4.1504
2025-11-27 18:30:40,415 - INFO - Taxa de aprendizado ajustada para: 0.100000
2025-11-27 18:30:40,429 - INFO - Iniciando inferência com o modelo EfficientNetB7...
2025-11-27 18:30:47,461 - INFO - ==================================================
2025-11-27 18:30:47,461 - INFO - EXPERIMENT RESULTS
2025-11-27 18:30:47,461 - INFO - ==================================================
2025-11-27 18:30:47,462 - INFO - Elapsed Time Seconds     : 7.0094
2025-11-27 18:30:47,462 - INFO - Cpu Usage Percent        : 3.5625
2025-11-27 18:30:47,462 - INFO - Ram Peak Usage Bytes     : 4166520832.0000
2025-11-27 18:30:47,462 - INFO - Disk Read Bytes          : 0.0000
2025-11-27 18:30:47,462 - INFO - Disk Write Bytes         : 278528.0000
2025-11-27 18:30:47,462 - INFO - Vram Peak Usage Bytes    : 1746396276.0000
2025-11-27 18:30:47,462 - INFO - Gpu Power Watts Avg      : 295.2629
2025-11-27 18:30:47,462 - INFO - Gpu Power Watts Peak     : 321.1350
2025-11-27 18:30:47,462 - INFO - Gpu Temp Celsius Avg     : 62.8841
2025-11-27 18:30:47,462 - INFO - Gpu Temp Celsius Peak    : 65.0000
2025-11-27 18:30:47,462 - INFO - Gpu Utilization Percent Avg: 90.3333
2025-11-27 18:30:47,462 - INFO - Gpu Utilization Percent Peak: 100.0000
2025-11-27 18:30:47,462 - INFO - Gpu Mem Used Bytes Avg   : 22071672832.0000
2025-11-27 18:30:47,462 - INFO - Gpu Mem Used Bytes Peak  : 22071672832.0000
2025-11-27 18:30:47,462 - INFO - Gpu Vram Used Bytes      : 22071672832.0000
2025-11-27 18:30:47,462 - INFO - Accuracy                 : 0.1498
2025-11-27 18:30:47,462 - INFO - Precision                : 0.2033
2025-11-27 18:30:47,462 - INFO - Recall                   : 0.1498
2025-11-27 18:30:47,462 - INFO - F1 Score                 : 0.1307
2025-11-27 18:30:47,462 - INFO - ==================================================
2025-11-27 18:35:09,539 - INFO - Época 24 concluída. Loss média: 4.1490
2025-11-27 18:35:09,539 - INFO - Taxa de aprendizado ajustada para: 0.100000
2025-11-27 18:35:09,544 - INFO - Iniciando inferência com o modelo EfficientNetB7...
2025-11-27 18:35:16,446 - INFO - ==================================================
2025-11-27 18:35:16,446 - INFO - EXPERIMENT RESULTS
2025-11-27 18:35:16,446 - INFO - ==================================================
2025-11-27 18:35:16,446 - INFO - Elapsed Time Seconds     : 6.8873
2025-11-27 18:35:16,446 - INFO - Cpu Usage Percent        : 4.0250
2025-11-27 18:35:16,446 - INFO - Ram Peak Usage Bytes     : 4167299072.0000
2025-11-27 18:35:16,446 - INFO - Disk Read Bytes          : 0.0000
2025-11-27 18:35:16,446 - INFO - Disk Write Bytes         : 290816.0000
2025-11-27 18:35:16,446 - INFO - Vram Peak Usage Bytes    : 1746396276.0000
2025-11-27 18:35:16,446 - INFO - Gpu Power Watts Avg      : 301.5085
2025-11-27 18:35:16,446 - INFO - Gpu Power Watts Peak     : 321.2430
2025-11-27 18:35:16,446 - INFO - Gpu Temp Celsius Avg     : 62.9412
2025-11-27 18:35:16,446 - INFO - Gpu Temp Celsius Peak    : 65.0000
2025-11-27 18:35:16,446 - INFO - Gpu Utilization Percent Avg: 93.3382
2025-11-27 18:35:16,446 - INFO - Gpu Utilization Percent Peak: 100.0000
2025-11-27 18:35:16,446 - INFO - Gpu Mem Used Bytes Avg   : 22071672832.0000
2025-11-27 18:35:16,446 - INFO - Gpu Mem Used Bytes Peak  : 22071672832.0000
2025-11-27 18:35:16,446 - INFO - Gpu Vram Used Bytes      : 22071672832.0000
2025-11-27 18:35:16,446 - INFO - Accuracy                 : 0.1574
2025-11-27 18:35:16,446 - INFO - Precision                : 0.1821
2025-11-27 18:35:16,446 - INFO - Recall                   : 0.1574
2025-11-27 18:35:16,446 - INFO - F1 Score                 : 0.1289
2025-11-27 18:35:16,446 - INFO - ==================================================
2025-11-27 18:39:38,430 - INFO - Época 25 concluída. Loss média: 4.1407
2025-11-27 18:39:38,431 - INFO - Taxa de aprendizado ajustada para: 0.100000
2025-11-27 18:39:38,444 - INFO - Iniciando inferência com o modelo EfficientNetB7...
2025-11-27 18:39:45,493 - INFO - ==================================================
2025-11-27 18:39:45,493 - INFO - EXPERIMENT RESULTS
2025-11-27 18:39:45,493 - INFO - ==================================================
2025-11-27 18:39:45,493 - INFO - Elapsed Time Seconds     : 7.0257
2025-11-27 18:39:45,493 - INFO - Cpu Usage Percent        : 3.5812
2025-11-27 18:39:45,493 - INFO - Ram Peak Usage Bytes     : 4167692288.0000
2025-11-27 18:39:45,493 - INFO - Disk Read Bytes          : 0.0000
2025-11-27 18:39:45,493 - INFO - Disk Write Bytes         : 524288.0000
2025-11-27 18:39:45,493 - INFO - Vram Peak Usage Bytes    : 1746396276.0000
2025-11-27 18:39:45,493 - INFO - Gpu Power Watts Avg      : 298.0845
2025-11-27 18:39:45,493 - INFO - Gpu Power Watts Peak     : 319.8060
2025-11-27 18:39:45,494 - INFO - Gpu Temp Celsius Avg     : 62.3478
2025-11-27 18:39:45,494 - INFO - Gpu Temp Celsius Peak    : 64.0000
2025-11-27 18:39:45,494 - INFO - Gpu Utilization Percent Avg: 91.6957
2025-11-27 18:39:45,494 - INFO - Gpu Utilization Percent Peak: 100.0000
2025-11-27 18:39:45,494 - INFO - Gpu Mem Used Bytes Avg   : 22071672832.0000
2025-11-27 18:39:45,494 - INFO - Gpu Mem Used Bytes Peak  : 22071672832.0000
2025-11-27 18:39:45,494 - INFO - Gpu Vram Used Bytes      : 22071672832.0000
2025-11-27 18:39:45,494 - INFO - Accuracy                 : 0.1873
2025-11-27 18:39:45,494 - INFO - Precision                : 0.2192
2025-11-27 18:39:45,494 - INFO - Recall                   : 0.1873
2025-11-27 18:39:45,494 - INFO - F1 Score                 : 0.1607
2025-11-27 18:39:45,494 - INFO - ==================================================
2025-11-27 18:44:12,816 - INFO - Época 26 concluída. Loss média: 4.1382
2025-11-27 18:44:12,817 - INFO - Taxa de aprendizado ajustada para: 0.100000
2025-11-27 18:44:12,830 - INFO - Iniciando inferência com o modelo EfficientNetB7...
2025-11-27 18:44:19,849 - INFO - ==================================================
2025-11-27 18:44:19,850 - INFO - EXPERIMENT RESULTS
2025-11-27 18:44:19,850 - INFO - ==================================================
2025-11-27 18:44:19,850 - INFO - Elapsed Time Seconds     : 6.9957
2025-11-27 18:44:19,850 - INFO - Cpu Usage Percent        : 3.5750
2025-11-27 18:44:19,850 - INFO - Ram Peak Usage Bytes     : 4167708672.0000
2025-11-27 18:44:19,850 - INFO - Disk Read Bytes          : 0.0000
2025-11-27 18:44:19,850 - INFO - Disk Write Bytes         : 290816.0000
2025-11-27 18:44:19,850 - INFO - Vram Peak Usage Bytes    : 1746396276.0000
2025-11-27 18:44:19,850 - INFO - Gpu Power Watts Avg      : 297.4996
2025-11-27 18:44:19,850 - INFO - Gpu Power Watts Peak     : 319.4760
2025-11-27 18:44:19,850 - INFO - Gpu Temp Celsius Avg     : 62.4638
2025-11-27 18:44:19,850 - INFO - Gpu Temp Celsius Peak    : 64.0000
2025-11-27 18:44:19,850 - INFO - Gpu Utilization Percent Avg: 92.3623
2025-11-27 18:44:19,850 - INFO - Gpu Utilization Percent Peak: 100.0000
2025-11-27 18:44:19,850 - INFO - Gpu Mem Used Bytes Avg   : 22071672832.0000
2025-11-27 18:44:19,850 - INFO - Gpu Mem Used Bytes Peak  : 22071672832.0000
2025-11-27 18:44:19,850 - INFO - Gpu Vram Used Bytes      : 22071672832.0000
2025-11-27 18:44:19,850 - INFO - Accuracy                 : 0.1862
2025-11-27 18:44:19,850 - INFO - Precision                : 0.2071
2025-11-27 18:44:19,850 - INFO - Recall                   : 0.1862
2025-11-27 18:44:19,850 - INFO - F1 Score                 : 0.1560
2025-11-27 18:44:19,850 - INFO - ==================================================
2025-11-27 18:48:46,846 - INFO - Época 27 concluída. Loss média: 4.1240
2025-11-27 18:48:46,847 - INFO - Taxa de aprendizado ajustada para: 0.100000
2025-11-27 18:48:46,860 - INFO - Iniciando inferência com o modelo EfficientNetB7...
2025-11-27 18:48:54,014 - INFO - ==================================================
2025-11-27 18:48:54,014 - INFO - EXPERIMENT RESULTS
2025-11-27 18:48:54,014 - INFO - ==================================================
2025-11-27 18:48:54,014 - INFO - Elapsed Time Seconds     : 7.1307
2025-11-27 18:48:54,014 - INFO - Cpu Usage Percent        : 3.9188
2025-11-27 18:48:54,014 - INFO - Ram Peak Usage Bytes     : 4168441856.0000
2025-11-27 18:48:54,014 - INFO - Disk Read Bytes          : 0.0000
2025-11-27 18:48:54,014 - INFO - Disk Write Bytes         : 421888.0000
2025-11-27 18:48:54,014 - INFO - Vram Peak Usage Bytes    : 1746396276.0000
2025-11-27 18:48:54,014 - INFO - Gpu Power Watts Avg      : 291.2747
2025-11-27 18:48:54,014 - INFO - Gpu Power Watts Peak     : 318.4910
2025-11-27 18:48:54,014 - INFO - Gpu Temp Celsius Avg     : 62.2143
2025-11-27 18:48:54,015 - INFO - Gpu Temp Celsius Peak    : 64.0000
2025-11-27 18:48:54,015 - INFO - Gpu Utilization Percent Avg: 90.0429
2025-11-27 18:48:54,015 - INFO - Gpu Utilization Percent Peak: 100.0000
2025-11-27 18:48:54,015 - INFO - Gpu Mem Used Bytes Avg   : 22071672832.0000
2025-11-27 18:48:54,015 - INFO - Gpu Mem Used Bytes Peak  : 22071672832.0000
2025-11-27 18:48:54,015 - INFO - Gpu Vram Used Bytes      : 22071672832.0000
2025-11-27 18:48:54,015 - INFO - Accuracy                 : 0.1600
2025-11-27 18:48:54,015 - INFO - Precision                : 0.1859
2025-11-27 18:48:54,015 - INFO - Recall                   : 0.1600
2025-11-27 18:48:54,015 - INFO - F1 Score                 : 0.1341
2025-11-27 18:48:54,015 - INFO - ==================================================
2025-11-27 18:53:21,396 - INFO - Época 28 concluída. Loss média: 4.1161
2025-11-27 18:53:21,396 - INFO - Taxa de aprendizado ajustada para: 0.100000
2025-11-27 18:53:21,402 - INFO - Iniciando inferência com o modelo EfficientNetB7...
2025-11-27 18:53:28,493 - INFO - ==================================================
2025-11-27 18:53:28,493 - INFO - EXPERIMENT RESULTS
2025-11-27 18:53:28,493 - INFO - ==================================================
2025-11-27 18:53:28,494 - INFO - Elapsed Time Seconds     : 7.0687
2025-11-27 18:53:28,494 - INFO - Cpu Usage Percent        : 3.8719
2025-11-27 18:53:28,494 - INFO - Ram Peak Usage Bytes     : 4168691712.0000
2025-11-27 18:53:28,494 - INFO - Disk Read Bytes          : 0.0000
2025-11-27 18:53:28,494 - INFO - Disk Write Bytes         : 438272.0000
2025-11-27 18:53:28,494 - INFO - Vram Peak Usage Bytes    : 1746396276.0000
2025-11-27 18:53:28,494 - INFO - Gpu Power Watts Avg      : 296.8114
2025-11-27 18:53:28,494 - INFO - Gpu Power Watts Peak     : 318.2160
2025-11-27 18:53:28,494 - INFO - Gpu Temp Celsius Avg     : 62.4143
2025-11-27 18:53:28,494 - INFO - Gpu Temp Celsius Peak    : 64.0000
2025-11-27 18:53:28,494 - INFO - Gpu Utilization Percent Avg: 92.4000
2025-11-27 18:53:28,494 - INFO - Gpu Utilization Percent Peak: 100.0000
2025-11-27 18:53:28,494 - INFO - Gpu Mem Used Bytes Avg   : 22071672832.0000
2025-11-27 18:53:28,494 - INFO - Gpu Mem Used Bytes Peak  : 22071672832.0000
2025-11-27 18:53:28,494 - INFO - Gpu Vram Used Bytes      : 22071672832.0000
2025-11-27 18:53:28,494 - INFO - Accuracy                 : 0.1759
2025-11-27 18:53:28,494 - INFO - Precision                : 0.2216
2025-11-27 18:53:28,494 - INFO - Recall                   : 0.1759
2025-11-27 18:53:28,494 - INFO - F1 Score                 : 0.1526
2025-11-27 18:53:28,494 - INFO - ==================================================
2025-11-27 18:57:55,787 - INFO - Época 29 concluída. Loss média: 4.1145
2025-11-27 18:57:55,788 - INFO - Taxa de aprendizado ajustada para: 0.100000
2025-11-27 18:57:55,802 - INFO - Iniciando inferência com o modelo EfficientNetB7...
2025-11-27 18:58:02,951 - INFO - ==================================================
2025-11-27 18:58:02,951 - INFO - EXPERIMENT RESULTS
2025-11-27 18:58:02,951 - INFO - ==================================================
2025-11-27 18:58:02,951 - INFO - Elapsed Time Seconds     : 7.1255
2025-11-27 18:58:02,951 - INFO - Cpu Usage Percent        : 3.9344
2025-11-27 18:58:02,951 - INFO - Ram Peak Usage Bytes     : 4168896512.0000
2025-11-27 18:58:02,951 - INFO - Disk Read Bytes          : 0.0000
2025-11-27 18:58:02,951 - INFO - Disk Write Bytes         : 819200.0000
2025-11-27 18:58:02,951 - INFO - Vram Peak Usage Bytes    : 1746396276.0000
2025-11-27 18:58:02,951 - INFO - Gpu Power Watts Avg      : 292.5504
2025-11-27 18:58:02,951 - INFO - Gpu Power Watts Peak     : 318.6700
2025-11-27 18:58:02,951 - INFO - Gpu Temp Celsius Avg     : 62.4714
2025-11-27 18:58:02,951 - INFO - Gpu Temp Celsius Peak    : 65.0000
2025-11-27 18:58:02,951 - INFO - Gpu Utilization Percent Avg: 90.4857
2025-11-27 18:58:02,951 - INFO - Gpu Utilization Percent Peak: 100.0000
2025-11-27 18:58:02,951 - INFO - Gpu Mem Used Bytes Avg   : 22071672832.0000
2025-11-27 18:58:02,951 - INFO - Gpu Mem Used Bytes Peak  : 22071672832.0000
2025-11-27 18:58:02,951 - INFO - Gpu Vram Used Bytes      : 22071672832.0000
2025-11-27 18:58:02,951 - INFO - Accuracy                 : 0.1643
2025-11-27 18:58:02,951 - INFO - Precision                : 0.2201
2025-11-27 18:58:02,951 - INFO - Recall                   : 0.1643
2025-11-27 18:58:02,951 - INFO - F1 Score                 : 0.1457
2025-11-27 18:58:02,951 - INFO - ==================================================
2025-11-27 19:02:30,610 - INFO - Época 30 concluída. Loss média: 4.1103
2025-11-27 19:02:30,610 - INFO - Taxa de aprendizado ajustada para: 0.010000
2025-11-27 19:02:30,624 - INFO - Iniciando inferência com o modelo EfficientNetB7...
2025-11-27 19:02:37,742 - INFO - ==================================================
2025-11-27 19:02:37,742 - INFO - EXPERIMENT RESULTS
2025-11-27 19:02:37,742 - INFO - ==================================================
2025-11-27 19:02:37,742 - INFO - Elapsed Time Seconds     : 7.0943
2025-11-27 19:02:37,742 - INFO - Cpu Usage Percent        : 3.9125
2025-11-27 19:02:37,742 - INFO - Ram Peak Usage Bytes     : 4169072640.0000
2025-11-27 19:02:37,742 - INFO - Disk Read Bytes          : 0.0000
2025-11-27 19:02:37,742 - INFO - Disk Write Bytes         : 286720.0000
2025-11-27 19:02:37,742 - INFO - Vram Peak Usage Bytes    : 1746396276.0000
2025-11-27 19:02:37,742 - INFO - Gpu Power Watts Avg      : 294.6317
2025-11-27 19:02:37,742 - INFO - Gpu Power Watts Peak     : 319.0660
2025-11-27 19:02:37,742 - INFO - Gpu Temp Celsius Avg     : 62.3857
2025-11-27 19:02:37,742 - INFO - Gpu Temp Celsius Peak    : 64.0000
2025-11-27 19:02:37,743 - INFO - Gpu Utilization Percent Avg: 91.5429
2025-11-27 19:02:37,743 - INFO - Gpu Utilization Percent Peak: 100.0000
2025-11-27 19:02:37,743 - INFO - Gpu Mem Used Bytes Avg   : 22071672832.0000
2025-11-27 19:02:37,743 - INFO - Gpu Mem Used Bytes Peak  : 22071672832.0000
2025-11-27 19:02:37,743 - INFO - Gpu Vram Used Bytes      : 22071672832.0000
2025-11-27 19:02:37,743 - INFO - Accuracy                 : 0.1594
2025-11-27 19:02:37,743 - INFO - Precision                : 0.2169
2025-11-27 19:02:37,743 - INFO - Recall                   : 0.1594
2025-11-27 19:02:37,743 - INFO - F1 Score                 : 0.1388
2025-11-27 19:02:37,743 - INFO - ==================================================
2025-11-27 19:07:04,698 - INFO - Época 31 concluída. Loss média: 3.7852
2025-11-27 19:07:04,699 - INFO - Taxa de aprendizado ajustada para: 0.010000
2025-11-27 19:07:04,712 - INFO - Iniciando inferência com o modelo EfficientNetB7...
2025-11-27 19:07:11,757 - INFO - ==================================================
2025-11-27 19:07:11,757 - INFO - EXPERIMENT RESULTS
2025-11-27 19:07:11,757 - INFO - ==================================================
2025-11-27 19:07:11,758 - INFO - Elapsed Time Seconds     : 7.0214
2025-11-27 19:07:11,758 - INFO - Cpu Usage Percent        : 3.5375
2025-11-27 19:07:11,758 - INFO - Ram Peak Usage Bytes     : 4169445376.0000
2025-11-27 19:07:11,758 - INFO - Disk Read Bytes          : 0.0000
2025-11-27 19:07:11,758 - INFO - Disk Write Bytes         : 327680.0000
2025-11-27 19:07:11,758 - INFO - Vram Peak Usage Bytes    : 1746396276.0000
2025-11-27 19:07:11,758 - INFO - Gpu Power Watts Avg      : 297.8455
2025-11-27 19:07:11,758 - INFO - Gpu Power Watts Peak     : 318.9250
2025-11-27 19:07:11,758 - INFO - Gpu Temp Celsius Avg     : 62.8696
2025-11-27 19:07:11,758 - INFO - Gpu Temp Celsius Peak    : 65.0000
2025-11-27 19:07:11,758 - INFO - Gpu Utilization Percent Avg: 93.1594
2025-11-27 19:07:11,758 - INFO - Gpu Utilization Percent Peak: 100.0000
2025-11-27 19:07:11,758 - INFO - Gpu Mem Used Bytes Avg   : 22071672832.0000
2025-11-27 19:07:11,758 - INFO - Gpu Mem Used Bytes Peak  : 22071672832.0000
2025-11-27 19:07:11,758 - INFO - Gpu Vram Used Bytes      : 22071672832.0000
2025-11-27 19:07:11,758 - INFO - Accuracy                 : 0.3132
2025-11-27 19:07:11,758 - INFO - Precision                : 0.3003
2025-11-27 19:07:11,758 - INFO - Recall                   : 0.3132
2025-11-27 19:07:11,758 - INFO - F1 Score                 : 0.2891
2025-11-27 19:07:11,758 - INFO - ==================================================
2025-11-27 19:11:38,371 - INFO - Época 32 concluída. Loss média: 3.7116
2025-11-27 19:11:38,372 - INFO - Taxa de aprendizado ajustada para: 0.010000
2025-11-27 19:11:38,386 - INFO - Iniciando inferência com o modelo EfficientNetB7...
2025-11-27 19:11:45,444 - INFO - ==================================================
2025-11-27 19:11:45,444 - INFO - EXPERIMENT RESULTS
2025-11-27 19:11:45,444 - INFO - ==================================================
2025-11-27 19:11:45,444 - INFO - Elapsed Time Seconds     : 7.0344
2025-11-27 19:11:45,444 - INFO - Cpu Usage Percent        : 3.5438
2025-11-27 19:11:45,444 - INFO - Ram Peak Usage Bytes     : 4169469952.0000
2025-11-27 19:11:45,444 - INFO - Disk Read Bytes          : 0.0000
2025-11-27 19:11:45,444 - INFO - Disk Write Bytes         : 540672.0000
2025-11-27 19:11:45,444 - INFO - Vram Peak Usage Bytes    : 1746396276.0000
2025-11-27 19:11:45,444 - INFO - Gpu Power Watts Avg      : 296.3863
2025-11-27 19:11:45,444 - INFO - Gpu Power Watts Peak     : 317.5030
2025-11-27 19:11:45,444 - INFO - Gpu Temp Celsius Avg     : 62.4783
2025-11-27 19:11:45,444 - INFO - Gpu Temp Celsius Peak    : 64.0000
2025-11-27 19:11:45,444 - INFO - Gpu Utilization Percent Avg: 92.9275
2025-11-27 19:11:45,444 - INFO - Gpu Utilization Percent Peak: 100.0000
2025-11-27 19:11:45,444 - INFO - Gpu Mem Used Bytes Avg   : 22071672832.0000
2025-11-27 19:11:45,444 - INFO - Gpu Mem Used Bytes Peak  : 22071672832.0000
2025-11-27 19:11:45,444 - INFO - Gpu Vram Used Bytes      : 22071672832.0000
2025-11-27 19:11:45,444 - INFO - Accuracy                 : 0.3238
2025-11-27 19:11:45,444 - INFO - Precision                : 0.3119
2025-11-27 19:11:45,444 - INFO - Recall                   : 0.3238
2025-11-27 19:11:45,444 - INFO - F1 Score                 : 0.2966
2025-11-27 19:11:45,444 - INFO - ==================================================
2025-11-27 19:16:12,713 - INFO - Época 33 concluída. Loss média: 3.6807
2025-11-27 19:16:12,714 - INFO - Taxa de aprendizado ajustada para: 0.010000
2025-11-27 19:16:12,727 - INFO - Iniciando inferência com o modelo EfficientNetB7...
2025-11-27 19:16:19,966 - INFO - ==================================================
2025-11-27 19:16:19,966 - INFO - EXPERIMENT RESULTS
2025-11-27 19:16:19,966 - INFO - ==================================================
2025-11-27 19:16:19,966 - INFO - Elapsed Time Seconds     : 7.2154
2025-11-27 19:16:19,966 - INFO - Cpu Usage Percent        : 3.8625
2025-11-27 19:16:19,966 - INFO - Ram Peak Usage Bytes     : 4170358784.0000
2025-11-27 19:16:19,966 - INFO - Disk Read Bytes          : 0.0000
2025-11-27 19:16:19,966 - INFO - Disk Write Bytes         : 303104.0000
2025-11-27 19:16:19,967 - INFO - Vram Peak Usage Bytes    : 1746396276.0000
2025-11-27 19:16:19,967 - INFO - Gpu Power Watts Avg      : 291.5805
2025-11-27 19:16:19,967 - INFO - Gpu Power Watts Peak     : 317.2790
2025-11-27 19:16:19,967 - INFO - Gpu Temp Celsius Avg     : 61.9014
2025-11-27 19:16:19,967 - INFO - Gpu Temp Celsius Peak    : 64.0000
2025-11-27 19:16:19,967 - INFO - Gpu Utilization Percent Avg: 91.1690
2025-11-27 19:16:19,967 - INFO - Gpu Utilization Percent Peak: 100.0000
2025-11-27 19:16:19,967 - INFO - Gpu Mem Used Bytes Avg   : 22071672832.0000
2025-11-27 19:16:19,967 - INFO - Gpu Mem Used Bytes Peak  : 22071672832.0000
2025-11-27 19:16:19,967 - INFO - Gpu Vram Used Bytes      : 22071672832.0000
2025-11-27 19:16:19,967 - INFO - Accuracy                 : 0.3247
2025-11-27 19:16:19,967 - INFO - Precision                : 0.3087
2025-11-27 19:16:19,967 - INFO - Recall                   : 0.3247
2025-11-27 19:16:19,967 - INFO - F1 Score                 : 0.2959
2025-11-27 19:16:19,967 - INFO - ==================================================
2025-11-27 19:20:47,064 - INFO - Época 34 concluída. Loss média: 3.6681
2025-11-27 19:20:47,064 - INFO - Taxa de aprendizado ajustada para: 0.010000
2025-11-27 19:20:47,078 - INFO - Iniciando inferência com o modelo EfficientNetB7...
2025-11-27 19:20:54,113 - INFO - ==================================================
2025-11-27 19:20:54,113 - INFO - EXPERIMENT RESULTS
2025-11-27 19:20:54,113 - INFO - ==================================================
2025-11-27 19:20:54,113 - INFO - Elapsed Time Seconds     : 7.0112
2025-11-27 19:20:54,113 - INFO - Cpu Usage Percent        : 3.9219
2025-11-27 19:20:54,113 - INFO - Ram Peak Usage Bytes     : 4170559488.0000
2025-11-27 19:20:54,113 - INFO - Disk Read Bytes          : 0.0000
2025-11-27 19:20:54,113 - INFO - Disk Write Bytes         : 307200.0000
2025-11-27 19:20:54,113 - INFO - Vram Peak Usage Bytes    : 1746396276.0000
2025-11-27 19:20:54,113 - INFO - Gpu Power Watts Avg      : 295.3902
2025-11-27 19:20:54,113 - INFO - Gpu Power Watts Peak     : 318.4300
2025-11-27 19:20:54,113 - INFO - Gpu Temp Celsius Avg     : 62.3768
2025-11-27 19:20:54,113 - INFO - Gpu Temp Celsius Peak    : 64.0000
2025-11-27 19:20:54,113 - INFO - Gpu Utilization Percent Avg: 91.8986
2025-11-27 19:20:54,113 - INFO - Gpu Utilization Percent Peak: 100.0000
2025-11-27 19:20:54,113 - INFO - Gpu Mem Used Bytes Avg   : 22071672832.0000
2025-11-27 19:20:54,113 - INFO - Gpu Mem Used Bytes Peak  : 22071672832.0000
2025-11-27 19:20:54,113 - INFO - Gpu Vram Used Bytes      : 22071672832.0000
2025-11-27 19:20:54,113 - INFO - Accuracy                 : 0.3305
2025-11-27 19:20:54,113 - INFO - Precision                : 0.3317
2025-11-27 19:20:54,113 - INFO - Recall                   : 0.3305
2025-11-27 19:20:54,113 - INFO - F1 Score                 : 0.3072
2025-11-27 19:20:54,113 - INFO - ==================================================
2025-11-27 19:25:21,141 - INFO - Época 35 concluída. Loss média: 3.6570
2025-11-27 19:25:21,141 - INFO - Taxa de aprendizado ajustada para: 0.010000
2025-11-27 19:25:21,155 - INFO - Iniciando inferência com o modelo EfficientNetB7...
2025-11-27 19:25:28,168 - INFO - ==================================================
2025-11-27 19:25:28,168 - INFO - EXPERIMENT RESULTS
2025-11-27 19:25:28,168 - INFO - ==================================================
2025-11-27 19:25:28,168 - INFO - Elapsed Time Seconds     : 6.9895
2025-11-27 19:25:28,168 - INFO - Cpu Usage Percent        : 3.5719
2025-11-27 19:25:28,168 - INFO - Ram Peak Usage Bytes     : 4170776576.0000
2025-11-27 19:25:28,168 - INFO - Disk Read Bytes          : 0.0000
2025-11-27 19:25:28,168 - INFO - Disk Write Bytes         : 307200.0000
2025-11-27 19:25:28,168 - INFO - Vram Peak Usage Bytes    : 1746396276.0000
2025-11-27 19:25:28,168 - INFO - Gpu Power Watts Avg      : 297.6590
2025-11-27 19:25:28,168 - INFO - Gpu Power Watts Peak     : 318.0610
2025-11-27 19:25:28,168 - INFO - Gpu Temp Celsius Avg     : 62.5217
2025-11-27 19:25:28,168 - INFO - Gpu Temp Celsius Peak    : 64.0000
2025-11-27 19:25:28,168 - INFO - Gpu Utilization Percent Avg: 93.4348
2025-11-27 19:25:28,168 - INFO - Gpu Utilization Percent Peak: 100.0000
2025-11-27 19:25:28,168 - INFO - Gpu Mem Used Bytes Avg   : 22071672832.0000
2025-11-27 19:25:28,168 - INFO - Gpu Mem Used Bytes Peak  : 22071672832.0000
2025-11-27 19:25:28,168 - INFO - Gpu Vram Used Bytes      : 22071672832.0000
2025-11-27 19:25:28,168 - INFO - Accuracy                 : 0.3285
2025-11-27 19:25:28,168 - INFO - Precision                : 0.3306
2025-11-27 19:25:28,168 - INFO - Recall                   : 0.3285
2025-11-27 19:25:28,168 - INFO - F1 Score                 : 0.3060
2025-11-27 19:25:28,168 - INFO - ==================================================
2025-11-27 19:29:55,563 - INFO - Época 36 concluída. Loss média: 3.6485
2025-11-27 19:29:55,564 - INFO - Taxa de aprendizado ajustada para: 0.010000
2025-11-27 19:29:55,577 - INFO - Iniciando inferência com o modelo EfficientNetB7...
2025-11-27 19:30:02,816 - INFO - ==================================================
2025-11-27 19:30:02,816 - INFO - EXPERIMENT RESULTS
2025-11-27 19:30:02,816 - INFO - ==================================================
2025-11-27 19:30:02,816 - INFO - Elapsed Time Seconds     : 7.2155
2025-11-27 19:30:02,816 - INFO - Cpu Usage Percent        : 3.8531
2025-11-27 19:30:02,816 - INFO - Ram Peak Usage Bytes     : 4170964992.0000
2025-11-27 19:30:02,817 - INFO - Disk Read Bytes          : 0.0000
2025-11-27 19:30:02,817 - INFO - Disk Write Bytes         : 802816.0000
2025-11-27 19:30:02,817 - INFO - Vram Peak Usage Bytes    : 1746396276.0000
2025-11-27 19:30:02,817 - INFO - Gpu Power Watts Avg      : 292.0701
2025-11-27 19:30:02,817 - INFO - Gpu Power Watts Peak     : 318.3770
2025-11-27 19:30:02,817 - INFO - Gpu Temp Celsius Avg     : 62.1408
2025-11-27 19:30:02,817 - INFO - Gpu Temp Celsius Peak    : 64.0000
2025-11-27 19:30:02,817 - INFO - Gpu Utilization Percent Avg: 90.3521
2025-11-27 19:30:02,817 - INFO - Gpu Utilization Percent Peak: 100.0000
2025-11-27 19:30:02,817 - INFO - Gpu Mem Used Bytes Avg   : 22071672832.0000
2025-11-27 19:30:02,817 - INFO - Gpu Mem Used Bytes Peak  : 22071672832.0000
2025-11-27 19:30:02,817 - INFO - Gpu Vram Used Bytes      : 22071672832.0000
2025-11-27 19:30:02,817 - INFO - Accuracy                 : 0.3388
2025-11-27 19:30:02,817 - INFO - Precision                : 0.3309
2025-11-27 19:30:02,817 - INFO - Recall                   : 0.3388
2025-11-27 19:30:02,817 - INFO - F1 Score                 : 0.3158
2025-11-27 19:30:02,817 - INFO - ==================================================
2025-11-27 19:34:30,264 - INFO - Época 37 concluída. Loss média: 3.6407
2025-11-27 19:34:30,264 - INFO - Taxa de aprendizado ajustada para: 0.010000
2025-11-27 19:34:30,278 - INFO - Iniciando inferência com o modelo EfficientNetB7...
2025-11-27 19:34:37,387 - INFO - ==================================================
2025-11-27 19:34:37,387 - INFO - EXPERIMENT RESULTS
2025-11-27 19:34:37,387 - INFO - ==================================================
2025-11-27 19:34:37,387 - INFO - Elapsed Time Seconds     : 7.0937
2025-11-27 19:34:37,387 - INFO - Cpu Usage Percent        : 3.5031
2025-11-27 19:34:37,387 - INFO - Ram Peak Usage Bytes     : 4171321344.0000
2025-11-27 19:34:37,387 - INFO - Disk Read Bytes          : 0.0000
2025-11-27 19:34:37,387 - INFO - Disk Write Bytes         : 614400.0000
2025-11-27 19:34:37,387 - INFO - Vram Peak Usage Bytes    : 1746396276.0000
2025-11-27 19:34:37,387 - INFO - Gpu Power Watts Avg      : 294.5964
2025-11-27 19:34:37,387 - INFO - Gpu Power Watts Peak     : 317.2670
2025-11-27 19:34:37,387 - INFO - Gpu Temp Celsius Avg     : 62.3143
2025-11-27 19:34:37,387 - INFO - Gpu Temp Celsius Peak    : 64.0000
2025-11-27 19:34:37,387 - INFO - Gpu Utilization Percent Avg: 92.8286
2025-11-27 19:34:37,387 - INFO - Gpu Utilization Percent Peak: 100.0000
2025-11-27 19:34:37,387 - INFO - Gpu Mem Used Bytes Avg   : 22071672832.0000
2025-11-27 19:34:37,387 - INFO - Gpu Mem Used Bytes Peak  : 22071672832.0000
2025-11-27 19:34:37,387 - INFO - Gpu Vram Used Bytes      : 22071672832.0000
2025-11-27 19:34:37,387 - INFO - Accuracy                 : 0.3324
2025-11-27 19:34:37,387 - INFO - Precision                : 0.3423
2025-11-27 19:34:37,387 - INFO - Recall                   : 0.3324
2025-11-27 19:34:37,387 - INFO - F1 Score                 : 0.3131
2025-11-27 19:34:37,387 - INFO - ==================================================
2025-11-27 19:39:04,424 - INFO - Época 38 concluída. Loss média: 3.6313
2025-11-27 19:39:04,424 - INFO - Taxa de aprendizado ajustada para: 0.010000
2025-11-27 19:39:04,438 - INFO - Iniciando inferência com o modelo EfficientNetB7...
2025-11-27 19:39:11,448 - INFO - ==================================================
2025-11-27 19:39:11,448 - INFO - EXPERIMENT RESULTS
2025-11-27 19:39:11,448 - INFO - ==================================================
2025-11-27 19:39:11,448 - INFO - Elapsed Time Seconds     : 6.9870
2025-11-27 19:39:11,448 - INFO - Cpu Usage Percent        : 3.6000
2025-11-27 19:39:11,449 - INFO - Ram Peak Usage Bytes     : 4173000704.0000
2025-11-27 19:39:11,449 - INFO - Disk Read Bytes          : 0.0000
2025-11-27 19:39:11,449 - INFO - Disk Write Bytes         : 638976.0000
2025-11-27 19:39:11,449 - INFO - Vram Peak Usage Bytes    : 1746396276.0000
2025-11-27 19:39:11,449 - INFO - Gpu Power Watts Avg      : 298.3041
2025-11-27 19:39:11,449 - INFO - Gpu Power Watts Peak     : 320.1180
2025-11-27 19:39:11,449 - INFO - Gpu Temp Celsius Avg     : 62.3913
2025-11-27 19:39:11,449 - INFO - Gpu Temp Celsius Peak    : 64.0000
2025-11-27 19:39:11,449 - INFO - Gpu Utilization Percent Avg: 92.6522
2025-11-27 19:39:11,449 - INFO - Gpu Utilization Percent Peak: 100.0000
2025-11-27 19:39:11,449 - INFO - Gpu Mem Used Bytes Avg   : 22071672832.0000
2025-11-27 19:39:11,449 - INFO - Gpu Mem Used Bytes Peak  : 22071672832.0000
2025-11-27 19:39:11,449 - INFO - Gpu Vram Used Bytes      : 22071672832.0000
2025-11-27 19:39:11,449 - INFO - Accuracy                 : 0.3367
2025-11-27 19:39:11,449 - INFO - Precision                : 0.3324
2025-11-27 19:39:11,449 - INFO - Recall                   : 0.3367
2025-11-27 19:39:11,449 - INFO - F1 Score                 : 0.3111
2025-11-27 19:39:11,449 - INFO - ==================================================
2025-11-27 19:43:38,301 - INFO - Época 39 concluída. Loss média: 3.6227
2025-11-27 19:43:38,301 - INFO - Taxa de aprendizado ajustada para: 0.010000
2025-11-27 19:43:38,315 - INFO - Iniciando inferência com o modelo EfficientNetB7...
2025-11-27 19:43:45,332 - INFO - ==================================================
2025-11-27 19:43:45,333 - INFO - EXPERIMENT RESULTS
2025-11-27 19:43:45,333 - INFO - ==================================================
2025-11-27 19:43:45,333 - INFO - Elapsed Time Seconds     : 6.9939
2025-11-27 19:43:45,333 - INFO - Cpu Usage Percent        : 3.5375
2025-11-27 19:43:45,333 - INFO - Ram Peak Usage Bytes     : 4173221888.0000
2025-11-27 19:43:45,333 - INFO - Disk Read Bytes          : 0.0000
2025-11-27 19:43:45,333 - INFO - Disk Write Bytes         : 700416.0000
2025-11-27 19:43:45,333 - INFO - Vram Peak Usage Bytes    : 1746396276.0000
2025-11-27 19:43:45,333 - INFO - Gpu Power Watts Avg      : 296.9874
2025-11-27 19:43:45,333 - INFO - Gpu Power Watts Peak     : 319.3610
2025-11-27 19:43:45,333 - INFO - Gpu Temp Celsius Avg     : 62.5362
2025-11-27 19:43:45,333 - INFO - Gpu Temp Celsius Peak    : 65.0000
2025-11-27 19:43:45,333 - INFO - Gpu Utilization Percent Avg: 93.3043
2025-11-27 19:43:45,333 - INFO - Gpu Utilization Percent Peak: 100.0000
2025-11-27 19:43:45,333 - INFO - Gpu Mem Used Bytes Avg   : 22071672832.0000
2025-11-27 19:43:45,333 - INFO - Gpu Mem Used Bytes Peak  : 22071672832.0000
2025-11-27 19:43:45,333 - INFO - Gpu Vram Used Bytes      : 22071672832.0000
2025-11-27 19:43:45,333 - INFO - Accuracy                 : 0.3366
2025-11-27 19:43:45,333 - INFO - Precision                : 0.3369
2025-11-27 19:43:45,333 - INFO - Recall                   : 0.3366
2025-11-27 19:43:45,333 - INFO - F1 Score                 : 0.3157
2025-11-27 19:43:45,333 - INFO - ==================================================
2025-11-27 19:48:12,648 - INFO - Época 40 concluída. Loss média: 3.6232
2025-11-27 19:48:12,649 - INFO - Taxa de aprendizado ajustada para: 0.010000
2025-11-27 19:48:12,663 - INFO - Iniciando inferência com o modelo EfficientNetB7...
2025-11-27 19:48:19,663 - INFO - ==================================================
2025-11-27 19:48:19,663 - INFO - EXPERIMENT RESULTS
2025-11-27 19:48:19,663 - INFO - ==================================================
2025-11-27 19:48:19,663 - INFO - Elapsed Time Seconds     : 6.9866
2025-11-27 19:48:19,663 - INFO - Cpu Usage Percent        : 3.5344
2025-11-27 19:48:19,663 - INFO - Ram Peak Usage Bytes     : 4173438976.0000
2025-11-27 19:48:19,663 - INFO - Disk Read Bytes          : 0.0000
2025-11-27 19:48:19,664 - INFO - Disk Write Bytes         : 413696.0000
2025-11-27 19:48:19,664 - INFO - Vram Peak Usage Bytes    : 1746396276.0000
2025-11-27 19:48:19,664 - INFO - Gpu Power Watts Avg      : 296.5655
2025-11-27 19:48:19,664 - INFO - Gpu Power Watts Peak     : 318.2640
2025-11-27 19:48:19,664 - INFO - Gpu Temp Celsius Avg     : 62.4203
2025-11-27 19:48:19,664 - INFO - Gpu Temp Celsius Peak    : 64.0000
2025-11-27 19:48:19,664 - INFO - Gpu Utilization Percent Avg: 92.4783
2025-11-27 19:48:19,664 - INFO - Gpu Utilization Percent Peak: 100.0000
2025-11-27 19:48:19,664 - INFO - Gpu Mem Used Bytes Avg   : 22071672832.0000
2025-11-27 19:48:19,664 - INFO - Gpu Mem Used Bytes Peak  : 22071672832.0000
2025-11-27 19:48:19,664 - INFO - Gpu Vram Used Bytes      : 22071672832.0000
2025-11-27 19:48:19,664 - INFO - Accuracy                 : 0.3416
2025-11-27 19:48:19,664 - INFO - Precision                : 0.3418
2025-11-27 19:48:19,664 - INFO - Recall                   : 0.3416
2025-11-27 19:48:19,664 - INFO - F1 Score                 : 0.3182
2025-11-27 19:48:19,664 - INFO - ==================================================
2025-11-27 19:52:46,953 - INFO - Época 41 concluída. Loss média: 3.6093
2025-11-27 19:52:46,954 - INFO - Taxa de aprendizado ajustada para: 0.010000
2025-11-27 19:52:46,968 - INFO - Iniciando inferência com o modelo EfficientNetB7...
2025-11-27 19:52:54,090 - INFO - ==================================================
2025-11-27 19:52:54,090 - INFO - EXPERIMENT RESULTS
2025-11-27 19:52:54,090 - INFO - ==================================================
2025-11-27 19:52:54,090 - INFO - Elapsed Time Seconds     : 7.0986
2025-11-27 19:52:54,090 - INFO - Cpu Usage Percent        : 3.9438
2025-11-27 19:52:54,090 - INFO - Ram Peak Usage Bytes     : 4173660160.0000
2025-11-27 19:52:54,090 - INFO - Disk Read Bytes          : 0.0000
2025-11-27 19:52:54,090 - INFO - Disk Write Bytes         : 847872.0000
2025-11-27 19:52:54,090 - INFO - Vram Peak Usage Bytes    : 1746396276.0000
2025-11-27 19:52:54,090 - INFO - Gpu Power Watts Avg      : 294.0947
2025-11-27 19:52:54,090 - INFO - Gpu Power Watts Peak     : 318.6840
2025-11-27 19:52:54,091 - INFO - Gpu Temp Celsius Avg     : 62.2571
2025-11-27 19:52:54,091 - INFO - Gpu Temp Celsius Peak    : 64.0000
2025-11-27 19:52:54,091 - INFO - Gpu Utilization Percent Avg: 90.9571
2025-11-27 19:52:54,091 - INFO - Gpu Utilization Percent Peak: 100.0000
2025-11-27 19:52:54,091 - INFO - Gpu Mem Used Bytes Avg   : 22071672832.0000
2025-11-27 19:52:54,091 - INFO - Gpu Mem Used Bytes Peak  : 22071672832.0000
2025-11-27 19:52:54,091 - INFO - Gpu Vram Used Bytes      : 22071672832.0000
2025-11-27 19:52:54,091 - INFO - Accuracy                 : 0.3268
2025-11-27 19:52:54,091 - INFO - Precision                : 0.3367
2025-11-27 19:52:54,091 - INFO - Recall                   : 0.3268
2025-11-27 19:52:54,091 - INFO - F1 Score                 : 0.3042
2025-11-27 19:52:54,091 - INFO - ==================================================
2025-11-27 19:57:20,792 - INFO - Época 42 concluída. Loss média: 3.6051
2025-11-27 19:57:20,792 - INFO - Taxa de aprendizado ajustada para: 0.010000
2025-11-27 19:57:20,806 - INFO - Iniciando inferência com o modelo EfficientNetB7...
2025-11-27 19:57:27,820 - INFO - ==================================================
2025-11-27 19:57:27,820 - INFO - EXPERIMENT RESULTS
2025-11-27 19:57:27,821 - INFO - ==================================================
2025-11-27 19:57:27,821 - INFO - Elapsed Time Seconds     : 6.9911
2025-11-27 19:57:27,821 - INFO - Cpu Usage Percent        : 3.6281
2025-11-27 19:57:27,821 - INFO - Ram Peak Usage Bytes     : 4173840384.0000
2025-11-27 19:57:27,821 - INFO - Disk Read Bytes          : 0.0000
2025-11-27 19:57:27,821 - INFO - Disk Write Bytes         : 409600.0000
2025-11-27 19:57:27,821 - INFO - Vram Peak Usage Bytes    : 1746396276.0000
2025-11-27 19:57:27,821 - INFO - Gpu Power Watts Avg      : 298.8803
2025-11-27 19:57:27,821 - INFO - Gpu Power Watts Peak     : 320.0950
2025-11-27 19:57:27,821 - INFO - Gpu Temp Celsius Avg     : 62.3913
2025-11-27 19:57:27,821 - INFO - Gpu Temp Celsius Peak    : 64.0000
2025-11-27 19:57:27,821 - INFO - Gpu Utilization Percent Avg: 92.8406
2025-11-27 19:57:27,821 - INFO - Gpu Utilization Percent Peak: 100.0000
2025-11-27 19:57:27,821 - INFO - Gpu Mem Used Bytes Avg   : 22071672832.0000
2025-11-27 19:57:27,821 - INFO - Gpu Mem Used Bytes Peak  : 22071672832.0000
2025-11-27 19:57:27,821 - INFO - Gpu Vram Used Bytes      : 22071672832.0000
2025-11-27 19:57:27,821 - INFO - Accuracy                 : 0.3408
2025-11-27 19:57:27,821 - INFO - Precision                : 0.3472
2025-11-27 19:57:27,821 - INFO - Recall                   : 0.3408
2025-11-27 19:57:27,821 - INFO - F1 Score                 : 0.3218
2025-11-27 19:57:27,821 - INFO - ==================================================
2025-11-27 20:01:56,033 - INFO - Época 43 concluída. Loss média: 3.5945
2025-11-27 20:01:56,034 - INFO - Taxa de aprendizado ajustada para: 0.010000
2025-11-27 20:01:56,048 - INFO - Iniciando inferência com o modelo EfficientNetB7...
2025-11-27 20:02:03,122 - INFO - ==================================================
2025-11-27 20:02:03,122 - INFO - EXPERIMENT RESULTS
2025-11-27 20:02:03,122 - INFO - ==================================================
2025-11-27 20:02:03,122 - INFO - Elapsed Time Seconds     : 7.0513
2025-11-27 20:02:03,122 - INFO - Cpu Usage Percent        : 3.5406
2025-11-27 20:02:03,122 - INFO - Ram Peak Usage Bytes     : 4174159872.0000
2025-11-27 20:02:03,122 - INFO - Disk Read Bytes          : 0.0000
2025-11-27 20:02:03,123 - INFO - Disk Write Bytes         : 552960.0000
2025-11-27 20:02:03,123 - INFO - Vram Peak Usage Bytes    : 1746396276.0000
2025-11-27 20:02:03,123 - INFO - Gpu Power Watts Avg      : 297.0088
2025-11-27 20:02:03,123 - INFO - Gpu Power Watts Peak     : 318.4570
2025-11-27 20:02:03,123 - INFO - Gpu Temp Celsius Avg     : 62.3623
2025-11-27 20:02:03,123 - INFO - Gpu Temp Celsius Peak    : 64.0000
2025-11-27 20:02:03,123 - INFO - Gpu Utilization Percent Avg: 93.0580
2025-11-27 20:02:03,123 - INFO - Gpu Utilization Percent Peak: 100.0000
2025-11-27 20:02:03,123 - INFO - Gpu Mem Used Bytes Avg   : 22071672832.0000
2025-11-27 20:02:03,123 - INFO - Gpu Mem Used Bytes Peak  : 22071672832.0000
2025-11-27 20:02:03,123 - INFO - Gpu Vram Used Bytes      : 22071672832.0000
2025-11-27 20:02:03,123 - INFO - Accuracy                 : 0.3255
2025-11-27 20:02:03,123 - INFO - Precision                : 0.3453
2025-11-27 20:02:03,123 - INFO - Recall                   : 0.3255
2025-11-27 20:02:03,123 - INFO - F1 Score                 : 0.3041
2025-11-27 20:02:03,123 - INFO - ==================================================
2025-11-27 20:06:30,391 - INFO - Época 44 concluída. Loss média: 3.5898
2025-11-27 20:06:30,391 - INFO - Taxa de aprendizado ajustada para: 0.010000
2025-11-27 20:06:30,405 - INFO - Iniciando inferência com o modelo EfficientNetB7...
2025-11-27 20:06:37,434 - INFO - ==================================================
2025-11-27 20:06:37,434 - INFO - EXPERIMENT RESULTS
2025-11-27 20:06:37,434 - INFO - ==================================================
2025-11-27 20:06:37,434 - INFO - Elapsed Time Seconds     : 7.0055
2025-11-27 20:06:37,434 - INFO - Cpu Usage Percent        : 3.5688
2025-11-27 20:06:37,434 - INFO - Ram Peak Usage Bytes     : 4174204928.0000
2025-11-27 20:06:37,434 - INFO - Disk Read Bytes          : 0.0000
2025-11-27 20:06:37,434 - INFO - Disk Write Bytes         : 282624.0000
2025-11-27 20:06:37,434 - INFO - Vram Peak Usage Bytes    : 1746396276.0000
2025-11-27 20:06:37,434 - INFO - Gpu Power Watts Avg      : 297.1253
2025-11-27 20:06:37,434 - INFO - Gpu Power Watts Peak     : 319.3920
2025-11-27 20:06:37,434 - INFO - Gpu Temp Celsius Avg     : 62.3188
2025-11-27 20:06:37,434 - INFO - Gpu Temp Celsius Peak    : 64.0000
2025-11-27 20:06:37,434 - INFO - Gpu Utilization Percent Avg: 92.7391
2025-11-27 20:06:37,434 - INFO - Gpu Utilization Percent Peak: 100.0000
2025-11-27 20:06:37,434 - INFO - Gpu Mem Used Bytes Avg   : 22071672832.0000
2025-11-27 20:06:37,434 - INFO - Gpu Mem Used Bytes Peak  : 22071672832.0000
2025-11-27 20:06:37,434 - INFO - Gpu Vram Used Bytes      : 22071672832.0000
2025-11-27 20:06:37,434 - INFO - Accuracy                 : 0.3410
2025-11-27 20:06:37,434 - INFO - Precision                : 0.3487
2025-11-27 20:06:37,434 - INFO - Recall                   : 0.3410
2025-11-27 20:06:37,434 - INFO - F1 Score                 : 0.3200
2025-11-27 20:06:37,434 - INFO - ==================================================
2025-11-27 20:11:04,798 - INFO - Época 45 concluída. Loss média: 3.5802
2025-11-27 20:11:04,798 - INFO - Taxa de aprendizado ajustada para: 0.010000
2025-11-27 20:11:04,812 - INFO - Iniciando inferência com o modelo EfficientNetB7...
2025-11-27 20:11:12,046 - INFO - ==================================================
2025-11-27 20:11:12,046 - INFO - EXPERIMENT RESULTS
2025-11-27 20:11:12,046 - INFO - ==================================================
2025-11-27 20:11:12,046 - INFO - Elapsed Time Seconds     : 7.2105
2025-11-27 20:11:12,046 - INFO - Cpu Usage Percent        : 3.9094
2025-11-27 20:11:12,046 - INFO - Ram Peak Usage Bytes     : 4174446592.0000
2025-11-27 20:11:12,046 - INFO - Disk Read Bytes          : 0.0000
2025-11-27 20:11:12,046 - INFO - Disk Write Bytes         : 405504.0000
2025-11-27 20:11:12,046 - INFO - Vram Peak Usage Bytes    : 1746396276.0000
2025-11-27 20:11:12,046 - INFO - Gpu Power Watts Avg      : 290.7384
2025-11-27 20:11:12,046 - INFO - Gpu Power Watts Peak     : 317.7570
2025-11-27 20:11:12,046 - INFO - Gpu Temp Celsius Avg     : 62.0845
2025-11-27 20:11:12,046 - INFO - Gpu Temp Celsius Peak    : 64.0000
2025-11-27 20:11:12,046 - INFO - Gpu Utilization Percent Avg: 90.0423
2025-11-27 20:11:12,047 - INFO - Gpu Utilization Percent Peak: 100.0000
2025-11-27 20:11:12,047 - INFO - Gpu Mem Used Bytes Avg   : 22071672832.0000
2025-11-27 20:11:12,047 - INFO - Gpu Mem Used Bytes Peak  : 22071672832.0000
2025-11-27 20:11:12,047 - INFO - Gpu Vram Used Bytes      : 22071672832.0000
2025-11-27 20:11:12,047 - INFO - Accuracy                 : 0.3455
2025-11-27 20:11:12,047 - INFO - Precision                : 0.3528
2025-11-27 20:11:12,047 - INFO - Recall                   : 0.3455
2025-11-27 20:11:12,047 - INFO - F1 Score                 : 0.3260
2025-11-27 20:11:12,047 - INFO - ==================================================
2025-11-27 20:15:39,535 - INFO - Época 46 concluída. Loss média: 3.5713
2025-11-27 20:15:39,535 - INFO - Taxa de aprendizado ajustada para: 0.010000
2025-11-27 20:15:39,549 - INFO - Iniciando inferência com o modelo EfficientNetB7...
2025-11-27 20:15:46,690 - INFO - ==================================================
2025-11-27 20:15:46,690 - INFO - EXPERIMENT RESULTS
2025-11-27 20:15:46,690 - INFO - ==================================================
2025-11-27 20:15:46,690 - INFO - Elapsed Time Seconds     : 7.1177
2025-11-27 20:15:46,690 - INFO - Cpu Usage Percent        : 3.5906
2025-11-27 20:15:46,690 - INFO - Ram Peak Usage Bytes     : 4174626816.0000
2025-11-27 20:15:46,690 - INFO - Disk Read Bytes          : 0.0000
2025-11-27 20:15:46,690 - INFO - Disk Write Bytes         : 294912.0000
2025-11-27 20:15:46,690 - INFO - Vram Peak Usage Bytes    : 1746396276.0000
2025-11-27 20:15:46,691 - INFO - Gpu Power Watts Avg      : 294.9814
2025-11-27 20:15:46,691 - INFO - Gpu Power Watts Peak     : 318.7570
2025-11-27 20:15:46,691 - INFO - Gpu Temp Celsius Avg     : 62.3857
2025-11-27 20:15:46,691 - INFO - Gpu Temp Celsius Peak    : 64.0000
2025-11-27 20:15:46,691 - INFO - Gpu Utilization Percent Avg: 91.5429
2025-11-27 20:15:46,691 - INFO - Gpu Utilization Percent Peak: 100.0000
2025-11-27 20:15:46,691 - INFO - Gpu Mem Used Bytes Avg   : 22071672832.0000
2025-11-27 20:15:46,691 - INFO - Gpu Mem Used Bytes Peak  : 22071672832.0000
2025-11-27 20:15:46,691 - INFO - Gpu Vram Used Bytes      : 22071672832.0000
2025-11-27 20:15:46,691 - INFO - Accuracy                 : 0.3537
2025-11-27 20:15:46,691 - INFO - Precision                : 0.3572
2025-11-27 20:15:46,691 - INFO - Recall                   : 0.3537
2025-11-27 20:15:46,691 - INFO - F1 Score                 : 0.3339
2025-11-27 20:15:46,691 - INFO - ==================================================
2025-11-27 20:20:13,770 - INFO - Época 47 concluída. Loss média: 3.5598
2025-11-27 20:20:13,771 - INFO - Taxa de aprendizado ajustada para: 0.010000
2025-11-27 20:20:13,785 - INFO - Iniciando inferência com o modelo EfficientNetB7...
2025-11-27 20:20:20,842 - INFO - ==================================================
2025-11-27 20:20:20,842 - INFO - EXPERIMENT RESULTS
2025-11-27 20:20:20,842 - INFO - ==================================================
2025-11-27 20:20:20,842 - INFO - Elapsed Time Seconds     : 7.0339
2025-11-27 20:20:20,842 - INFO - Cpu Usage Percent        : 3.9188
2025-11-27 20:20:20,842 - INFO - Ram Peak Usage Bytes     : 4175478784.0000
2025-11-27 20:20:20,842 - INFO - Disk Read Bytes          : 0.0000
2025-11-27 20:20:20,842 - INFO - Disk Write Bytes         : 274432.0000
2025-11-27 20:20:20,842 - INFO - Vram Peak Usage Bytes    : 1746396276.0000
2025-11-27 20:20:20,842 - INFO - Gpu Power Watts Avg      : 296.0376
2025-11-27 20:20:20,842 - INFO - Gpu Power Watts Peak     : 317.9630
2025-11-27 20:20:20,842 - INFO - Gpu Temp Celsius Avg     : 62.2464
2025-11-27 20:20:20,842 - INFO - Gpu Temp Celsius Peak    : 64.0000
2025-11-27 20:20:20,842 - INFO - Gpu Utilization Percent Avg: 92.9565
2025-11-27 20:20:20,842 - INFO - Gpu Utilization Percent Peak: 100.0000
2025-11-27 20:20:20,842 - INFO - Gpu Mem Used Bytes Avg   : 22071672832.0000
2025-11-27 20:20:20,842 - INFO - Gpu Mem Used Bytes Peak  : 22071672832.0000
2025-11-27 20:20:20,842 - INFO - Gpu Vram Used Bytes      : 22071672832.0000
2025-11-27 20:20:20,843 - INFO - Accuracy                 : 0.3599
2025-11-27 20:20:20,843 - INFO - Precision                : 0.3643
2025-11-27 20:20:20,843 - INFO - Recall                   : 0.3599
2025-11-27 20:20:20,843 - INFO - F1 Score                 : 0.3405
2025-11-27 20:20:20,843 - INFO - ==================================================
2025-11-27 20:24:47,701 - INFO - Época 48 concluída. Loss média: 3.5567
2025-11-27 20:24:47,702 - INFO - Taxa de aprendizado ajustada para: 0.010000
2025-11-27 20:24:47,716 - INFO - Iniciando inferência com o modelo EfficientNetB7...
2025-11-27 20:24:54,779 - INFO - ==================================================
2025-11-27 20:24:54,779 - INFO - EXPERIMENT RESULTS
2025-11-27 20:24:54,779 - INFO - ==================================================
2025-11-27 20:24:54,779 - INFO - Elapsed Time Seconds     : 7.0398
2025-11-27 20:24:54,779 - INFO - Cpu Usage Percent        : 3.7344
2025-11-27 20:24:54,779 - INFO - Ram Peak Usage Bytes     : 4175695872.0000
2025-11-27 20:24:54,779 - INFO - Disk Read Bytes          : 0.0000
2025-11-27 20:24:54,779 - INFO - Disk Write Bytes         : 438272.0000
2025-11-27 20:24:54,779 - INFO - Vram Peak Usage Bytes    : 1746396276.0000
2025-11-27 20:24:54,779 - INFO - Gpu Power Watts Avg      : 295.9714
2025-11-27 20:24:54,779 - INFO - Gpu Power Watts Peak     : 319.6430
2025-11-27 20:24:54,779 - INFO - Gpu Temp Celsius Avg     : 62.3623
2025-11-27 20:24:54,779 - INFO - Gpu Temp Celsius Peak    : 64.0000
2025-11-27 20:24:54,779 - INFO - Gpu Utilization Percent Avg: 92.8406
2025-11-27 20:24:54,779 - INFO - Gpu Utilization Percent Peak: 100.0000
2025-11-27 20:24:54,779 - INFO - Gpu Mem Used Bytes Avg   : 22071672832.0000
2025-11-27 20:24:54,779 - INFO - Gpu Mem Used Bytes Peak  : 22071672832.0000
2025-11-27 20:24:54,779 - INFO - Gpu Vram Used Bytes      : 22071672832.0000
2025-11-27 20:24:54,779 - INFO - Accuracy                 : 0.3558
2025-11-27 20:24:54,779 - INFO - Precision                : 0.3596
2025-11-27 20:24:54,779 - INFO - Recall                   : 0.3558
2025-11-27 20:24:54,779 - INFO - F1 Score                 : 0.3337
2025-11-27 20:24:54,779 - INFO - ==================================================
2025-11-27 20:29:21,869 - INFO - Época 49 concluída. Loss média: 3.5488
2025-11-27 20:29:21,869 - INFO - Taxa de aprendizado ajustada para: 0.010000
2025-11-27 20:29:21,883 - INFO - Iniciando inferência com o modelo EfficientNetB7...
2025-11-27 20:29:28,934 - INFO - ==================================================
2025-11-27 20:29:28,934 - INFO - EXPERIMENT RESULTS
2025-11-27 20:29:28,934 - INFO - ==================================================
2025-11-27 20:29:28,934 - INFO - Elapsed Time Seconds     : 7.0270
2025-11-27 20:29:28,934 - INFO - Cpu Usage Percent        : 3.5531
2025-11-27 20:29:28,934 - INFO - Ram Peak Usage Bytes     : 4176003072.0000
2025-11-27 20:29:28,934 - INFO - Disk Read Bytes          : 0.0000
2025-11-27 20:29:28,934 - INFO - Disk Write Bytes         : 425984.0000
2025-11-27 20:29:28,934 - INFO - Vram Peak Usage Bytes    : 1746396276.0000
2025-11-27 20:29:28,934 - INFO - Gpu Power Watts Avg      : 295.3731
2025-11-27 20:29:28,934 - INFO - Gpu Power Watts Peak     : 318.5040
2025-11-27 20:29:28,934 - INFO - Gpu Temp Celsius Avg     : 62.4928
2025-11-27 20:29:28,934 - INFO - Gpu Temp Celsius Peak    : 64.0000
2025-11-27 20:29:28,934 - INFO - Gpu Utilization Percent Avg: 91.6522
2025-11-27 20:29:28,934 - INFO - Gpu Utilization Percent Peak: 100.0000
2025-11-27 20:29:28,934 - INFO - Gpu Mem Used Bytes Avg   : 22071672832.0000
2025-11-27 20:29:28,934 - INFO - Gpu Mem Used Bytes Peak  : 22071672832.0000
2025-11-27 20:29:28,934 - INFO - Gpu Vram Used Bytes      : 22071672832.0000
2025-11-27 20:29:28,934 - INFO - Accuracy                 : 0.3538
2025-11-27 20:29:28,934 - INFO - Precision                : 0.3631
2025-11-27 20:29:28,934 - INFO - Recall                   : 0.3538
2025-11-27 20:29:28,934 - INFO - F1 Score                 : 0.3327
2025-11-27 20:29:28,934 - INFO - ==================================================
2025-11-27 20:33:56,852 - INFO - Época 50 concluída. Loss média: 3.5393
2025-11-27 20:33:56,852 - INFO - Taxa de aprendizado ajustada para: 0.010000
2025-11-27 20:33:56,866 - INFO - Iniciando inferência com o modelo EfficientNetB7...
2025-11-27 20:34:04,018 - INFO - ==================================================
2025-11-27 20:34:04,018 - INFO - EXPERIMENT RESULTS
2025-11-27 20:34:04,018 - INFO - ==================================================
2025-11-27 20:34:04,018 - INFO - Elapsed Time Seconds     : 7.1280
2025-11-27 20:34:04,018 - INFO - Cpu Usage Percent        : 3.5187
2025-11-27 20:34:04,018 - INFO - Ram Peak Usage Bytes     : 4176084992.0000
2025-11-27 20:34:04,018 - INFO - Disk Read Bytes          : 0.0000
2025-11-27 20:34:04,018 - INFO - Disk Write Bytes         : 929792.0000
2025-11-27 20:34:04,018 - INFO - Vram Peak Usage Bytes    : 1746396276.0000
2025-11-27 20:34:04,018 - INFO - Gpu Power Watts Avg      : 294.7156
2025-11-27 20:34:04,018 - INFO - Gpu Power Watts Peak     : 318.3550
2025-11-27 20:34:04,018 - INFO - Gpu Temp Celsius Avg     : 62.4000
2025-11-27 20:34:04,018 - INFO - Gpu Temp Celsius Peak    : 64.0000
2025-11-27 20:34:04,018 - INFO - Gpu Utilization Percent Avg: 92.1286
2025-11-27 20:34:04,018 - INFO - Gpu Utilization Percent Peak: 100.0000
2025-11-27 20:34:04,018 - INFO - Gpu Mem Used Bytes Avg   : 22071672832.0000
2025-11-27 20:34:04,018 - INFO - Gpu Mem Used Bytes Peak  : 22071672832.0000
2025-11-27 20:34:04,018 - INFO - Gpu Vram Used Bytes      : 22071672832.0000
2025-11-27 20:34:04,018 - INFO - Accuracy                 : 0.3672
2025-11-27 20:34:04,018 - INFO - Precision                : 0.3643
2025-11-27 20:34:04,018 - INFO - Recall                   : 0.3672
2025-11-27 20:34:04,018 - INFO - F1 Score                 : 0.3450
2025-11-27 20:34:04,018 - INFO - ==================================================
2025-11-27 20:38:32,747 - INFO - Época 51 concluída. Loss média: 3.5395
2025-11-27 20:38:32,748 - INFO - Taxa de aprendizado ajustada para: 0.010000
2025-11-27 20:38:32,761 - INFO - Iniciando inferência com o modelo EfficientNetB7...
2025-11-27 20:38:39,871 - INFO - ==================================================
2025-11-27 20:38:39,871 - INFO - EXPERIMENT RESULTS
2025-11-27 20:38:39,871 - INFO - ==================================================
2025-11-27 20:38:39,871 - INFO - Elapsed Time Seconds     : 7.0863
2025-11-27 20:38:39,872 - INFO - Cpu Usage Percent        : 3.5094
2025-11-27 20:38:39,872 - INFO - Ram Peak Usage Bytes     : 4176269312.0000
2025-11-27 20:38:39,872 - INFO - Disk Read Bytes          : 0.0000
2025-11-27 20:38:39,872 - INFO - Disk Write Bytes         : 299008.0000
2025-11-27 20:38:39,872 - INFO - Vram Peak Usage Bytes    : 1746396276.0000
2025-11-27 20:38:39,872 - INFO - Gpu Power Watts Avg      : 295.2249
2025-11-27 20:38:39,872 - INFO - Gpu Power Watts Peak     : 318.1410
2025-11-27 20:38:39,872 - INFO - Gpu Temp Celsius Avg     : 62.4714
2025-11-27 20:38:39,872 - INFO - Gpu Temp Celsius Peak    : 64.0000
2025-11-27 20:38:39,872 - INFO - Gpu Utilization Percent Avg: 92.0000
2025-11-27 20:38:39,872 - INFO - Gpu Utilization Percent Peak: 100.0000
2025-11-27 20:38:39,872 - INFO - Gpu Mem Used Bytes Avg   : 22071672832.0000
2025-11-27 20:38:39,872 - INFO - Gpu Mem Used Bytes Peak  : 22071672832.0000
2025-11-27 20:38:39,872 - INFO - Gpu Vram Used Bytes      : 22071672832.0000
2025-11-27 20:38:39,872 - INFO - Accuracy                 : 0.3622
2025-11-27 20:38:39,872 - INFO - Precision                : 0.3773
2025-11-27 20:38:39,872 - INFO - Recall                   : 0.3622
2025-11-27 20:38:39,872 - INFO - F1 Score                 : 0.3444
2025-11-27 20:38:39,872 - INFO - ==================================================
2025-11-27 20:43:02,233 - INFO - Época 52 concluída. Loss média: 3.5311
2025-11-27 20:43:02,234 - INFO - Taxa de aprendizado ajustada para: 0.010000
2025-11-27 20:43:02,247 - INFO - Iniciando inferência com o modelo EfficientNetB7...
2025-11-27 20:43:09,362 - INFO - ==================================================
2025-11-27 20:43:09,362 - INFO - EXPERIMENT RESULTS
2025-11-27 20:43:09,362 - INFO - ==================================================
2025-11-27 20:43:09,362 - INFO - Elapsed Time Seconds     : 7.0916
2025-11-27 20:43:09,363 - INFO - Cpu Usage Percent        : 3.9625
2025-11-27 20:43:09,363 - INFO - Ram Peak Usage Bytes     : 4176470016.0000
2025-11-27 20:43:09,363 - INFO - Disk Read Bytes          : 0.0000
2025-11-27 20:43:09,363 - INFO - Disk Write Bytes         : 327680.0000
2025-11-27 20:43:09,363 - INFO - Vram Peak Usage Bytes    : 1746396276.0000
2025-11-27 20:43:09,363 - INFO - Gpu Power Watts Avg      : 295.7765
2025-11-27 20:43:09,363 - INFO - Gpu Power Watts Peak     : 318.8840
2025-11-27 20:43:09,363 - INFO - Gpu Temp Celsius Avg     : 62.4143
2025-11-27 20:43:09,363 - INFO - Gpu Temp Celsius Peak    : 65.0000
2025-11-27 20:43:09,363 - INFO - Gpu Utilization Percent Avg: 91.7143
2025-11-27 20:43:09,363 - INFO - Gpu Utilization Percent Peak: 100.0000
2025-11-27 20:43:09,363 - INFO - Gpu Mem Used Bytes Avg   : 22071672832.0000
2025-11-27 20:43:09,363 - INFO - Gpu Mem Used Bytes Peak  : 22071672832.0000
2025-11-27 20:43:09,363 - INFO - Gpu Vram Used Bytes      : 22071672832.0000
2025-11-27 20:43:09,363 - INFO - Accuracy                 : 0.3612
2025-11-27 20:43:09,363 - INFO - Precision                : 0.3761
2025-11-27 20:43:09,363 - INFO - Recall                   : 0.3612
2025-11-27 20:43:09,363 - INFO - F1 Score                 : 0.3440
2025-11-27 20:43:09,363 - INFO - ==================================================
2025-11-27 20:47:36,435 - INFO - Época 53 concluída. Loss média: 3.5201
2025-11-27 20:47:36,436 - INFO - Taxa de aprendizado ajustada para: 0.010000
2025-11-27 20:47:36,449 - INFO - Iniciando inferência com o modelo EfficientNetB7...
2025-11-27 20:47:43,601 - INFO - ==================================================
2025-11-27 20:47:43,601 - INFO - EXPERIMENT RESULTS
2025-11-27 20:47:43,601 - INFO - ==================================================
2025-11-27 20:47:43,601 - INFO - Elapsed Time Seconds     : 7.1277
2025-11-27 20:47:43,601 - INFO - Cpu Usage Percent        : 3.9031
2025-11-27 20:47:43,601 - INFO - Ram Peak Usage Bytes     : 4177797120.0000
2025-11-27 20:47:43,601 - INFO - Disk Read Bytes          : 0.0000
2025-11-27 20:47:43,601 - INFO - Disk Write Bytes         : 561152.0000
2025-11-27 20:47:43,601 - INFO - Vram Peak Usage Bytes    : 1746396276.0000
2025-11-27 20:47:43,601 - INFO - Gpu Power Watts Avg      : 292.4047
2025-11-27 20:47:43,601 - INFO - Gpu Power Watts Peak     : 317.8190
2025-11-27 20:47:43,601 - INFO - Gpu Temp Celsius Avg     : 62.2571
2025-11-27 20:47:43,601 - INFO - Gpu Temp Celsius Peak    : 64.0000
2025-11-27 20:47:43,601 - INFO - Gpu Utilization Percent Avg: 91.2000
2025-11-27 20:47:43,601 - INFO - Gpu Utilization Percent Peak: 100.0000
2025-11-27 20:47:43,601 - INFO - Gpu Mem Used Bytes Avg   : 22071672832.0000
2025-11-27 20:47:43,601 - INFO - Gpu Mem Used Bytes Peak  : 22071672832.0000
2025-11-27 20:47:43,601 - INFO - Gpu Vram Used Bytes      : 22071672832.0000
2025-11-27 20:47:43,601 - INFO - Accuracy                 : 0.3600
2025-11-27 20:47:43,601 - INFO - Precision                : 0.3667
2025-11-27 20:47:43,601 - INFO - Recall                   : 0.3600
2025-11-27 20:47:43,601 - INFO - F1 Score                 : 0.3381
2025-11-27 20:47:43,601 - INFO - ==================================================
2025-11-27 20:52:11,739 - INFO - Época 54 concluída. Loss média: 3.5135
2025-11-27 20:52:11,740 - INFO - Taxa de aprendizado ajustada para: 0.010000
2025-11-27 20:52:11,745 - INFO - Iniciando inferência com o modelo EfficientNetB7...
2025-11-27 20:52:18,768 - INFO - ==================================================
2025-11-27 20:52:18,768 - INFO - EXPERIMENT RESULTS
2025-11-27 20:52:18,768 - INFO - ==================================================
2025-11-27 20:52:18,768 - INFO - Elapsed Time Seconds     : 7.0000
2025-11-27 20:52:18,768 - INFO - Cpu Usage Percent        : 3.9719
2025-11-27 20:52:18,768 - INFO - Ram Peak Usage Bytes     : 4178001920.0000
2025-11-27 20:52:18,768 - INFO - Disk Read Bytes          : 0.0000
2025-11-27 20:52:18,768 - INFO - Disk Write Bytes         : 299008.0000
2025-11-27 20:52:18,768 - INFO - Vram Peak Usage Bytes    : 1746396276.0000
2025-11-27 20:52:18,768 - INFO - Gpu Power Watts Avg      : 296.5244
2025-11-27 20:52:18,768 - INFO - Gpu Power Watts Peak     : 317.9300
2025-11-27 20:52:18,768 - INFO - Gpu Temp Celsius Avg     : 62.3188
2025-11-27 20:52:18,768 - INFO - Gpu Temp Celsius Peak    : 64.0000
2025-11-27 20:52:18,768 - INFO - Gpu Utilization Percent Avg: 92.9420
2025-11-27 20:52:18,768 - INFO - Gpu Utilization Percent Peak: 100.0000
2025-11-27 20:52:18,768 - INFO - Gpu Mem Used Bytes Avg   : 22071672832.0000
2025-11-27 20:52:18,768 - INFO - Gpu Mem Used Bytes Peak  : 22071672832.0000
2025-11-27 20:52:18,768 - INFO - Gpu Vram Used Bytes      : 22071672832.0000
2025-11-27 20:52:18,768 - INFO - Accuracy                 : 0.3716
2025-11-27 20:52:18,768 - INFO - Precision                : 0.3886
2025-11-27 20:52:18,768 - INFO - Recall                   : 0.3716
2025-11-27 20:52:18,768 - INFO - F1 Score                 : 0.3584
2025-11-27 20:52:18,768 - INFO - ==================================================
2025-11-27 20:56:45,803 - INFO - Época 55 concluída. Loss média: 3.5089
2025-11-27 20:56:45,804 - INFO - Taxa de aprendizado ajustada para: 0.010000
2025-11-27 20:56:45,817 - INFO - Iniciando inferência com o modelo EfficientNetB7...
2025-11-27 20:56:52,851 - INFO - ==================================================
2025-11-27 20:56:52,851 - INFO - EXPERIMENT RESULTS
2025-11-27 20:56:52,851 - INFO - ==================================================
2025-11-27 20:56:52,851 - INFO - Elapsed Time Seconds     : 7.0098
2025-11-27 20:56:52,851 - INFO - Cpu Usage Percent        : 3.5344
2025-11-27 20:56:52,851 - INFO - Ram Peak Usage Bytes     : 4178321408.0000
2025-11-27 20:56:52,851 - INFO - Disk Read Bytes          : 0.0000
2025-11-27 20:56:52,851 - INFO - Disk Write Bytes         : 303104.0000
2025-11-27 20:56:52,851 - INFO - Vram Peak Usage Bytes    : 1746396276.0000
2025-11-27 20:56:52,851 - INFO - Gpu Power Watts Avg      : 297.5279
2025-11-27 20:56:52,851 - INFO - Gpu Power Watts Peak     : 319.8620
2025-11-27 20:56:52,851 - INFO - Gpu Temp Celsius Avg     : 62.4493
2025-11-27 20:56:52,851 - INFO - Gpu Temp Celsius Peak    : 64.0000
2025-11-27 20:56:52,851 - INFO - Gpu Utilization Percent Avg: 92.6377
2025-11-27 20:56:52,851 - INFO - Gpu Utilization Percent Peak: 100.0000
2025-11-27 20:56:52,851 - INFO - Gpu Mem Used Bytes Avg   : 22071672832.0000
2025-11-27 20:56:52,851 - INFO - Gpu Mem Used Bytes Peak  : 22071672832.0000
2025-11-27 20:56:52,851 - INFO - Gpu Vram Used Bytes      : 22071672832.0000
2025-11-27 20:56:52,851 - INFO - Accuracy                 : 0.3687
2025-11-27 20:56:52,851 - INFO - Precision                : 0.3817
2025-11-27 20:56:52,851 - INFO - Recall                   : 0.3687
2025-11-27 20:56:52,851 - INFO - F1 Score                 : 0.3458
2025-11-27 20:56:52,851 - INFO - ==================================================
2025-11-27 21:01:18,047 - INFO - Época 56 concluída. Loss média: 3.4994
2025-11-27 21:01:18,047 - INFO - Taxa de aprendizado ajustada para: 0.010000
2025-11-27 21:01:18,061 - INFO - Iniciando inferência com o modelo EfficientNetB7...
2025-11-27 21:01:24,978 - INFO - ==================================================
2025-11-27 21:01:24,978 - INFO - EXPERIMENT RESULTS
2025-11-27 21:01:24,978 - INFO - ==================================================
2025-11-27 21:01:24,978 - INFO - Elapsed Time Seconds     : 6.9027
2025-11-27 21:01:24,978 - INFO - Cpu Usage Percent        : 3.6000
2025-11-27 21:01:24,978 - INFO - Ram Peak Usage Bytes     : 4178407424.0000
2025-11-27 21:01:24,978 - INFO - Disk Read Bytes          : 0.0000
2025-11-27 21:01:24,979 - INFO - Disk Write Bytes         : 282624.0000
2025-11-27 21:01:24,979 - INFO - Vram Peak Usage Bytes    : 1746396276.0000
2025-11-27 21:01:24,979 - INFO - Gpu Power Watts Avg      : 299.1766
2025-11-27 21:01:24,979 - INFO - Gpu Power Watts Peak     : 319.2450
2025-11-27 21:01:24,979 - INFO - Gpu Temp Celsius Avg     : 62.5735
2025-11-27 21:01:24,979 - INFO - Gpu Temp Celsius Peak    : 64.0000
2025-11-27 21:01:24,979 - INFO - Gpu Utilization Percent Avg: 94.0588
2025-11-27 21:01:24,979 - INFO - Gpu Utilization Percent Peak: 100.0000
2025-11-27 21:01:24,979 - INFO - Gpu Mem Used Bytes Avg   : 22071672832.0000
2025-11-27 21:01:24,979 - INFO - Gpu Mem Used Bytes Peak  : 22071672832.0000
2025-11-27 21:01:24,979 - INFO - Gpu Vram Used Bytes      : 22071672832.0000
2025-11-27 21:01:24,979 - INFO - Accuracy                 : 0.3677
2025-11-27 21:01:24,979 - INFO - Precision                : 0.3778
2025-11-27 21:01:24,979 - INFO - Recall                   : 0.3677
2025-11-27 21:01:24,979 - INFO - F1 Score                 : 0.3476
2025-11-27 21:01:24,979 - INFO - ==================================================
2025-11-27 21:05:51,794 - INFO - Época 57 concluída. Loss média: 3.4918
2025-11-27 21:05:51,795 - INFO - Taxa de aprendizado ajustada para: 0.010000
2025-11-27 21:05:51,809 - INFO - Iniciando inferência com o modelo EfficientNetB7...
2025-11-27 21:05:58,831 - INFO - ==================================================
2025-11-27 21:05:58,831 - INFO - EXPERIMENT RESULTS
2025-11-27 21:05:58,831 - INFO - ==================================================
2025-11-27 21:05:58,831 - INFO - Elapsed Time Seconds     : 6.9982
2025-11-27 21:05:58,831 - INFO - Cpu Usage Percent        : 3.5594
2025-11-27 21:05:58,831 - INFO - Ram Peak Usage Bytes     : 4178608128.0000
2025-11-27 21:05:58,831 - INFO - Disk Read Bytes          : 0.0000
2025-11-27 21:05:58,831 - INFO - Disk Write Bytes         : 282624.0000
2025-11-27 21:05:58,831 - INFO - Vram Peak Usage Bytes    : 1746396276.0000
2025-11-27 21:05:58,831 - INFO - Gpu Power Watts Avg      : 296.9290
2025-11-27 21:05:58,831 - INFO - Gpu Power Watts Peak     : 318.5800
2025-11-27 21:05:58,831 - INFO - Gpu Temp Celsius Avg     : 62.5072
2025-11-27 21:05:58,831 - INFO - Gpu Temp Celsius Peak    : 64.0000
2025-11-27 21:05:58,831 - INFO - Gpu Utilization Percent Avg: 92.4638
2025-11-27 21:05:58,831 - INFO - Gpu Utilization Percent Peak: 100.0000
2025-11-27 21:05:58,831 - INFO - Gpu Mem Used Bytes Avg   : 22071672832.0000
2025-11-27 21:05:58,831 - INFO - Gpu Mem Used Bytes Peak  : 22071672832.0000
2025-11-27 21:05:58,831 - INFO - Gpu Vram Used Bytes      : 22071672832.0000
2025-11-27 21:05:58,831 - INFO - Accuracy                 : 0.3660
2025-11-27 21:05:58,831 - INFO - Precision                : 0.3842
2025-11-27 21:05:58,831 - INFO - Recall                   : 0.3660
2025-11-27 21:05:58,831 - INFO - F1 Score                 : 0.3479
2025-11-27 21:05:58,831 - INFO - ==================================================
2025-11-27 21:10:25,655 - INFO - Época 58 concluída. Loss média: 3.4856
2025-11-27 21:10:25,656 - INFO - Taxa de aprendizado ajustada para: 0.010000
2025-11-27 21:10:25,670 - INFO - Iniciando inferência com o modelo EfficientNetB7...
2025-11-27 21:10:32,689 - INFO - ==================================================
2025-11-27 21:10:32,689 - INFO - EXPERIMENT RESULTS
2025-11-27 21:10:32,689 - INFO - ==================================================
2025-11-27 21:10:32,689 - INFO - Elapsed Time Seconds     : 6.9955
2025-11-27 21:10:32,689 - INFO - Cpu Usage Percent        : 3.5781
2025-11-27 21:10:32,689 - INFO - Ram Peak Usage Bytes     : 4178792448.0000
2025-11-27 21:10:32,689 - INFO - Disk Read Bytes          : 0.0000
2025-11-27 21:10:32,689 - INFO - Disk Write Bytes         : 311296.0000
2025-11-27 21:10:32,689 - INFO - Vram Peak Usage Bytes    : 1746396276.0000
2025-11-27 21:10:32,689 - INFO - Gpu Power Watts Avg      : 296.2526
2025-11-27 21:10:32,689 - INFO - Gpu Power Watts Peak     : 317.5490
2025-11-27 21:10:32,689 - INFO - Gpu Temp Celsius Avg     : 62.5652
2025-11-27 21:10:32,689 - INFO - Gpu Temp Celsius Peak    : 64.0000
2025-11-27 21:10:32,689 - INFO - Gpu Utilization Percent Avg: 92.4493
2025-11-27 21:10:32,689 - INFO - Gpu Utilization Percent Peak: 100.0000
2025-11-27 21:10:32,689 - INFO - Gpu Mem Used Bytes Avg   : 22071672832.0000
2025-11-27 21:10:32,689 - INFO - Gpu Mem Used Bytes Peak  : 22071672832.0000
2025-11-27 21:10:32,689 - INFO - Gpu Vram Used Bytes      : 22071672832.0000
2025-11-27 21:10:32,689 - INFO - Accuracy                 : 0.3734
2025-11-27 21:10:32,689 - INFO - Precision                : 0.3916
2025-11-27 21:10:32,689 - INFO - Recall                   : 0.3734
2025-11-27 21:10:32,689 - INFO - F1 Score                 : 0.3595
2025-11-27 21:10:32,689 - INFO - ==================================================
2025-11-27 21:14:59,848 - INFO - Época 59 concluída. Loss média: 3.4791
2025-11-27 21:14:59,848 - INFO - Taxa de aprendizado ajustada para: 0.010000
2025-11-27 21:14:59,862 - INFO - Iniciando inferência com o modelo EfficientNetB7...
2025-11-27 21:15:06,984 - INFO - ==================================================
2025-11-27 21:15:06,984 - INFO - EXPERIMENT RESULTS
2025-11-27 21:15:06,984 - INFO - ==================================================
2025-11-27 21:15:06,984 - INFO - Elapsed Time Seconds     : 7.0985
2025-11-27 21:15:06,984 - INFO - Cpu Usage Percent        : 3.9312
2025-11-27 21:15:06,984 - INFO - Ram Peak Usage Bytes     : 4178997248.0000
2025-11-27 21:15:06,984 - INFO - Disk Read Bytes          : 0.0000
2025-11-27 21:15:06,985 - INFO - Disk Write Bytes         : 688128.0000
2025-11-27 21:15:06,985 - INFO - Vram Peak Usage Bytes    : 1746396276.0000
2025-11-27 21:15:06,985 - INFO - Gpu Power Watts Avg      : 293.8369
2025-11-27 21:15:06,985 - INFO - Gpu Power Watts Peak     : 319.2660
2025-11-27 21:15:06,985 - INFO - Gpu Temp Celsius Avg     : 62.5714
2025-11-27 21:15:06,985 - INFO - Gpu Temp Celsius Peak    : 65.0000
2025-11-27 21:15:06,985 - INFO - Gpu Utilization Percent Avg: 90.9571
2025-11-27 21:15:06,985 - INFO - Gpu Utilization Percent Peak: 100.0000
2025-11-27 21:15:06,985 - INFO - Gpu Mem Used Bytes Avg   : 22071672832.0000
2025-11-27 21:15:06,985 - INFO - Gpu Mem Used Bytes Peak  : 22071672832.0000
2025-11-27 21:15:06,985 - INFO - Gpu Vram Used Bytes      : 22071672832.0000
2025-11-27 21:15:06,985 - INFO - Accuracy                 : 0.3815
2025-11-27 21:15:06,985 - INFO - Precision                : 0.3909
2025-11-27 21:15:06,985 - INFO - Recall                   : 0.3815
2025-11-27 21:15:06,985 - INFO - F1 Score                 : 0.3654
2025-11-27 21:15:06,985 - INFO - ==================================================
2025-11-27 21:19:33,602 - INFO - Época 60 concluída. Loss média: 3.4771
2025-11-27 21:19:33,602 - INFO - Taxa de aprendizado ajustada para: 0.001000
2025-11-27 21:19:33,616 - INFO - Iniciando inferência com o modelo EfficientNetB7...
2025-11-27 21:19:40,731 - INFO - ==================================================
2025-11-27 21:19:40,731 - INFO - EXPERIMENT RESULTS
2025-11-27 21:19:40,731 - INFO - ==================================================
2025-11-27 21:19:40,731 - INFO - Elapsed Time Seconds     : 7.0915
2025-11-27 21:19:40,731 - INFO - Cpu Usage Percent        : 3.5219
2025-11-27 21:19:40,731 - INFO - Ram Peak Usage Bytes     : 4179181568.0000
2025-11-27 21:19:40,731 - INFO - Disk Read Bytes          : 0.0000
2025-11-27 21:19:40,731 - INFO - Disk Write Bytes         : 294912.0000
2025-11-27 21:19:40,731 - INFO - Vram Peak Usage Bytes    : 1746396276.0000
2025-11-27 21:19:40,731 - INFO - Gpu Power Watts Avg      : 295.9824
2025-11-27 21:19:40,731 - INFO - Gpu Power Watts Peak     : 319.1990
2025-11-27 21:19:40,731 - INFO - Gpu Temp Celsius Avg     : 62.4000
2025-11-27 21:19:40,731 - INFO - Gpu Temp Celsius Peak    : 64.0000
2025-11-27 21:19:40,731 - INFO - Gpu Utilization Percent Avg: 91.8429
2025-11-27 21:19:40,731 - INFO - Gpu Utilization Percent Peak: 100.0000
2025-11-27 21:19:40,731 - INFO - Gpu Mem Used Bytes Avg   : 22071672832.0000
2025-11-27 21:19:40,731 - INFO - Gpu Mem Used Bytes Peak  : 22071672832.0000
2025-11-27 21:19:40,731 - INFO - Gpu Vram Used Bytes      : 22071672832.0000
2025-11-27 21:19:40,731 - INFO - Accuracy                 : 0.3740
2025-11-27 21:19:40,731 - INFO - Precision                : 0.3830
2025-11-27 21:19:40,731 - INFO - Recall                   : 0.3740
2025-11-27 21:19:40,731 - INFO - F1 Score                 : 0.3564
2025-11-27 21:19:40,731 - INFO - ==================================================
2025-11-27 21:24:07,991 - INFO - Época 61 concluída. Loss média: 3.3168
2025-11-27 21:24:07,991 - INFO - Taxa de aprendizado ajustada para: 0.001000
2025-11-27 21:24:08,005 - INFO - Iniciando inferência com o modelo EfficientNetB7...
2025-11-27 21:24:15,058 - INFO - ==================================================
2025-11-27 21:24:15,059 - INFO - EXPERIMENT RESULTS
2025-11-27 21:24:15,059 - INFO - ==================================================
2025-11-27 21:24:15,059 - INFO - Elapsed Time Seconds     : 7.0302
2025-11-27 21:24:15,059 - INFO - Cpu Usage Percent        : 3.9906
2025-11-27 21:24:15,059 - INFO - Ram Peak Usage Bytes     : 4179451904.0000
2025-11-27 21:24:15,059 - INFO - Disk Read Bytes          : 0.0000
2025-11-27 21:24:15,059 - INFO - Disk Write Bytes         : 303104.0000
2025-11-27 21:24:15,059 - INFO - Vram Peak Usage Bytes    : 1746396276.0000
2025-11-27 21:24:15,059 - INFO - Gpu Power Watts Avg      : 297.0792
2025-11-27 21:24:15,059 - INFO - Gpu Power Watts Peak     : 318.3550
2025-11-27 21:24:15,059 - INFO - Gpu Temp Celsius Avg     : 62.4348
2025-11-27 21:24:15,059 - INFO - Gpu Temp Celsius Peak    : 64.0000
2025-11-27 21:24:15,059 - INFO - Gpu Utilization Percent Avg: 92.0435
2025-11-27 21:24:15,059 - INFO - Gpu Utilization Percent Peak: 100.0000
2025-11-27 21:24:15,059 - INFO - Gpu Mem Used Bytes Avg   : 22071672832.0000
2025-11-27 21:24:15,059 - INFO - Gpu Mem Used Bytes Peak  : 22071672832.0000
2025-11-27 21:24:15,059 - INFO - Gpu Vram Used Bytes      : 22071672832.0000
2025-11-27 21:24:15,059 - INFO - Accuracy                 : 0.4253
2025-11-27 21:24:15,059 - INFO - Precision                : 0.4136
2025-11-27 21:24:15,059 - INFO - Recall                   : 0.4253
2025-11-27 21:24:15,059 - INFO - F1 Score                 : 0.4081
2025-11-27 21:24:15,059 - INFO - ==================================================
2025-11-27 21:28:42,163 - INFO - Época 62 concluída. Loss média: 3.2767
2025-11-27 21:28:42,164 - INFO - Taxa de aprendizado ajustada para: 0.001000
2025-11-27 21:28:42,177 - INFO - Iniciando inferência com o modelo EfficientNetB7...
2025-11-27 21:28:49,260 - INFO - ==================================================
2025-11-27 21:28:49,260 - INFO - EXPERIMENT RESULTS
2025-11-27 21:28:49,260 - INFO - ==================================================
2025-11-27 21:28:49,260 - INFO - Elapsed Time Seconds     : 7.0590
2025-11-27 21:28:49,260 - INFO - Cpu Usage Percent        : 3.9719
2025-11-27 21:28:49,260 - INFO - Ram Peak Usage Bytes     : 4179529728.0000
2025-11-27 21:28:49,260 - INFO - Disk Read Bytes          : 0.0000
2025-11-27 21:28:49,260 - INFO - Disk Write Bytes         : 417792.0000
2025-11-27 21:28:49,260 - INFO - Vram Peak Usage Bytes    : 1746396276.0000
2025-11-27 21:28:49,260 - INFO - Gpu Power Watts Avg      : 294.4454
2025-11-27 21:28:49,260 - INFO - Gpu Power Watts Peak     : 317.6410
2025-11-27 21:28:49,260 - INFO - Gpu Temp Celsius Avg     : 62.1449
2025-11-27 21:28:49,260 - INFO - Gpu Temp Celsius Peak    : 64.0000
2025-11-27 21:28:49,260 - INFO - Gpu Utilization Percent Avg: 91.5652
2025-11-27 21:28:49,260 - INFO - Gpu Utilization Percent Peak: 100.0000
2025-11-27 21:28:49,260 - INFO - Gpu Mem Used Bytes Avg   : 22071672832.0000
2025-11-27 21:28:49,260 - INFO - Gpu Mem Used Bytes Peak  : 22071672832.0000
2025-11-27 21:28:49,260 - INFO - Gpu Vram Used Bytes      : 22071672832.0000
2025-11-27 21:28:49,260 - INFO - Accuracy                 : 0.4362
2025-11-27 21:28:49,260 - INFO - Precision                : 0.4245
2025-11-27 21:28:49,261 - INFO - Recall                   : 0.4362
2025-11-27 21:28:49,261 - INFO - F1 Score                 : 0.4196
2025-11-27 21:28:49,261 - INFO - ==================================================
2025-11-27 21:33:17,099 - INFO - Época 63 concluída. Loss média: 3.2662
2025-11-27 21:33:17,099 - INFO - Taxa de aprendizado ajustada para: 0.001000
2025-11-27 21:33:17,113 - INFO - Iniciando inferência com o modelo EfficientNetB7...
2025-11-27 21:33:24,328 - INFO - ==================================================
2025-11-27 21:33:24,328 - INFO - EXPERIMENT RESULTS
2025-11-27 21:33:24,328 - INFO - ==================================================
2025-11-27 21:33:24,328 - INFO - Elapsed Time Seconds     : 7.1917
2025-11-27 21:33:24,328 - INFO - Cpu Usage Percent        : 3.9312
2025-11-27 21:33:24,328 - INFO - Ram Peak Usage Bytes     : 4179709952.0000
2025-11-27 21:33:24,328 - INFO - Disk Read Bytes          : 0.0000
2025-11-27 21:33:24,328 - INFO - Disk Write Bytes         : 315392.0000
2025-11-27 21:33:24,328 - INFO - Vram Peak Usage Bytes    : 1746396276.0000
2025-11-27 21:33:24,328 - INFO - Gpu Power Watts Avg      : 290.5347
2025-11-27 21:33:24,328 - INFO - Gpu Power Watts Peak     : 316.9990
2025-11-27 21:33:24,328 - INFO - Gpu Temp Celsius Avg     : 61.9437
2025-11-27 21:33:24,329 - INFO - Gpu Temp Celsius Peak    : 64.0000
2025-11-27 21:33:24,329 - INFO - Gpu Utilization Percent Avg: 90.1972
2025-11-27 21:33:24,329 - INFO - Gpu Utilization Percent Peak: 100.0000
2025-11-27 21:33:24,329 - INFO - Gpu Mem Used Bytes Avg   : 22071672832.0000
2025-11-27 21:33:24,329 - INFO - Gpu Mem Used Bytes Peak  : 22071672832.0000
2025-11-27 21:33:24,329 - INFO - Gpu Vram Used Bytes      : 22071672832.0000
2025-11-27 21:33:24,329 - INFO - Accuracy                 : 0.4384
2025-11-27 21:33:24,329 - INFO - Precision                : 0.4274
2025-11-27 21:33:24,329 - INFO - Recall                   : 0.4384
2025-11-27 21:33:24,329 - INFO - F1 Score                 : 0.4231
2025-11-27 21:33:24,329 - INFO - ==================================================
2025-11-27 21:37:51,637 - INFO - Época 64 concluída. Loss média: 3.2535
2025-11-27 21:37:51,638 - INFO - Taxa de aprendizado ajustada para: 0.001000
2025-11-27 21:37:51,651 - INFO - Iniciando inferência com o modelo EfficientNetB7...
2025-11-27 21:37:58,768 - INFO - ==================================================
2025-11-27 21:37:58,769 - INFO - EXPERIMENT RESULTS
2025-11-27 21:37:58,769 - INFO - ==================================================
2025-11-27 21:37:58,769 - INFO - Elapsed Time Seconds     : 7.0937
2025-11-27 21:37:58,769 - INFO - Cpu Usage Percent        : 3.5469
2025-11-27 21:37:58,769 - INFO - Ram Peak Usage Bytes     : 4179890176.0000
2025-11-27 21:37:58,769 - INFO - Disk Read Bytes          : 0.0000
2025-11-27 21:37:58,769 - INFO - Disk Write Bytes         : 290816.0000
2025-11-27 21:37:58,769 - INFO - Vram Peak Usage Bytes    : 1746396276.0000
2025-11-27 21:37:58,769 - INFO - Gpu Power Watts Avg      : 293.9403
2025-11-27 21:37:58,769 - INFO - Gpu Power Watts Peak     : 317.3840
2025-11-27 21:37:58,769 - INFO - Gpu Temp Celsius Avg     : 62.2143
2025-11-27 21:37:58,769 - INFO - Gpu Temp Celsius Peak    : 64.0000
2025-11-27 21:37:58,769 - INFO - Gpu Utilization Percent Avg: 91.6429
2025-11-27 21:37:58,769 - INFO - Gpu Utilization Percent Peak: 100.0000
2025-11-27 21:37:58,769 - INFO - Gpu Mem Used Bytes Avg   : 22071672832.0000
2025-11-27 21:37:58,769 - INFO - Gpu Mem Used Bytes Peak  : 22071672832.0000
2025-11-27 21:37:58,769 - INFO - Gpu Vram Used Bytes      : 22071672832.0000
2025-11-27 21:37:58,769 - INFO - Accuracy                 : 0.4362
2025-11-27 21:37:58,769 - INFO - Precision                : 0.4248
2025-11-27 21:37:58,769 - INFO - Recall                   : 0.4362
2025-11-27 21:37:58,769 - INFO - F1 Score                 : 0.4201
2025-11-27 21:37:58,769 - INFO - ==================================================
2025-11-27 21:42:26,010 - INFO - Época 65 concluída. Loss média: 3.2503
2025-11-27 21:42:26,010 - INFO - Taxa de aprendizado ajustada para: 0.001000
2025-11-27 21:42:26,024 - INFO - Iniciando inferência com o modelo EfficientNetB7...
2025-11-27 21:42:33,146 - INFO - ==================================================
2025-11-27 21:42:33,146 - INFO - EXPERIMENT RESULTS
2025-11-27 21:42:33,146 - INFO - ==================================================
2025-11-27 21:42:33,146 - INFO - Elapsed Time Seconds     : 7.0982
2025-11-27 21:42:33,146 - INFO - Cpu Usage Percent        : 3.5125
2025-11-27 21:42:33,146 - INFO - Ram Peak Usage Bytes     : 4180070400.0000
2025-11-27 21:42:33,146 - INFO - Disk Read Bytes          : 0.0000
2025-11-27 21:42:33,146 - INFO - Disk Write Bytes         : 593920.0000
2025-11-27 21:42:33,146 - INFO - Vram Peak Usage Bytes    : 1746396276.0000
2025-11-27 21:42:33,146 - INFO - Gpu Power Watts Avg      : 292.5151
2025-11-27 21:42:33,146 - INFO - Gpu Power Watts Peak     : 317.9080
2025-11-27 21:42:33,146 - INFO - Gpu Temp Celsius Avg     : 62.1429
2025-11-27 21:42:33,146 - INFO - Gpu Temp Celsius Peak    : 64.0000
2025-11-27 21:42:33,146 - INFO - Gpu Utilization Percent Avg: 91.6000
2025-11-27 21:42:33,146 - INFO - Gpu Utilization Percent Peak: 100.0000
2025-11-27 21:42:33,146 - INFO - Gpu Mem Used Bytes Avg   : 22071672832.0000
2025-11-27 21:42:33,146 - INFO - Gpu Mem Used Bytes Peak  : 22071672832.0000
2025-11-27 21:42:33,146 - INFO - Gpu Vram Used Bytes      : 22071672832.0000
2025-11-27 21:42:33,146 - INFO - Accuracy                 : 0.4413
2025-11-27 21:42:33,146 - INFO - Precision                : 0.4302
2025-11-27 21:42:33,146 - INFO - Recall                   : 0.4413
2025-11-27 21:42:33,146 - INFO - F1 Score                 : 0.4254
2025-11-27 21:42:33,146 - INFO - ==================================================
2025-11-27 21:46:55,253 - INFO - Época 66 concluída. Loss média: 3.2436
2025-11-27 21:46:55,254 - INFO - Taxa de aprendizado ajustada para: 0.001000
2025-11-27 21:46:55,259 - INFO - Iniciando inferência com o modelo EfficientNetB7...
2025-11-27 21:47:02,178 - INFO - ==================================================
2025-11-27 21:47:02,179 - INFO - EXPERIMENT RESULTS
2025-11-27 21:47:02,179 - INFO - ==================================================
2025-11-27 21:47:02,179 - INFO - Elapsed Time Seconds     : 6.8964
2025-11-27 21:47:02,179 - INFO - Cpu Usage Percent        : 3.5750
2025-11-27 21:47:02,179 - INFO - Ram Peak Usage Bytes     : 4180234240.0000
2025-11-27 21:47:02,179 - INFO - Disk Read Bytes          : 0.0000
2025-11-27 21:47:02,179 - INFO - Disk Write Bytes         : 299008.0000
2025-11-27 21:47:02,179 - INFO - Vram Peak Usage Bytes    : 1746396276.0000
2025-11-27 21:47:02,179 - INFO - Gpu Power Watts Avg      : 301.5646
2025-11-27 21:47:02,179 - INFO - Gpu Power Watts Peak     : 319.9590
2025-11-27 21:47:02,179 - INFO - Gpu Temp Celsius Avg     : 63.0294
2025-11-27 21:47:02,179 - INFO - Gpu Temp Celsius Peak    : 65.0000
2025-11-27 21:47:02,179 - INFO - Gpu Utilization Percent Avg: 93.8235
2025-11-27 21:47:02,179 - INFO - Gpu Utilization Percent Peak: 100.0000
2025-11-27 21:47:02,179 - INFO - Gpu Mem Used Bytes Avg   : 22071672832.0000
2025-11-27 21:47:02,179 - INFO - Gpu Mem Used Bytes Peak  : 22071672832.0000
2025-11-27 21:47:02,179 - INFO - Gpu Vram Used Bytes      : 22071672832.0000
2025-11-27 21:47:02,179 - INFO - Accuracy                 : 0.4395
2025-11-27 21:47:02,179 - INFO - Precision                : 0.4296
2025-11-27 21:47:02,179 - INFO - Recall                   : 0.4395
2025-11-27 21:47:02,179 - INFO - F1 Score                 : 0.4244
2025-11-27 21:47:02,179 - INFO - ==================================================
2025-11-27 21:51:28,908 - INFO - Época 67 concluída. Loss média: 3.2381
2025-11-27 21:51:28,911 - INFO - Taxa de aprendizado ajustada para: 0.001000
2025-11-27 21:51:28,925 - INFO - Iniciando inferência com o modelo EfficientNetB7...
2025-11-27 21:51:36,081 - INFO - ==================================================
2025-11-27 21:51:36,081 - INFO - EXPERIMENT RESULTS
2025-11-27 21:51:36,081 - INFO - ==================================================
2025-11-27 21:51:36,081 - INFO - Elapsed Time Seconds     : 7.1331
2025-11-27 21:51:36,081 - INFO - Cpu Usage Percent        : 3.9031
2025-11-27 21:51:36,081 - INFO - Ram Peak Usage Bytes     : 4181340160.0000
2025-11-27 21:51:36,081 - INFO - Disk Read Bytes          : 0.0000
2025-11-27 21:51:36,081 - INFO - Disk Write Bytes         : 286720.0000
2025-11-27 21:51:36,081 - INFO - Vram Peak Usage Bytes    : 1746396276.0000
2025-11-27 21:51:36,081 - INFO - Gpu Power Watts Avg      : 294.0039
2025-11-27 21:51:36,081 - INFO - Gpu Power Watts Peak     : 318.3550
2025-11-27 21:51:36,082 - INFO - Gpu Temp Celsius Avg     : 62.4571
2025-11-27 21:51:36,082 - INFO - Gpu Temp Celsius Peak    : 65.0000
2025-11-27 21:51:36,082 - INFO - Gpu Utilization Percent Avg: 92.2571
2025-11-27 21:51:36,082 - INFO - Gpu Utilization Percent Peak: 100.0000
2025-11-27 21:51:36,082 - INFO - Gpu Mem Used Bytes Avg   : 22071672832.0000
2025-11-27 21:51:36,082 - INFO - Gpu Mem Used Bytes Peak  : 22071672832.0000
2025-11-27 21:51:36,082 - INFO - Gpu Vram Used Bytes      : 22071672832.0000
2025-11-27 21:51:36,082 - INFO - Accuracy                 : 0.4432
2025-11-27 21:51:36,082 - INFO - Precision                : 0.4335
2025-11-27 21:51:36,082 - INFO - Recall                   : 0.4432
2025-11-27 21:51:36,082 - INFO - F1 Score                 : 0.4281
2025-11-27 21:51:36,082 - INFO - ==================================================
2025-11-27 21:56:03,471 - INFO - Época 68 concluída. Loss média: 3.2324
2025-11-27 21:56:03,472 - INFO - Taxa de aprendizado ajustada para: 0.001000
2025-11-27 21:56:03,485 - INFO - Iniciando inferência com o modelo EfficientNetB7...
2025-11-27 21:56:10,603 - INFO - ==================================================
2025-11-27 21:56:10,603 - INFO - EXPERIMENT RESULTS
2025-11-27 21:56:10,603 - INFO - ==================================================
2025-11-27 21:56:10,603 - INFO - Elapsed Time Seconds     : 7.0940
2025-11-27 21:56:10,603 - INFO - Cpu Usage Percent        : 3.5063
2025-11-27 21:56:10,603 - INFO - Ram Peak Usage Bytes     : 4181450752.0000
2025-11-27 21:56:10,603 - INFO - Disk Read Bytes          : 0.0000
2025-11-27 21:56:10,603 - INFO - Disk Write Bytes         : 565248.0000
2025-11-27 21:56:10,603 - INFO - Vram Peak Usage Bytes    : 1746396276.0000
2025-11-27 21:56:10,603 - INFO - Gpu Power Watts Avg      : 296.0755
2025-11-27 21:56:10,603 - INFO - Gpu Power Watts Peak     : 318.2140
2025-11-27 21:56:10,603 - INFO - Gpu Temp Celsius Avg     : 62.7000
2025-11-27 21:56:10,603 - INFO - Gpu Temp Celsius Peak    : 65.0000
2025-11-27 21:56:10,603 - INFO - Gpu Utilization Percent Avg: 91.9571
2025-11-27 21:56:10,603 - INFO - Gpu Utilization Percent Peak: 100.0000
2025-11-27 21:56:10,603 - INFO - Gpu Mem Used Bytes Avg   : 22071672832.0000
2025-11-27 21:56:10,603 - INFO - Gpu Mem Used Bytes Peak  : 22071672832.0000
2025-11-27 21:56:10,603 - INFO - Gpu Vram Used Bytes      : 22071672832.0000
2025-11-27 21:56:10,603 - INFO - Accuracy                 : 0.4427
2025-11-27 21:56:10,603 - INFO - Precision                : 0.4289
2025-11-27 21:56:10,603 - INFO - Recall                   : 0.4427
2025-11-27 21:56:10,603 - INFO - F1 Score                 : 0.4260
2025-11-27 21:56:10,603 - INFO - ==================================================
2025-11-27 22:00:37,692 - INFO - Época 69 concluída. Loss média: 3.2335
2025-11-27 22:00:37,693 - INFO - Taxa de aprendizado ajustada para: 0.001000
2025-11-27 22:00:37,706 - INFO - Iniciando inferência com o modelo EfficientNetB7...
2025-11-27 22:00:44,740 - INFO - ==================================================
2025-11-27 22:00:44,740 - INFO - EXPERIMENT RESULTS
2025-11-27 22:00:44,740 - INFO - ==================================================
2025-11-27 22:00:44,740 - INFO - Elapsed Time Seconds     : 7.0102
2025-11-27 22:00:44,740 - INFO - Cpu Usage Percent        : 3.5312
2025-11-27 22:00:44,740 - INFO - Ram Peak Usage Bytes     : 4181651456.0000
2025-11-27 22:00:44,740 - INFO - Disk Read Bytes          : 0.0000
2025-11-27 22:00:44,740 - INFO - Disk Write Bytes         : 417792.0000
2025-11-27 22:00:44,740 - INFO - Vram Peak Usage Bytes    : 1746396276.0000
2025-11-27 22:00:44,740 - INFO - Gpu Power Watts Avg      : 296.2650
2025-11-27 22:00:44,740 - INFO - Gpu Power Watts Peak     : 319.9140
2025-11-27 22:00:44,740 - INFO - Gpu Temp Celsius Avg     : 62.3333
2025-11-27 22:00:44,740 - INFO - Gpu Temp Celsius Peak    : 64.0000
2025-11-27 22:00:44,740 - INFO - Gpu Utilization Percent Avg: 92.1449
2025-11-27 22:00:44,740 - INFO - Gpu Utilization Percent Peak: 100.0000
2025-11-27 22:00:44,740 - INFO - Gpu Mem Used Bytes Avg   : 22071672832.0000
2025-11-27 22:00:44,740 - INFO - Gpu Mem Used Bytes Peak  : 22071672832.0000
2025-11-27 22:00:44,740 - INFO - Gpu Vram Used Bytes      : 22071672832.0000
2025-11-27 22:00:44,740 - INFO - Accuracy                 : 0.4463
2025-11-27 22:00:44,740 - INFO - Precision                : 0.4364
2025-11-27 22:00:44,740 - INFO - Recall                   : 0.4463
2025-11-27 22:00:44,741 - INFO - F1 Score                 : 0.4315
2025-11-27 22:00:44,741 - INFO - ==================================================
2025-11-27 22:05:07,033 - INFO - Época 70 concluída. Loss média: 3.2269
2025-11-27 22:05:07,034 - INFO - Taxa de aprendizado ajustada para: 0.001000
2025-11-27 22:05:07,047 - INFO - Iniciando inferência com o modelo EfficientNetB7...
2025-11-27 22:05:14,068 - INFO - ==================================================
2025-11-27 22:05:14,068 - INFO - EXPERIMENT RESULTS
2025-11-27 22:05:14,068 - INFO - ==================================================
2025-11-27 22:05:14,068 - INFO - Elapsed Time Seconds     : 6.9968
2025-11-27 22:05:14,068 - INFO - Cpu Usage Percent        : 3.5688
2025-11-27 22:05:14,068 - INFO - Ram Peak Usage Bytes     : 4181835776.0000
2025-11-27 22:05:14,068 - INFO - Disk Read Bytes          : 0.0000
2025-11-27 22:05:14,068 - INFO - Disk Write Bytes         : 266240.0000
2025-11-27 22:05:14,068 - INFO - Vram Peak Usage Bytes    : 1746396276.0000
2025-11-27 22:05:14,068 - INFO - Gpu Power Watts Avg      : 298.8832
2025-11-27 22:05:14,068 - INFO - Gpu Power Watts Peak     : 319.1730
2025-11-27 22:05:14,068 - INFO - Gpu Temp Celsius Avg     : 62.6522
2025-11-27 22:05:14,068 - INFO - Gpu Temp Celsius Peak    : 64.0000
2025-11-27 22:05:14,068 - INFO - Gpu Utilization Percent Avg: 93.1159
2025-11-27 22:05:14,068 - INFO - Gpu Utilization Percent Peak: 100.0000
2025-11-27 22:05:14,068 - INFO - Gpu Mem Used Bytes Avg   : 22071672832.0000
2025-11-27 22:05:14,068 - INFO - Gpu Mem Used Bytes Peak  : 22071672832.0000
2025-11-27 22:05:14,068 - INFO - Gpu Vram Used Bytes      : 22071672832.0000
2025-11-27 22:05:14,068 - INFO - Accuracy                 : 0.4439
2025-11-27 22:05:14,068 - INFO - Precision                : 0.4332
2025-11-27 22:05:14,068 - INFO - Recall                   : 0.4439
2025-11-27 22:05:14,069 - INFO - F1 Score                 : 0.4283
2025-11-27 22:05:14,069 - INFO - ==================================================
2025-11-27 22:09:41,270 - INFO - Época 71 concluída. Loss média: 3.2162
2025-11-27 22:09:41,270 - INFO - Taxa de aprendizado ajustada para: 0.001000
2025-11-27 22:09:41,284 - INFO - Iniciando inferência com o modelo EfficientNetB7...
2025-11-27 22:09:48,298 - INFO - ==================================================
2025-11-27 22:09:48,298 - INFO - EXPERIMENT RESULTS
2025-11-27 22:09:48,298 - INFO - ==================================================
2025-11-27 22:09:48,298 - INFO - Elapsed Time Seconds     : 6.9906
2025-11-27 22:09:48,298 - INFO - Cpu Usage Percent        : 3.5656
2025-11-27 22:09:48,298 - INFO - Ram Peak Usage Bytes     : 4182024192.0000
2025-11-27 22:09:48,298 - INFO - Disk Read Bytes          : 0.0000
2025-11-27 22:09:48,298 - INFO - Disk Write Bytes         : 471040.0000
2025-11-27 22:09:48,298 - INFO - Vram Peak Usage Bytes    : 1746396276.0000
2025-11-27 22:09:48,298 - INFO - Gpu Power Watts Avg      : 296.5376
2025-11-27 22:09:48,298 - INFO - Gpu Power Watts Peak     : 317.8590
2025-11-27 22:09:48,298 - INFO - Gpu Temp Celsius Avg     : 62.5072
2025-11-27 22:09:48,298 - INFO - Gpu Temp Celsius Peak    : 64.0000
2025-11-27 22:09:48,298 - INFO - Gpu Utilization Percent Avg: 92.5362
2025-11-27 22:09:48,298 - INFO - Gpu Utilization Percent Peak: 100.0000
2025-11-27 22:09:48,298 - INFO - Gpu Mem Used Bytes Avg   : 22071672832.0000
2025-11-27 22:09:48,298 - INFO - Gpu Mem Used Bytes Peak  : 22071672832.0000
2025-11-27 22:09:48,298 - INFO - Gpu Vram Used Bytes      : 22071672832.0000
2025-11-27 22:09:48,298 - INFO - Accuracy                 : 0.4469
2025-11-27 22:09:48,298 - INFO - Precision                : 0.4376
2025-11-27 22:09:48,298 - INFO - Recall                   : 0.4469
2025-11-27 22:09:48,298 - INFO - F1 Score                 : 0.4323
2025-11-27 22:09:48,298 - INFO - ==================================================
2025-11-27 22:14:15,404 - INFO - Época 72 concluída. Loss média: 3.2212
2025-11-27 22:14:15,404 - INFO - Taxa de aprendizado ajustada para: 0.001000
2025-11-27 22:14:15,418 - INFO - Iniciando inferência com o modelo EfficientNetB7...
2025-11-27 22:14:22,503 - INFO - ==================================================
2025-11-27 22:14:22,503 - INFO - EXPERIMENT RESULTS
2025-11-27 22:14:22,503 - INFO - ==================================================
2025-11-27 22:14:22,503 - INFO - Elapsed Time Seconds     : 7.0609
2025-11-27 22:14:22,503 - INFO - Cpu Usage Percent        : 3.5594
2025-11-27 22:14:22,503 - INFO - Ram Peak Usage Bytes     : 4182224896.0000
2025-11-27 22:14:22,503 - INFO - Disk Read Bytes          : 0.0000
2025-11-27 22:14:22,503 - INFO - Disk Write Bytes         : 409600.0000
2025-11-27 22:14:22,503 - INFO - Vram Peak Usage Bytes    : 1746396276.0000
2025-11-27 22:14:22,503 - INFO - Gpu Power Watts Avg      : 297.1084
2025-11-27 22:14:22,503 - INFO - Gpu Power Watts Peak     : 318.1050
2025-11-27 22:14:22,503 - INFO - Gpu Temp Celsius Avg     : 62.6377
2025-11-27 22:14:22,503 - INFO - Gpu Temp Celsius Peak    : 64.0000
2025-11-27 22:14:22,503 - INFO - Gpu Utilization Percent Avg: 93.2609
2025-11-27 22:14:22,503 - INFO - Gpu Utilization Percent Peak: 100.0000
2025-11-27 22:14:22,503 - INFO - Gpu Mem Used Bytes Avg   : 22071672832.0000
2025-11-27 22:14:22,503 - INFO - Gpu Mem Used Bytes Peak  : 22071672832.0000
2025-11-27 22:14:22,503 - INFO - Gpu Vram Used Bytes      : 22071672832.0000
2025-11-27 22:14:22,503 - INFO - Accuracy                 : 0.4464
2025-11-27 22:14:22,503 - INFO - Precision                : 0.4375
2025-11-27 22:14:22,503 - INFO - Recall                   : 0.4464
2025-11-27 22:14:22,503 - INFO - F1 Score                 : 0.4322
2025-11-27 22:14:22,503 - INFO - ==================================================
2025-11-27 22:18:49,334 - INFO - Época 73 concluída. Loss média: 3.2158
2025-11-27 22:18:49,335 - INFO - Taxa de aprendizado ajustada para: 0.001000
2025-11-27 22:18:49,349 - INFO - Iniciando inferência com o modelo EfficientNetB7...
2025-11-27 22:18:56,365 - INFO - ==================================================
2025-11-27 22:18:56,365 - INFO - EXPERIMENT RESULTS
2025-11-27 22:18:56,365 - INFO - ==================================================
2025-11-27 22:18:56,365 - INFO - Elapsed Time Seconds     : 6.9927
2025-11-27 22:18:56,365 - INFO - Cpu Usage Percent        : 3.5719
2025-11-27 22:18:56,365 - INFO - Ram Peak Usage Bytes     : 4183830528.0000
2025-11-27 22:18:56,365 - INFO - Disk Read Bytes          : 0.0000
2025-11-27 22:18:56,365 - INFO - Disk Write Bytes         : 294912.0000
2025-11-27 22:18:56,365 - INFO - Vram Peak Usage Bytes    : 1746396276.0000
2025-11-27 22:18:56,365 - INFO - Gpu Power Watts Avg      : 297.3581
2025-11-27 22:18:56,365 - INFO - Gpu Power Watts Peak     : 319.4150
2025-11-27 22:18:56,365 - INFO - Gpu Temp Celsius Avg     : 62.7536
2025-11-27 22:18:56,365 - INFO - Gpu Temp Celsius Peak    : 65.0000
2025-11-27 22:18:56,365 - INFO - Gpu Utilization Percent Avg: 92.9130
2025-11-27 22:18:56,365 - INFO - Gpu Utilization Percent Peak: 100.0000
2025-11-27 22:18:56,365 - INFO - Gpu Mem Used Bytes Avg   : 22071672832.0000
2025-11-27 22:18:56,365 - INFO - Gpu Mem Used Bytes Peak  : 22071672832.0000
2025-11-27 22:18:56,365 - INFO - Gpu Vram Used Bytes      : 22071672832.0000
2025-11-27 22:18:56,365 - INFO - Accuracy                 : 0.4486
2025-11-27 22:18:56,365 - INFO - Precision                : 0.4393
2025-11-27 22:18:56,365 - INFO - Recall                   : 0.4486
2025-11-27 22:18:56,365 - INFO - F1 Score                 : 0.4343
2025-11-27 22:18:56,365 - INFO - ==================================================
2025-11-27 22:23:24,149 - INFO - Época 74 concluída. Loss média: 3.2154
2025-11-27 22:23:24,150 - INFO - Taxa de aprendizado ajustada para: 0.001000
2025-11-27 22:23:24,163 - INFO - Iniciando inferência com o modelo EfficientNetB7...
2025-11-27 22:23:31,306 - INFO - ==================================================
2025-11-27 22:23:31,306 - INFO - EXPERIMENT RESULTS
2025-11-27 22:23:31,306 - INFO - ==================================================
2025-11-27 22:23:31,306 - INFO - Elapsed Time Seconds     : 7.1275
2025-11-27 22:23:31,306 - INFO - Cpu Usage Percent        : 3.4937
2025-11-27 22:23:31,306 - INFO - Ram Peak Usage Bytes     : 4189327360.0000
2025-11-27 22:23:31,306 - INFO - Disk Read Bytes          : 0.0000
2025-11-27 22:23:31,306 - INFO - Disk Write Bytes         : 282624.0000
2025-11-27 22:23:31,306 - INFO - Vram Peak Usage Bytes    : 1746396276.0000
2025-11-27 22:23:31,306 - INFO - Gpu Power Watts Avg      : 293.7257
2025-11-27 22:23:31,306 - INFO - Gpu Power Watts Peak     : 318.5700
2025-11-27 22:23:31,306 - INFO - Gpu Temp Celsius Avg     : 62.5286
2025-11-27 22:23:31,306 - INFO - Gpu Temp Celsius Peak    : 65.0000
2025-11-27 22:23:31,306 - INFO - Gpu Utilization Percent Avg: 91.2429
2025-11-27 22:23:31,306 - INFO - Gpu Utilization Percent Peak: 100.0000
2025-11-27 22:23:31,306 - INFO - Gpu Mem Used Bytes Avg   : 22071672832.0000
2025-11-27 22:23:31,306 - INFO - Gpu Mem Used Bytes Peak  : 22071672832.0000
2025-11-27 22:23:31,306 - INFO - Gpu Vram Used Bytes      : 22071672832.0000
2025-11-27 22:23:31,306 - INFO - Accuracy                 : 0.4481
2025-11-27 22:23:31,306 - INFO - Precision                : 0.4402
2025-11-27 22:23:31,306 - INFO - Recall                   : 0.4481
2025-11-27 22:23:31,306 - INFO - F1 Score                 : 0.4336
2025-11-27 22:23:31,306 - INFO - ==================================================
2025-11-27 22:27:58,063 - INFO - Época 75 concluída. Loss média: 3.2108
2025-11-27 22:27:58,063 - INFO - Taxa de aprendizado ajustada para: 0.001000
2025-11-27 22:27:58,077 - INFO - Iniciando inferência com o modelo EfficientNetB7...
2025-11-27 22:28:05,194 - INFO - ==================================================
2025-11-27 22:28:05,194 - INFO - EXPERIMENT RESULTS
2025-11-27 22:28:05,194 - INFO - ==================================================
2025-11-27 22:28:05,194 - INFO - Elapsed Time Seconds     : 7.0929
2025-11-27 22:28:05,194 - INFO - Cpu Usage Percent        : 3.6031
2025-11-27 22:28:05,194 - INFO - Ram Peak Usage Bytes     : 4190384128.0000
2025-11-27 22:28:05,194 - INFO - Disk Read Bytes          : 0.0000
2025-11-27 22:28:05,194 - INFO - Disk Write Bytes         : 495616.0000
2025-11-27 22:28:05,194 - INFO - Vram Peak Usage Bytes    : 1746396276.0000
2025-11-27 22:28:05,194 - INFO - Gpu Power Watts Avg      : 295.8892
2025-11-27 22:28:05,194 - INFO - Gpu Power Watts Peak     : 318.3640
2025-11-27 22:28:05,194 - INFO - Gpu Temp Celsius Avg     : 62.6714
2025-11-27 22:28:05,194 - INFO - Gpu Temp Celsius Peak    : 65.0000
2025-11-27 22:28:05,194 - INFO - Gpu Utilization Percent Avg: 93.1000
2025-11-27 22:28:05,194 - INFO - Gpu Utilization Percent Peak: 100.0000
2025-11-27 22:28:05,194 - INFO - Gpu Mem Used Bytes Avg   : 22071672832.0000
2025-11-27 22:28:05,194 - INFO - Gpu Mem Used Bytes Peak  : 22071672832.0000
2025-11-27 22:28:05,194 - INFO - Gpu Vram Used Bytes      : 22071672832.0000
2025-11-27 22:28:05,194 - INFO - Accuracy                 : 0.4509
2025-11-27 22:28:05,194 - INFO - Precision                : 0.4435
2025-11-27 22:28:05,194 - INFO - Recall                   : 0.4509
2025-11-27 22:28:05,194 - INFO - F1 Score                 : 0.4366
2025-11-27 22:28:05,194 - INFO - ==================================================
2025-11-27 22:32:32,474 - INFO - Época 76 concluída. Loss média: 3.2071
2025-11-27 22:32:32,474 - INFO - Taxa de aprendizado ajustada para: 0.001000
2025-11-27 22:32:32,488 - INFO - Iniciando inferência com o modelo EfficientNetB7...
2025-11-27 22:32:39,514 - INFO - ==================================================
2025-11-27 22:32:39,514 - INFO - EXPERIMENT RESULTS
2025-11-27 22:32:39,514 - INFO - ==================================================
2025-11-27 22:32:39,514 - INFO - Elapsed Time Seconds     : 7.0027
2025-11-27 22:32:39,514 - INFO - Cpu Usage Percent        : 3.5625
2025-11-27 22:32:39,514 - INFO - Ram Peak Usage Bytes     : 4190388224.0000
2025-11-27 22:32:39,514 - INFO - Disk Read Bytes          : 0.0000
2025-11-27 22:32:39,514 - INFO - Disk Write Bytes         : 503808.0000
2025-11-27 22:32:39,514 - INFO - Vram Peak Usage Bytes    : 1746396276.0000
2025-11-27 22:32:39,514 - INFO - Gpu Power Watts Avg      : 297.6669
2025-11-27 22:32:39,514 - INFO - Gpu Power Watts Peak     : 318.4260
2025-11-27 22:32:39,514 - INFO - Gpu Temp Celsius Avg     : 62.5652
2025-11-27 22:32:39,514 - INFO - Gpu Temp Celsius Peak    : 64.0000
2025-11-27 22:32:39,514 - INFO - Gpu Utilization Percent Avg: 93.1014
2025-11-27 22:32:39,514 - INFO - Gpu Utilization Percent Peak: 100.0000
2025-11-27 22:32:39,514 - INFO - Gpu Mem Used Bytes Avg   : 22071672832.0000
2025-11-27 22:32:39,514 - INFO - Gpu Mem Used Bytes Peak  : 22071672832.0000
2025-11-27 22:32:39,514 - INFO - Gpu Vram Used Bytes      : 22071672832.0000
2025-11-27 22:32:39,514 - INFO - Accuracy                 : 0.4492
2025-11-27 22:32:39,514 - INFO - Precision                : 0.4436
2025-11-27 22:32:39,514 - INFO - Recall                   : 0.4492
2025-11-27 22:32:39,514 - INFO - F1 Score                 : 0.4356
2025-11-27 22:32:39,514 - INFO - ==================================================
2025-11-27 22:37:06,460 - INFO - Época 77 concluída. Loss média: 3.2050
2025-11-27 22:37:06,461 - INFO - Taxa de aprendizado ajustada para: 0.001000
2025-11-27 22:37:06,474 - INFO - Iniciando inferência com o modelo EfficientNetB7...
2025-11-27 22:37:13,600 - INFO - ==================================================
2025-11-27 22:37:13,600 - INFO - EXPERIMENT RESULTS
2025-11-27 22:37:13,600 - INFO - ==================================================
2025-11-27 22:37:13,601 - INFO - Elapsed Time Seconds     : 7.1027
2025-11-27 22:37:13,601 - INFO - Cpu Usage Percent        : 3.9375
2025-11-27 22:37:13,601 - INFO - Ram Peak Usage Bytes     : 4190388224.0000
2025-11-27 22:37:13,601 - INFO - Disk Read Bytes          : 0.0000
2025-11-27 22:37:13,601 - INFO - Disk Write Bytes         : 598016.0000
2025-11-27 22:37:13,601 - INFO - Vram Peak Usage Bytes    : 1746396276.0000
2025-11-27 22:37:13,601 - INFO - Gpu Power Watts Avg      : 293.2758
2025-11-27 22:37:13,601 - INFO - Gpu Power Watts Peak     : 319.3020
2025-11-27 22:37:13,601 - INFO - Gpu Temp Celsius Avg     : 62.4571
2025-11-27 22:37:13,601 - INFO - Gpu Temp Celsius Peak    : 65.0000
2025-11-27 22:37:13,601 - INFO - Gpu Utilization Percent Avg: 90.7571
2025-11-27 22:37:13,601 - INFO - Gpu Utilization Percent Peak: 100.0000
2025-11-27 22:37:13,601 - INFO - Gpu Mem Used Bytes Avg   : 22071672832.0000
2025-11-27 22:37:13,601 - INFO - Gpu Mem Used Bytes Peak  : 22071672832.0000
2025-11-27 22:37:13,601 - INFO - Gpu Vram Used Bytes      : 22071672832.0000
2025-11-27 22:37:13,601 - INFO - Accuracy                 : 0.4521
2025-11-27 22:37:13,601 - INFO - Precision                : 0.4468
2025-11-27 22:37:13,601 - INFO - Recall                   : 0.4521
2025-11-27 22:37:13,601 - INFO - F1 Score                 : 0.4391
2025-11-27 22:37:13,601 - INFO - ==================================================
2025-11-27 22:41:40,511 - INFO - Época 78 concluída. Loss média: 3.2034
2025-11-27 22:41:40,511 - INFO - Taxa de aprendizado ajustada para: 0.001000
2025-11-27 22:41:40,525 - INFO - Iniciando inferência com o modelo EfficientNetB7...
2025-11-27 22:41:47,659 - INFO - ==================================================
2025-11-27 22:41:47,659 - INFO - EXPERIMENT RESULTS
2025-11-27 22:41:47,659 - INFO - ==================================================
2025-11-27 22:41:47,659 - INFO - Elapsed Time Seconds     : 7.1101
2025-11-27 22:41:47,659 - INFO - Cpu Usage Percent        : 3.9562
2025-11-27 22:41:47,659 - INFO - Ram Peak Usage Bytes     : 4190388224.0000
2025-11-27 22:41:47,659 - INFO - Disk Read Bytes          : 0.0000
2025-11-27 22:41:47,659 - INFO - Disk Write Bytes         : 278528.0000
2025-11-27 22:41:47,659 - INFO - Vram Peak Usage Bytes    : 1746396276.0000
2025-11-27 22:41:47,659 - INFO - Gpu Power Watts Avg      : 293.4604
2025-11-27 22:41:47,659 - INFO - Gpu Power Watts Peak     : 318.9400
2025-11-27 22:41:47,659 - INFO - Gpu Temp Celsius Avg     : 62.3857
2025-11-27 22:41:47,659 - INFO - Gpu Temp Celsius Peak    : 65.0000
2025-11-27 22:41:47,659 - INFO - Gpu Utilization Percent Avg: 91.5714
2025-11-27 22:41:47,659 - INFO - Gpu Utilization Percent Peak: 100.0000
2025-11-27 22:41:47,659 - INFO - Gpu Mem Used Bytes Avg   : 22071672832.0000
2025-11-27 22:41:47,659 - INFO - Gpu Mem Used Bytes Peak  : 22071672832.0000
2025-11-27 22:41:47,659 - INFO - Gpu Vram Used Bytes      : 22071672832.0000
2025-11-27 22:41:47,659 - INFO - Accuracy                 : 0.4471
2025-11-27 22:41:47,659 - INFO - Precision                : 0.4401
2025-11-27 22:41:47,659 - INFO - Recall                   : 0.4471
2025-11-27 22:41:47,659 - INFO - F1 Score                 : 0.4317
2025-11-27 22:41:47,659 - INFO - ==================================================
2025-11-27 22:46:15,230 - INFO - Época 79 concluída. Loss média: 3.2057
2025-11-27 22:46:15,230 - INFO - Taxa de aprendizado ajustada para: 0.001000
2025-11-27 22:46:15,244 - INFO - Iniciando inferência com o modelo EfficientNetB7...
2025-11-27 22:46:22,279 - INFO - ==================================================
2025-11-27 22:46:22,279 - INFO - EXPERIMENT RESULTS
2025-11-27 22:46:22,279 - INFO - ==================================================
2025-11-27 22:46:22,279 - INFO - Elapsed Time Seconds     : 7.0112
2025-11-27 22:46:22,279 - INFO - Cpu Usage Percent        : 3.5656
2025-11-27 22:46:22,279 - INFO - Ram Peak Usage Bytes     : 4190388224.0000
2025-11-27 22:46:22,279 - INFO - Disk Read Bytes          : 0.0000
2025-11-27 22:46:22,279 - INFO - Disk Write Bytes         : 438272.0000
2025-11-27 22:46:22,279 - INFO - Vram Peak Usage Bytes    : 1746396276.0000
2025-11-27 22:46:22,279 - INFO - Gpu Power Watts Avg      : 296.3952
2025-11-27 22:46:22,279 - INFO - Gpu Power Watts Peak     : 318.6810
2025-11-27 22:46:22,279 - INFO - Gpu Temp Celsius Avg     : 62.4493
2025-11-27 22:46:22,279 - INFO - Gpu Temp Celsius Peak    : 64.0000
2025-11-27 22:46:22,279 - INFO - Gpu Utilization Percent Avg: 92.6957
2025-11-27 22:46:22,279 - INFO - Gpu Utilization Percent Peak: 100.0000
2025-11-27 22:46:22,279 - INFO - Gpu Mem Used Bytes Avg   : 22071672832.0000
2025-11-27 22:46:22,279 - INFO - Gpu Mem Used Bytes Peak  : 22071672832.0000
2025-11-27 22:46:22,279 - INFO - Gpu Vram Used Bytes      : 22071672832.0000
2025-11-27 22:46:22,279 - INFO - Accuracy                 : 0.4513
2025-11-27 22:46:22,279 - INFO - Precision                : 0.4414
2025-11-27 22:46:22,279 - INFO - Recall                   : 0.4513
2025-11-27 22:46:22,279 - INFO - F1 Score                 : 0.4374
2025-11-27 22:46:22,279 - INFO - ==================================================
2025-11-27 22:50:49,405 - INFO - Época 80 concluída. Loss média: 3.2047
2025-11-27 22:50:49,405 - INFO - Taxa de aprendizado ajustada para: 0.001000
2025-11-27 22:50:49,419 - INFO - Iniciando inferência com o modelo EfficientNetB7...
2025-11-27 22:50:56,465 - INFO - ==================================================
2025-11-27 22:50:56,465 - INFO - EXPERIMENT RESULTS
2025-11-27 22:50:56,465 - INFO - ==================================================
2025-11-27 22:50:56,465 - INFO - Elapsed Time Seconds     : 7.0224
2025-11-27 22:50:56,465 - INFO - Cpu Usage Percent        : 3.5562
2025-11-27 22:50:56,465 - INFO - Ram Peak Usage Bytes     : 4190494720.0000
2025-11-27 22:50:56,465 - INFO - Disk Read Bytes          : 0.0000
2025-11-27 22:50:56,465 - INFO - Disk Write Bytes         : 417792.0000
2025-11-27 22:50:56,465 - INFO - Vram Peak Usage Bytes    : 1746396276.0000
2025-11-27 22:50:56,465 - INFO - Gpu Power Watts Avg      : 296.4839
2025-11-27 22:50:56,465 - INFO - Gpu Power Watts Peak     : 318.0510
2025-11-27 22:50:56,465 - INFO - Gpu Temp Celsius Avg     : 62.4203
2025-11-27 22:50:56,465 - INFO - Gpu Temp Celsius Peak    : 64.0000
2025-11-27 22:50:56,465 - INFO - Gpu Utilization Percent Avg: 93.3333
2025-11-27 22:50:56,465 - INFO - Gpu Utilization Percent Peak: 100.0000
2025-11-27 22:50:56,465 - INFO - Gpu Mem Used Bytes Avg   : 22071672832.0000
2025-11-27 22:50:56,465 - INFO - Gpu Mem Used Bytes Peak  : 22071672832.0000
2025-11-27 22:50:56,465 - INFO - Gpu Vram Used Bytes      : 22071672832.0000
2025-11-27 22:50:56,465 - INFO - Accuracy                 : 0.4506
2025-11-27 22:50:56,465 - INFO - Precision                : 0.4412
2025-11-27 22:50:56,465 - INFO - Recall                   : 0.4506
2025-11-27 22:50:56,465 - INFO - F1 Score                 : 0.4362
2025-11-27 22:50:56,465 - INFO - ==================================================
2025-11-27 22:55:24,061 - INFO - Época 81 concluída. Loss média: 3.1986
2025-11-27 22:55:24,062 - INFO - Taxa de aprendizado ajustada para: 0.001000
2025-11-27 22:55:24,076 - INFO - Iniciando inferência com o modelo EfficientNetB7...
2025-11-27 22:55:31,226 - INFO - ==================================================
2025-11-27 22:55:31,226 - INFO - EXPERIMENT RESULTS
2025-11-27 22:55:31,226 - INFO - ==================================================
2025-11-27 22:55:31,226 - INFO - Elapsed Time Seconds     : 7.1266
2025-11-27 22:55:31,226 - INFO - Cpu Usage Percent        : 3.9406
2025-11-27 22:55:31,226 - INFO - Ram Peak Usage Bytes     : 4190691328.0000
2025-11-27 22:55:31,226 - INFO - Disk Read Bytes          : 0.0000
2025-11-27 22:55:31,226 - INFO - Disk Write Bytes         : 421888.0000
2025-11-27 22:55:31,226 - INFO - Vram Peak Usage Bytes    : 1746396276.0000
2025-11-27 22:55:31,226 - INFO - Gpu Power Watts Avg      : 293.8250
2025-11-27 22:55:31,226 - INFO - Gpu Power Watts Peak     : 317.5130
2025-11-27 22:55:31,226 - INFO - Gpu Temp Celsius Avg     : 62.2571
2025-11-27 22:55:31,226 - INFO - Gpu Temp Celsius Peak    : 64.0000
2025-11-27 22:55:31,226 - INFO - Gpu Utilization Percent Avg: 91.7143
2025-11-27 22:55:31,226 - INFO - Gpu Utilization Percent Peak: 100.0000
2025-11-27 22:55:31,226 - INFO - Gpu Mem Used Bytes Avg   : 22071672832.0000
2025-11-27 22:55:31,226 - INFO - Gpu Mem Used Bytes Peak  : 22071672832.0000
2025-11-27 22:55:31,226 - INFO - Gpu Vram Used Bytes      : 22071672832.0000
2025-11-27 22:55:31,226 - INFO - Accuracy                 : 0.4464
2025-11-27 22:55:31,227 - INFO - Precision                : 0.4359
2025-11-27 22:55:31,227 - INFO - Recall                   : 0.4464
2025-11-27 22:55:31,227 - INFO - F1 Score                 : 0.4312
2025-11-27 22:55:31,227 - INFO - ==================================================
2025-11-27 22:59:58,314 - INFO - Época 82 concluída. Loss média: 3.1969
2025-11-27 22:59:58,314 - INFO - Taxa de aprendizado ajustada para: 0.001000
2025-11-27 22:59:58,328 - INFO - Iniciando inferência com o modelo EfficientNetB7...
2025-11-27 23:00:05,443 - INFO - ==================================================
2025-11-27 23:00:05,444 - INFO - EXPERIMENT RESULTS
2025-11-27 23:00:05,444 - INFO - ==================================================
2025-11-27 23:00:05,444 - INFO - Elapsed Time Seconds     : 7.0917
2025-11-27 23:00:05,444 - INFO - Cpu Usage Percent        : 3.9781
2025-11-27 23:00:05,444 - INFO - Ram Peak Usage Bytes     : 4190855168.0000
2025-11-27 23:00:05,444 - INFO - Disk Read Bytes          : 0.0000
2025-11-27 23:00:05,444 - INFO - Disk Write Bytes         : 663552.0000
2025-11-27 23:00:05,444 - INFO - Vram Peak Usage Bytes    : 1746396276.0000
2025-11-27 23:00:05,444 - INFO - Gpu Power Watts Avg      : 294.8222
2025-11-27 23:00:05,444 - INFO - Gpu Power Watts Peak     : 319.7190
2025-11-27 23:00:05,444 - INFO - Gpu Temp Celsius Avg     : 62.3143
2025-11-27 23:00:05,444 - INFO - Gpu Temp Celsius Peak    : 64.0000
2025-11-27 23:00:05,444 - INFO - Gpu Utilization Percent Avg: 91.5000
2025-11-27 23:00:05,444 - INFO - Gpu Utilization Percent Peak: 100.0000
2025-11-27 23:00:05,444 - INFO - Gpu Mem Used Bytes Avg   : 22071672832.0000
2025-11-27 23:00:05,444 - INFO - Gpu Mem Used Bytes Peak  : 22071672832.0000
2025-11-27 23:00:05,444 - INFO - Gpu Vram Used Bytes      : 22071672832.0000
2025-11-27 23:00:05,444 - INFO - Accuracy                 : 0.4501
2025-11-27 23:00:05,444 - INFO - Precision                : 0.4403
2025-11-27 23:00:05,444 - INFO - Recall                   : 0.4501
2025-11-27 23:00:05,444 - INFO - F1 Score                 : 0.4353
2025-11-27 23:00:05,444 - INFO - ==================================================
2025-11-27 23:04:32,388 - INFO - Época 83 concluída. Loss média: 3.1925
2025-11-27 23:04:32,388 - INFO - Taxa de aprendizado ajustada para: 0.001000
2025-11-27 23:04:32,402 - INFO - Iniciando inferência com o modelo EfficientNetB7...
2025-11-27 23:04:39,524 - INFO - ==================================================
2025-11-27 23:04:39,524 - INFO - EXPERIMENT RESULTS
2025-11-27 23:04:39,524 - INFO - ==================================================
2025-11-27 23:04:39,524 - INFO - Elapsed Time Seconds     : 7.0986
2025-11-27 23:04:39,524 - INFO - Cpu Usage Percent        : 3.5562
2025-11-27 23:04:39,524 - INFO - Ram Peak Usage Bytes     : 4191035392.0000
2025-11-27 23:04:39,524 - INFO - Disk Read Bytes          : 0.0000
2025-11-27 23:04:39,524 - INFO - Disk Write Bytes         : 331776.0000
2025-11-27 23:04:39,524 - INFO - Vram Peak Usage Bytes    : 1746396276.0000
2025-11-27 23:04:39,524 - INFO - Gpu Power Watts Avg      : 295.3094
2025-11-27 23:04:39,524 - INFO - Gpu Power Watts Peak     : 317.9300
2025-11-27 23:04:39,524 - INFO - Gpu Temp Celsius Avg     : 62.3143
2025-11-27 23:04:39,525 - INFO - Gpu Temp Celsius Peak    : 64.0000
2025-11-27 23:04:39,525 - INFO - Gpu Utilization Percent Avg: 91.9000
2025-11-27 23:04:39,525 - INFO - Gpu Utilization Percent Peak: 100.0000
2025-11-27 23:04:39,525 - INFO - Gpu Mem Used Bytes Avg   : 22071672832.0000
2025-11-27 23:04:39,525 - INFO - Gpu Mem Used Bytes Peak  : 22071672832.0000
2025-11-27 23:04:39,525 - INFO - Gpu Vram Used Bytes      : 22071672832.0000
2025-11-27 23:04:39,525 - INFO - Accuracy                 : 0.4548
2025-11-27 23:04:39,525 - INFO - Precision                : 0.4470
2025-11-27 23:04:39,525 - INFO - Recall                   : 0.4548
2025-11-27 23:04:39,525 - INFO - F1 Score                 : 0.4408
2025-11-27 23:04:39,525 - INFO - ==================================================
2025-11-27 23:09:06,846 - INFO - Época 84 concluída. Loss média: 3.1962
2025-11-27 23:09:06,847 - INFO - Taxa de aprendizado ajustada para: 0.001000
2025-11-27 23:09:06,860 - INFO - Iniciando inferência com o modelo EfficientNetB7...
2025-11-27 23:09:13,892 - INFO - ==================================================
2025-11-27 23:09:13,892 - INFO - EXPERIMENT RESULTS
2025-11-27 23:09:13,892 - INFO - ==================================================
2025-11-27 23:09:13,892 - INFO - Elapsed Time Seconds     : 6.9888
2025-11-27 23:09:13,893 - INFO - Cpu Usage Percent        : 3.5688
2025-11-27 23:09:13,893 - INFO - Ram Peak Usage Bytes     : 4191199232.0000
2025-11-27 23:09:13,893 - INFO - Disk Read Bytes          : 0.0000
2025-11-27 23:09:13,893 - INFO - Disk Write Bytes         : 299008.0000
2025-11-27 23:09:13,893 - INFO - Vram Peak Usage Bytes    : 1746396276.0000
2025-11-27 23:09:13,893 - INFO - Gpu Power Watts Avg      : 294.9425
2025-11-27 23:09:13,893 - INFO - Gpu Power Watts Peak     : 316.8350
2025-11-27 23:09:13,893 - INFO - Gpu Temp Celsius Avg     : 62.2464
2025-11-27 23:09:13,893 - INFO - Gpu Temp Celsius Peak    : 64.0000
2025-11-27 23:09:13,893 - INFO - Gpu Utilization Percent Avg: 91.9855
2025-11-27 23:09:13,893 - INFO - Gpu Utilization Percent Peak: 100.0000
2025-11-27 23:09:13,894 - INFO - Gpu Mem Used Bytes Avg   : 22071672832.0000
2025-11-27 23:09:13,894 - INFO - Gpu Mem Used Bytes Peak  : 22071672832.0000
2025-11-27 23:09:13,894 - INFO - Gpu Vram Used Bytes      : 22071672832.0000
2025-11-27 23:09:13,894 - INFO - Accuracy                 : 0.4550
2025-11-27 23:09:13,894 - INFO - Precision                : 0.4472
2025-11-27 23:09:13,894 - INFO - Recall                   : 0.4550
2025-11-27 23:09:13,894 - INFO - F1 Score                 : 0.4412
2025-11-27 23:09:13,894 - INFO - ==================================================
2025-11-27 23:13:40,911 - INFO - Época 85 concluída. Loss média: 3.1860
2025-11-27 23:13:40,911 - INFO - Taxa de aprendizado ajustada para: 0.001000
2025-11-27 23:13:40,925 - INFO - Iniciando inferência com o modelo EfficientNetB7...
2025-11-27 23:13:47,966 - INFO - ==================================================
2025-11-27 23:13:47,966 - INFO - EXPERIMENT RESULTS
2025-11-27 23:13:47,966 - INFO - ==================================================
2025-11-27 23:13:47,966 - INFO - Elapsed Time Seconds     : 7.0176
2025-11-27 23:13:47,966 - INFO - Cpu Usage Percent        : 3.5625
2025-11-27 23:13:47,966 - INFO - Ram Peak Usage Bytes     : 4194643968.0000
2025-11-27 23:13:47,966 - INFO - Disk Read Bytes          : 0.0000
2025-11-27 23:13:47,966 - INFO - Disk Write Bytes         : 413696.0000
2025-11-27 23:13:47,966 - INFO - Vram Peak Usage Bytes    : 1746396276.0000
2025-11-27 23:13:47,967 - INFO - Gpu Power Watts Avg      : 296.4011
2025-11-27 23:13:47,967 - INFO - Gpu Power Watts Peak     : 317.3060
2025-11-27 23:13:47,967 - INFO - Gpu Temp Celsius Avg     : 62.3768
2025-11-27 23:13:47,967 - INFO - Gpu Temp Celsius Peak    : 64.0000
2025-11-27 23:13:47,967 - INFO - Gpu Utilization Percent Avg: 92.9710
2025-11-27 23:13:47,967 - INFO - Gpu Utilization Percent Peak: 100.0000
2025-11-27 23:13:47,967 - INFO - Gpu Mem Used Bytes Avg   : 22071672832.0000
2025-11-27 23:13:47,967 - INFO - Gpu Mem Used Bytes Peak  : 22071672832.0000
2025-11-27 23:13:47,967 - INFO - Gpu Vram Used Bytes      : 22071672832.0000
2025-11-27 23:13:47,967 - INFO - Accuracy                 : 0.4514
2025-11-27 23:13:47,967 - INFO - Precision                : 0.4476
2025-11-27 23:13:47,967 - INFO - Recall                   : 0.4514
2025-11-27 23:13:47,967 - INFO - F1 Score                 : 0.4369
2025-11-27 23:13:47,967 - INFO - ==================================================
2025-11-27 23:18:14,998 - INFO - Época 86 concluída. Loss média: 3.1877
2025-11-27 23:18:14,999 - INFO - Taxa de aprendizado ajustada para: 0.001000
2025-11-27 23:18:15,013 - INFO - Iniciando inferência com o modelo EfficientNetB7...
2025-11-27 23:18:22,081 - INFO - ==================================================
2025-11-27 23:18:22,081 - INFO - EXPERIMENT RESULTS
2025-11-27 23:18:22,081 - INFO - ==================================================
2025-11-27 23:18:22,081 - INFO - Elapsed Time Seconds     : 7.0449
2025-11-27 23:18:22,081 - INFO - Cpu Usage Percent        : 3.5438
2025-11-27 23:18:22,081 - INFO - Ram Peak Usage Bytes     : 4194811904.0000
2025-11-27 23:18:22,081 - INFO - Disk Read Bytes          : 0.0000
2025-11-27 23:18:22,081 - INFO - Disk Write Bytes         : 446464.0000
2025-11-27 23:18:22,081 - INFO - Vram Peak Usage Bytes    : 1746396276.0000
2025-11-27 23:18:22,081 - INFO - Gpu Power Watts Avg      : 294.9847
2025-11-27 23:18:22,081 - INFO - Gpu Power Watts Peak     : 318.1320
2025-11-27 23:18:22,081 - INFO - Gpu Temp Celsius Avg     : 62.4058
2025-11-27 23:18:22,081 - INFO - Gpu Temp Celsius Peak    : 64.0000
2025-11-27 23:18:22,081 - INFO - Gpu Utilization Percent Avg: 92.7246
2025-11-27 23:18:22,081 - INFO - Gpu Utilization Percent Peak: 100.0000
2025-11-27 23:18:22,081 - INFO - Gpu Mem Used Bytes Avg   : 22071672832.0000
2025-11-27 23:18:22,081 - INFO - Gpu Mem Used Bytes Peak  : 22071672832.0000
2025-11-27 23:18:22,082 - INFO - Gpu Vram Used Bytes      : 22071672832.0000
2025-11-27 23:18:22,082 - INFO - Accuracy                 : 0.4586
2025-11-27 23:18:22,082 - INFO - Precision                : 0.4507
2025-11-27 23:18:22,082 - INFO - Recall                   : 0.4586
2025-11-27 23:18:22,082 - INFO - F1 Score                 : 0.4453
2025-11-27 23:18:22,082 - INFO - ==================================================
2025-11-27 23:22:49,367 - INFO - Época 87 concluída. Loss média: 3.1854
2025-11-27 23:22:49,368 - INFO - Taxa de aprendizado ajustada para: 0.001000
2025-11-27 23:22:49,381 - INFO - Iniciando inferência com o modelo EfficientNetB7...
2025-11-27 23:22:56,541 - INFO - ==================================================
2025-11-27 23:22:56,541 - INFO - EXPERIMENT RESULTS
2025-11-27 23:22:56,542 - INFO - ==================================================
2025-11-27 23:22:56,542 - INFO - Elapsed Time Seconds     : 7.1365
2025-11-27 23:22:56,542 - INFO - Cpu Usage Percent        : 3.9000
2025-11-27 23:22:56,542 - INFO - Ram Peak Usage Bytes     : 4195037184.0000
2025-11-27 23:22:56,542 - INFO - Disk Read Bytes          : 0.0000
2025-11-27 23:22:56,542 - INFO - Disk Write Bytes         : 475136.0000
2025-11-27 23:22:56,542 - INFO - Vram Peak Usage Bytes    : 1746396276.0000
2025-11-27 23:22:56,542 - INFO - Gpu Power Watts Avg      : 293.5417
2025-11-27 23:22:56,542 - INFO - Gpu Power Watts Peak     : 318.4670
2025-11-27 23:22:56,542 - INFO - Gpu Temp Celsius Avg     : 62.4286
2025-11-27 23:22:56,542 - INFO - Gpu Temp Celsius Peak    : 64.0000
2025-11-27 23:22:56,542 - INFO - Gpu Utilization Percent Avg: 91.0000
2025-11-27 23:22:56,542 - INFO - Gpu Utilization Percent Peak: 100.0000
2025-11-27 23:22:56,542 - INFO - Gpu Mem Used Bytes Avg   : 22071672832.0000
2025-11-27 23:22:56,542 - INFO - Gpu Mem Used Bytes Peak  : 22071672832.0000
2025-11-27 23:22:56,542 - INFO - Gpu Vram Used Bytes      : 22071672832.0000
2025-11-27 23:22:56,542 - INFO - Accuracy                 : 0.4556
2025-11-27 23:22:56,542 - INFO - Precision                : 0.4487
2025-11-27 23:22:56,542 - INFO - Recall                   : 0.4556
2025-11-27 23:22:56,542 - INFO - F1 Score                 : 0.4406
2025-11-27 23:22:56,542 - INFO - ==================================================
2025-11-27 23:27:23,405 - INFO - Época 88 concluída. Loss média: 3.1862
2025-11-27 23:27:23,406 - INFO - Taxa de aprendizado ajustada para: 0.001000
2025-11-27 23:27:23,419 - INFO - Iniciando inferência com o modelo EfficientNetB7...
2025-11-27 23:27:30,437 - INFO - ==================================================
2025-11-27 23:27:30,437 - INFO - EXPERIMENT RESULTS
2025-11-27 23:27:30,437 - INFO - ==================================================
2025-11-27 23:27:30,437 - INFO - Elapsed Time Seconds     : 6.9943
2025-11-27 23:27:30,437 - INFO - Cpu Usage Percent        : 3.5688
2025-11-27 23:27:30,437 - INFO - Ram Peak Usage Bytes     : 4195258368.0000
2025-11-27 23:27:30,437 - INFO - Disk Read Bytes          : 0.0000
2025-11-27 23:27:30,437 - INFO - Disk Write Bytes         : 417792.0000
2025-11-27 23:27:30,437 - INFO - Vram Peak Usage Bytes    : 1746396276.0000
2025-11-27 23:27:30,438 - INFO - Gpu Power Watts Avg      : 295.3561
2025-11-27 23:27:30,438 - INFO - Gpu Power Watts Peak     : 317.4020
2025-11-27 23:27:30,438 - INFO - Gpu Temp Celsius Avg     : 62.4928
2025-11-27 23:27:30,438 - INFO - Gpu Temp Celsius Peak    : 64.0000
2025-11-27 23:27:30,438 - INFO - Gpu Utilization Percent Avg: 92.2609
2025-11-27 23:27:30,438 - INFO - Gpu Utilization Percent Peak: 100.0000
2025-11-27 23:27:30,438 - INFO - Gpu Mem Used Bytes Avg   : 22071672832.0000
2025-11-27 23:27:30,438 - INFO - Gpu Mem Used Bytes Peak  : 22071672832.0000
2025-11-27 23:27:30,438 - INFO - Gpu Vram Used Bytes      : 22071672832.0000
2025-11-27 23:27:30,438 - INFO - Accuracy                 : 0.4522
2025-11-27 23:27:30,438 - INFO - Precision                : 0.4416
2025-11-27 23:27:30,438 - INFO - Recall                   : 0.4522
2025-11-27 23:27:30,438 - INFO - F1 Score                 : 0.4356
2025-11-27 23:27:30,438 - INFO - ==================================================
2025-11-27 23:31:57,722 - INFO - Época 89 concluída. Loss média: 3.1851
2025-11-27 23:31:57,723 - INFO - Taxa de aprendizado ajustada para: 0.001000
2025-11-27 23:31:57,736 - INFO - Iniciando inferência com o modelo EfficientNetB7...
2025-11-27 23:32:04,789 - INFO - ==================================================
2025-11-27 23:32:04,789 - INFO - EXPERIMENT RESULTS
2025-11-27 23:32:04,789 - INFO - ==================================================
2025-11-27 23:32:04,789 - INFO - Elapsed Time Seconds     : 7.0291
2025-11-27 23:32:04,789 - INFO - Cpu Usage Percent        : 3.5594
2025-11-27 23:32:04,789 - INFO - Ram Peak Usage Bytes     : 4195471360.0000
2025-11-27 23:32:04,789 - INFO - Disk Read Bytes          : 0.0000
2025-11-27 23:32:04,789 - INFO - Disk Write Bytes         : 614400.0000
2025-11-27 23:32:04,789 - INFO - Vram Peak Usage Bytes    : 1746396276.0000
2025-11-27 23:32:04,789 - INFO - Gpu Power Watts Avg      : 297.5844
2025-11-27 23:32:04,789 - INFO - Gpu Power Watts Peak     : 317.1360
2025-11-27 23:32:04,789 - INFO - Gpu Temp Celsius Avg     : 62.3913
2025-11-27 23:32:04,789 - INFO - Gpu Temp Celsius Peak    : 64.0000
2025-11-27 23:32:04,789 - INFO - Gpu Utilization Percent Avg: 92.6957
2025-11-27 23:32:04,789 - INFO - Gpu Utilization Percent Peak: 100.0000
2025-11-27 23:32:04,790 - INFO - Gpu Mem Used Bytes Avg   : 22071672832.0000
2025-11-27 23:32:04,790 - INFO - Gpu Mem Used Bytes Peak  : 22071672832.0000
2025-11-27 23:32:04,790 - INFO - Gpu Vram Used Bytes      : 22071672832.0000
2025-11-27 23:32:04,790 - INFO - Accuracy                 : 0.4569
2025-11-27 23:32:04,790 - INFO - Precision                : 0.4486
2025-11-27 23:32:04,790 - INFO - Recall                   : 0.4569
2025-11-27 23:32:04,790 - INFO - F1 Score                 : 0.4422
2025-11-27 23:32:04,790 - INFO - ==================================================
2025-11-27 23:36:28,912 - INFO - Época 90 concluída. Loss média: 3.1810
2025-11-27 23:36:28,913 - INFO - Taxa de aprendizado ajustada para: 0.000100
2025-11-27 23:36:28,918 - INFO - Iniciando inferência com o modelo EfficientNetB7...
2025-11-27 23:36:35,837 - INFO - ==================================================
2025-11-27 23:36:35,837 - INFO - EXPERIMENT RESULTS
2025-11-27 23:36:35,838 - INFO - ==================================================
2025-11-27 23:36:35,838 - INFO - Elapsed Time Seconds     : 6.8963
2025-11-27 23:36:35,838 - INFO - Cpu Usage Percent        : 3.6031
2025-11-27 23:36:35,838 - INFO - Ram Peak Usage Bytes     : 4195696640.0000
2025-11-27 23:36:35,838 - INFO - Disk Read Bytes          : 0.0000
2025-11-27 23:36:35,838 - INFO - Disk Write Bytes         : 307200.0000
2025-11-27 23:36:35,838 - INFO - Vram Peak Usage Bytes    : 1746396276.0000
2025-11-27 23:36:35,838 - INFO - Gpu Power Watts Avg      : 301.6750
2025-11-27 23:36:35,838 - INFO - Gpu Power Watts Peak     : 317.3900
2025-11-27 23:36:35,838 - INFO - Gpu Temp Celsius Avg     : 62.8382
2025-11-27 23:36:35,838 - INFO - Gpu Temp Celsius Peak    : 64.0000
2025-11-27 23:36:35,838 - INFO - Gpu Utilization Percent Avg: 94.8235
2025-11-27 23:36:35,838 - INFO - Gpu Utilization Percent Peak: 100.0000
2025-11-27 23:36:35,838 - INFO - Gpu Mem Used Bytes Avg   : 22071672832.0000
2025-11-27 23:36:35,838 - INFO - Gpu Mem Used Bytes Peak  : 22071672832.0000
2025-11-27 23:36:35,838 - INFO - Gpu Vram Used Bytes      : 22071672832.0000
2025-11-27 23:36:35,838 - INFO - Accuracy                 : 0.4589
2025-11-27 23:36:35,838 - INFO - Precision                : 0.4488
2025-11-27 23:36:35,838 - INFO - Recall                   : 0.4589
2025-11-27 23:36:35,838 - INFO - F1 Score                 : 0.4435
2025-11-27 23:36:35,838 - INFO - ==================================================
2025-11-27 23:41:02,816 - INFO - Época 91 concluída. Loss média: 3.1497
2025-11-27 23:41:02,816 - INFO - Taxa de aprendizado ajustada para: 0.000100
2025-11-27 23:41:02,830 - INFO - Iniciando inferência com o modelo EfficientNetB7...
2025-11-27 23:41:09,969 - INFO - ==================================================
2025-11-27 23:41:09,969 - INFO - EXPERIMENT RESULTS
2025-11-27 23:41:09,969 - INFO - ==================================================
2025-11-27 23:41:09,969 - INFO - Elapsed Time Seconds     : 7.1153
2025-11-27 23:41:09,969 - INFO - Cpu Usage Percent        : 3.9438
2025-11-27 23:41:09,969 - INFO - Ram Peak Usage Bytes     : 4195942400.0000
2025-11-27 23:41:09,969 - INFO - Disk Read Bytes          : 0.0000
2025-11-27 23:41:09,969 - INFO - Disk Write Bytes         : 503808.0000
2025-11-27 23:41:09,969 - INFO - Vram Peak Usage Bytes    : 1746396276.0000
2025-11-27 23:41:09,969 - INFO - Gpu Power Watts Avg      : 292.4771
2025-11-27 23:41:09,969 - INFO - Gpu Power Watts Peak     : 317.8110
2025-11-27 23:41:09,969 - INFO - Gpu Temp Celsius Avg     : 61.9714
2025-11-27 23:41:09,969 - INFO - Gpu Temp Celsius Peak    : 64.0000
2025-11-27 23:41:09,969 - INFO - Gpu Utilization Percent Avg: 91.2143
2025-11-27 23:41:09,969 - INFO - Gpu Utilization Percent Peak: 100.0000
2025-11-27 23:41:09,969 - INFO - Gpu Mem Used Bytes Avg   : 22071672832.0000
2025-11-27 23:41:09,969 - INFO - Gpu Mem Used Bytes Peak  : 22071672832.0000
2025-11-27 23:41:09,969 - INFO - Gpu Vram Used Bytes      : 22071672832.0000
2025-11-27 23:41:09,969 - INFO - Accuracy                 : 0.4686
2025-11-27 23:41:09,969 - INFO - Precision                : 0.4577
2025-11-27 23:41:09,969 - INFO - Recall                   : 0.4686
2025-11-27 23:41:09,969 - INFO - F1 Score                 : 0.4544
2025-11-27 23:41:09,969 - INFO - ==================================================
2025-11-27 23:45:37,302 - INFO - Época 92 concluída. Loss média: 3.1317
2025-11-27 23:45:37,303 - INFO - Taxa de aprendizado ajustada para: 0.000100
2025-11-27 23:45:37,316 - INFO - Iniciando inferência com o modelo EfficientNetB7...
2025-11-27 23:45:44,331 - INFO - ==================================================
2025-11-27 23:45:44,332 - INFO - EXPERIMENT RESULTS
2025-11-27 23:45:44,332 - INFO - ==================================================
2025-11-27 23:45:44,332 - INFO - Elapsed Time Seconds     : 6.9918
2025-11-27 23:45:44,332 - INFO - Cpu Usage Percent        : 3.5719
2025-11-27 23:45:44,332 - INFO - Ram Peak Usage Bytes     : 4196139008.0000
2025-11-27 23:45:44,332 - INFO - Disk Read Bytes          : 0.0000
2025-11-27 23:45:44,332 - INFO - Disk Write Bytes         : 450560.0000
2025-11-27 23:45:44,332 - INFO - Vram Peak Usage Bytes    : 1746396276.0000
2025-11-27 23:45:44,332 - INFO - Gpu Power Watts Avg      : 294.8205
2025-11-27 23:45:44,332 - INFO - Gpu Power Watts Peak     : 318.2250
2025-11-27 23:45:44,332 - INFO - Gpu Temp Celsius Avg     : 62.3188
2025-11-27 23:45:44,332 - INFO - Gpu Temp Celsius Peak    : 64.0000
2025-11-27 23:45:44,332 - INFO - Gpu Utilization Percent Avg: 92.0435
2025-11-27 23:45:44,332 - INFO - Gpu Utilization Percent Peak: 100.0000
2025-11-27 23:45:44,332 - INFO - Gpu Mem Used Bytes Avg   : 22071672832.0000
2025-11-27 23:45:44,332 - INFO - Gpu Mem Used Bytes Peak  : 22071672832.0000
2025-11-27 23:45:44,332 - INFO - Gpu Vram Used Bytes      : 22071672832.0000
2025-11-27 23:45:44,332 - INFO - Accuracy                 : 0.4666
2025-11-27 23:45:44,332 - INFO - Precision                : 0.4541
2025-11-27 23:45:44,332 - INFO - Recall                   : 0.4666
2025-11-27 23:45:44,332 - INFO - F1 Score                 : 0.4516
2025-11-27 23:45:44,332 - INFO - ==================================================
2025-11-27 23:50:12,396 - INFO - Época 93 concluída. Loss média: 3.1288
2025-11-27 23:50:12,396 - INFO - Taxa de aprendizado ajustada para: 0.000100
2025-11-27 23:50:12,410 - INFO - Iniciando inferência com o modelo EfficientNetB7...
2025-11-27 23:50:19,422 - INFO - ==================================================
2025-11-27 23:50:19,422 - INFO - EXPERIMENT RESULTS
2025-11-27 23:50:19,422 - INFO - ==================================================
2025-11-27 23:50:19,422 - INFO - Elapsed Time Seconds     : 6.9891
2025-11-27 23:50:19,422 - INFO - Cpu Usage Percent        : 3.5688
2025-11-27 23:50:19,422 - INFO - Ram Peak Usage Bytes     : 4196352000.0000
2025-11-27 23:50:19,422 - INFO - Disk Read Bytes          : 0.0000
2025-11-27 23:50:19,422 - INFO - Disk Write Bytes         : 520192.0000
2025-11-27 23:50:19,423 - INFO - Vram Peak Usage Bytes    : 1746396276.0000
2025-11-27 23:50:19,423 - INFO - Gpu Power Watts Avg      : 295.8626
2025-11-27 23:50:19,423 - INFO - Gpu Power Watts Peak     : 318.7860
2025-11-27 23:50:19,423 - INFO - Gpu Temp Celsius Avg     : 62.3623
2025-11-27 23:50:19,423 - INFO - Gpu Temp Celsius Peak    : 64.0000
2025-11-27 23:50:19,423 - INFO - Gpu Utilization Percent Avg: 92.1159
2025-11-27 23:50:19,423 - INFO - Gpu Utilization Percent Peak: 100.0000
2025-11-27 23:50:19,423 - INFO - Gpu Mem Used Bytes Avg   : 22071672832.0000
2025-11-27 23:50:19,423 - INFO - Gpu Mem Used Bytes Peak  : 22071672832.0000
2025-11-27 23:50:19,423 - INFO - Gpu Vram Used Bytes      : 22071672832.0000
2025-11-27 23:50:19,423 - INFO - Accuracy                 : 0.4675
2025-11-27 23:50:19,423 - INFO - Precision                : 0.4560
2025-11-27 23:50:19,423 - INFO - Recall                   : 0.4675
2025-11-27 23:50:19,423 - INFO - F1 Score                 : 0.4529
2025-11-27 23:50:19,423 - INFO - ==================================================
2025-11-27 23:54:46,195 - INFO - Época 94 concluída. Loss média: 3.1306
2025-11-27 23:54:46,196 - INFO - Taxa de aprendizado ajustada para: 0.000100
2025-11-27 23:54:46,210 - INFO - Iniciando inferência com o modelo EfficientNetB7...
2025-11-27 23:54:53,219 - INFO - ==================================================
2025-11-27 23:54:53,220 - INFO - EXPERIMENT RESULTS
2025-11-27 23:54:53,220 - INFO - ==================================================
2025-11-27 23:54:53,220 - INFO - Elapsed Time Seconds     : 6.9862
2025-11-27 23:54:53,220 - INFO - Cpu Usage Percent        : 3.5812
2025-11-27 23:54:53,220 - INFO - Ram Peak Usage Bytes     : 4196556800.0000
2025-11-27 23:54:53,220 - INFO - Disk Read Bytes          : 0.0000
2025-11-27 23:54:53,220 - INFO - Disk Write Bytes         : 536576.0000
2025-11-27 23:54:53,220 - INFO - Vram Peak Usage Bytes    : 1746396276.0000
2025-11-27 23:54:53,220 - INFO - Gpu Power Watts Avg      : 295.8685
2025-11-27 23:54:53,220 - INFO - Gpu Power Watts Peak     : 317.1570
2025-11-27 23:54:53,220 - INFO - Gpu Temp Celsius Avg     : 62.5362
2025-11-27 23:54:53,220 - INFO - Gpu Temp Celsius Peak    : 64.0000
2025-11-27 23:54:53,220 - INFO - Gpu Utilization Percent Avg: 92.2029
2025-11-27 23:54:53,220 - INFO - Gpu Utilization Percent Peak: 100.0000
2025-11-27 23:54:53,220 - INFO - Gpu Mem Used Bytes Avg   : 22071672832.0000
2025-11-27 23:54:53,220 - INFO - Gpu Mem Used Bytes Peak  : 22071672832.0000
2025-11-27 23:54:53,220 - INFO - Gpu Vram Used Bytes      : 22071672832.0000
2025-11-27 23:54:53,220 - INFO - Accuracy                 : 0.4681
2025-11-27 23:54:53,220 - INFO - Precision                : 0.4561
2025-11-27 23:54:53,220 - INFO - Recall                   : 0.4681
2025-11-27 23:54:53,220 - INFO - F1 Score                 : 0.4533
2025-11-27 23:54:53,220 - INFO - ==================================================
2025-11-27 23:59:20,555 - INFO - Época 95 concluída. Loss média: 3.1295
2025-11-27 23:59:20,556 - INFO - Taxa de aprendizado ajustada para: 0.000100
2025-11-27 23:59:20,569 - INFO - Iniciando inferência com o modelo EfficientNetB7...
2025-11-27 23:59:27,745 - INFO - ==================================================
2025-11-27 23:59:27,745 - INFO - EXPERIMENT RESULTS
2025-11-27 23:59:27,745 - INFO - ==================================================
2025-11-27 23:59:27,745 - INFO - Elapsed Time Seconds     : 7.1519
2025-11-27 23:59:27,745 - INFO - Cpu Usage Percent        : 3.9312
2025-11-27 23:59:27,745 - INFO - Ram Peak Usage Bytes     : 4196777984.0000
2025-11-27 23:59:27,745 - INFO - Disk Read Bytes          : 0.0000
2025-11-27 23:59:27,745 - INFO - Disk Write Bytes         : 569344.0000
2025-11-27 23:59:27,745 - INFO - Vram Peak Usage Bytes    : 1746396276.0000
2025-11-27 23:59:27,745 - INFO - Gpu Power Watts Avg      : 293.1239
2025-11-27 23:59:27,745 - INFO - Gpu Power Watts Peak     : 317.5310
2025-11-27 23:59:27,745 - INFO - Gpu Temp Celsius Avg     : 62.4000
2025-11-27 23:59:27,745 - INFO - Gpu Temp Celsius Peak    : 65.0000
2025-11-27 23:59:27,745 - INFO - Gpu Utilization Percent Avg: 91.1429
2025-11-27 23:59:27,745 - INFO - Gpu Utilization Percent Peak: 100.0000
2025-11-27 23:59:27,745 - INFO - Gpu Mem Used Bytes Avg   : 22071672832.0000
2025-11-27 23:59:27,745 - INFO - Gpu Mem Used Bytes Peak  : 22071672832.0000
2025-11-27 23:59:27,745 - INFO - Gpu Vram Used Bytes      : 22071672832.0000
2025-11-27 23:59:27,745 - INFO - Accuracy                 : 0.4703
2025-11-27 23:59:27,745 - INFO - Precision                : 0.4588
2025-11-27 23:59:27,745 - INFO - Recall                   : 0.4703
2025-11-27 23:59:27,745 - INFO - F1 Score                 : 0.4553
2025-11-27 23:59:27,745 - INFO - ==================================================
2025-11-28 00:03:54,896 - INFO - Época 96 concluída. Loss média: 3.1222
2025-11-28 00:03:54,897 - INFO - Taxa de aprendizado ajustada para: 0.000100
2025-11-28 00:03:54,910 - INFO - Iniciando inferência com o modelo EfficientNetB7...
2025-11-28 00:04:02,065 - INFO - ==================================================
2025-11-28 00:04:02,065 - INFO - EXPERIMENT RESULTS
2025-11-28 00:04:02,065 - INFO - ==================================================
2025-11-28 00:04:02,065 - INFO - Elapsed Time Seconds     : 7.1313
2025-11-28 00:04:02,065 - INFO - Cpu Usage Percent        : 3.4750
2025-11-28 00:04:02,065 - INFO - Ram Peak Usage Bytes     : 4196925440.0000
2025-11-28 00:04:02,065 - INFO - Disk Read Bytes          : 0.0000
2025-11-28 00:04:02,065 - INFO - Disk Write Bytes         : 618496.0000
2025-11-28 00:04:02,065 - INFO - Vram Peak Usage Bytes    : 1746396276.0000
2025-11-28 00:04:02,065 - INFO - Gpu Power Watts Avg      : 293.1149
2025-11-28 00:04:02,065 - INFO - Gpu Power Watts Peak     : 319.0540
2025-11-28 00:04:02,066 - INFO - Gpu Temp Celsius Avg     : 62.6000
2025-11-28 00:04:02,066 - INFO - Gpu Temp Celsius Peak    : 65.0000
2025-11-28 00:04:02,066 - INFO - Gpu Utilization Percent Avg: 90.9000
2025-11-28 00:04:02,066 - INFO - Gpu Utilization Percent Peak: 100.0000
2025-11-28 00:04:02,066 - INFO - Gpu Mem Used Bytes Avg   : 22071672832.0000
2025-11-28 00:04:02,066 - INFO - Gpu Mem Used Bytes Peak  : 22071672832.0000
2025-11-28 00:04:02,066 - INFO - Gpu Vram Used Bytes      : 22071672832.0000
2025-11-28 00:04:02,066 - INFO - Accuracy                 : 0.4690
2025-11-28 00:04:02,066 - INFO - Precision                : 0.4573
2025-11-28 00:04:02,066 - INFO - Recall                   : 0.4690
2025-11-28 00:04:02,066 - INFO - F1 Score                 : 0.4541
2025-11-28 00:04:02,066 - INFO - ==================================================
2025-11-28 00:08:24,180 - INFO - Época 97 concluída. Loss média: 3.1238
2025-11-28 00:08:24,180 - INFO - Taxa de aprendizado ajustada para: 0.000100
2025-11-28 00:08:24,185 - INFO - Iniciando inferência com o modelo EfficientNetB7...
2025-11-28 00:08:31,207 - INFO - ==================================================
2025-11-28 00:08:31,207 - INFO - EXPERIMENT RESULTS
2025-11-28 00:08:31,207 - INFO - ==================================================
2025-11-28 00:08:31,208 - INFO - Elapsed Time Seconds     : 6.9989
2025-11-28 00:08:31,208 - INFO - Cpu Usage Percent        : 3.4969
2025-11-28 00:08:31,208 - INFO - Ram Peak Usage Bytes     : 4197130240.0000
2025-11-28 00:08:31,208 - INFO - Disk Read Bytes          : 0.0000
2025-11-28 00:08:31,208 - INFO - Disk Write Bytes         : 307200.0000
2025-11-28 00:08:31,208 - INFO - Vram Peak Usage Bytes    : 1746396276.0000
2025-11-28 00:08:31,208 - INFO - Gpu Power Watts Avg      : 298.5448
2025-11-28 00:08:31,208 - INFO - Gpu Power Watts Peak     : 318.6950
2025-11-28 00:08:31,208 - INFO - Gpu Temp Celsius Avg     : 63.0145
2025-11-28 00:08:31,208 - INFO - Gpu Temp Celsius Peak    : 65.0000
2025-11-28 00:08:31,208 - INFO - Gpu Utilization Percent Avg: 93.1449
2025-11-28 00:08:31,208 - INFO - Gpu Utilization Percent Peak: 100.0000
2025-11-28 00:08:31,208 - INFO - Gpu Mem Used Bytes Avg   : 22071672832.0000
2025-11-28 00:08:31,208 - INFO - Gpu Mem Used Bytes Peak  : 22071672832.0000
2025-11-28 00:08:31,208 - INFO - Gpu Vram Used Bytes      : 22071672832.0000
2025-11-28 00:08:31,208 - INFO - Accuracy                 : 0.4693
2025-11-28 00:08:31,208 - INFO - Precision                : 0.4589
2025-11-28 00:08:31,208 - INFO - Recall                   : 0.4693
2025-11-28 00:08:31,208 - INFO - F1 Score                 : 0.4555
2025-11-28 00:08:31,208 - INFO - ==================================================
2025-11-28 00:12:58,835 - INFO - Época 98 concluída. Loss média: 3.1233
2025-11-28 00:12:58,835 - INFO - Taxa de aprendizado ajustada para: 0.000100
2025-11-28 00:12:58,849 - INFO - Iniciando inferência com o modelo EfficientNetB7...
2025-11-28 00:13:05,975 - INFO - ==================================================
2025-11-28 00:13:05,975 - INFO - EXPERIMENT RESULTS
2025-11-28 00:13:05,975 - INFO - ==================================================
2025-11-28 00:13:05,975 - INFO - Elapsed Time Seconds     : 7.1029
2025-11-28 00:13:05,975 - INFO - Cpu Usage Percent        : 3.5094
2025-11-28 00:13:05,975 - INFO - Ram Peak Usage Bytes     : 4197285888.0000
2025-11-28 00:13:05,975 - INFO - Disk Read Bytes          : 0.0000
2025-11-28 00:13:05,975 - INFO - Disk Write Bytes         : 462848.0000
2025-11-28 00:13:05,975 - INFO - Vram Peak Usage Bytes    : 1746396276.0000
2025-11-28 00:13:05,976 - INFO - Gpu Power Watts Avg      : 293.0124
2025-11-28 00:13:05,976 - INFO - Gpu Power Watts Peak     : 317.3150
2025-11-28 00:13:05,976 - INFO - Gpu Temp Celsius Avg     : 62.1429
2025-11-28 00:13:05,976 - INFO - Gpu Temp Celsius Peak    : 64.0000
2025-11-28 00:13:05,976 - INFO - Gpu Utilization Percent Avg: 91.9714
2025-11-28 00:13:05,976 - INFO - Gpu Utilization Percent Peak: 100.0000
2025-11-28 00:13:05,976 - INFO - Gpu Mem Used Bytes Avg   : 22071672832.0000
2025-11-28 00:13:05,976 - INFO - Gpu Mem Used Bytes Peak  : 22071672832.0000
2025-11-28 00:13:05,976 - INFO - Gpu Vram Used Bytes      : 22071672832.0000
2025-11-28 00:13:05,976 - INFO - Accuracy                 : 0.4656
2025-11-28 00:13:05,976 - INFO - Precision                : 0.4536
2025-11-28 00:13:05,976 - INFO - Recall                   : 0.4656
2025-11-28 00:13:05,976 - INFO - F1 Score                 : 0.4508
2025-11-28 00:13:05,976 - INFO - ==================================================
2025-11-28 00:17:33,819 - INFO - Época 99 concluída. Loss média: 3.1219
2025-11-28 00:17:33,819 - INFO - Taxa de aprendizado ajustada para: 0.000100
2025-11-28 00:17:33,833 - INFO - Iniciando inferência com o modelo EfficientNetB7...
2025-11-28 00:17:40,872 - INFO - ==================================================
2025-11-28 00:17:40,872 - INFO - EXPERIMENT RESULTS
2025-11-28 00:17:40,872 - INFO - ==================================================
2025-11-28 00:17:40,872 - INFO - Elapsed Time Seconds     : 7.0158
2025-11-28 00:17:40,872 - INFO - Cpu Usage Percent        : 3.5500
2025-11-28 00:17:40,872 - INFO - Ram Peak Usage Bytes     : 4197449728.0000
2025-11-28 00:17:40,872 - INFO - Disk Read Bytes          : 0.0000
2025-11-28 00:17:40,872 - INFO - Disk Write Bytes         : 561152.0000
2025-11-28 00:17:40,872 - INFO - Vram Peak Usage Bytes    : 1746396276.0000
2025-11-28 00:17:40,872 - INFO - Gpu Power Watts Avg      : 295.9815
2025-11-28 00:17:40,872 - INFO - Gpu Power Watts Peak     : 316.8360
2025-11-28 00:17:40,872 - INFO - Gpu Temp Celsius Avg     : 62.3333
2025-11-28 00:17:40,872 - INFO - Gpu Temp Celsius Peak    : 64.0000
2025-11-28 00:17:40,872 - INFO - Gpu Utilization Percent Avg: 93.6232
2025-11-28 00:17:40,872 - INFO - Gpu Utilization Percent Peak: 100.0000
2025-11-28 00:17:40,872 - INFO - Gpu Mem Used Bytes Avg   : 22071672832.0000
2025-11-28 00:17:40,872 - INFO - Gpu Mem Used Bytes Peak  : 22071672832.0000
2025-11-28 00:17:40,872 - INFO - Gpu Vram Used Bytes      : 22071672832.0000
2025-11-28 00:17:40,872 - INFO - Accuracy                 : 0.4666
2025-11-28 00:17:40,872 - INFO - Precision                : 0.4556
2025-11-28 00:17:40,872 - INFO - Recall                   : 0.4666
2025-11-28 00:17:40,872 - INFO - F1 Score                 : 0.4524
2025-11-28 00:17:40,872 - INFO - ==================================================
2025-11-28 00:22:06,159 - INFO - Época 100 concluída. Loss média: 3.1192
2025-11-28 00:22:06,160 - INFO - Taxa de aprendizado ajustada para: 0.000100
2025-11-28 00:22:06,165 - INFO - Iniciando inferência com o modelo EfficientNetB7...
2025-11-28 00:22:13,164 - INFO - ==================================================
2025-11-28 00:22:13,164 - INFO - EXPERIMENT RESULTS
2025-11-28 00:22:13,164 - INFO - ==================================================
2025-11-28 00:22:13,164 - INFO - Elapsed Time Seconds     : 6.9758
2025-11-28 00:22:13,164 - INFO - Cpu Usage Percent        : 3.5531
2025-11-28 00:22:13,164 - INFO - Ram Peak Usage Bytes     : 4197629952.0000
2025-11-28 00:22:13,164 - INFO - Disk Read Bytes          : 0.0000
2025-11-28 00:22:13,164 - INFO - Disk Write Bytes         : 811008.0000
2025-11-28 00:22:13,164 - INFO - Vram Peak Usage Bytes    : 1746396276.0000
2025-11-28 00:22:13,164 - INFO - Gpu Power Watts Avg      : 301.5825
2025-11-28 00:22:13,164 - INFO - Gpu Power Watts Peak     : 319.1400
2025-11-28 00:22:13,164 - INFO - Gpu Temp Celsius Avg     : 62.7246
2025-11-28 00:22:13,164 - INFO - Gpu Temp Celsius Peak    : 65.0000
2025-11-28 00:22:13,164 - INFO - Gpu Utilization Percent Avg: 93.7246
2025-11-28 00:22:13,164 - INFO - Gpu Utilization Percent Peak: 100.0000
2025-11-28 00:22:13,164 - INFO - Gpu Mem Used Bytes Avg   : 22071672832.0000
2025-11-28 00:22:13,164 - INFO - Gpu Mem Used Bytes Peak  : 22071672832.0000
2025-11-28 00:22:13,164 - INFO - Gpu Vram Used Bytes      : 22071672832.0000
2025-11-28 00:22:13,164 - INFO - Accuracy                 : 0.4690
2025-11-28 00:22:13,164 - INFO - Precision                : 0.4582
2025-11-28 00:22:13,164 - INFO - Recall                   : 0.4690
2025-11-28 00:22:13,164 - INFO - F1 Score                 : 0.4549
2025-11-28 00:22:13,165 - INFO - ==================================================
2025-11-28 00:22:13,229 - INFO - Métricas de performance do treinamento:
2025-11-28 00:22:13,229 - INFO - ==================================================
2025-11-28 00:22:13,229 - INFO - EXPERIMENT RESULTS
2025-11-28 00:22:13,229 - INFO - ==================================================
2025-11-28 00:22:13,229 - INFO - Elapsed Time Seconds     : 27364.5628
2025-11-28 00:22:13,229 - INFO - Cpu Usage Percent        : 3.3125
2025-11-28 00:22:13,229 - INFO - Ram Peak Usage Bytes     : 4197543936.0000
2025-11-28 00:22:13,229 - INFO - Disk Read Bytes          : 32223232.0000
2025-11-28 00:22:13,229 - INFO - Disk Write Bytes         : 1465585664.0000
2025-11-28 00:22:13,230 - INFO - Vram Peak Usage Bytes    : 1746396276.0000
2025-11-28 00:22:13,230 - INFO - Gpu Power Watts Avg      : 289.8413
2025-11-28 00:22:13,230 - INFO - Gpu Power Watts Peak     : 364.6350
2025-11-28 00:22:13,230 - INFO - Gpu Temp Celsius Avg     : 60.9024
2025-11-28 00:22:13,230 - INFO - Gpu Temp Celsius Peak    : 70.0000
2025-11-28 00:22:13,230 - INFO - Gpu Utilization Percent Avg: 96.3099
2025-11-28 00:22:13,230 - INFO - Gpu Utilization Percent Peak: 100.0000
2025-11-28 00:22:13,230 - INFO - Gpu Mem Used Bytes Avg   : 22046092844.2169
2025-11-28 00:22:13,230 - INFO - Gpu Mem Used Bytes Peak  : 22071672832.0000
2025-11-28 00:22:13,230 - INFO - Gpu Vram Used Bytes      : 22071672832.0000
2025-11-28 00:22:13,230 - INFO - ==================================================
2025-11-28 00:22:35,908 - INFO - Modelo salvo em: trained_models/efficientnet_b7_final.pth
2025-11-28 00:22:35,937 - INFO - Pipeline de treinamento concluído. Modelo salvo em: trained_models/efficientnet_b7_final.pth
2025-11-28 00:22:35,938 - INFO - Iniciando pipeline de inferência para avaliação final no conjunto de validação...
2025-11-28 00:22:37,273 - INFO - Iniciando inferência com o modelo EfficientNetB7...
2025-11-28 00:22:44,547 - INFO - ==================================================
2025-11-28 00:22:44,547 - INFO - EXPERIMENT RESULTS
2025-11-28 00:22:44,547 - INFO - ==================================================
2025-11-28 00:22:44,547 - INFO - Elapsed Time Seconds     : 7.2514
2025-11-28 00:22:44,547 - INFO - Cpu Usage Percent        : 3.4875
2025-11-28 00:22:44,548 - INFO - Ram Peak Usage Bytes     : 4624584704.0000
2025-11-28 00:22:44,548 - INFO - Disk Read Bytes          : 0.0000
2025-11-28 00:22:44,548 - INFO - Disk Write Bytes         : 421888.0000
2025-11-28 00:22:44,548 - INFO - Vram Peak Usage Bytes    : 1212722344.0000
2025-11-28 00:22:44,548 - INFO - Gpu Power Watts Avg      : 264.5592
2025-11-28 00:22:44,548 - INFO - Gpu Power Watts Peak     : 313.2270
2025-11-28 00:22:44,548 - INFO - Gpu Temp Celsius Avg     : 57.6761
2025-11-28 00:22:44,548 - INFO - Gpu Temp Celsius Peak    : 61.0000
2025-11-28 00:22:44,548 - INFO - Gpu Utilization Percent Avg: 88.7324
2025-11-28 00:22:44,548 - INFO - Gpu Utilization Percent Peak: 100.0000
2025-11-28 00:22:44,548 - INFO - Gpu Mem Used Bytes Avg   : 22071672832.0000
2025-11-28 00:22:44,548 - INFO - Gpu Mem Used Bytes Peak  : 22071672832.0000
2025-11-28 00:22:44,548 - INFO - Gpu Vram Used Bytes      : 22071672832.0000
2025-11-28 00:22:44,548 - INFO - Accuracy                 : 0.4690
2025-11-28 00:22:44,548 - INFO - Precision                : 0.4582
2025-11-28 00:22:44,548 - INFO - Recall                   : 0.4690
2025-11-28 00:22:44,548 - INFO - F1 Score                 : 0.4549
2025-11-28 00:22:44,548 - INFO - ==================================================
2025-11-28 00:22:44,548 - INFO - Projeto executado com sucesso!
