2025-11-22 20:39:13,737 - INFO - ==================================================
2025-11-22 20:39:13,737 - INFO - EXPERIMENT CONFIGURATION
2025-11-22 20:39:13,737 - INFO - ==================================================
2025-11-22 20:39:13,737 - INFO - Model Name          : efficientnet_b7
2025-11-22 20:39:13,737 - INFO - Config File         : configs/efficientnet_b7_config.yaml
2025-11-22 20:39:13,737 - INFO - Train Data          : /scratch/ehdmenezes//tiny-imagenet-200/train
2025-11-22 20:39:13,737 - INFO - Validation Data     : /scratch/ehdmenezes//tiny-imagenet-200/val
2025-11-22 20:39:13,737 - INFO - model_params        : {'num_classes': 200}
2025-11-22 20:39:13,737 - INFO - train_params        : {'epochs': 100, 'batch_size': 64, 'learning_rate': 0.1}
2025-11-22 20:39:13,737 - INFO - inference_params    : {'batch_size': 64}
2025-11-22 20:39:13,737 - INFO - scheduler_params    : {'type': 'StepLR', 'step_size': 30, 'gamma': 0.1}
2025-11-22 20:39:13,737 - INFO - ==================================================
2025-11-22 20:39:13,760 - INFO - Semente aleatória para esta execução foi fixada em: 52
2025-11-22 20:39:13,760 - INFO - Configuração de treinamento: {'model_params': {'num_classes': 200}, 'train_params': {'epochs': 100, 'batch_size': 64, 'learning_rate': 0.1}, 'inference_params': {'batch_size': 64}, 'scheduler_params': {'type': 'StepLR', 'step_size': 30, 'gamma': 0.1}}
2025-11-22 20:39:16,079 - INFO - Usando otimizador SGD com momento e weight decay.
2025-11-22 20:39:16,080 - INFO - Usando StepLR scheduler com step_size=30 e gamma=0.1.
2025-11-22 20:39:16,080 - INFO - AMP (Automatic Mixed Precision) ativado.
2025-11-22 20:39:16,080 - INFO - Iniciando treinamento do modelo efficientnet_b7 no dispositivo cuda.
2025-11-22 20:45:34,065 - INFO - Época 1 concluída. Loss média: 5.1951
2025-11-22 20:45:34,067 - INFO - Taxa de aprendizado ajustada para: 0.100000
2025-11-22 20:45:34,084 - INFO - Iniciando inferência com o modelo EfficientNetB7...
2025-11-22 20:45:43,980 - INFO - ==================================================
2025-11-22 20:45:43,980 - INFO - EXPERIMENT RESULTS
2025-11-22 20:45:43,980 - INFO - ==================================================
2025-11-22 20:45:43,980 - INFO - Elapsed Time Seconds     : 9.8489
2025-11-22 20:45:43,980 - INFO - Cpu Usage Percent        : 7.8438
2025-11-22 20:45:43,980 - INFO - Ram Peak Usage Bytes     : 4130590720.0000
2025-11-22 20:45:43,981 - INFO - Disk Read Bytes          : 393216.0000
2025-11-22 20:45:43,981 - INFO - Disk Write Bytes         : 12959744.0000
2025-11-22 20:45:43,981 - INFO - Vram Peak Usage Bytes    : 1746396276.0000
2025-11-22 20:45:43,981 - INFO - Gpu Power Watts Avg      : 277.3420
2025-11-22 20:45:43,981 - INFO - Gpu Power Watts Peak     : 334.3750
2025-11-22 20:45:43,981 - INFO - Gpu Temp Celsius Avg     : 65.5102
2025-11-22 20:45:43,981 - INFO - Gpu Temp Celsius Peak    : 70.0000
2025-11-22 20:45:43,981 - INFO - Gpu Utilization Percent Avg: 68.0204
2025-11-22 20:45:43,981 - INFO - Gpu Utilization Percent Peak: 85.0000
2025-11-22 20:45:43,981 - INFO - Gpu Mem Used Bytes Avg   : 22036021248.0000
2025-11-22 20:45:43,981 - INFO - Gpu Mem Used Bytes Peak  : 22036021248.0000
2025-11-22 20:45:43,981 - INFO - Gpu Vram Used Bytes      : 22036021248.0000
2025-11-22 20:45:43,981 - INFO - Accuracy                 : 0.0206
2025-11-22 20:45:43,981 - INFO - Precision                : 0.0077
2025-11-22 20:45:43,981 - INFO - Recall                   : 0.0206
2025-11-22 20:45:43,981 - INFO - F1 Score                 : 0.0073
2025-11-22 20:45:43,981 - INFO - ==================================================
2025-11-22 20:52:05,283 - INFO - Época 2 concluída. Loss média: 4.9555
2025-11-22 20:52:05,286 - INFO - Taxa de aprendizado ajustada para: 0.100000
2025-11-22 20:52:05,303 - INFO - Iniciando inferência com o modelo EfficientNetB7...
2025-11-22 20:52:15,367 - INFO - ==================================================
2025-11-22 20:52:15,367 - INFO - EXPERIMENT RESULTS
2025-11-22 20:52:15,367 - INFO - ==================================================
2025-11-22 20:52:15,367 - INFO - Elapsed Time Seconds     : 10.0113
2025-11-22 20:52:15,367 - INFO - Cpu Usage Percent        : 7.7562
2025-11-22 20:52:15,367 - INFO - Ram Peak Usage Bytes     : 4187979776.0000
2025-11-22 20:52:15,367 - INFO - Disk Read Bytes          : 0.0000
2025-11-22 20:52:15,367 - INFO - Disk Write Bytes         : 147456.0000
2025-11-22 20:52:15,367 - INFO - Vram Peak Usage Bytes    : 1746396276.0000
2025-11-22 20:52:15,367 - INFO - Gpu Power Watts Avg      : 272.5673
2025-11-22 20:52:15,367 - INFO - Gpu Power Watts Peak     : 323.5010
2025-11-22 20:52:15,367 - INFO - Gpu Temp Celsius Avg     : 65.5859
2025-11-22 20:52:15,367 - INFO - Gpu Temp Celsius Peak    : 69.0000
2025-11-22 20:52:15,368 - INFO - Gpu Utilization Percent Avg: 66.6869
2025-11-22 20:52:15,368 - INFO - Gpu Utilization Percent Peak: 84.0000
2025-11-22 20:52:15,368 - INFO - Gpu Mem Used Bytes Avg   : 22136684544.0000
2025-11-22 20:52:15,368 - INFO - Gpu Mem Used Bytes Peak  : 22136684544.0000
2025-11-22 20:52:15,368 - INFO - Gpu Vram Used Bytes      : 22136684544.0000
2025-11-22 20:52:15,368 - INFO - Accuracy                 : 0.0444
2025-11-22 20:52:15,368 - INFO - Precision                : 0.0281
2025-11-22 20:52:15,368 - INFO - Recall                   : 0.0444
2025-11-22 20:52:15,368 - INFO - F1 Score                 : 0.0238
2025-11-22 20:52:15,368 - INFO - ==================================================
2025-11-22 20:58:39,424 - INFO - Época 3 concluída. Loss média: 4.8471
2025-11-22 20:58:39,426 - INFO - Taxa de aprendizado ajustada para: 0.100000
2025-11-22 20:58:39,443 - INFO - Iniciando inferência com o modelo EfficientNetB7...
2025-11-22 20:58:49,389 - INFO - ==================================================
2025-11-22 20:58:49,390 - INFO - EXPERIMENT RESULTS
2025-11-22 20:58:49,390 - INFO - ==================================================
2025-11-22 20:58:49,390 - INFO - Elapsed Time Seconds     : 9.8983
2025-11-22 20:58:49,390 - INFO - Cpu Usage Percent        : 7.9437
2025-11-22 20:58:49,390 - INFO - Ram Peak Usage Bytes     : 4195110912.0000
2025-11-22 20:58:49,390 - INFO - Disk Read Bytes          : 0.0000
2025-11-22 20:58:49,390 - INFO - Disk Write Bytes         : 135168.0000
2025-11-22 20:58:49,390 - INFO - Vram Peak Usage Bytes    : 1746396276.0000
2025-11-22 20:58:49,390 - INFO - Gpu Power Watts Avg      : 277.6132
2025-11-22 20:58:49,390 - INFO - Gpu Power Watts Peak     : 320.3770
2025-11-22 20:58:49,390 - INFO - Gpu Temp Celsius Avg     : 65.8454
2025-11-22 20:58:49,390 - INFO - Gpu Temp Celsius Peak    : 70.0000
2025-11-22 20:58:49,390 - INFO - Gpu Utilization Percent Avg: 66.9072
2025-11-22 20:58:49,390 - INFO - Gpu Utilization Percent Peak: 83.0000
2025-11-22 20:58:49,390 - INFO - Gpu Mem Used Bytes Avg   : 22136684544.0000
2025-11-22 20:58:49,390 - INFO - Gpu Mem Used Bytes Peak  : 22136684544.0000
2025-11-22 20:58:49,390 - INFO - Gpu Vram Used Bytes      : 22136684544.0000
2025-11-22 20:58:49,390 - INFO - Accuracy                 : 0.0537
2025-11-22 20:58:49,390 - INFO - Precision                : 0.0618
2025-11-22 20:58:49,390 - INFO - Recall                   : 0.0537
2025-11-22 20:58:49,390 - INFO - F1 Score                 : 0.0338
2025-11-22 20:58:49,390 - INFO - ==================================================
2025-11-22 21:05:12,077 - INFO - Época 4 concluída. Loss média: 4.7803
2025-11-22 21:05:12,079 - INFO - Taxa de aprendizado ajustada para: 0.100000
2025-11-22 21:05:12,097 - INFO - Iniciando inferência com o modelo EfficientNetB7...
2025-11-22 21:05:22,190 - INFO - ==================================================
2025-11-22 21:05:22,190 - INFO - EXPERIMENT RESULTS
2025-11-22 21:05:22,190 - INFO - ==================================================
2025-11-22 21:05:22,190 - INFO - Elapsed Time Seconds     : 10.0430
2025-11-22 21:05:22,190 - INFO - Cpu Usage Percent        : 7.6250
2025-11-22 21:05:22,190 - INFO - Ram Peak Usage Bytes     : 4195352576.0000
2025-11-22 21:05:22,190 - INFO - Disk Read Bytes          : 0.0000
2025-11-22 21:05:22,190 - INFO - Disk Write Bytes         : 540672.0000
2025-11-22 21:05:22,190 - INFO - Vram Peak Usage Bytes    : 1746396276.0000
2025-11-22 21:05:22,190 - INFO - Gpu Power Watts Avg      : 273.0804
2025-11-22 21:05:22,190 - INFO - Gpu Power Watts Peak     : 318.3700
2025-11-22 21:05:22,190 - INFO - Gpu Temp Celsius Avg     : 65.6000
2025-11-22 21:05:22,190 - INFO - Gpu Temp Celsius Peak    : 70.0000
2025-11-22 21:05:22,190 - INFO - Gpu Utilization Percent Avg: 67.3000
2025-11-22 21:05:22,191 - INFO - Gpu Utilization Percent Peak: 84.0000
2025-11-22 21:05:22,191 - INFO - Gpu Mem Used Bytes Avg   : 22136684544.0000
2025-11-22 21:05:22,191 - INFO - Gpu Mem Used Bytes Peak  : 22136684544.0000
2025-11-22 21:05:22,191 - INFO - Gpu Vram Used Bytes      : 22136684544.0000
2025-11-22 21:05:22,191 - INFO - Accuracy                 : 0.0456
2025-11-22 21:05:22,191 - INFO - Precision                : 0.0376
2025-11-22 21:05:22,191 - INFO - Recall                   : 0.0456
2025-11-22 21:05:22,191 - INFO - F1 Score                 : 0.0273
2025-11-22 21:05:22,191 - INFO - ==================================================
2025-11-22 21:11:45,861 - INFO - Época 5 concluída. Loss média: 4.7113
2025-11-22 21:11:45,863 - INFO - Taxa de aprendizado ajustada para: 0.100000
2025-11-22 21:11:45,881 - INFO - Iniciando inferência com o modelo EfficientNetB7...
2025-11-22 21:11:55,938 - INFO - ==================================================
2025-11-22 21:11:55,938 - INFO - EXPERIMENT RESULTS
2025-11-22 21:11:55,938 - INFO - ==================================================
2025-11-22 21:11:55,938 - INFO - Elapsed Time Seconds     : 10.0099
2025-11-22 21:11:55,938 - INFO - Cpu Usage Percent        : 7.7875
2025-11-22 21:11:55,938 - INFO - Ram Peak Usage Bytes     : 4195807232.0000
2025-11-22 21:11:55,938 - INFO - Disk Read Bytes          : 0.0000
2025-11-22 21:11:55,938 - INFO - Disk Write Bytes         : 389120.0000
2025-11-22 21:11:55,938 - INFO - Vram Peak Usage Bytes    : 1746396276.0000
2025-11-22 21:11:55,938 - INFO - Gpu Power Watts Avg      : 273.0456
2025-11-22 21:11:55,938 - INFO - Gpu Power Watts Peak     : 321.9980
2025-11-22 21:11:55,939 - INFO - Gpu Temp Celsius Avg     : 65.6667
2025-11-22 21:11:55,939 - INFO - Gpu Temp Celsius Peak    : 70.0000
2025-11-22 21:11:55,939 - INFO - Gpu Utilization Percent Avg: 66.8889
2025-11-22 21:11:55,939 - INFO - Gpu Utilization Percent Peak: 84.0000
2025-11-22 21:11:55,939 - INFO - Gpu Mem Used Bytes Avg   : 22136684544.0000
2025-11-22 21:11:55,939 - INFO - Gpu Mem Used Bytes Peak  : 22136684544.0000
2025-11-22 21:11:55,939 - INFO - Gpu Vram Used Bytes      : 22136684544.0000
2025-11-22 21:11:55,939 - INFO - Accuracy                 : 0.0520
2025-11-22 21:11:55,939 - INFO - Precision                : 0.0515
2025-11-22 21:11:55,939 - INFO - Recall                   : 0.0520
2025-11-22 21:11:55,939 - INFO - F1 Score                 : 0.0261
2025-11-22 21:11:55,939 - INFO - ==================================================
2025-11-22 21:18:19,066 - INFO - Época 6 concluída. Loss média: 4.6408
2025-11-22 21:18:19,069 - INFO - Taxa de aprendizado ajustada para: 0.100000
2025-11-22 21:18:19,086 - INFO - Iniciando inferência com o modelo EfficientNetB7...
2025-11-22 21:18:29,363 - INFO - ==================================================
2025-11-22 21:18:29,363 - INFO - EXPERIMENT RESULTS
2025-11-22 21:18:29,363 - INFO - ==================================================
2025-11-22 21:18:29,364 - INFO - Elapsed Time Seconds     : 10.2284
2025-11-22 21:18:29,364 - INFO - Cpu Usage Percent        : 7.6625
2025-11-22 21:18:29,364 - INFO - Ram Peak Usage Bytes     : 4196904960.0000
2025-11-22 21:18:29,364 - INFO - Disk Read Bytes          : 0.0000
2025-11-22 21:18:29,364 - INFO - Disk Write Bytes         : 278528.0000
2025-11-22 21:18:29,364 - INFO - Vram Peak Usage Bytes    : 1746396276.0000
2025-11-22 21:18:29,364 - INFO - Gpu Power Watts Avg      : 264.9296
2025-11-22 21:18:29,364 - INFO - Gpu Power Watts Peak     : 319.7340
2025-11-22 21:18:29,364 - INFO - Gpu Temp Celsius Avg     : 65.5347
2025-11-22 21:18:29,364 - INFO - Gpu Temp Celsius Peak    : 69.0000
2025-11-22 21:18:29,364 - INFO - Gpu Utilization Percent Avg: 64.6040
2025-11-22 21:18:29,364 - INFO - Gpu Utilization Percent Peak: 84.0000
2025-11-22 21:18:29,364 - INFO - Gpu Mem Used Bytes Avg   : 22136684544.0000
2025-11-22 21:18:29,364 - INFO - Gpu Mem Used Bytes Peak  : 22136684544.0000
2025-11-22 21:18:29,364 - INFO - Gpu Vram Used Bytes      : 22136684544.0000
2025-11-22 21:18:29,364 - INFO - Accuracy                 : 0.0987
2025-11-22 21:18:29,364 - INFO - Precision                : 0.0857
2025-11-22 21:18:29,364 - INFO - Recall                   : 0.0987
2025-11-22 21:18:29,364 - INFO - F1 Score                 : 0.0678
2025-11-22 21:18:29,364 - INFO - ==================================================
2025-11-22 21:24:54,585 - INFO - Época 7 concluída. Loss média: 4.5806
2025-11-22 21:24:54,589 - INFO - Taxa de aprendizado ajustada para: 0.100000
2025-11-22 21:24:54,607 - INFO - Iniciando inferência com o modelo EfficientNetB7...
2025-11-22 21:25:04,518 - INFO - ==================================================
2025-11-22 21:25:04,519 - INFO - EXPERIMENT RESULTS
2025-11-22 21:25:04,519 - INFO - ==================================================
2025-11-22 21:25:04,519 - INFO - Elapsed Time Seconds     : 9.8634
2025-11-22 21:25:04,519 - INFO - Cpu Usage Percent        : 7.6937
2025-11-22 21:25:04,519 - INFO - Ram Peak Usage Bytes     : 4197146624.0000
2025-11-22 21:25:04,519 - INFO - Disk Read Bytes          : 0.0000
2025-11-22 21:25:04,519 - INFO - Disk Write Bytes         : 147456.0000
2025-11-22 21:25:04,519 - INFO - Vram Peak Usage Bytes    : 1746396276.0000
2025-11-22 21:25:04,519 - INFO - Gpu Power Watts Avg      : 271.6638
2025-11-22 21:25:04,519 - INFO - Gpu Power Watts Peak     : 314.9150
2025-11-22 21:25:04,519 - INFO - Gpu Temp Celsius Avg     : 65.3878
2025-11-22 21:25:04,519 - INFO - Gpu Temp Celsius Peak    : 69.0000
2025-11-22 21:25:04,519 - INFO - Gpu Utilization Percent Avg: 67.8776
2025-11-22 21:25:04,519 - INFO - Gpu Utilization Percent Peak: 83.0000
2025-11-22 21:25:04,519 - INFO - Gpu Mem Used Bytes Avg   : 22136684544.0000
2025-11-22 21:25:04,519 - INFO - Gpu Mem Used Bytes Peak  : 22136684544.0000
2025-11-22 21:25:04,519 - INFO - Gpu Vram Used Bytes      : 22136684544.0000
2025-11-22 21:25:04,519 - INFO - Accuracy                 : 0.0856
2025-11-22 21:25:04,519 - INFO - Precision                : 0.0889
2025-11-22 21:25:04,519 - INFO - Recall                   : 0.0856
2025-11-22 21:25:04,519 - INFO - F1 Score                 : 0.0586
2025-11-22 21:25:04,520 - INFO - ==================================================
2025-11-22 21:31:28,288 - INFO - Época 8 concluída. Loss média: 4.5371
2025-11-22 21:31:28,290 - INFO - Taxa de aprendizado ajustada para: 0.100000
2025-11-22 21:31:28,308 - INFO - Iniciando inferência com o modelo EfficientNetB7...
2025-11-22 21:31:38,291 - INFO - ==================================================
2025-11-22 21:31:38,291 - INFO - EXPERIMENT RESULTS
2025-11-22 21:31:38,291 - INFO - ==================================================
2025-11-22 21:31:38,291 - INFO - Elapsed Time Seconds     : 9.9345
2025-11-22 21:31:38,291 - INFO - Cpu Usage Percent        : 7.8000
2025-11-22 21:31:38,291 - INFO - Ram Peak Usage Bytes     : 4197425152.0000
2025-11-22 21:31:38,291 - INFO - Disk Read Bytes          : 0.0000
2025-11-22 21:31:38,291 - INFO - Disk Write Bytes         : 135168.0000
2025-11-22 21:31:38,291 - INFO - Vram Peak Usage Bytes    : 1746396276.0000
2025-11-22 21:31:38,291 - INFO - Gpu Power Watts Avg      : 268.1052
2025-11-22 21:31:38,291 - INFO - Gpu Power Watts Peak     : 310.9850
2025-11-22 21:31:38,291 - INFO - Gpu Temp Celsius Avg     : 65.3636
2025-11-22 21:31:38,291 - INFO - Gpu Temp Celsius Peak    : 69.0000
2025-11-22 21:31:38,292 - INFO - Gpu Utilization Percent Avg: 67.3636
2025-11-22 21:31:38,292 - INFO - Gpu Utilization Percent Peak: 83.0000
2025-11-22 21:31:38,292 - INFO - Gpu Mem Used Bytes Avg   : 22136684544.0000
2025-11-22 21:31:38,292 - INFO - Gpu Mem Used Bytes Peak  : 22136684544.0000
2025-11-22 21:31:38,292 - INFO - Gpu Vram Used Bytes      : 22136684544.0000
2025-11-22 21:31:38,292 - INFO - Accuracy                 : 0.0829
2025-11-22 21:31:38,292 - INFO - Precision                : 0.0897
2025-11-22 21:31:38,292 - INFO - Recall                   : 0.0829
2025-11-22 21:31:38,292 - INFO - F1 Score                 : 0.0635
2025-11-22 21:31:38,292 - INFO - ==================================================
2025-11-22 21:38:02,864 - INFO - Época 9 concluída. Loss média: 4.4866
2025-11-22 21:38:02,866 - INFO - Taxa de aprendizado ajustada para: 0.100000
2025-11-22 21:38:02,884 - INFO - Iniciando inferência com o modelo EfficientNetB7...
2025-11-22 21:38:12,950 - INFO - ==================================================
2025-11-22 21:38:12,950 - INFO - EXPERIMENT RESULTS
2025-11-22 21:38:12,950 - INFO - ==================================================
2025-11-22 21:38:12,950 - INFO - Elapsed Time Seconds     : 10.0164
2025-11-22 21:38:12,950 - INFO - Cpu Usage Percent        : 7.7687
2025-11-22 21:38:12,950 - INFO - Ram Peak Usage Bytes     : 4197924864.0000
2025-11-22 21:38:12,950 - INFO - Disk Read Bytes          : 0.0000
2025-11-22 21:38:12,950 - INFO - Disk Write Bytes         : 135168.0000
2025-11-22 21:38:12,950 - INFO - Vram Peak Usage Bytes    : 1746396276.0000
2025-11-22 21:38:12,950 - INFO - Gpu Power Watts Avg      : 264.1059
2025-11-22 21:38:12,950 - INFO - Gpu Power Watts Peak     : 310.7400
2025-11-22 21:38:12,950 - INFO - Gpu Temp Celsius Avg     : 64.8081
2025-11-22 21:38:12,950 - INFO - Gpu Temp Celsius Peak    : 68.0000
2025-11-22 21:38:12,950 - INFO - Gpu Utilization Percent Avg: 66.4545
2025-11-22 21:38:12,950 - INFO - Gpu Utilization Percent Peak: 84.0000
2025-11-22 21:38:12,950 - INFO - Gpu Mem Used Bytes Avg   : 22136684544.0000
2025-11-22 21:38:12,950 - INFO - Gpu Mem Used Bytes Peak  : 22136684544.0000
2025-11-22 21:38:12,950 - INFO - Gpu Vram Used Bytes      : 22136684544.0000
2025-11-22 21:38:12,950 - INFO - Accuracy                 : 0.1043
2025-11-22 21:38:12,950 - INFO - Precision                : 0.1086
2025-11-22 21:38:12,951 - INFO - Recall                   : 0.1043
2025-11-22 21:38:12,951 - INFO - F1 Score                 : 0.0766
2025-11-22 21:38:12,951 - INFO - ==================================================
2025-11-22 21:44:37,366 - INFO - Época 10 concluída. Loss média: 4.4355
2025-11-22 21:44:37,368 - INFO - Taxa de aprendizado ajustada para: 0.100000
2025-11-22 21:44:37,385 - INFO - Iniciando inferência com o modelo EfficientNetB7...
2025-11-22 21:44:47,168 - INFO - ==================================================
2025-11-22 21:44:47,168 - INFO - EXPERIMENT RESULTS
2025-11-22 21:44:47,168 - INFO - ==================================================
2025-11-22 21:44:47,168 - INFO - Elapsed Time Seconds     : 9.7332
2025-11-22 21:44:47,168 - INFO - Cpu Usage Percent        : 7.8812
2025-11-22 21:44:47,168 - INFO - Ram Peak Usage Bytes     : 4198572032.0000
2025-11-22 21:44:47,168 - INFO - Disk Read Bytes          : 0.0000
2025-11-22 21:44:47,168 - INFO - Disk Write Bytes         : 135168.0000
2025-11-22 21:44:47,168 - INFO - Vram Peak Usage Bytes    : 1746396276.0000
2025-11-22 21:44:47,168 - INFO - Gpu Power Watts Avg      : 265.1003
2025-11-22 21:44:47,168 - INFO - Gpu Power Watts Peak     : 305.4110
2025-11-22 21:44:47,168 - INFO - Gpu Temp Celsius Avg     : 65.0208
2025-11-22 21:44:47,168 - INFO - Gpu Temp Celsius Peak    : 68.0000
2025-11-22 21:44:47,169 - INFO - Gpu Utilization Percent Avg: 67.8125
2025-11-22 21:44:47,169 - INFO - Gpu Utilization Percent Peak: 83.0000
2025-11-22 21:44:47,169 - INFO - Gpu Mem Used Bytes Avg   : 22136684544.0000
2025-11-22 21:44:47,169 - INFO - Gpu Mem Used Bytes Peak  : 22136684544.0000
2025-11-22 21:44:47,169 - INFO - Gpu Vram Used Bytes      : 22136684544.0000
2025-11-22 21:44:47,169 - INFO - Accuracy                 : 0.1085
2025-11-22 21:44:47,169 - INFO - Precision                : 0.1091
2025-11-22 21:44:47,169 - INFO - Recall                   : 0.1085
2025-11-22 21:44:47,169 - INFO - F1 Score                 : 0.0775
2025-11-22 21:44:47,169 - INFO - ==================================================
2025-11-22 21:51:13,023 - INFO - Época 11 concluída. Loss média: 4.4013
2025-11-22 21:51:13,023 - INFO - Taxa de aprendizado ajustada para: 0.100000
2025-11-22 21:51:13,041 - INFO - Iniciando inferência com o modelo EfficientNetB7...
2025-11-22 21:51:22,824 - INFO - ==================================================
2025-11-22 21:51:22,824 - INFO - EXPERIMENT RESULTS
2025-11-22 21:51:22,824 - INFO - ==================================================
2025-11-22 21:51:22,824 - INFO - Elapsed Time Seconds     : 9.7341
2025-11-22 21:51:22,824 - INFO - Cpu Usage Percent        : 7.8312
2025-11-22 21:51:22,824 - INFO - Ram Peak Usage Bytes     : 4199161856.0000
2025-11-22 21:51:22,824 - INFO - Disk Read Bytes          : 0.0000
2025-11-22 21:51:22,824 - INFO - Disk Write Bytes         : 380928.0000
2025-11-22 21:51:22,824 - INFO - Vram Peak Usage Bytes    : 1746396276.0000
2025-11-22 21:51:22,824 - INFO - Gpu Power Watts Avg      : 262.1258
2025-11-22 21:51:22,824 - INFO - Gpu Power Watts Peak     : 305.5630
2025-11-22 21:51:22,824 - INFO - Gpu Temp Celsius Avg     : 64.8041
2025-11-22 21:51:22,824 - INFO - Gpu Temp Celsius Peak    : 68.0000
2025-11-22 21:51:22,824 - INFO - Gpu Utilization Percent Avg: 67.4742
2025-11-22 21:51:22,824 - INFO - Gpu Utilization Percent Peak: 84.0000
2025-11-22 21:51:22,824 - INFO - Gpu Mem Used Bytes Avg   : 22136684544.0000
2025-11-22 21:51:22,824 - INFO - Gpu Mem Used Bytes Peak  : 22136684544.0000
2025-11-22 21:51:22,825 - INFO - Gpu Vram Used Bytes      : 22136684544.0000
2025-11-22 21:51:22,825 - INFO - Accuracy                 : 0.1081
2025-11-22 21:51:22,825 - INFO - Precision                : 0.1082
2025-11-22 21:51:22,825 - INFO - Recall                   : 0.1081
2025-11-22 21:51:22,825 - INFO - F1 Score                 : 0.0777
2025-11-22 21:51:22,825 - INFO - ==================================================
2025-11-22 21:57:46,843 - INFO - Época 12 concluída. Loss média: 4.3751
2025-11-22 21:57:46,844 - INFO - Taxa de aprendizado ajustada para: 0.100000
2025-11-22 21:57:46,861 - INFO - Iniciando inferência com o modelo EfficientNetB7...
2025-11-22 21:57:56,672 - INFO - ==================================================
2025-11-22 21:57:56,673 - INFO - EXPERIMENT RESULTS
2025-11-22 21:57:56,673 - INFO - ==================================================
2025-11-22 21:57:56,673 - INFO - Elapsed Time Seconds     : 9.7606
2025-11-22 21:57:56,673 - INFO - Cpu Usage Percent        : 7.8000
2025-11-22 21:57:56,673 - INFO - Ram Peak Usage Bytes     : 4199227392.0000
2025-11-22 21:57:56,673 - INFO - Disk Read Bytes          : 0.0000
2025-11-22 21:57:56,673 - INFO - Disk Write Bytes         : 294912.0000
2025-11-22 21:57:56,673 - INFO - Vram Peak Usage Bytes    : 1746396276.0000
2025-11-22 21:57:56,673 - INFO - Gpu Power Watts Avg      : 261.9788
2025-11-22 21:57:56,673 - INFO - Gpu Power Watts Peak     : 300.1590
2025-11-22 21:57:56,673 - INFO - Gpu Temp Celsius Avg     : 64.6289
2025-11-22 21:57:56,673 - INFO - Gpu Temp Celsius Peak    : 68.0000
2025-11-22 21:57:56,673 - INFO - Gpu Utilization Percent Avg: 68.6082
2025-11-22 21:57:56,673 - INFO - Gpu Utilization Percent Peak: 82.0000
2025-11-22 21:57:56,673 - INFO - Gpu Mem Used Bytes Avg   : 22136684544.0000
2025-11-22 21:57:56,673 - INFO - Gpu Mem Used Bytes Peak  : 22136684544.0000
2025-11-22 21:57:56,673 - INFO - Gpu Vram Used Bytes      : 22136684544.0000
2025-11-22 21:57:56,673 - INFO - Accuracy                 : 0.1441
2025-11-22 21:57:56,673 - INFO - Precision                : 0.1508
2025-11-22 21:57:56,673 - INFO - Recall                   : 0.1441
2025-11-22 21:57:56,673 - INFO - F1 Score                 : 0.1116
2025-11-22 21:57:56,673 - INFO - ==================================================
2025-11-22 22:04:23,561 - INFO - Época 13 concluída. Loss média: 4.3472
2025-11-22 22:04:23,563 - INFO - Taxa de aprendizado ajustada para: 0.100000
2025-11-22 22:04:23,580 - INFO - Iniciando inferência com o modelo EfficientNetB7...
2025-11-22 22:04:33,684 - INFO - ==================================================
2025-11-22 22:04:33,684 - INFO - EXPERIMENT RESULTS
2025-11-22 22:04:33,684 - INFO - ==================================================
2025-11-22 22:04:33,684 - INFO - Elapsed Time Seconds     : 10.0543
2025-11-22 22:04:33,684 - INFO - Cpu Usage Percent        : 7.7313
2025-11-22 22:04:33,684 - INFO - Ram Peak Usage Bytes     : 4199866368.0000
2025-11-22 22:04:33,684 - INFO - Disk Read Bytes          : 0.0000
2025-11-22 22:04:33,684 - INFO - Disk Write Bytes         : 135168.0000
2025-11-22 22:04:33,684 - INFO - Vram Peak Usage Bytes    : 1746396276.0000
2025-11-22 22:04:33,684 - INFO - Gpu Power Watts Avg      : 254.5958
2025-11-22 22:04:33,684 - INFO - Gpu Power Watts Peak     : 303.2700
2025-11-22 22:04:33,684 - INFO - Gpu Temp Celsius Avg     : 64.1900
2025-11-22 22:04:33,684 - INFO - Gpu Temp Celsius Peak    : 68.0000
2025-11-22 22:04:33,684 - INFO - Gpu Utilization Percent Avg: 66.0700
2025-11-22 22:04:33,684 - INFO - Gpu Utilization Percent Peak: 84.0000
2025-11-22 22:04:33,684 - INFO - Gpu Mem Used Bytes Avg   : 22136684544.0000
2025-11-22 22:04:33,684 - INFO - Gpu Mem Used Bytes Peak  : 22136684544.0000
2025-11-22 22:04:33,684 - INFO - Gpu Vram Used Bytes      : 22136684544.0000
2025-11-22 22:04:33,685 - INFO - Accuracy                 : 0.1280
2025-11-22 22:04:33,685 - INFO - Precision                : 0.1573
2025-11-22 22:04:33,685 - INFO - Recall                   : 0.1280
2025-11-22 22:04:33,685 - INFO - F1 Score                 : 0.1047
2025-11-22 22:04:33,685 - INFO - ==================================================
2025-11-22 22:10:56,667 - INFO - Época 14 concluída. Loss média: 4.3284
2025-11-22 22:10:56,669 - INFO - Taxa de aprendizado ajustada para: 0.100000
2025-11-22 22:10:56,687 - INFO - Iniciando inferência com o modelo EfficientNetB7...
2025-11-22 22:11:06,997 - INFO - ==================================================
2025-11-22 22:11:06,997 - INFO - EXPERIMENT RESULTS
2025-11-22 22:11:06,997 - INFO - ==================================================
2025-11-22 22:11:06,997 - INFO - Elapsed Time Seconds     : 10.2602
2025-11-22 22:11:06,997 - INFO - Cpu Usage Percent        : 7.6750
2025-11-22 22:11:06,997 - INFO - Ram Peak Usage Bytes     : 4200157184.0000
2025-11-22 22:11:06,997 - INFO - Disk Read Bytes          : 0.0000
2025-11-22 22:11:06,997 - INFO - Disk Write Bytes         : 147456.0000
2025-11-22 22:11:06,997 - INFO - Vram Peak Usage Bytes    : 1746396276.0000
2025-11-22 22:11:06,997 - INFO - Gpu Power Watts Avg      : 245.7342
2025-11-22 22:11:06,997 - INFO - Gpu Power Watts Peak     : 284.9930
2025-11-22 22:11:06,997 - INFO - Gpu Temp Celsius Avg     : 63.2843
2025-11-22 22:11:06,997 - INFO - Gpu Temp Celsius Peak    : 66.0000
2025-11-22 22:11:06,997 - INFO - Gpu Utilization Percent Avg: 65.1961
2025-11-22 22:11:06,997 - INFO - Gpu Utilization Percent Peak: 81.0000
2025-11-22 22:11:06,997 - INFO - Gpu Mem Used Bytes Avg   : 22136684544.0000
2025-11-22 22:11:06,997 - INFO - Gpu Mem Used Bytes Peak  : 22136684544.0000
2025-11-22 22:11:06,997 - INFO - Gpu Vram Used Bytes      : 22136684544.0000
2025-11-22 22:11:06,997 - INFO - Accuracy                 : 0.1242
2025-11-22 22:11:06,997 - INFO - Precision                : 0.1411
2025-11-22 22:11:06,997 - INFO - Recall                   : 0.1242
2025-11-22 22:11:06,998 - INFO - F1 Score                 : 0.0939
2025-11-22 22:11:06,998 - INFO - ==================================================
2025-11-22 22:17:30,988 - INFO - Época 15 concluída. Loss média: 4.3037
2025-11-22 22:17:30,990 - INFO - Taxa de aprendizado ajustada para: 0.100000
2025-11-22 22:17:31,008 - INFO - Iniciando inferência com o modelo EfficientNetB7...
2025-11-22 22:17:41,050 - INFO - ==================================================
2025-11-22 22:17:41,050 - INFO - EXPERIMENT RESULTS
2025-11-22 22:17:41,050 - INFO - ==================================================
2025-11-22 22:17:41,050 - INFO - Elapsed Time Seconds     : 9.9929
2025-11-22 22:17:41,050 - INFO - Cpu Usage Percent        : 7.8688
2025-11-22 22:17:41,050 - INFO - Ram Peak Usage Bytes     : 4200738816.0000
2025-11-22 22:17:41,051 - INFO - Disk Read Bytes          : 0.0000
2025-11-22 22:17:41,051 - INFO - Disk Write Bytes         : 143360.0000
2025-11-22 22:17:41,051 - INFO - Vram Peak Usage Bytes    : 1746396276.0000
2025-11-22 22:17:41,051 - INFO - Gpu Power Watts Avg      : 252.5016
2025-11-22 22:17:41,051 - INFO - Gpu Power Watts Peak     : 288.7470
2025-11-22 22:17:41,051 - INFO - Gpu Temp Celsius Avg     : 63.8485
2025-11-22 22:17:41,051 - INFO - Gpu Temp Celsius Peak    : 67.0000
2025-11-22 22:17:41,051 - INFO - Gpu Utilization Percent Avg: 67.2626
2025-11-22 22:17:41,051 - INFO - Gpu Utilization Percent Peak: 82.0000
2025-11-22 22:17:41,051 - INFO - Gpu Mem Used Bytes Avg   : 22136684544.0000
2025-11-22 22:17:41,051 - INFO - Gpu Mem Used Bytes Peak  : 22136684544.0000
2025-11-22 22:17:41,051 - INFO - Gpu Vram Used Bytes      : 22136684544.0000
2025-11-22 22:17:41,051 - INFO - Accuracy                 : 0.1425
2025-11-22 22:17:41,051 - INFO - Precision                : 0.1542
2025-11-22 22:17:41,051 - INFO - Recall                   : 0.1425
2025-11-22 22:17:41,051 - INFO - F1 Score                 : 0.1114
2025-11-22 22:17:41,051 - INFO - ==================================================
2025-11-22 22:24:03,488 - INFO - Época 16 concluída. Loss média: 4.2826
2025-11-22 22:24:03,491 - INFO - Taxa de aprendizado ajustada para: 0.100000
2025-11-22 22:24:03,508 - INFO - Iniciando inferência com o modelo EfficientNetB7...
2025-11-22 22:24:14,549 - INFO - ==================================================
2025-11-22 22:24:14,549 - INFO - EXPERIMENT RESULTS
2025-11-22 22:24:14,549 - INFO - ==================================================
2025-11-22 22:24:14,549 - INFO - Elapsed Time Seconds     : 10.9914
2025-11-22 22:24:14,549 - INFO - Cpu Usage Percent        : 7.0438
2025-11-22 22:24:14,549 - INFO - Ram Peak Usage Bytes     : 4201267200.0000
2025-11-22 22:24:14,549 - INFO - Disk Read Bytes          : 0.0000
2025-11-22 22:24:14,549 - INFO - Disk Write Bytes         : 143360.0000
2025-11-22 22:24:14,549 - INFO - Vram Peak Usage Bytes    : 1746396276.0000
2025-11-22 22:24:14,549 - INFO - Gpu Power Watts Avg      : 235.1384
2025-11-22 22:24:14,550 - INFO - Gpu Power Watts Peak     : 290.8120
2025-11-22 22:24:14,550 - INFO - Gpu Temp Celsius Avg     : 63.2661
2025-11-22 22:24:14,550 - INFO - Gpu Temp Celsius Peak    : 67.0000
2025-11-22 22:24:14,550 - INFO - Gpu Utilization Percent Avg: 60.8349
2025-11-22 22:24:14,550 - INFO - Gpu Utilization Percent Peak: 83.0000
2025-11-22 22:24:14,550 - INFO - Gpu Mem Used Bytes Avg   : 22136684544.0000
2025-11-22 22:24:14,550 - INFO - Gpu Mem Used Bytes Peak  : 22136684544.0000
2025-11-22 22:24:14,550 - INFO - Gpu Vram Used Bytes      : 22136684544.0000
2025-11-22 22:24:14,550 - INFO - Accuracy                 : 0.1310
2025-11-22 22:24:14,550 - INFO - Precision                : 0.1666
2025-11-22 22:24:14,550 - INFO - Recall                   : 0.1310
2025-11-22 22:24:14,550 - INFO - F1 Score                 : 0.1051
2025-11-22 22:24:14,550 - INFO - ==================================================
2025-11-22 22:30:41,745 - INFO - Época 17 concluída. Loss média: 4.2625
2025-11-22 22:30:41,748 - INFO - Taxa de aprendizado ajustada para: 0.100000
2025-11-22 22:30:41,766 - INFO - Iniciando inferência com o modelo EfficientNetB7...
2025-11-22 22:30:51,549 - INFO - ==================================================
2025-11-22 22:30:51,549 - INFO - EXPERIMENT RESULTS
2025-11-22 22:30:51,549 - INFO - ==================================================
2025-11-22 22:30:51,550 - INFO - Elapsed Time Seconds     : 9.7342
2025-11-22 22:30:51,550 - INFO - Cpu Usage Percent        : 7.9000
2025-11-22 22:30:51,550 - INFO - Ram Peak Usage Bytes     : 4201570304.0000
2025-11-22 22:30:51,550 - INFO - Disk Read Bytes          : 0.0000
2025-11-22 22:30:51,550 - INFO - Disk Write Bytes         : 147456.0000
2025-11-22 22:30:51,550 - INFO - Vram Peak Usage Bytes    : 1746396276.0000
2025-11-22 22:30:51,550 - INFO - Gpu Power Watts Avg      : 251.8345
2025-11-22 22:30:51,550 - INFO - Gpu Power Watts Peak     : 289.4410
2025-11-22 22:30:51,550 - INFO - Gpu Temp Celsius Avg     : 63.5155
2025-11-22 22:30:51,550 - INFO - Gpu Temp Celsius Peak    : 66.0000
2025-11-22 22:30:51,550 - INFO - Gpu Utilization Percent Avg: 68.4021
2025-11-22 22:30:51,550 - INFO - Gpu Utilization Percent Peak: 83.0000
2025-11-22 22:30:51,550 - INFO - Gpu Mem Used Bytes Avg   : 22136684544.0000
2025-11-22 22:30:51,550 - INFO - Gpu Mem Used Bytes Peak  : 22136684544.0000
2025-11-22 22:30:51,550 - INFO - Gpu Vram Used Bytes      : 22136684544.0000
2025-11-22 22:30:51,550 - INFO - Accuracy                 : 0.1358
2025-11-22 22:30:51,550 - INFO - Precision                : 0.1622
2025-11-22 22:30:51,550 - INFO - Recall                   : 0.1358
2025-11-22 22:30:51,550 - INFO - F1 Score                 : 0.1100
2025-11-22 22:30:51,550 - INFO - ==================================================
2025-11-22 22:37:16,231 - INFO - Época 18 concluída. Loss média: 4.2474
2025-11-22 22:37:16,233 - INFO - Taxa de aprendizado ajustada para: 0.100000
2025-11-22 22:37:16,250 - INFO - Iniciando inferência com o modelo EfficientNetB7...
2025-11-22 22:37:26,157 - INFO - ==================================================
2025-11-22 22:37:26,157 - INFO - EXPERIMENT RESULTS
2025-11-22 22:37:26,158 - INFO - ==================================================
2025-11-22 22:37:26,158 - INFO - Elapsed Time Seconds     : 9.8577
2025-11-22 22:37:26,158 - INFO - Cpu Usage Percent        : 7.7625
2025-11-22 22:37:26,158 - INFO - Ram Peak Usage Bytes     : 4202418176.0000
2025-11-22 22:37:26,158 - INFO - Disk Read Bytes          : 0.0000
2025-11-22 22:37:26,158 - INFO - Disk Write Bytes         : 217088.0000
2025-11-22 22:37:26,158 - INFO - Vram Peak Usage Bytes    : 1746396276.0000
2025-11-22 22:37:26,158 - INFO - Gpu Power Watts Avg      : 248.0267
2025-11-22 22:37:26,158 - INFO - Gpu Power Watts Peak     : 291.1090
2025-11-22 22:37:26,158 - INFO - Gpu Temp Celsius Avg     : 63.6224
2025-11-22 22:37:26,158 - INFO - Gpu Temp Celsius Peak    : 67.0000
2025-11-22 22:37:26,158 - INFO - Gpu Utilization Percent Avg: 67.7347
2025-11-22 22:37:26,158 - INFO - Gpu Utilization Percent Peak: 85.0000
2025-11-22 22:37:26,158 - INFO - Gpu Mem Used Bytes Avg   : 22371565568.0000
2025-11-22 22:37:26,158 - INFO - Gpu Mem Used Bytes Peak  : 22371565568.0000
2025-11-22 22:37:26,158 - INFO - Gpu Vram Used Bytes      : 22371565568.0000
2025-11-22 22:37:26,158 - INFO - Accuracy                 : 0.1349
2025-11-22 22:37:26,158 - INFO - Precision                : 0.2081
2025-11-22 22:37:26,158 - INFO - Recall                   : 0.1349
2025-11-22 22:37:26,158 - INFO - F1 Score                 : 0.1172
2025-11-22 22:37:26,158 - INFO - ==================================================
2025-11-22 22:43:51,221 - INFO - Época 19 concluída. Loss média: 4.2344
2025-11-22 22:43:51,223 - INFO - Taxa de aprendizado ajustada para: 0.100000
2025-11-22 22:43:51,241 - INFO - Iniciando inferência com o modelo EfficientNetB7...
2025-11-22 22:44:01,152 - INFO - ==================================================
2025-11-22 22:44:01,152 - INFO - EXPERIMENT RESULTS
2025-11-22 22:44:01,152 - INFO - ==================================================
2025-11-22 22:44:01,152 - INFO - Elapsed Time Seconds     : 9.8617
2025-11-22 22:44:01,153 - INFO - Cpu Usage Percent        : 7.9125
2025-11-22 22:44:01,153 - INFO - Ram Peak Usage Bytes     : 4202713088.0000
2025-11-22 22:44:01,153 - INFO - Disk Read Bytes          : 0.0000
2025-11-22 22:44:01,153 - INFO - Disk Write Bytes         : 147456.0000
2025-11-22 22:44:01,153 - INFO - Vram Peak Usage Bytes    : 1746396276.0000
2025-11-22 22:44:01,153 - INFO - Gpu Power Watts Avg      : 250.7916
2025-11-22 22:44:01,153 - INFO - Gpu Power Watts Peak     : 292.0970
2025-11-22 22:44:01,153 - INFO - Gpu Temp Celsius Avg     : 63.2959
2025-11-22 22:44:01,153 - INFO - Gpu Temp Celsius Peak    : 66.0000
2025-11-22 22:44:01,153 - INFO - Gpu Utilization Percent Avg: 68.8571
2025-11-22 22:44:01,153 - INFO - Gpu Utilization Percent Peak: 85.0000
2025-11-22 22:44:01,153 - INFO - Gpu Mem Used Bytes Avg   : 22371565568.0000
2025-11-22 22:44:01,153 - INFO - Gpu Mem Used Bytes Peak  : 22371565568.0000
2025-11-22 22:44:01,153 - INFO - Gpu Vram Used Bytes      : 22371565568.0000
2025-11-22 22:44:01,153 - INFO - Accuracy                 : 0.1571
2025-11-22 22:44:01,153 - INFO - Precision                : 0.1693
2025-11-22 22:44:01,153 - INFO - Recall                   : 0.1571
2025-11-22 22:44:01,153 - INFO - F1 Score                 : 0.1270
2025-11-22 22:44:01,153 - INFO - ==================================================
2025-11-22 22:50:26,167 - INFO - Época 20 concluída. Loss média: 4.2225
2025-11-22 22:50:26,169 - INFO - Taxa de aprendizado ajustada para: 0.100000
2025-11-22 22:50:26,186 - INFO - Iniciando inferência com o modelo EfficientNetB7...
2025-11-22 22:50:36,598 - INFO - ==================================================
2025-11-22 22:50:36,598 - INFO - EXPERIMENT RESULTS
2025-11-22 22:50:36,598 - INFO - ==================================================
2025-11-22 22:50:36,598 - INFO - Elapsed Time Seconds     : 10.3623
2025-11-22 22:50:36,598 - INFO - Cpu Usage Percent        : 7.7812
2025-11-22 22:50:36,598 - INFO - Ram Peak Usage Bytes     : 4203212800.0000
2025-11-22 22:50:36,598 - INFO - Disk Read Bytes          : 0.0000
2025-11-22 22:50:36,598 - INFO - Disk Write Bytes         : 159744.0000
2025-11-22 22:50:36,598 - INFO - Vram Peak Usage Bytes    : 1746396276.0000
2025-11-22 22:50:36,598 - INFO - Gpu Power Watts Avg      : 240.8149
2025-11-22 22:50:36,599 - INFO - Gpu Power Watts Peak     : 282.5940
2025-11-22 22:50:36,599 - INFO - Gpu Temp Celsius Avg     : 63.0777
2025-11-22 22:50:36,599 - INFO - Gpu Temp Celsius Peak    : 66.0000
2025-11-22 22:50:36,599 - INFO - Gpu Utilization Percent Avg: 64.7961
2025-11-22 22:50:36,599 - INFO - Gpu Utilization Percent Peak: 82.0000
2025-11-22 22:50:36,599 - INFO - Gpu Mem Used Bytes Avg   : 22371565568.0000
2025-11-22 22:50:36,599 - INFO - Gpu Mem Used Bytes Peak  : 22371565568.0000
2025-11-22 22:50:36,599 - INFO - Gpu Vram Used Bytes      : 22371565568.0000
2025-11-22 22:50:36,599 - INFO - Accuracy                 : 0.1487
2025-11-22 22:50:36,599 - INFO - Precision                : 0.1901
2025-11-22 22:50:36,599 - INFO - Recall                   : 0.1487
2025-11-22 22:50:36,599 - INFO - F1 Score                 : 0.1183
2025-11-22 22:50:36,599 - INFO - ==================================================
2025-11-22 22:57:05,904 - INFO - Época 21 concluída. Loss média: 4.2101
2025-11-22 22:57:05,905 - INFO - Taxa de aprendizado ajustada para: 0.100000
2025-11-22 22:57:05,923 - INFO - Iniciando inferência com o modelo EfficientNetB7...
2025-11-22 22:57:16,548 - INFO - ==================================================
2025-11-22 22:57:16,548 - INFO - EXPERIMENT RESULTS
2025-11-22 22:57:16,548 - INFO - ==================================================
2025-11-22 22:57:16,548 - INFO - Elapsed Time Seconds     : 10.5742
2025-11-22 22:57:16,548 - INFO - Cpu Usage Percent        : 7.3625
2025-11-22 22:57:16,548 - INFO - Ram Peak Usage Bytes     : 4203388928.0000
2025-11-22 22:57:16,548 - INFO - Disk Read Bytes          : 0.0000
2025-11-22 22:57:16,548 - INFO - Disk Write Bytes         : 135168.0000
2025-11-22 22:57:16,548 - INFO - Vram Peak Usage Bytes    : 1746396276.0000
2025-11-22 22:57:16,548 - INFO - Gpu Power Watts Avg      : 236.9395
2025-11-22 22:57:16,548 - INFO - Gpu Power Watts Peak     : 282.1760
2025-11-22 22:57:16,548 - INFO - Gpu Temp Celsius Avg     : 62.5810
2025-11-22 22:57:16,548 - INFO - Gpu Temp Celsius Peak    : 66.0000
2025-11-22 22:57:16,548 - INFO - Gpu Utilization Percent Avg: 64.0571
2025-11-22 22:57:16,548 - INFO - Gpu Utilization Percent Peak: 83.0000
2025-11-22 22:57:16,548 - INFO - Gpu Mem Used Bytes Avg   : 22371565568.0000
2025-11-22 22:57:16,548 - INFO - Gpu Mem Used Bytes Peak  : 22371565568.0000
2025-11-22 22:57:16,549 - INFO - Gpu Vram Used Bytes      : 22371565568.0000
2025-11-22 22:57:16,549 - INFO - Accuracy                 : 0.1618
2025-11-22 22:57:16,549 - INFO - Precision                : 0.1993
2025-11-22 22:57:16,549 - INFO - Recall                   : 0.1618
2025-11-22 22:57:16,549 - INFO - F1 Score                 : 0.1396
2025-11-22 22:57:16,549 - INFO - ==================================================
2025-11-22 23:03:42,096 - INFO - Época 22 concluída. Loss média: 4.2108
2025-11-22 23:03:42,097 - INFO - Taxa de aprendizado ajustada para: 0.100000
2025-11-22 23:03:42,115 - INFO - Iniciando inferência com o modelo EfficientNetB7...
2025-11-22 23:03:52,324 - INFO - ==================================================
2025-11-22 23:03:52,324 - INFO - EXPERIMENT RESULTS
2025-11-22 23:03:52,324 - INFO - ==================================================
2025-11-22 23:03:52,324 - INFO - Elapsed Time Seconds     : 10.1582
2025-11-22 23:03:52,324 - INFO - Cpu Usage Percent        : 7.7125
2025-11-22 23:03:52,324 - INFO - Ram Peak Usage Bytes     : 4203659264.0000
2025-11-22 23:03:52,324 - INFO - Disk Read Bytes          : 0.0000
2025-11-22 23:03:52,324 - INFO - Disk Write Bytes         : 147456.0000
2025-11-22 23:03:52,324 - INFO - Vram Peak Usage Bytes    : 1746396276.0000
2025-11-22 23:03:52,324 - INFO - Gpu Power Watts Avg      : 240.3057
2025-11-22 23:03:52,324 - INFO - Gpu Power Watts Peak     : 283.2630
2025-11-22 23:03:52,324 - INFO - Gpu Temp Celsius Avg     : 63.1485
2025-11-22 23:03:52,324 - INFO - Gpu Temp Celsius Peak    : 66.0000
2025-11-22 23:03:52,324 - INFO - Gpu Utilization Percent Avg: 65.5842
2025-11-22 23:03:52,325 - INFO - Gpu Utilization Percent Peak: 84.0000
2025-11-22 23:03:52,325 - INFO - Gpu Mem Used Bytes Avg   : 22371565568.0000
2025-11-22 23:03:52,325 - INFO - Gpu Mem Used Bytes Peak  : 22371565568.0000
2025-11-22 23:03:52,325 - INFO - Gpu Vram Used Bytes      : 22371565568.0000
2025-11-22 23:03:52,325 - INFO - Accuracy                 : 0.1405
2025-11-22 23:03:52,325 - INFO - Precision                : 0.1726
2025-11-22 23:03:52,325 - INFO - Recall                   : 0.1405
2025-11-22 23:03:52,325 - INFO - F1 Score                 : 0.1132
2025-11-22 23:03:52,325 - INFO - ==================================================
2025-11-22 23:10:17,757 - INFO - Época 23 concluída. Loss média: 4.1949
2025-11-22 23:10:17,758 - INFO - Taxa de aprendizado ajustada para: 0.100000
2025-11-22 23:10:17,775 - INFO - Iniciando inferência com o modelo EfficientNetB7...
2025-11-22 23:10:27,661 - INFO - ==================================================
2025-11-22 23:10:27,661 - INFO - EXPERIMENT RESULTS
2025-11-22 23:10:27,662 - INFO - ==================================================
2025-11-22 23:10:27,662 - INFO - Elapsed Time Seconds     : 9.8361
2025-11-22 23:10:27,662 - INFO - Cpu Usage Percent        : 7.7000
2025-11-22 23:10:27,662 - INFO - Ram Peak Usage Bytes     : 4204740608.0000
2025-11-22 23:10:27,662 - INFO - Disk Read Bytes          : 0.0000
2025-11-22 23:10:27,662 - INFO - Disk Write Bytes         : 270336.0000
2025-11-22 23:10:27,662 - INFO - Vram Peak Usage Bytes    : 1746396276.0000
2025-11-22 23:10:27,662 - INFO - Gpu Power Watts Avg      : 246.8138
2025-11-22 23:10:27,662 - INFO - Gpu Power Watts Peak     : 284.6280
2025-11-22 23:10:27,662 - INFO - Gpu Temp Celsius Avg     : 63.3367
2025-11-22 23:10:27,662 - INFO - Gpu Temp Celsius Peak    : 66.0000
2025-11-22 23:10:27,662 - INFO - Gpu Utilization Percent Avg: 68.5816
2025-11-22 23:10:27,662 - INFO - Gpu Utilization Percent Peak: 85.0000
2025-11-22 23:10:27,662 - INFO - Gpu Mem Used Bytes Avg   : 22371565568.0000
2025-11-22 23:10:27,662 - INFO - Gpu Mem Used Bytes Peak  : 22371565568.0000
2025-11-22 23:10:27,662 - INFO - Gpu Vram Used Bytes      : 22371565568.0000
2025-11-22 23:10:27,662 - INFO - Accuracy                 : 0.1625
2025-11-22 23:10:27,662 - INFO - Precision                : 0.1824
2025-11-22 23:10:27,662 - INFO - Recall                   : 0.1625
2025-11-22 23:10:27,662 - INFO - F1 Score                 : 0.1362
2025-11-22 23:10:27,662 - INFO - ==================================================
2025-11-22 23:16:52,482 - INFO - Época 24 concluída. Loss média: 4.1953
2025-11-22 23:16:52,486 - INFO - Taxa de aprendizado ajustada para: 0.100000
2025-11-22 23:16:52,504 - INFO - Iniciando inferência com o modelo EfficientNetB7...
2025-11-22 23:17:02,596 - INFO - ==================================================
2025-11-22 23:17:02,596 - INFO - EXPERIMENT RESULTS
2025-11-22 23:17:02,596 - INFO - ==================================================
2025-11-22 23:17:02,596 - INFO - Elapsed Time Seconds     : 10.0422
2025-11-22 23:17:02,596 - INFO - Cpu Usage Percent        : 7.6875
2025-11-22 23:17:02,596 - INFO - Ram Peak Usage Bytes     : 4205125632.0000
2025-11-22 23:17:02,596 - INFO - Disk Read Bytes          : 0.0000
2025-11-22 23:17:02,596 - INFO - Disk Write Bytes         : 147456.0000
2025-11-22 23:17:02,596 - INFO - Vram Peak Usage Bytes    : 1746396276.0000
2025-11-22 23:17:02,596 - INFO - Gpu Power Watts Avg      : 241.9520
2025-11-22 23:17:02,597 - INFO - Gpu Power Watts Peak     : 278.3310
2025-11-22 23:17:02,597 - INFO - Gpu Temp Celsius Avg     : 62.7800
2025-11-22 23:17:02,597 - INFO - Gpu Temp Celsius Peak    : 65.0000
2025-11-22 23:17:02,597 - INFO - Gpu Utilization Percent Avg: 66.8200
2025-11-22 23:17:02,597 - INFO - Gpu Utilization Percent Peak: 83.0000
2025-11-22 23:17:02,597 - INFO - Gpu Mem Used Bytes Avg   : 22371565568.0000
2025-11-22 23:17:02,597 - INFO - Gpu Mem Used Bytes Peak  : 22371565568.0000
2025-11-22 23:17:02,597 - INFO - Gpu Vram Used Bytes      : 22371565568.0000
2025-11-22 23:17:02,597 - INFO - Accuracy                 : 0.1676
2025-11-22 23:17:02,597 - INFO - Precision                : 0.1826
2025-11-22 23:17:02,597 - INFO - Recall                   : 0.1676
2025-11-22 23:17:02,597 - INFO - F1 Score                 : 0.1430
2025-11-22 23:17:02,597 - INFO - ==================================================
2025-11-22 23:23:28,310 - INFO - Época 25 concluída. Loss média: 4.1848
2025-11-22 23:23:28,312 - INFO - Taxa de aprendizado ajustada para: 0.100000
2025-11-22 23:23:28,329 - INFO - Iniciando inferência com o modelo EfficientNetB7...
2025-11-22 23:23:38,075 - INFO - ==================================================
2025-11-22 23:23:38,075 - INFO - EXPERIMENT RESULTS
2025-11-22 23:23:38,075 - INFO - ==================================================
2025-11-22 23:23:38,075 - INFO - Elapsed Time Seconds     : 9.6926
2025-11-22 23:23:38,075 - INFO - Cpu Usage Percent        : 7.9125
2025-11-22 23:23:38,075 - INFO - Ram Peak Usage Bytes     : 4205289472.0000
2025-11-22 23:23:38,075 - INFO - Disk Read Bytes          : 0.0000
2025-11-22 23:23:38,075 - INFO - Disk Write Bytes         : 135168.0000
2025-11-22 23:23:38,075 - INFO - Vram Peak Usage Bytes    : 1746396276.0000
2025-11-22 23:23:38,075 - INFO - Gpu Power Watts Avg      : 244.5228
2025-11-22 23:23:38,075 - INFO - Gpu Power Watts Peak     : 283.0010
2025-11-22 23:23:38,075 - INFO - Gpu Temp Celsius Avg     : 62.7083
2025-11-22 23:23:38,075 - INFO - Gpu Temp Celsius Peak    : 65.0000
2025-11-22 23:23:38,076 - INFO - Gpu Utilization Percent Avg: 69.3646
2025-11-22 23:23:38,076 - INFO - Gpu Utilization Percent Peak: 85.0000
2025-11-22 23:23:38,076 - INFO - Gpu Mem Used Bytes Avg   : 22371565568.0000
2025-11-22 23:23:38,076 - INFO - Gpu Mem Used Bytes Peak  : 22371565568.0000
2025-11-22 23:23:38,076 - INFO - Gpu Vram Used Bytes      : 22371565568.0000
2025-11-22 23:23:38,076 - INFO - Accuracy                 : 0.1517
2025-11-22 23:23:38,076 - INFO - Precision                : 0.1772
2025-11-22 23:23:38,076 - INFO - Recall                   : 0.1517
2025-11-22 23:23:38,076 - INFO - F1 Score                 : 0.1200
2025-11-22 23:23:38,076 - INFO - ==================================================
2025-11-22 23:30:01,132 - INFO - Época 26 concluída. Loss média: 4.1855
2025-11-22 23:30:01,134 - INFO - Taxa de aprendizado ajustada para: 0.100000
2025-11-22 23:30:01,152 - INFO - Iniciando inferência com o modelo EfficientNetB7...
2025-11-22 23:30:11,282 - INFO - ==================================================
2025-11-22 23:30:11,282 - INFO - EXPERIMENT RESULTS
2025-11-22 23:30:11,282 - INFO - ==================================================
2025-11-22 23:30:11,282 - INFO - Elapsed Time Seconds     : 10.0795
2025-11-22 23:30:11,282 - INFO - Cpu Usage Percent        : 7.7062
2025-11-22 23:30:11,282 - INFO - Ram Peak Usage Bytes     : 4208943104.0000
2025-11-22 23:30:11,282 - INFO - Disk Read Bytes          : 0.0000
2025-11-22 23:30:11,282 - INFO - Disk Write Bytes         : 147456.0000
2025-11-22 23:30:11,282 - INFO - Vram Peak Usage Bytes    : 1746396276.0000
2025-11-22 23:30:11,282 - INFO - Gpu Power Watts Avg      : 242.8528
2025-11-22 23:30:11,283 - INFO - Gpu Power Watts Peak     : 280.7780
2025-11-22 23:30:11,283 - INFO - Gpu Temp Celsius Avg     : 63.1500
2025-11-22 23:30:11,283 - INFO - Gpu Temp Celsius Peak    : 66.0000
2025-11-22 23:30:11,283 - INFO - Gpu Utilization Percent Avg: 66.8600
2025-11-22 23:30:11,283 - INFO - Gpu Utilization Percent Peak: 84.0000
2025-11-22 23:30:11,283 - INFO - Gpu Mem Used Bytes Avg   : 22371565568.0000
2025-11-22 23:30:11,283 - INFO - Gpu Mem Used Bytes Peak  : 22371565568.0000
2025-11-22 23:30:11,283 - INFO - Gpu Vram Used Bytes      : 22371565568.0000
2025-11-22 23:30:11,283 - INFO - Accuracy                 : 0.1392
2025-11-22 23:30:11,283 - INFO - Precision                : 0.1943
2025-11-22 23:30:11,283 - INFO - Recall                   : 0.1392
2025-11-22 23:30:11,283 - INFO - F1 Score                 : 0.1195
2025-11-22 23:30:11,283 - INFO - ==================================================
2025-11-22 23:36:31,003 - INFO - Época 27 concluída. Loss média: 4.1785
2025-11-22 23:36:31,004 - INFO - Taxa de aprendizado ajustada para: 0.100000
2025-11-22 23:36:31,021 - INFO - Iniciando inferência com o modelo EfficientNetB7...
2025-11-22 23:36:40,830 - INFO - ==================================================
2025-11-22 23:36:40,830 - INFO - EXPERIMENT RESULTS
2025-11-22 23:36:40,830 - INFO - ==================================================
2025-11-22 23:36:40,830 - INFO - Elapsed Time Seconds     : 9.7574
2025-11-22 23:36:40,830 - INFO - Cpu Usage Percent        : 7.8187
2025-11-22 23:36:40,830 - INFO - Ram Peak Usage Bytes     : 4209369088.0000
2025-11-22 23:36:40,830 - INFO - Disk Read Bytes          : 0.0000
2025-11-22 23:36:40,830 - INFO - Disk Write Bytes         : 135168.0000
2025-11-22 23:36:40,830 - INFO - Vram Peak Usage Bytes    : 1746396276.0000
2025-11-22 23:36:40,830 - INFO - Gpu Power Watts Avg      : 247.3677
2025-11-22 23:36:40,830 - INFO - Gpu Power Watts Peak     : 283.1760
2025-11-22 23:36:40,830 - INFO - Gpu Temp Celsius Avg     : 63.2990
2025-11-22 23:36:40,830 - INFO - Gpu Temp Celsius Peak    : 66.0000
2025-11-22 23:36:40,831 - INFO - Gpu Utilization Percent Avg: 69.3505
2025-11-22 23:36:40,831 - INFO - Gpu Utilization Percent Peak: 85.0000
2025-11-22 23:36:40,831 - INFO - Gpu Mem Used Bytes Avg   : 22371565568.0000
2025-11-22 23:36:40,831 - INFO - Gpu Mem Used Bytes Peak  : 22371565568.0000
2025-11-22 23:36:40,831 - INFO - Gpu Vram Used Bytes      : 22371565568.0000
2025-11-22 23:36:40,831 - INFO - Accuracy                 : 0.1684
2025-11-22 23:36:40,831 - INFO - Precision                : 0.1964
2025-11-22 23:36:40,831 - INFO - Recall                   : 0.1684
2025-11-22 23:36:40,831 - INFO - F1 Score                 : 0.1442
2025-11-22 23:36:40,831 - INFO - ==================================================
2025-11-22 23:43:04,065 - INFO - Época 28 concluída. Loss média: 4.1744
2025-11-22 23:43:04,067 - INFO - Taxa de aprendizado ajustada para: 0.100000
2025-11-22 23:43:04,085 - INFO - Iniciando inferência com o modelo EfficientNetB7...
2025-11-22 23:43:14,281 - INFO - ==================================================
2025-11-22 23:43:14,281 - INFO - EXPERIMENT RESULTS
2025-11-22 23:43:14,281 - INFO - ==================================================
2025-11-22 23:43:14,281 - INFO - Elapsed Time Seconds     : 10.1460
2025-11-22 23:43:14,281 - INFO - Cpu Usage Percent        : 7.6250
2025-11-22 23:43:14,281 - INFO - Ram Peak Usage Bytes     : 4209836032.0000
2025-11-22 23:43:14,281 - INFO - Disk Read Bytes          : 0.0000
2025-11-22 23:43:14,281 - INFO - Disk Write Bytes         : 147456.0000
2025-11-22 23:43:14,281 - INFO - Vram Peak Usage Bytes    : 1746396276.0000
2025-11-22 23:43:14,282 - INFO - Gpu Power Watts Avg      : 240.6217
2025-11-22 23:43:14,282 - INFO - Gpu Power Watts Peak     : 281.2060
2025-11-22 23:43:14,282 - INFO - Gpu Temp Celsius Avg     : 62.8515
2025-11-22 23:43:14,282 - INFO - Gpu Temp Celsius Peak    : 66.0000
2025-11-22 23:43:14,282 - INFO - Gpu Utilization Percent Avg: 66.6535
2025-11-22 23:43:14,282 - INFO - Gpu Utilization Percent Peak: 84.0000
2025-11-22 23:43:14,282 - INFO - Gpu Mem Used Bytes Avg   : 22371565568.0000
2025-11-22 23:43:14,282 - INFO - Gpu Mem Used Bytes Peak  : 22371565568.0000
2025-11-22 23:43:14,282 - INFO - Gpu Vram Used Bytes      : 22371565568.0000
2025-11-22 23:43:14,282 - INFO - Accuracy                 : 0.1644
2025-11-22 23:43:14,282 - INFO - Precision                : 0.1914
2025-11-22 23:43:14,282 - INFO - Recall                   : 0.1644
2025-11-22 23:43:14,282 - INFO - F1 Score                 : 0.1378
2025-11-22 23:43:14,282 - INFO - ==================================================
2025-11-22 23:49:37,942 - INFO - Época 29 concluída. Loss média: 4.1700
2025-11-22 23:49:37,944 - INFO - Taxa de aprendizado ajustada para: 0.100000
2025-11-22 23:49:37,961 - INFO - Iniciando inferência com o modelo EfficientNetB7...
2025-11-22 23:49:48,113 - INFO - ==================================================
2025-11-22 23:49:48,113 - INFO - EXPERIMENT RESULTS
2025-11-22 23:49:48,113 - INFO - ==================================================
2025-11-22 23:49:48,114 - INFO - Elapsed Time Seconds     : 10.0830
2025-11-22 23:49:48,114 - INFO - Cpu Usage Percent        : 7.7000
2025-11-22 23:49:48,114 - INFO - Ram Peak Usage Bytes     : 4209967104.0000
2025-11-22 23:49:48,114 - INFO - Disk Read Bytes          : 0.0000
2025-11-22 23:49:48,114 - INFO - Disk Write Bytes         : 135168.0000
2025-11-22 23:49:48,114 - INFO - Vram Peak Usage Bytes    : 1746396276.0000
2025-11-22 23:49:48,114 - INFO - Gpu Power Watts Avg      : 240.9012
2025-11-22 23:49:48,114 - INFO - Gpu Power Watts Peak     : 281.9400
2025-11-22 23:49:48,114 - INFO - Gpu Temp Celsius Avg     : 62.4400
2025-11-22 23:49:48,114 - INFO - Gpu Temp Celsius Peak    : 66.0000
2025-11-22 23:49:48,114 - INFO - Gpu Utilization Percent Avg: 67.2700
2025-11-22 23:49:48,114 - INFO - Gpu Utilization Percent Peak: 85.0000
2025-11-22 23:49:48,114 - INFO - Gpu Mem Used Bytes Avg   : 22371565568.0000
2025-11-22 23:49:48,114 - INFO - Gpu Mem Used Bytes Peak  : 22371565568.0000
2025-11-22 23:49:48,114 - INFO - Gpu Vram Used Bytes      : 22371565568.0000
2025-11-22 23:49:48,114 - INFO - Accuracy                 : 0.1647
2025-11-22 23:49:48,114 - INFO - Precision                : 0.2009
2025-11-22 23:49:48,114 - INFO - Recall                   : 0.1647
2025-11-22 23:49:48,114 - INFO - F1 Score                 : 0.1424
2025-11-22 23:49:48,114 - INFO - ==================================================
2025-11-22 23:56:13,642 - INFO - Época 30 concluída. Loss média: 4.1669
2025-11-22 23:56:13,643 - INFO - Taxa de aprendizado ajustada para: 0.010000
2025-11-22 23:56:13,661 - INFO - Iniciando inferência com o modelo EfficientNetB7...
2025-11-22 23:56:23,371 - INFO - ==================================================
2025-11-22 23:56:23,372 - INFO - EXPERIMENT RESULTS
2025-11-22 23:56:23,372 - INFO - ==================================================
2025-11-22 23:56:23,372 - INFO - Elapsed Time Seconds     : 9.6609
2025-11-22 23:56:23,372 - INFO - Cpu Usage Percent        : 7.8063
2025-11-22 23:56:23,372 - INFO - Ram Peak Usage Bytes     : 4210221056.0000
2025-11-22 23:56:23,372 - INFO - Disk Read Bytes          : 0.0000
2025-11-22 23:56:23,372 - INFO - Disk Write Bytes         : 356352.0000
2025-11-22 23:56:23,372 - INFO - Vram Peak Usage Bytes    : 1746396276.0000
2025-11-22 23:56:23,372 - INFO - Gpu Power Watts Avg      : 246.5148
2025-11-22 23:56:23,372 - INFO - Gpu Power Watts Peak     : 285.2080
2025-11-22 23:56:23,372 - INFO - Gpu Temp Celsius Avg     : 63.0208
2025-11-22 23:56:23,372 - INFO - Gpu Temp Celsius Peak    : 66.0000
2025-11-22 23:56:23,372 - INFO - Gpu Utilization Percent Avg: 69.8021
2025-11-22 23:56:23,372 - INFO - Gpu Utilization Percent Peak: 85.0000
2025-11-22 23:56:23,372 - INFO - Gpu Mem Used Bytes Avg   : 22371565568.0000
2025-11-22 23:56:23,372 - INFO - Gpu Mem Used Bytes Peak  : 22371565568.0000
2025-11-22 23:56:23,372 - INFO - Gpu Vram Used Bytes      : 22371565568.0000
2025-11-22 23:56:23,372 - INFO - Accuracy                 : 0.1707
2025-11-22 23:56:23,372 - INFO - Precision                : 0.2197
2025-11-22 23:56:23,372 - INFO - Recall                   : 0.1707
2025-11-22 23:56:23,373 - INFO - F1 Score                 : 0.1479
2025-11-22 23:56:23,373 - INFO - ==================================================
2025-11-23 00:02:49,981 - INFO - Época 31 concluída. Loss média: 3.8665
2025-11-23 00:02:49,982 - INFO - Taxa de aprendizado ajustada para: 0.010000
2025-11-23 00:02:50,000 - INFO - Iniciando inferência com o modelo EfficientNetB7...
2025-11-23 00:02:59,852 - INFO - ==================================================
2025-11-23 00:02:59,852 - INFO - EXPERIMENT RESULTS
2025-11-23 00:02:59,852 - INFO - ==================================================
2025-11-23 00:02:59,852 - INFO - Elapsed Time Seconds     : 9.8018
2025-11-23 00:02:59,852 - INFO - Cpu Usage Percent        : 7.7375
2025-11-23 00:02:59,852 - INFO - Ram Peak Usage Bytes     : 4210503680.0000
2025-11-23 00:02:59,852 - INFO - Disk Read Bytes          : 0.0000
2025-11-23 00:02:59,853 - INFO - Disk Write Bytes         : 163840.0000
2025-11-23 00:02:59,853 - INFO - Vram Peak Usage Bytes    : 1746396276.0000
2025-11-23 00:02:59,853 - INFO - Gpu Power Watts Avg      : 243.1795
2025-11-23 00:02:59,853 - INFO - Gpu Power Watts Peak     : 284.5490
2025-11-23 00:02:59,853 - INFO - Gpu Temp Celsius Avg     : 62.9588
2025-11-23 00:02:59,853 - INFO - Gpu Temp Celsius Peak    : 66.0000
2025-11-23 00:02:59,853 - INFO - Gpu Utilization Percent Avg: 68.3711
2025-11-23 00:02:59,853 - INFO - Gpu Utilization Percent Peak: 85.0000
2025-11-23 00:02:59,853 - INFO - Gpu Mem Used Bytes Avg   : 22371565568.0000
2025-11-23 00:02:59,853 - INFO - Gpu Mem Used Bytes Peak  : 22371565568.0000
2025-11-23 00:02:59,853 - INFO - Gpu Vram Used Bytes      : 22371565568.0000
2025-11-23 00:02:59,853 - INFO - Accuracy                 : 0.2835
2025-11-23 00:02:59,853 - INFO - Precision                : 0.2677
2025-11-23 00:02:59,853 - INFO - Recall                   : 0.2835
2025-11-23 00:02:59,853 - INFO - F1 Score                 : 0.2564
2025-11-23 00:02:59,853 - INFO - ==================================================
2025-11-23 00:09:25,893 - INFO - Época 32 concluída. Loss média: 3.7889
2025-11-23 00:09:25,895 - INFO - Taxa de aprendizado ajustada para: 0.010000
2025-11-23 00:09:25,912 - INFO - Iniciando inferência com o modelo EfficientNetB7...
2025-11-23 00:09:36,135 - INFO - ==================================================
2025-11-23 00:09:36,135 - INFO - EXPERIMENT RESULTS
2025-11-23 00:09:36,135 - INFO - ==================================================
2025-11-23 00:09:36,135 - INFO - Elapsed Time Seconds     : 10.1489
2025-11-23 00:09:36,136 - INFO - Cpu Usage Percent        : 7.4938
2025-11-23 00:09:36,136 - INFO - Ram Peak Usage Bytes     : 4210905088.0000
2025-11-23 00:09:36,136 - INFO - Disk Read Bytes          : 0.0000
2025-11-23 00:09:36,136 - INFO - Disk Write Bytes         : 135168.0000
2025-11-23 00:09:36,136 - INFO - Vram Peak Usage Bytes    : 1746396276.0000
2025-11-23 00:09:36,136 - INFO - Gpu Power Watts Avg      : 241.3170
2025-11-23 00:09:36,136 - INFO - Gpu Power Watts Peak     : 283.7270
2025-11-23 00:09:36,136 - INFO - Gpu Temp Celsius Avg     : 62.5941
2025-11-23 00:09:36,136 - INFO - Gpu Temp Celsius Peak    : 66.0000
2025-11-23 00:09:36,136 - INFO - Gpu Utilization Percent Avg: 66.6634
2025-11-23 00:09:36,136 - INFO - Gpu Utilization Percent Peak: 85.0000
2025-11-23 00:09:36,136 - INFO - Gpu Mem Used Bytes Avg   : 22371565568.0000
2025-11-23 00:09:36,136 - INFO - Gpu Mem Used Bytes Peak  : 22371565568.0000
2025-11-23 00:09:36,136 - INFO - Gpu Vram Used Bytes      : 22371565568.0000
2025-11-23 00:09:36,136 - INFO - Accuracy                 : 0.2907
2025-11-23 00:09:36,136 - INFO - Precision                : 0.2848
2025-11-23 00:09:36,136 - INFO - Recall                   : 0.2907
2025-11-23 00:09:36,136 - INFO - F1 Score                 : 0.2693
2025-11-23 00:09:36,136 - INFO - ==================================================
2025-11-23 00:16:01,101 - INFO - Época 33 concluída. Loss média: 3.7638
2025-11-23 00:16:01,103 - INFO - Taxa de aprendizado ajustada para: 0.010000
2025-11-23 00:16:01,120 - INFO - Iniciando inferência com o modelo EfficientNetB7...
2025-11-23 00:16:11,329 - INFO - ==================================================
2025-11-23 00:16:11,329 - INFO - EXPERIMENT RESULTS
2025-11-23 00:16:11,329 - INFO - ==================================================
2025-11-23 00:16:11,329 - INFO - Elapsed Time Seconds     : 10.1584
2025-11-23 00:16:11,329 - INFO - Cpu Usage Percent        : 7.6312
2025-11-23 00:16:11,329 - INFO - Ram Peak Usage Bytes     : 4211699712.0000
2025-11-23 00:16:11,329 - INFO - Disk Read Bytes          : 0.0000
2025-11-23 00:16:11,329 - INFO - Disk Write Bytes         : 163840.0000
2025-11-23 00:16:11,329 - INFO - Vram Peak Usage Bytes    : 1746396276.0000
2025-11-23 00:16:11,329 - INFO - Gpu Power Watts Avg      : 238.7362
2025-11-23 00:16:11,329 - INFO - Gpu Power Watts Peak     : 280.3170
2025-11-23 00:16:11,329 - INFO - Gpu Temp Celsius Avg     : 62.9208
2025-11-23 00:16:11,329 - INFO - Gpu Temp Celsius Peak    : 66.0000
2025-11-23 00:16:11,329 - INFO - Gpu Utilization Percent Avg: 66.0990
2025-11-23 00:16:11,330 - INFO - Gpu Utilization Percent Peak: 84.0000
2025-11-23 00:16:11,330 - INFO - Gpu Mem Used Bytes Avg   : 22371565568.0000
2025-11-23 00:16:11,330 - INFO - Gpu Mem Used Bytes Peak  : 22371565568.0000
2025-11-23 00:16:11,330 - INFO - Gpu Vram Used Bytes      : 22371565568.0000
2025-11-23 00:16:11,330 - INFO - Accuracy                 : 0.3014
2025-11-23 00:16:11,330 - INFO - Precision                : 0.2849
2025-11-23 00:16:11,330 - INFO - Recall                   : 0.3014
2025-11-23 00:16:11,330 - INFO - F1 Score                 : 0.2782
2025-11-23 00:16:11,330 - INFO - ==================================================
2025-11-23 00:22:35,244 - INFO - Época 34 concluída. Loss média: 3.7490
2025-11-23 00:22:35,246 - INFO - Taxa de aprendizado ajustada para: 0.010000
2025-11-23 00:22:35,264 - INFO - Iniciando inferência com o modelo EfficientNetB7...
2025-11-23 00:22:45,279 - INFO - ==================================================
2025-11-23 00:22:45,279 - INFO - EXPERIMENT RESULTS
2025-11-23 00:22:45,279 - INFO - ==================================================
2025-11-23 00:22:45,279 - INFO - Elapsed Time Seconds     : 9.9636
2025-11-23 00:22:45,279 - INFO - Cpu Usage Percent        : 7.6750
2025-11-23 00:22:45,279 - INFO - Ram Peak Usage Bytes     : 4211978240.0000
2025-11-23 00:22:45,280 - INFO - Disk Read Bytes          : 0.0000
2025-11-23 00:22:45,280 - INFO - Disk Write Bytes         : 135168.0000
2025-11-23 00:22:45,280 - INFO - Vram Peak Usage Bytes    : 1746396276.0000
2025-11-23 00:22:45,280 - INFO - Gpu Power Watts Avg      : 241.6481
2025-11-23 00:22:45,280 - INFO - Gpu Power Watts Peak     : 282.9670
2025-11-23 00:22:45,280 - INFO - Gpu Temp Celsius Avg     : 62.4747
2025-11-23 00:22:45,280 - INFO - Gpu Temp Celsius Peak    : 66.0000
2025-11-23 00:22:45,280 - INFO - Gpu Utilization Percent Avg: 67.8182
2025-11-23 00:22:45,280 - INFO - Gpu Utilization Percent Peak: 85.0000
2025-11-23 00:22:45,280 - INFO - Gpu Mem Used Bytes Avg   : 22371565568.0000
2025-11-23 00:22:45,280 - INFO - Gpu Mem Used Bytes Peak  : 22371565568.0000
2025-11-23 00:22:45,280 - INFO - Gpu Vram Used Bytes      : 22371565568.0000
2025-11-23 00:22:45,280 - INFO - Accuracy                 : 0.3043
2025-11-23 00:22:45,280 - INFO - Precision                : 0.2941
2025-11-23 00:22:45,280 - INFO - Recall                   : 0.3043
2025-11-23 00:22:45,280 - INFO - F1 Score                 : 0.2811
2025-11-23 00:22:45,280 - INFO - ==================================================
2025-11-23 00:29:09,189 - INFO - Época 35 concluída. Loss média: 3.7412
2025-11-23 00:29:09,191 - INFO - Taxa de aprendizado ajustada para: 0.010000
2025-11-23 00:29:09,208 - INFO - Iniciando inferência com o modelo EfficientNetB7...
2025-11-23 00:29:19,199 - INFO - ==================================================
2025-11-23 00:29:19,199 - INFO - EXPERIMENT RESULTS
2025-11-23 00:29:19,199 - INFO - ==================================================
2025-11-23 00:29:19,200 - INFO - Elapsed Time Seconds     : 9.9395
2025-11-23 00:29:19,200 - INFO - Cpu Usage Percent        : 7.6375
2025-11-23 00:29:19,200 - INFO - Ram Peak Usage Bytes     : 4212289536.0000
2025-11-23 00:29:19,200 - INFO - Disk Read Bytes          : 0.0000
2025-11-23 00:29:19,200 - INFO - Disk Write Bytes         : 225280.0000
2025-11-23 00:29:19,200 - INFO - Vram Peak Usage Bytes    : 1746396276.0000
2025-11-23 00:29:19,200 - INFO - Gpu Power Watts Avg      : 241.8671
2025-11-23 00:29:19,200 - INFO - Gpu Power Watts Peak     : 282.6300
2025-11-23 00:29:19,200 - INFO - Gpu Temp Celsius Avg     : 62.8283
2025-11-23 00:29:19,200 - INFO - Gpu Temp Celsius Peak    : 66.0000
2025-11-23 00:29:19,200 - INFO - Gpu Utilization Percent Avg: 67.8384
2025-11-23 00:29:19,200 - INFO - Gpu Utilization Percent Peak: 85.0000
2025-11-23 00:29:19,200 - INFO - Gpu Mem Used Bytes Avg   : 22371565568.0000
2025-11-23 00:29:19,200 - INFO - Gpu Mem Used Bytes Peak  : 22371565568.0000
2025-11-23 00:29:19,200 - INFO - Gpu Vram Used Bytes      : 22371565568.0000
2025-11-23 00:29:19,200 - INFO - Accuracy                 : 0.3067
2025-11-23 00:29:19,200 - INFO - Precision                : 0.3101
2025-11-23 00:29:19,200 - INFO - Recall                   : 0.3067
2025-11-23 00:29:19,200 - INFO - F1 Score                 : 0.2849
2025-11-23 00:29:19,200 - INFO - ==================================================
2025-11-23 00:35:44,578 - INFO - Época 36 concluída. Loss média: 3.7392
2025-11-23 00:35:44,580 - INFO - Taxa de aprendizado ajustada para: 0.010000
2025-11-23 00:35:44,597 - INFO - Iniciando inferência com o modelo EfficientNetB7...
2025-11-23 00:35:54,794 - INFO - ==================================================
2025-11-23 00:35:54,794 - INFO - EXPERIMENT RESULTS
2025-11-23 00:35:54,794 - INFO - ==================================================
2025-11-23 00:35:54,794 - INFO - Elapsed Time Seconds     : 10.1464
2025-11-23 00:35:54,794 - INFO - Cpu Usage Percent        : 7.4875
2025-11-23 00:35:54,794 - INFO - Ram Peak Usage Bytes     : 4212756480.0000
2025-11-23 00:35:54,794 - INFO - Disk Read Bytes          : 0.0000
2025-11-23 00:35:54,794 - INFO - Disk Write Bytes         : 151552.0000
2025-11-23 00:35:54,794 - INFO - Vram Peak Usage Bytes    : 1746396276.0000
2025-11-23 00:35:54,794 - INFO - Gpu Power Watts Avg      : 238.7546
2025-11-23 00:35:54,795 - INFO - Gpu Power Watts Peak     : 282.0410
2025-11-23 00:35:54,795 - INFO - Gpu Temp Celsius Avg     : 62.7030
2025-11-23 00:35:54,795 - INFO - Gpu Temp Celsius Peak    : 66.0000
2025-11-23 00:35:54,795 - INFO - Gpu Utilization Percent Avg: 66.1188
2025-11-23 00:35:54,795 - INFO - Gpu Utilization Percent Peak: 84.0000
2025-11-23 00:35:54,795 - INFO - Gpu Mem Used Bytes Avg   : 22371565568.0000
2025-11-23 00:35:54,795 - INFO - Gpu Mem Used Bytes Peak  : 22371565568.0000
2025-11-23 00:35:54,795 - INFO - Gpu Vram Used Bytes      : 22371565568.0000
2025-11-23 00:35:54,795 - INFO - Accuracy                 : 0.3045
2025-11-23 00:35:54,795 - INFO - Precision                : 0.2952
2025-11-23 00:35:54,795 - INFO - Recall                   : 0.3045
2025-11-23 00:35:54,795 - INFO - F1 Score                 : 0.2775
2025-11-23 00:35:54,795 - INFO - ==================================================
2025-11-23 00:42:19,545 - INFO - Época 37 concluída. Loss média: 3.7333
2025-11-23 00:42:19,547 - INFO - Taxa de aprendizado ajustada para: 0.010000
2025-11-23 00:42:19,565 - INFO - Iniciando inferência com o modelo EfficientNetB7...
2025-11-23 00:42:29,507 - INFO - ==================================================
2025-11-23 00:42:29,507 - INFO - EXPERIMENT RESULTS
2025-11-23 00:42:29,507 - INFO - ==================================================
2025-11-23 00:42:29,507 - INFO - Elapsed Time Seconds     : 9.8916
2025-11-23 00:42:29,508 - INFO - Cpu Usage Percent        : 7.7875
2025-11-23 00:42:29,508 - INFO - Ram Peak Usage Bytes     : 4213989376.0000
2025-11-23 00:42:29,508 - INFO - Disk Read Bytes          : 0.0000
2025-11-23 00:42:29,508 - INFO - Disk Write Bytes         : 151552.0000
2025-11-23 00:42:29,508 - INFO - Vram Peak Usage Bytes    : 1746396276.0000
2025-11-23 00:42:29,508 - INFO - Gpu Power Watts Avg      : 242.1320
2025-11-23 00:42:29,508 - INFO - Gpu Power Watts Peak     : 282.4380
2025-11-23 00:42:29,508 - INFO - Gpu Temp Celsius Avg     : 63.0000
2025-11-23 00:42:29,508 - INFO - Gpu Temp Celsius Peak    : 66.0000
2025-11-23 00:42:29,508 - INFO - Gpu Utilization Percent Avg: 67.9082
2025-11-23 00:42:29,508 - INFO - Gpu Utilization Percent Peak: 84.0000
2025-11-23 00:42:29,508 - INFO - Gpu Mem Used Bytes Avg   : 22371565568.0000
2025-11-23 00:42:29,508 - INFO - Gpu Mem Used Bytes Peak  : 22371565568.0000
2025-11-23 00:42:29,508 - INFO - Gpu Vram Used Bytes      : 22371565568.0000
2025-11-23 00:42:29,508 - INFO - Accuracy                 : 0.3006
2025-11-23 00:42:29,508 - INFO - Precision                : 0.3018
2025-11-23 00:42:29,508 - INFO - Recall                   : 0.3006
2025-11-23 00:42:29,508 - INFO - F1 Score                 : 0.2769
2025-11-23 00:42:29,508 - INFO - ==================================================
2025-11-23 00:48:54,156 - INFO - Época 38 concluída. Loss média: 3.7228
2025-11-23 00:48:54,158 - INFO - Taxa de aprendizado ajustada para: 0.010000
2025-11-23 00:48:54,176 - INFO - Iniciando inferência com o modelo EfficientNetB7...
2025-11-23 00:49:04,711 - INFO - ==================================================
2025-11-23 00:49:04,711 - INFO - EXPERIMENT RESULTS
2025-11-23 00:49:04,711 - INFO - ==================================================
2025-11-23 00:49:04,711 - INFO - Elapsed Time Seconds     : 10.4839
2025-11-23 00:49:04,711 - INFO - Cpu Usage Percent        : 7.8000
2025-11-23 00:49:04,711 - INFO - Ram Peak Usage Bytes     : 4214259712.0000
2025-11-23 00:49:04,711 - INFO - Disk Read Bytes          : 0.0000
2025-11-23 00:49:04,711 - INFO - Disk Write Bytes         : 151552.0000
2025-11-23 00:49:04,711 - INFO - Vram Peak Usage Bytes    : 1746396276.0000
2025-11-23 00:49:04,711 - INFO - Gpu Power Watts Avg      : 234.8117
2025-11-23 00:49:04,711 - INFO - Gpu Power Watts Peak     : 280.3990
2025-11-23 00:49:04,711 - INFO - Gpu Temp Celsius Avg     : 62.4231
2025-11-23 00:49:04,711 - INFO - Gpu Temp Celsius Peak    : 65.0000
2025-11-23 00:49:04,711 - INFO - Gpu Utilization Percent Avg: 64.5385
2025-11-23 00:49:04,711 - INFO - Gpu Utilization Percent Peak: 84.0000
2025-11-23 00:49:04,711 - INFO - Gpu Mem Used Bytes Avg   : 22371565568.0000
2025-11-23 00:49:04,711 - INFO - Gpu Mem Used Bytes Peak  : 22371565568.0000
2025-11-23 00:49:04,711 - INFO - Gpu Vram Used Bytes      : 22371565568.0000
2025-11-23 00:49:04,711 - INFO - Accuracy                 : 0.3122
2025-11-23 00:49:04,711 - INFO - Precision                : 0.3097
2025-11-23 00:49:04,712 - INFO - Recall                   : 0.3122
2025-11-23 00:49:04,712 - INFO - F1 Score                 : 0.2922
2025-11-23 00:49:04,712 - INFO - ==================================================
2025-11-23 00:55:29,431 - INFO - Época 39 concluída. Loss média: 3.7133
2025-11-23 00:55:29,433 - INFO - Taxa de aprendizado ajustada para: 0.010000
2025-11-23 00:55:29,450 - INFO - Iniciando inferência com o modelo EfficientNetB7...
2025-11-23 00:55:39,640 - INFO - ==================================================
2025-11-23 00:55:39,640 - INFO - EXPERIMENT RESULTS
2025-11-23 00:55:39,640 - INFO - ==================================================
2025-11-23 00:55:39,640 - INFO - Elapsed Time Seconds     : 10.1391
2025-11-23 00:55:39,640 - INFO - Cpu Usage Percent        : 7.8000
2025-11-23 00:55:39,641 - INFO - Ram Peak Usage Bytes     : 4214562816.0000
2025-11-23 00:55:39,641 - INFO - Disk Read Bytes          : 0.0000
2025-11-23 00:55:39,641 - INFO - Disk Write Bytes         : 135168.0000
2025-11-23 00:55:39,641 - INFO - Vram Peak Usage Bytes    : 1746396276.0000
2025-11-23 00:55:39,641 - INFO - Gpu Power Watts Avg      : 240.0581
2025-11-23 00:55:39,641 - INFO - Gpu Power Watts Peak     : 279.1330
2025-11-23 00:55:39,641 - INFO - Gpu Temp Celsius Avg     : 62.5644
2025-11-23 00:55:39,641 - INFO - Gpu Temp Celsius Peak    : 65.0000
2025-11-23 00:55:39,641 - INFO - Gpu Utilization Percent Avg: 66.8218
2025-11-23 00:55:39,641 - INFO - Gpu Utilization Percent Peak: 84.0000
2025-11-23 00:55:39,641 - INFO - Gpu Mem Used Bytes Avg   : 22371565568.0000
2025-11-23 00:55:39,641 - INFO - Gpu Mem Used Bytes Peak  : 22371565568.0000
2025-11-23 00:55:39,641 - INFO - Gpu Vram Used Bytes      : 22371565568.0000
2025-11-23 00:55:39,641 - INFO - Accuracy                 : 0.3073
2025-11-23 00:55:39,641 - INFO - Precision                : 0.3099
2025-11-23 00:55:39,641 - INFO - Recall                   : 0.3073
2025-11-23 00:55:39,641 - INFO - F1 Score                 : 0.2831
2025-11-23 00:55:39,641 - INFO - ==================================================
2025-11-23 01:02:03,643 - INFO - Época 40 concluída. Loss média: 3.7088
2025-11-23 01:02:03,644 - INFO - Taxa de aprendizado ajustada para: 0.010000
2025-11-23 01:02:03,661 - INFO - Iniciando inferência com o modelo EfficientNetB7...
2025-11-23 01:02:13,688 - INFO - ==================================================
2025-11-23 01:02:13,689 - INFO - EXPERIMENT RESULTS
2025-11-23 01:02:13,689 - INFO - ==================================================
2025-11-23 01:02:13,689 - INFO - Elapsed Time Seconds     : 9.9766
2025-11-23 01:02:13,689 - INFO - Cpu Usage Percent        : 7.7000
2025-11-23 01:02:13,689 - INFO - Ram Peak Usage Bytes     : 4214915072.0000
2025-11-23 01:02:13,689 - INFO - Disk Read Bytes          : 0.0000
2025-11-23 01:02:13,689 - INFO - Disk Write Bytes         : 151552.0000
2025-11-23 01:02:13,689 - INFO - Vram Peak Usage Bytes    : 1746396276.0000
2025-11-23 01:02:13,689 - INFO - Gpu Power Watts Avg      : 239.1316
2025-11-23 01:02:13,689 - INFO - Gpu Power Watts Peak     : 280.4390
2025-11-23 01:02:13,689 - INFO - Gpu Temp Celsius Avg     : 62.6768
2025-11-23 01:02:13,689 - INFO - Gpu Temp Celsius Peak    : 66.0000
2025-11-23 01:02:13,689 - INFO - Gpu Utilization Percent Avg: 66.9394
2025-11-23 01:02:13,689 - INFO - Gpu Utilization Percent Peak: 84.0000
2025-11-23 01:02:13,689 - INFO - Gpu Mem Used Bytes Avg   : 22371565568.0000
2025-11-23 01:02:13,689 - INFO - Gpu Mem Used Bytes Peak  : 22371565568.0000
2025-11-23 01:02:13,689 - INFO - Gpu Vram Used Bytes      : 22371565568.0000
2025-11-23 01:02:13,689 - INFO - Accuracy                 : 0.3090
2025-11-23 01:02:13,689 - INFO - Precision                : 0.3064
2025-11-23 01:02:13,689 - INFO - Recall                   : 0.3090
2025-11-23 01:02:13,689 - INFO - F1 Score                 : 0.2844
2025-11-23 01:02:13,689 - INFO - ==================================================
2025-11-23 01:08:37,630 - INFO - Época 41 concluída. Loss média: 3.7046
2025-11-23 01:08:37,633 - INFO - Taxa de aprendizado ajustada para: 0.010000
2025-11-23 01:08:37,650 - INFO - Iniciando inferência com o modelo EfficientNetB7...
2025-11-23 01:08:47,524 - INFO - ==================================================
2025-11-23 01:08:47,524 - INFO - EXPERIMENT RESULTS
2025-11-23 01:08:47,524 - INFO - ==================================================
2025-11-23 01:08:47,524 - INFO - Elapsed Time Seconds     : 9.8228
2025-11-23 01:08:47,524 - INFO - Cpu Usage Percent        : 7.8563
2025-11-23 01:08:47,524 - INFO - Ram Peak Usage Bytes     : 4215255040.0000
2025-11-23 01:08:47,524 - INFO - Disk Read Bytes          : 0.0000
2025-11-23 01:08:47,524 - INFO - Disk Write Bytes         : 135168.0000
2025-11-23 01:08:47,524 - INFO - Vram Peak Usage Bytes    : 1746396276.0000
2025-11-23 01:08:47,524 - INFO - Gpu Power Watts Avg      : 243.8270
2025-11-23 01:08:47,525 - INFO - Gpu Power Watts Peak     : 282.5190
2025-11-23 01:08:47,525 - INFO - Gpu Temp Celsius Avg     : 62.8351
2025-11-23 01:08:47,525 - INFO - Gpu Temp Celsius Peak    : 65.0000
2025-11-23 01:08:47,525 - INFO - Gpu Utilization Percent Avg: 68.6082
2025-11-23 01:08:47,525 - INFO - Gpu Utilization Percent Peak: 85.0000
2025-11-23 01:08:47,525 - INFO - Gpu Mem Used Bytes Avg   : 22371565568.0000
2025-11-23 01:08:47,525 - INFO - Gpu Mem Used Bytes Peak  : 22371565568.0000
2025-11-23 01:08:47,525 - INFO - Gpu Vram Used Bytes      : 22371565568.0000
2025-11-23 01:08:47,525 - INFO - Accuracy                 : 0.3126
2025-11-23 01:08:47,525 - INFO - Precision                : 0.3116
2025-11-23 01:08:47,525 - INFO - Recall                   : 0.3126
2025-11-23 01:08:47,525 - INFO - F1 Score                 : 0.2898
2025-11-23 01:08:47,525 - INFO - ==================================================
2025-11-23 01:15:12,891 - INFO - Época 42 concluída. Loss média: 3.6966
2025-11-23 01:15:12,894 - INFO - Taxa de aprendizado ajustada para: 0.010000
2025-11-23 01:15:12,911 - INFO - Iniciando inferência com o modelo EfficientNetB7...
2025-11-23 01:15:22,933 - INFO - ==================================================
2025-11-23 01:15:22,933 - INFO - EXPERIMENT RESULTS
2025-11-23 01:15:22,933 - INFO - ==================================================
2025-11-23 01:15:22,933 - INFO - Elapsed Time Seconds     : 9.9702
2025-11-23 01:15:22,933 - INFO - Cpu Usage Percent        : 7.7188
2025-11-23 01:15:22,933 - INFO - Ram Peak Usage Bytes     : 4215590912.0000
2025-11-23 01:15:22,933 - INFO - Disk Read Bytes          : 0.0000
2025-11-23 01:15:22,933 - INFO - Disk Write Bytes         : 221184.0000
2025-11-23 01:15:22,933 - INFO - Vram Peak Usage Bytes    : 1746396276.0000
2025-11-23 01:15:22,933 - INFO - Gpu Power Watts Avg      : 242.7575
2025-11-23 01:15:22,933 - INFO - Gpu Power Watts Peak     : 278.8270
2025-11-23 01:15:22,934 - INFO - Gpu Temp Celsius Avg     : 62.9091
2025-11-23 01:15:22,934 - INFO - Gpu Temp Celsius Peak    : 66.0000
2025-11-23 01:15:22,934 - INFO - Gpu Utilization Percent Avg: 67.6869
2025-11-23 01:15:22,934 - INFO - Gpu Utilization Percent Peak: 83.0000
2025-11-23 01:15:22,934 - INFO - Gpu Mem Used Bytes Avg   : 22371565568.0000
2025-11-23 01:15:22,934 - INFO - Gpu Mem Used Bytes Peak  : 22371565568.0000
2025-11-23 01:15:22,934 - INFO - Gpu Vram Used Bytes      : 22371565568.0000
2025-11-23 01:15:22,934 - INFO - Accuracy                 : 0.3031
2025-11-23 01:15:22,934 - INFO - Precision                : 0.2998
2025-11-23 01:15:22,934 - INFO - Recall                   : 0.3031
2025-11-23 01:15:22,934 - INFO - F1 Score                 : 0.2805
2025-11-23 01:15:22,934 - INFO - ==================================================
2025-11-23 01:21:46,954 - INFO - Época 43 concluída. Loss média: 3.6905
2025-11-23 01:21:46,956 - INFO - Taxa de aprendizado ajustada para: 0.010000
2025-11-23 01:21:46,973 - INFO - Iniciando inferência com o modelo EfficientNetB7...
2025-11-23 01:21:57,087 - INFO - ==================================================
2025-11-23 01:21:57,087 - INFO - EXPERIMENT RESULTS
2025-11-23 01:21:57,088 - INFO - ==================================================
2025-11-23 01:21:57,088 - INFO - Elapsed Time Seconds     : 10.0630
2025-11-23 01:21:57,088 - INFO - Cpu Usage Percent        : 7.8187
2025-11-23 01:21:57,088 - INFO - Ram Peak Usage Bytes     : 4215820288.0000
2025-11-23 01:21:57,088 - INFO - Disk Read Bytes          : 0.0000
2025-11-23 01:21:57,088 - INFO - Disk Write Bytes         : 151552.0000
2025-11-23 01:21:57,088 - INFO - Vram Peak Usage Bytes    : 1746396276.0000
2025-11-23 01:21:57,088 - INFO - Gpu Power Watts Avg      : 239.2433
2025-11-23 01:21:57,088 - INFO - Gpu Power Watts Peak     : 282.9630
2025-11-23 01:21:57,088 - INFO - Gpu Temp Celsius Avg     : 62.8700
2025-11-23 01:21:57,088 - INFO - Gpu Temp Celsius Peak    : 65.0000
2025-11-23 01:21:57,088 - INFO - Gpu Utilization Percent Avg: 66.8200
2025-11-23 01:21:57,088 - INFO - Gpu Utilization Percent Peak: 85.0000
2025-11-23 01:21:57,088 - INFO - Gpu Mem Used Bytes Avg   : 22371565568.0000
2025-11-23 01:21:57,088 - INFO - Gpu Mem Used Bytes Peak  : 22371565568.0000
2025-11-23 01:21:57,088 - INFO - Gpu Vram Used Bytes      : 22371565568.0000
2025-11-23 01:21:57,088 - INFO - Accuracy                 : 0.3157
2025-11-23 01:21:57,088 - INFO - Precision                : 0.3195
2025-11-23 01:21:57,088 - INFO - Recall                   : 0.3157
2025-11-23 01:21:57,088 - INFO - F1 Score                 : 0.2924
2025-11-23 01:21:57,088 - INFO - ==================================================
2025-11-23 01:28:21,341 - INFO - Época 44 concluída. Loss média: 3.6822
2025-11-23 01:28:21,343 - INFO - Taxa de aprendizado ajustada para: 0.010000
2025-11-23 01:28:21,360 - INFO - Iniciando inferência com o modelo EfficientNetB7...
2025-11-23 01:28:31,250 - INFO - ==================================================
2025-11-23 01:28:31,251 - INFO - EXPERIMENT RESULTS
2025-11-23 01:28:31,251 - INFO - ==================================================
2025-11-23 01:28:31,251 - INFO - Elapsed Time Seconds     : 9.8397
2025-11-23 01:28:31,251 - INFO - Cpu Usage Percent        : 7.7125
2025-11-23 01:28:31,251 - INFO - Ram Peak Usage Bytes     : 4216119296.0000
2025-11-23 01:28:31,251 - INFO - Disk Read Bytes          : 0.0000
2025-11-23 01:28:31,251 - INFO - Disk Write Bytes         : 172032.0000
2025-11-23 01:28:31,251 - INFO - Vram Peak Usage Bytes    : 1746396276.0000
2025-11-23 01:28:31,251 - INFO - Gpu Power Watts Avg      : 241.9232
2025-11-23 01:28:31,251 - INFO - Gpu Power Watts Peak     : 283.6560
2025-11-23 01:28:31,251 - INFO - Gpu Temp Celsius Avg     : 62.7959
2025-11-23 01:28:31,251 - INFO - Gpu Temp Celsius Peak    : 66.0000
2025-11-23 01:28:31,251 - INFO - Gpu Utilization Percent Avg: 68.0714
2025-11-23 01:28:31,251 - INFO - Gpu Utilization Percent Peak: 85.0000
2025-11-23 01:28:31,251 - INFO - Gpu Mem Used Bytes Avg   : 22371565568.0000
2025-11-23 01:28:31,251 - INFO - Gpu Mem Used Bytes Peak  : 22371565568.0000
2025-11-23 01:28:31,251 - INFO - Gpu Vram Used Bytes      : 22371565568.0000
2025-11-23 01:28:31,251 - INFO - Accuracy                 : 0.3136
2025-11-23 01:28:31,251 - INFO - Precision                : 0.3200
2025-11-23 01:28:31,251 - INFO - Recall                   : 0.3136
2025-11-23 01:28:31,251 - INFO - F1 Score                 : 0.2939
2025-11-23 01:28:31,252 - INFO - ==================================================
2025-11-23 01:34:56,913 - INFO - Época 45 concluída. Loss média: 3.6732
2025-11-23 01:34:56,915 - INFO - Taxa de aprendizado ajustada para: 0.010000
2025-11-23 01:34:56,932 - INFO - Iniciando inferência com o modelo EfficientNetB7...
2025-11-23 01:35:06,762 - INFO - ==================================================
2025-11-23 01:35:06,762 - INFO - EXPERIMENT RESULTS
2025-11-23 01:35:06,762 - INFO - ==================================================
2025-11-23 01:35:06,762 - INFO - Elapsed Time Seconds     : 9.7780
2025-11-23 01:35:06,762 - INFO - Cpu Usage Percent        : 7.7812
2025-11-23 01:35:06,762 - INFO - Ram Peak Usage Bytes     : 4216348672.0000
2025-11-23 01:35:06,762 - INFO - Disk Read Bytes          : 0.0000
2025-11-23 01:35:06,762 - INFO - Disk Write Bytes         : 135168.0000
2025-11-23 01:35:06,762 - INFO - Vram Peak Usage Bytes    : 1746396276.0000
2025-11-23 01:35:06,762 - INFO - Gpu Power Watts Avg      : 242.9900
2025-11-23 01:35:06,762 - INFO - Gpu Power Watts Peak     : 280.0490
2025-11-23 01:35:06,762 - INFO - Gpu Temp Celsius Avg     : 62.7629
2025-11-23 01:35:06,762 - INFO - Gpu Temp Celsius Peak    : 66.0000
2025-11-23 01:35:06,762 - INFO - Gpu Utilization Percent Avg: 69.4021
2025-11-23 01:35:06,762 - INFO - Gpu Utilization Percent Peak: 85.0000
2025-11-23 01:35:06,762 - INFO - Gpu Mem Used Bytes Avg   : 22371565568.0000
2025-11-23 01:35:06,762 - INFO - Gpu Mem Used Bytes Peak  : 22371565568.0000
2025-11-23 01:35:06,762 - INFO - Gpu Vram Used Bytes      : 22371565568.0000
2025-11-23 01:35:06,762 - INFO - Accuracy                 : 0.3085
2025-11-23 01:35:06,762 - INFO - Precision                : 0.3244
2025-11-23 01:35:06,763 - INFO - Recall                   : 0.3085
2025-11-23 01:35:06,763 - INFO - F1 Score                 : 0.2897
2025-11-23 01:35:06,763 - INFO - ==================================================
2025-11-23 01:41:30,542 - INFO - Época 46 concluída. Loss média: 3.6703
2025-11-23 01:41:30,544 - INFO - Taxa de aprendizado ajustada para: 0.010000
2025-11-23 01:41:30,561 - INFO - Iniciando inferência com o modelo EfficientNetB7...
2025-11-23 01:41:40,514 - INFO - ==================================================
2025-11-23 01:41:40,515 - INFO - EXPERIMENT RESULTS
2025-11-23 01:41:40,515 - INFO - ==================================================
2025-11-23 01:41:40,515 - INFO - Elapsed Time Seconds     : 9.9019
2025-11-23 01:41:40,515 - INFO - Cpu Usage Percent        : 7.8500
2025-11-23 01:41:40,515 - INFO - Ram Peak Usage Bytes     : 4217421824.0000
2025-11-23 01:41:40,515 - INFO - Disk Read Bytes          : 0.0000
2025-11-23 01:41:40,515 - INFO - Disk Write Bytes         : 135168.0000
2025-11-23 01:41:40,515 - INFO - Vram Peak Usage Bytes    : 1746396276.0000
2025-11-23 01:41:40,515 - INFO - Gpu Power Watts Avg      : 242.2907
2025-11-23 01:41:40,515 - INFO - Gpu Power Watts Peak     : 280.4700
2025-11-23 01:41:40,515 - INFO - Gpu Temp Celsius Avg     : 62.9796
2025-11-23 01:41:40,515 - INFO - Gpu Temp Celsius Peak    : 66.0000
2025-11-23 01:41:40,515 - INFO - Gpu Utilization Percent Avg: 68.0714
2025-11-23 01:41:40,515 - INFO - Gpu Utilization Percent Peak: 84.0000
2025-11-23 01:41:40,515 - INFO - Gpu Mem Used Bytes Avg   : 22371565568.0000
2025-11-23 01:41:40,515 - INFO - Gpu Mem Used Bytes Peak  : 22371565568.0000
2025-11-23 01:41:40,515 - INFO - Gpu Vram Used Bytes      : 22371565568.0000
2025-11-23 01:41:40,515 - INFO - Accuracy                 : 0.3148
2025-11-23 01:41:40,515 - INFO - Precision                : 0.3202
2025-11-23 01:41:40,515 - INFO - Recall                   : 0.3148
2025-11-23 01:41:40,516 - INFO - F1 Score                 : 0.2945
2025-11-23 01:41:40,516 - INFO - ==================================================
2025-11-23 01:48:08,556 - INFO - Época 47 concluída. Loss média: 3.6624
2025-11-23 01:48:08,558 - INFO - Taxa de aprendizado ajustada para: 0.010000
2025-11-23 01:48:08,575 - INFO - Iniciando inferência com o modelo EfficientNetB7...
2025-11-23 01:48:18,811 - INFO - ==================================================
2025-11-23 01:48:18,811 - INFO - EXPERIMENT RESULTS
2025-11-23 01:48:18,811 - INFO - ==================================================
2025-11-23 01:48:18,811 - INFO - Elapsed Time Seconds     : 10.1855
2025-11-23 01:48:18,812 - INFO - Cpu Usage Percent        : 7.7250
2025-11-23 01:48:18,812 - INFO - Ram Peak Usage Bytes     : 4217712640.0000
2025-11-23 01:48:18,812 - INFO - Disk Read Bytes          : 0.0000
2025-11-23 01:48:18,812 - INFO - Disk Write Bytes         : 221184.0000
2025-11-23 01:48:18,812 - INFO - Vram Peak Usage Bytes    : 1746396276.0000
2025-11-23 01:48:18,812 - INFO - Gpu Power Watts Avg      : 238.0974
2025-11-23 01:48:18,812 - INFO - Gpu Power Watts Peak     : 284.6480
2025-11-23 01:48:18,812 - INFO - Gpu Temp Celsius Avg     : 63.0792
2025-11-23 01:48:18,812 - INFO - Gpu Temp Celsius Peak    : 66.0000
2025-11-23 01:48:18,812 - INFO - Gpu Utilization Percent Avg: 66.0297
2025-11-23 01:48:18,812 - INFO - Gpu Utilization Percent Peak: 85.0000
2025-11-23 01:48:18,812 - INFO - Gpu Mem Used Bytes Avg   : 22371565568.0000
2025-11-23 01:48:18,812 - INFO - Gpu Mem Used Bytes Peak  : 22371565568.0000
2025-11-23 01:48:18,812 - INFO - Gpu Vram Used Bytes      : 22371565568.0000
2025-11-23 01:48:18,812 - INFO - Accuracy                 : 0.3216
2025-11-23 01:48:18,812 - INFO - Precision                : 0.3401
2025-11-23 01:48:18,812 - INFO - Recall                   : 0.3216
2025-11-23 01:48:18,812 - INFO - F1 Score                 : 0.3010
2025-11-23 01:48:18,812 - INFO - ==================================================
2025-11-23 01:54:39,269 - INFO - Época 48 concluída. Loss média: 3.6594
2025-11-23 01:54:39,271 - INFO - Taxa de aprendizado ajustada para: 0.010000
2025-11-23 01:54:39,289 - INFO - Iniciando inferência com o modelo EfficientNetB7...
2025-11-23 01:54:49,542 - INFO - ==================================================
2025-11-23 01:54:49,543 - INFO - EXPERIMENT RESULTS
2025-11-23 01:54:49,543 - INFO - ==================================================
2025-11-23 01:54:49,543 - INFO - Elapsed Time Seconds     : 10.2029
2025-11-23 01:54:49,543 - INFO - Cpu Usage Percent        : 7.6063
2025-11-23 01:54:49,543 - INFO - Ram Peak Usage Bytes     : 4218003456.0000
2025-11-23 01:54:49,543 - INFO - Disk Read Bytes          : 0.0000
2025-11-23 01:54:49,543 - INFO - Disk Write Bytes         : 135168.0000
2025-11-23 01:54:49,543 - INFO - Vram Peak Usage Bytes    : 1746396276.0000
2025-11-23 01:54:49,543 - INFO - Gpu Power Watts Avg      : 241.7423
2025-11-23 01:54:49,543 - INFO - Gpu Power Watts Peak     : 279.5650
2025-11-23 01:54:49,543 - INFO - Gpu Temp Celsius Avg     : 63.0693
2025-11-23 01:54:49,543 - INFO - Gpu Temp Celsius Peak    : 66.0000
2025-11-23 01:54:49,543 - INFO - Gpu Utilization Percent Avg: 66.7525
2025-11-23 01:54:49,543 - INFO - Gpu Utilization Percent Peak: 84.0000
2025-11-23 01:54:49,543 - INFO - Gpu Mem Used Bytes Avg   : 22371565568.0000
2025-11-23 01:54:49,543 - INFO - Gpu Mem Used Bytes Peak  : 22371565568.0000
2025-11-23 01:54:49,543 - INFO - Gpu Vram Used Bytes      : 22371565568.0000
2025-11-23 01:54:49,543 - INFO - Accuracy                 : 0.3114
2025-11-23 01:54:49,543 - INFO - Precision                : 0.3335
2025-11-23 01:54:49,543 - INFO - Recall                   : 0.3114
2025-11-23 01:54:49,543 - INFO - F1 Score                 : 0.2896
2025-11-23 01:54:49,543 - INFO - ==================================================
2025-11-23 02:01:14,257 - INFO - Época 49 concluída. Loss média: 3.6488
2025-11-23 02:01:14,260 - INFO - Taxa de aprendizado ajustada para: 0.010000
2025-11-23 02:01:14,277 - INFO - Iniciando inferência com o modelo EfficientNetB7...
2025-11-23 02:01:24,410 - INFO - ==================================================
2025-11-23 02:01:24,410 - INFO - EXPERIMENT RESULTS
2025-11-23 02:01:24,410 - INFO - ==================================================
2025-11-23 02:01:24,411 - INFO - Elapsed Time Seconds     : 10.0828
2025-11-23 02:01:24,411 - INFO - Cpu Usage Percent        : 7.8000
2025-11-23 02:01:24,411 - INFO - Ram Peak Usage Bytes     : 4218347520.0000
2025-11-23 02:01:24,411 - INFO - Disk Read Bytes          : 0.0000
2025-11-23 02:01:24,411 - INFO - Disk Write Bytes         : 364544.0000
2025-11-23 02:01:24,411 - INFO - Vram Peak Usage Bytes    : 1746396276.0000
2025-11-23 02:01:24,411 - INFO - Gpu Power Watts Avg      : 239.0320
2025-11-23 02:01:24,411 - INFO - Gpu Power Watts Peak     : 278.1180
2025-11-23 02:01:24,411 - INFO - Gpu Temp Celsius Avg     : 62.5600
2025-11-23 02:01:24,411 - INFO - Gpu Temp Celsius Peak    : 65.0000
2025-11-23 02:01:24,411 - INFO - Gpu Utilization Percent Avg: 66.4400
2025-11-23 02:01:24,411 - INFO - Gpu Utilization Percent Peak: 84.0000
2025-11-23 02:01:24,411 - INFO - Gpu Mem Used Bytes Avg   : 22371565568.0000
2025-11-23 02:01:24,411 - INFO - Gpu Mem Used Bytes Peak  : 22371565568.0000
2025-11-23 02:01:24,411 - INFO - Gpu Vram Used Bytes      : 22371565568.0000
2025-11-23 02:01:24,411 - INFO - Accuracy                 : 0.3225
2025-11-23 02:01:24,411 - INFO - Precision                : 0.3258
2025-11-23 02:01:24,411 - INFO - Recall                   : 0.3225
2025-11-23 02:01:24,411 - INFO - F1 Score                 : 0.3020
2025-11-23 02:01:24,411 - INFO - ==================================================
2025-11-23 02:07:50,669 - INFO - Época 50 concluída. Loss média: 3.6350
2025-11-23 02:07:50,671 - INFO - Taxa de aprendizado ajustada para: 0.010000
2025-11-23 02:07:50,688 - INFO - Iniciando inferência com o modelo EfficientNetB7...
2025-11-23 02:08:00,979 - INFO - ==================================================
2025-11-23 02:08:00,979 - INFO - EXPERIMENT RESULTS
2025-11-23 02:08:00,979 - INFO - ==================================================
2025-11-23 02:08:00,979 - INFO - Elapsed Time Seconds     : 10.2399
2025-11-23 02:08:00,979 - INFO - Cpu Usage Percent        : 7.6875
2025-11-23 02:08:00,979 - INFO - Ram Peak Usage Bytes     : 4218621952.0000
2025-11-23 02:08:00,979 - INFO - Disk Read Bytes          : 0.0000
2025-11-23 02:08:00,979 - INFO - Disk Write Bytes         : 233472.0000
2025-11-23 02:08:00,979 - INFO - Vram Peak Usage Bytes    : 1746396276.0000
2025-11-23 02:08:00,979 - INFO - Gpu Power Watts Avg      : 236.0051
2025-11-23 02:08:00,979 - INFO - Gpu Power Watts Peak     : 277.1280
2025-11-23 02:08:00,979 - INFO - Gpu Temp Celsius Avg     : 62.5686
2025-11-23 02:08:00,979 - INFO - Gpu Temp Celsius Peak    : 66.0000
2025-11-23 02:08:00,979 - INFO - Gpu Utilization Percent Avg: 65.8627
2025-11-23 02:08:00,979 - INFO - Gpu Utilization Percent Peak: 84.0000
2025-11-23 02:08:00,980 - INFO - Gpu Mem Used Bytes Avg   : 22371565568.0000
2025-11-23 02:08:00,980 - INFO - Gpu Mem Used Bytes Peak  : 22371565568.0000
2025-11-23 02:08:00,980 - INFO - Gpu Vram Used Bytes      : 22371565568.0000
2025-11-23 02:08:00,980 - INFO - Accuracy                 : 0.3227
2025-11-23 02:08:00,980 - INFO - Precision                : 0.3307
2025-11-23 02:08:00,980 - INFO - Recall                   : 0.3227
2025-11-23 02:08:00,980 - INFO - F1 Score                 : 0.3022
2025-11-23 02:08:00,980 - INFO - ==================================================
2025-11-23 02:14:24,628 - INFO - Época 51 concluída. Loss média: 3.6306
2025-11-23 02:14:24,630 - INFO - Taxa de aprendizado ajustada para: 0.010000
2025-11-23 02:14:24,647 - INFO - Iniciando inferência com o modelo EfficientNetB7...
2025-11-23 02:14:35,051 - INFO - ==================================================
2025-11-23 02:14:35,051 - INFO - EXPERIMENT RESULTS
2025-11-23 02:14:35,051 - INFO - ==================================================
2025-11-23 02:14:35,051 - INFO - Elapsed Time Seconds     : 10.3531
2025-11-23 02:14:35,051 - INFO - Cpu Usage Percent        : 7.4062
2025-11-23 02:14:35,051 - INFO - Ram Peak Usage Bytes     : 4218925056.0000
2025-11-23 02:14:35,051 - INFO - Disk Read Bytes          : 0.0000
2025-11-23 02:14:35,051 - INFO - Disk Write Bytes         : 135168.0000
2025-11-23 02:14:35,052 - INFO - Vram Peak Usage Bytes    : 1746396276.0000
2025-11-23 02:14:35,052 - INFO - Gpu Power Watts Avg      : 236.6770
2025-11-23 02:14:35,052 - INFO - Gpu Power Watts Peak     : 278.7440
2025-11-23 02:14:35,052 - INFO - Gpu Temp Celsius Avg     : 62.5728
2025-11-23 02:14:35,052 - INFO - Gpu Temp Celsius Peak    : 66.0000
2025-11-23 02:14:35,052 - INFO - Gpu Utilization Percent Avg: 64.8641
2025-11-23 02:14:35,052 - INFO - Gpu Utilization Percent Peak: 84.0000
2025-11-23 02:14:35,052 - INFO - Gpu Mem Used Bytes Avg   : 22371565568.0000
2025-11-23 02:14:35,052 - INFO - Gpu Mem Used Bytes Peak  : 22371565568.0000
2025-11-23 02:14:35,052 - INFO - Gpu Vram Used Bytes      : 22371565568.0000
2025-11-23 02:14:35,052 - INFO - Accuracy                 : 0.3205
2025-11-23 02:14:35,052 - INFO - Precision                : 0.3338
2025-11-23 02:14:35,052 - INFO - Recall                   : 0.3205
2025-11-23 02:14:35,052 - INFO - F1 Score                 : 0.3024
2025-11-23 02:14:35,052 - INFO - ==================================================
2025-11-23 02:21:02,399 - INFO - Época 52 concluída. Loss média: 3.6206
2025-11-23 02:21:02,401 - INFO - Taxa de aprendizado ajustada para: 0.010000
2025-11-23 02:21:02,419 - INFO - Iniciando inferência com o modelo EfficientNetB7...
2025-11-23 02:21:12,150 - INFO - ==================================================
2025-11-23 02:21:12,150 - INFO - EXPERIMENT RESULTS
2025-11-23 02:21:12,150 - INFO - ==================================================
2025-11-23 02:21:12,150 - INFO - Elapsed Time Seconds     : 9.6800
2025-11-23 02:21:12,150 - INFO - Cpu Usage Percent        : 7.8312
2025-11-23 02:21:12,150 - INFO - Ram Peak Usage Bytes     : 4219187200.0000
2025-11-23 02:21:12,150 - INFO - Disk Read Bytes          : 0.0000
2025-11-23 02:21:12,150 - INFO - Disk Write Bytes         : 151552.0000
2025-11-23 02:21:12,150 - INFO - Vram Peak Usage Bytes    : 1746396276.0000
2025-11-23 02:21:12,150 - INFO - Gpu Power Watts Avg      : 246.4180
2025-11-23 02:21:12,151 - INFO - Gpu Power Watts Peak     : 283.0990
2025-11-23 02:21:12,151 - INFO - Gpu Temp Celsius Avg     : 63.0208
2025-11-23 02:21:12,151 - INFO - Gpu Temp Celsius Peak    : 66.0000
2025-11-23 02:21:12,151 - INFO - Gpu Utilization Percent Avg: 69.4792
2025-11-23 02:21:12,151 - INFO - Gpu Utilization Percent Peak: 85.0000
2025-11-23 02:21:12,151 - INFO - Gpu Mem Used Bytes Avg   : 22371565568.0000
2025-11-23 02:21:12,151 - INFO - Gpu Mem Used Bytes Peak  : 22371565568.0000
2025-11-23 02:21:12,151 - INFO - Gpu Vram Used Bytes      : 22371565568.0000
2025-11-23 02:21:12,151 - INFO - Accuracy                 : 0.3298
2025-11-23 02:21:12,151 - INFO - Precision                : 0.3548
2025-11-23 02:21:12,151 - INFO - Recall                   : 0.3298
2025-11-23 02:21:12,151 - INFO - F1 Score                 : 0.3141
2025-11-23 02:21:12,151 - INFO - ==================================================
2025-11-23 02:27:36,778 - INFO - Época 53 concluída. Loss média: 3.6140
2025-11-23 02:27:36,780 - INFO - Taxa de aprendizado ajustada para: 0.010000
2025-11-23 02:27:36,798 - INFO - Iniciando inferência com o modelo EfficientNetB7...
2025-11-23 02:27:46,902 - INFO - ==================================================
2025-11-23 02:27:46,902 - INFO - EXPERIMENT RESULTS
2025-11-23 02:27:46,902 - INFO - ==================================================
2025-11-23 02:27:46,902 - INFO - Elapsed Time Seconds     : 10.0535
2025-11-23 02:27:46,902 - INFO - Cpu Usage Percent        : 7.7812
2025-11-23 02:27:46,902 - INFO - Ram Peak Usage Bytes     : 4219441152.0000
2025-11-23 02:27:46,902 - INFO - Disk Read Bytes          : 0.0000
2025-11-23 02:27:46,902 - INFO - Disk Write Bytes         : 131072.0000
2025-11-23 02:27:46,902 - INFO - Vram Peak Usage Bytes    : 1746396276.0000
2025-11-23 02:27:46,903 - INFO - Gpu Power Watts Avg      : 241.0122
2025-11-23 02:27:46,903 - INFO - Gpu Power Watts Peak     : 276.3320
2025-11-23 02:27:46,903 - INFO - Gpu Temp Celsius Avg     : 62.9100
2025-11-23 02:27:46,903 - INFO - Gpu Temp Celsius Peak    : 66.0000
2025-11-23 02:27:46,903 - INFO - Gpu Utilization Percent Avg: 67.5500
2025-11-23 02:27:46,903 - INFO - Gpu Utilization Percent Peak: 83.0000
2025-11-23 02:27:46,903 - INFO - Gpu Mem Used Bytes Avg   : 22371565568.0000
2025-11-23 02:27:46,903 - INFO - Gpu Mem Used Bytes Peak  : 22371565568.0000
2025-11-23 02:27:46,903 - INFO - Gpu Vram Used Bytes      : 22371565568.0000
2025-11-23 02:27:46,903 - INFO - Accuracy                 : 0.3371
2025-11-23 02:27:46,903 - INFO - Precision                : 0.3432
2025-11-23 02:27:46,903 - INFO - Recall                   : 0.3371
2025-11-23 02:27:46,903 - INFO - F1 Score                 : 0.3164
2025-11-23 02:27:46,903 - INFO - ==================================================
2025-11-23 02:34:11,446 - INFO - Época 54 concluída. Loss média: 3.6100
2025-11-23 02:34:11,448 - INFO - Taxa de aprendizado ajustada para: 0.010000
2025-11-23 02:34:11,466 - INFO - Iniciando inferência com o modelo EfficientNetB7...
2025-11-23 02:34:21,691 - INFO - ==================================================
2025-11-23 02:34:21,692 - INFO - EXPERIMENT RESULTS
2025-11-23 02:34:21,692 - INFO - ==================================================
2025-11-23 02:34:21,692 - INFO - Elapsed Time Seconds     : 10.1743
2025-11-23 02:34:21,692 - INFO - Cpu Usage Percent        : 7.6312
2025-11-23 02:34:21,692 - INFO - Ram Peak Usage Bytes     : 4219699200.0000
2025-11-23 02:34:21,692 - INFO - Disk Read Bytes          : 0.0000
2025-11-23 02:34:21,692 - INFO - Disk Write Bytes         : 241664.0000
2025-11-23 02:34:21,692 - INFO - Vram Peak Usage Bytes    : 1746396276.0000
2025-11-23 02:34:21,692 - INFO - Gpu Power Watts Avg      : 238.9776
2025-11-23 02:34:21,692 - INFO - Gpu Power Watts Peak     : 277.1330
2025-11-23 02:34:21,692 - INFO - Gpu Temp Celsius Avg     : 62.5545
2025-11-23 02:34:21,692 - INFO - Gpu Temp Celsius Peak    : 65.0000
2025-11-23 02:34:21,692 - INFO - Gpu Utilization Percent Avg: 66.3762
2025-11-23 02:34:21,692 - INFO - Gpu Utilization Percent Peak: 83.0000
2025-11-23 02:34:21,692 - INFO - Gpu Mem Used Bytes Avg   : 22371565568.0000
2025-11-23 02:34:21,692 - INFO - Gpu Mem Used Bytes Peak  : 22371565568.0000
2025-11-23 02:34:21,692 - INFO - Gpu Vram Used Bytes      : 22371565568.0000
2025-11-23 02:34:21,692 - INFO - Accuracy                 : 0.3207
2025-11-23 02:34:21,692 - INFO - Precision                : 0.3266
2025-11-23 02:34:21,692 - INFO - Recall                   : 0.3207
2025-11-23 02:34:21,692 - INFO - F1 Score                 : 0.2978
2025-11-23 02:34:21,692 - INFO - ==================================================
2025-11-23 02:40:46,231 - INFO - Época 55 concluída. Loss média: 3.6022
2025-11-23 02:40:46,234 - INFO - Taxa de aprendizado ajustada para: 0.010000
2025-11-23 02:40:46,251 - INFO - Iniciando inferência com o modelo EfficientNetB7...
2025-11-23 02:40:56,363 - INFO - ==================================================
2025-11-23 02:40:56,363 - INFO - EXPERIMENT RESULTS
2025-11-23 02:40:56,363 - INFO - ==================================================
2025-11-23 02:40:56,364 - INFO - Elapsed Time Seconds     : 10.0612
2025-11-23 02:40:56,364 - INFO - Cpu Usage Percent        : 7.8438
2025-11-23 02:40:56,364 - INFO - Ram Peak Usage Bytes     : 4219944960.0000
2025-11-23 02:40:56,364 - INFO - Disk Read Bytes          : 0.0000
2025-11-23 02:40:56,364 - INFO - Disk Write Bytes         : 151552.0000
2025-11-23 02:40:56,364 - INFO - Vram Peak Usage Bytes    : 1746396276.0000
2025-11-23 02:40:56,364 - INFO - Gpu Power Watts Avg      : 239.0944
2025-11-23 02:40:56,364 - INFO - Gpu Power Watts Peak     : 276.4990
2025-11-23 02:40:56,364 - INFO - Gpu Temp Celsius Avg     : 62.8100
2025-11-23 02:40:56,364 - INFO - Gpu Temp Celsius Peak    : 66.0000
2025-11-23 02:40:56,364 - INFO - Gpu Utilization Percent Avg: 66.4800
2025-11-23 02:40:56,364 - INFO - Gpu Utilization Percent Peak: 83.0000
2025-11-23 02:40:56,364 - INFO - Gpu Mem Used Bytes Avg   : 22371565568.0000
2025-11-23 02:40:56,364 - INFO - Gpu Mem Used Bytes Peak  : 22371565568.0000
2025-11-23 02:40:56,364 - INFO - Gpu Vram Used Bytes      : 22371565568.0000
2025-11-23 02:40:56,364 - INFO - Accuracy                 : 0.3262
2025-11-23 02:40:56,364 - INFO - Precision                : 0.3296
2025-11-23 02:40:56,364 - INFO - Recall                   : 0.3262
2025-11-23 02:40:56,364 - INFO - F1 Score                 : 0.3032
2025-11-23 02:40:56,364 - INFO - ==================================================
2025-11-23 02:47:24,918 - INFO - Época 56 concluída. Loss média: 3.5953
2025-11-23 02:47:24,920 - INFO - Taxa de aprendizado ajustada para: 0.010000
2025-11-23 02:47:24,937 - INFO - Iniciando inferência com o modelo EfficientNetB7...
2025-11-23 02:47:35,050 - INFO - ==================================================
2025-11-23 02:47:35,050 - INFO - EXPERIMENT RESULTS
2025-11-23 02:47:35,050 - INFO - ==================================================
2025-11-23 02:47:35,050 - INFO - Elapsed Time Seconds     : 10.0625
2025-11-23 02:47:35,050 - INFO - Cpu Usage Percent        : 7.7000
2025-11-23 02:47:35,050 - INFO - Ram Peak Usage Bytes     : 4220182528.0000
2025-11-23 02:47:35,050 - INFO - Disk Read Bytes          : 0.0000
2025-11-23 02:47:35,050 - INFO - Disk Write Bytes         : 139264.0000
2025-11-23 02:47:35,050 - INFO - Vram Peak Usage Bytes    : 1746396276.0000
2025-11-23 02:47:35,050 - INFO - Gpu Power Watts Avg      : 240.3598
2025-11-23 02:47:35,050 - INFO - Gpu Power Watts Peak     : 278.8340
2025-11-23 02:47:35,050 - INFO - Gpu Temp Celsius Avg     : 62.8800
2025-11-23 02:47:35,051 - INFO - Gpu Temp Celsius Peak    : 66.0000
2025-11-23 02:47:35,051 - INFO - Gpu Utilization Percent Avg: 67.1700
2025-11-23 02:47:35,051 - INFO - Gpu Utilization Percent Peak: 84.0000
2025-11-23 02:47:35,051 - INFO - Gpu Mem Used Bytes Avg   : 22371565568.0000
2025-11-23 02:47:35,051 - INFO - Gpu Mem Used Bytes Peak  : 22371565568.0000
2025-11-23 02:47:35,051 - INFO - Gpu Vram Used Bytes      : 22371565568.0000
2025-11-23 02:47:35,051 - INFO - Accuracy                 : 0.3363
2025-11-23 02:47:35,051 - INFO - Precision                : 0.3471
2025-11-23 02:47:35,051 - INFO - Recall                   : 0.3363
2025-11-23 02:47:35,051 - INFO - F1 Score                 : 0.3208
2025-11-23 02:47:35,051 - INFO - ==================================================
2025-11-23 02:54:01,859 - INFO - Época 57 concluída. Loss média: 3.5933
2025-11-23 02:54:01,861 - INFO - Taxa de aprendizado ajustada para: 0.010000
2025-11-23 02:54:01,878 - INFO - Iniciando inferência com o modelo EfficientNetB7...
2025-11-23 02:54:11,908 - INFO - ==================================================
2025-11-23 02:54:11,908 - INFO - EXPERIMENT RESULTS
2025-11-23 02:54:11,908 - INFO - ==================================================
2025-11-23 02:54:11,908 - INFO - Elapsed Time Seconds     : 9.9782
2025-11-23 02:54:11,908 - INFO - Cpu Usage Percent        : 7.7062
2025-11-23 02:54:11,908 - INFO - Ram Peak Usage Bytes     : 4220493824.0000
2025-11-23 02:54:11,908 - INFO - Disk Read Bytes          : 0.0000
2025-11-23 02:54:11,908 - INFO - Disk Write Bytes         : 163840.0000
2025-11-23 02:54:11,908 - INFO - Vram Peak Usage Bytes    : 1746396276.0000
2025-11-23 02:54:11,909 - INFO - Gpu Power Watts Avg      : 240.9461
2025-11-23 02:54:11,909 - INFO - Gpu Power Watts Peak     : 281.0840
2025-11-23 02:54:11,909 - INFO - Gpu Temp Celsius Avg     : 62.9192
2025-11-23 02:54:11,909 - INFO - Gpu Temp Celsius Peak    : 66.0000
2025-11-23 02:54:11,909 - INFO - Gpu Utilization Percent Avg: 67.7172
2025-11-23 02:54:11,909 - INFO - Gpu Utilization Percent Peak: 85.0000
2025-11-23 02:54:11,909 - INFO - Gpu Mem Used Bytes Avg   : 22371565568.0000
2025-11-23 02:54:11,909 - INFO - Gpu Mem Used Bytes Peak  : 22371565568.0000
2025-11-23 02:54:11,909 - INFO - Gpu Vram Used Bytes      : 22371565568.0000
2025-11-23 02:54:11,909 - INFO - Accuracy                 : 0.3327
2025-11-23 02:54:11,909 - INFO - Precision                : 0.3378
2025-11-23 02:54:11,909 - INFO - Recall                   : 0.3327
2025-11-23 02:54:11,909 - INFO - F1 Score                 : 0.3129
2025-11-23 02:54:11,909 - INFO - ==================================================
2025-11-23 03:00:35,035 - INFO - Época 58 concluída. Loss média: 3.5877
2025-11-23 03:00:35,037 - INFO - Taxa de aprendizado ajustada para: 0.010000
2025-11-23 03:00:35,064 - INFO - Iniciando inferência com o modelo EfficientNetB7...
2025-11-23 03:00:44,991 - INFO - ==================================================
2025-11-23 03:00:44,991 - INFO - EXPERIMENT RESULTS
2025-11-23 03:00:44,992 - INFO - ==================================================
2025-11-23 03:00:44,992 - INFO - Elapsed Time Seconds     : 9.8765
2025-11-23 03:00:44,992 - INFO - Cpu Usage Percent        : 7.9125
2025-11-23 03:00:44,992 - INFO - Ram Peak Usage Bytes     : 4220698624.0000
2025-11-23 03:00:44,992 - INFO - Disk Read Bytes          : 0.0000
2025-11-23 03:00:44,992 - INFO - Disk Write Bytes         : 135168.0000
2025-11-23 03:00:44,992 - INFO - Vram Peak Usage Bytes    : 1746396276.0000
2025-11-23 03:00:44,992 - INFO - Gpu Power Watts Avg      : 242.4960
2025-11-23 03:00:44,992 - INFO - Gpu Power Watts Peak     : 285.4610
2025-11-23 03:00:44,992 - INFO - Gpu Temp Celsius Avg     : 63.1327
2025-11-23 03:00:44,992 - INFO - Gpu Temp Celsius Peak    : 66.0000
2025-11-23 03:00:44,992 - INFO - Gpu Utilization Percent Avg: 68.3980
2025-11-23 03:00:44,992 - INFO - Gpu Utilization Percent Peak: 85.0000
2025-11-23 03:00:44,992 - INFO - Gpu Mem Used Bytes Avg   : 22371565568.0000
2025-11-23 03:00:44,992 - INFO - Gpu Mem Used Bytes Peak  : 22371565568.0000
2025-11-23 03:00:44,992 - INFO - Gpu Vram Used Bytes      : 22371565568.0000
2025-11-23 03:00:44,992 - INFO - Accuracy                 : 0.3301
2025-11-23 03:00:44,992 - INFO - Precision                : 0.3417
2025-11-23 03:00:44,992 - INFO - Recall                   : 0.3301
2025-11-23 03:00:44,992 - INFO - F1 Score                 : 0.3136
2025-11-23 03:00:44,992 - INFO - ==================================================
2025-11-23 03:07:10,782 - INFO - Época 59 concluída. Loss média: 3.5825
2025-11-23 03:07:10,784 - INFO - Taxa de aprendizado ajustada para: 0.010000
2025-11-23 03:07:10,803 - INFO - Iniciando inferência com o modelo EfficientNetB7...
2025-11-23 03:07:20,803 - INFO - ==================================================
2025-11-23 03:07:20,803 - INFO - EXPERIMENT RESULTS
2025-11-23 03:07:20,803 - INFO - ==================================================
2025-11-23 03:07:20,803 - INFO - Elapsed Time Seconds     : 9.9497
2025-11-23 03:07:20,803 - INFO - Cpu Usage Percent        : 7.8187
2025-11-23 03:07:20,803 - INFO - Ram Peak Usage Bytes     : 4224212992.0000
2025-11-23 03:07:20,803 - INFO - Disk Read Bytes          : 0.0000
2025-11-23 03:07:20,803 - INFO - Disk Write Bytes         : 225280.0000
2025-11-23 03:07:20,803 - INFO - Vram Peak Usage Bytes    : 1746396276.0000
2025-11-23 03:07:20,803 - INFO - Gpu Power Watts Avg      : 231.7767
2025-11-23 03:07:20,803 - INFO - Gpu Power Watts Peak     : 283.0850
2025-11-23 03:07:20,803 - INFO - Gpu Temp Celsius Avg     : 62.3434
2025-11-23 03:07:20,803 - INFO - Gpu Temp Celsius Peak    : 66.0000
2025-11-23 03:07:20,803 - INFO - Gpu Utilization Percent Avg: 67.5051
2025-11-23 03:07:20,803 - INFO - Gpu Utilization Percent Peak: 85.0000
2025-11-23 03:07:20,803 - INFO - Gpu Mem Used Bytes Avg   : 22371565568.0000
2025-11-23 03:07:20,803 - INFO - Gpu Mem Used Bytes Peak  : 22371565568.0000
2025-11-23 03:07:20,803 - INFO - Gpu Vram Used Bytes      : 22371565568.0000
2025-11-23 03:07:20,803 - INFO - Accuracy                 : 0.3397
2025-11-23 03:07:20,804 - INFO - Precision                : 0.3496
2025-11-23 03:07:20,804 - INFO - Recall                   : 0.3397
2025-11-23 03:07:20,804 - INFO - F1 Score                 : 0.3197
2025-11-23 03:07:20,804 - INFO - ==================================================
2025-11-23 03:13:45,246 - INFO - Época 60 concluída. Loss média: 3.5760
2025-11-23 03:13:45,248 - INFO - Taxa de aprendizado ajustada para: 0.001000
2025-11-23 03:13:45,266 - INFO - Iniciando inferência com o modelo EfficientNetB7...
2025-11-23 03:13:55,490 - INFO - ==================================================
2025-11-23 03:13:55,491 - INFO - EXPERIMENT RESULTS
2025-11-23 03:13:55,491 - INFO - ==================================================
2025-11-23 03:13:55,491 - INFO - Elapsed Time Seconds     : 10.1741
2025-11-23 03:13:55,491 - INFO - Cpu Usage Percent        : 7.7500
2025-11-23 03:13:55,491 - INFO - Ram Peak Usage Bytes     : 4224520192.0000
2025-11-23 03:13:55,491 - INFO - Disk Read Bytes          : 0.0000
2025-11-23 03:13:55,491 - INFO - Disk Write Bytes         : 303104.0000
2025-11-23 03:13:55,491 - INFO - Vram Peak Usage Bytes    : 1746396276.0000
2025-11-23 03:13:55,491 - INFO - Gpu Power Watts Avg      : 239.1087
2025-11-23 03:13:55,491 - INFO - Gpu Power Watts Peak     : 283.6160
2025-11-23 03:13:55,491 - INFO - Gpu Temp Celsius Avg     : 62.6733
2025-11-23 03:13:55,491 - INFO - Gpu Temp Celsius Peak    : 66.0000
2025-11-23 03:13:55,491 - INFO - Gpu Utilization Percent Avg: 66.5545
2025-11-23 03:13:55,491 - INFO - Gpu Utilization Percent Peak: 84.0000
2025-11-23 03:13:55,491 - INFO - Gpu Mem Used Bytes Avg   : 22371565568.0000
2025-11-23 03:13:55,491 - INFO - Gpu Mem Used Bytes Peak  : 22371565568.0000
2025-11-23 03:13:55,491 - INFO - Gpu Vram Used Bytes      : 22371565568.0000
2025-11-23 03:13:55,491 - INFO - Accuracy                 : 0.3395
2025-11-23 03:13:55,491 - INFO - Precision                : 0.3591
2025-11-23 03:13:55,491 - INFO - Recall                   : 0.3395
2025-11-23 03:13:55,491 - INFO - F1 Score                 : 0.3236
2025-11-23 03:13:55,491 - INFO - ==================================================
2025-11-23 03:20:19,710 - INFO - Época 61 concluída. Loss média: 3.4251
2025-11-23 03:20:19,712 - INFO - Taxa de aprendizado ajustada para: 0.001000
2025-11-23 03:20:19,730 - INFO - Iniciando inferência com o modelo EfficientNetB7...
2025-11-23 03:20:29,620 - INFO - ==================================================
2025-11-23 03:20:29,621 - INFO - EXPERIMENT RESULTS
2025-11-23 03:20:29,621 - INFO - ==================================================
2025-11-23 03:20:29,621 - INFO - Elapsed Time Seconds     : 9.8397
2025-11-23 03:20:29,621 - INFO - Cpu Usage Percent        : 7.7625
2025-11-23 03:20:29,621 - INFO - Ram Peak Usage Bytes     : 4224888832.0000
2025-11-23 03:20:29,621 - INFO - Disk Read Bytes          : 0.0000
2025-11-23 03:20:29,621 - INFO - Disk Write Bytes         : 155648.0000
2025-11-23 03:20:29,621 - INFO - Vram Peak Usage Bytes    : 1746396276.0000
2025-11-23 03:20:29,621 - INFO - Gpu Power Watts Avg      : 242.7173
2025-11-23 03:20:29,621 - INFO - Gpu Power Watts Peak     : 281.3510
2025-11-23 03:20:29,621 - INFO - Gpu Temp Celsius Avg     : 62.7857
2025-11-23 03:20:29,621 - INFO - Gpu Temp Celsius Peak    : 65.0000
2025-11-23 03:20:29,621 - INFO - Gpu Utilization Percent Avg: 68.5204
2025-11-23 03:20:29,621 - INFO - Gpu Utilization Percent Peak: 85.0000
2025-11-23 03:20:29,621 - INFO - Gpu Mem Used Bytes Avg   : 22371565568.0000
2025-11-23 03:20:29,621 - INFO - Gpu Mem Used Bytes Peak  : 22371565568.0000
2025-11-23 03:20:29,621 - INFO - Gpu Vram Used Bytes      : 22371565568.0000
2025-11-23 03:20:29,621 - INFO - Accuracy                 : 0.3928
2025-11-23 03:20:29,621 - INFO - Precision                : 0.3793
2025-11-23 03:20:29,621 - INFO - Recall                   : 0.3928
2025-11-23 03:20:29,621 - INFO - F1 Score                 : 0.3744
2025-11-23 03:20:29,621 - INFO - ==================================================
2025-11-23 03:26:55,703 - INFO - Época 62 concluída. Loss média: 3.3885
2025-11-23 03:26:55,705 - INFO - Taxa de aprendizado ajustada para: 0.001000
2025-11-23 03:26:55,722 - INFO - Iniciando inferência com o modelo EfficientNetB7...
2025-11-23 03:27:05,844 - INFO - ==================================================
2025-11-23 03:27:05,844 - INFO - EXPERIMENT RESULTS
2025-11-23 03:27:05,844 - INFO - ==================================================
2025-11-23 03:27:05,844 - INFO - Elapsed Time Seconds     : 10.0708
2025-11-23 03:27:05,844 - INFO - Cpu Usage Percent        : 7.6562
2025-11-23 03:27:05,844 - INFO - Ram Peak Usage Bytes     : 4225155072.0000
2025-11-23 03:27:05,844 - INFO - Disk Read Bytes          : 0.0000
2025-11-23 03:27:05,844 - INFO - Disk Write Bytes         : 135168.0000
2025-11-23 03:27:05,844 - INFO - Vram Peak Usage Bytes    : 1746396276.0000
2025-11-23 03:27:05,844 - INFO - Gpu Power Watts Avg      : 243.3571
2025-11-23 03:27:05,845 - INFO - Gpu Power Watts Peak     : 278.3310
2025-11-23 03:27:05,845 - INFO - Gpu Temp Celsius Avg     : 62.9300
2025-11-23 03:27:05,845 - INFO - Gpu Temp Celsius Peak    : 66.0000
2025-11-23 03:27:05,845 - INFO - Gpu Utilization Percent Avg: 67.1000
2025-11-23 03:27:05,845 - INFO - Gpu Utilization Percent Peak: 84.0000
2025-11-23 03:27:05,845 - INFO - Gpu Mem Used Bytes Avg   : 22371565568.0000
2025-11-23 03:27:05,845 - INFO - Gpu Mem Used Bytes Peak  : 22371565568.0000
2025-11-23 03:27:05,845 - INFO - Gpu Vram Used Bytes      : 22371565568.0000
2025-11-23 03:27:05,845 - INFO - Accuracy                 : 0.3953
2025-11-23 03:27:05,845 - INFO - Precision                : 0.3813
2025-11-23 03:27:05,845 - INFO - Recall                   : 0.3953
2025-11-23 03:27:05,845 - INFO - F1 Score                 : 0.3777
2025-11-23 03:27:05,845 - INFO - ==================================================
2025-11-23 03:33:31,367 - INFO - Época 63 concluída. Loss média: 3.3750
2025-11-23 03:33:31,369 - INFO - Taxa de aprendizado ajustada para: 0.001000
2025-11-23 03:33:31,387 - INFO - Iniciando inferência com o modelo EfficientNetB7...
2025-11-23 03:33:41,532 - INFO - ==================================================
2025-11-23 03:33:41,532 - INFO - EXPERIMENT RESULTS
2025-11-23 03:33:41,532 - INFO - ==================================================
2025-11-23 03:33:41,532 - INFO - Elapsed Time Seconds     : 10.0732
2025-11-23 03:33:41,532 - INFO - Cpu Usage Percent        : 7.8312
2025-11-23 03:33:41,532 - INFO - Ram Peak Usage Bytes     : 4225495040.0000
2025-11-23 03:33:41,532 - INFO - Disk Read Bytes          : 0.0000
2025-11-23 03:33:41,532 - INFO - Disk Write Bytes         : 135168.0000
2025-11-23 03:33:41,532 - INFO - Vram Peak Usage Bytes    : 1746396276.0000
2025-11-23 03:33:41,532 - INFO - Gpu Power Watts Avg      : 240.4594
2025-11-23 03:33:41,532 - INFO - Gpu Power Watts Peak     : 281.7910
2025-11-23 03:33:41,532 - INFO - Gpu Temp Celsius Avg     : 62.7000
2025-11-23 03:33:41,532 - INFO - Gpu Temp Celsius Peak    : 66.0000
2025-11-23 03:33:41,532 - INFO - Gpu Utilization Percent Avg: 66.7600
2025-11-23 03:33:41,532 - INFO - Gpu Utilization Percent Peak: 85.0000
2025-11-23 03:33:41,532 - INFO - Gpu Mem Used Bytes Avg   : 22371565568.0000
2025-11-23 03:33:41,532 - INFO - Gpu Mem Used Bytes Peak  : 22371565568.0000
2025-11-23 03:33:41,532 - INFO - Gpu Vram Used Bytes      : 22371565568.0000
2025-11-23 03:33:41,532 - INFO - Accuracy                 : 0.3970
2025-11-23 03:33:41,533 - INFO - Precision                : 0.3808
2025-11-23 03:33:41,533 - INFO - Recall                   : 0.3970
2025-11-23 03:33:41,533 - INFO - F1 Score                 : 0.3771
2025-11-23 03:33:41,533 - INFO - ==================================================
2025-11-23 03:40:04,625 - INFO - Época 64 concluída. Loss média: 3.3695
2025-11-23 03:40:04,626 - INFO - Taxa de aprendizado ajustada para: 0.001000
2025-11-23 03:40:04,644 - INFO - Iniciando inferência com o modelo EfficientNetB7...
2025-11-23 03:40:14,534 - INFO - ==================================================
2025-11-23 03:40:14,535 - INFO - EXPERIMENT RESULTS
2025-11-23 03:40:14,535 - INFO - ==================================================
2025-11-23 03:40:14,535 - INFO - Elapsed Time Seconds     : 9.8404
2025-11-23 03:40:14,535 - INFO - Cpu Usage Percent        : 7.8438
2025-11-23 03:40:14,535 - INFO - Ram Peak Usage Bytes     : 4225798144.0000
2025-11-23 03:40:14,535 - INFO - Disk Read Bytes          : 0.0000
2025-11-23 03:40:14,535 - INFO - Disk Write Bytes         : 151552.0000
2025-11-23 03:40:14,535 - INFO - Vram Peak Usage Bytes    : 1746396276.0000
2025-11-23 03:40:14,535 - INFO - Gpu Power Watts Avg      : 242.8606
2025-11-23 03:40:14,535 - INFO - Gpu Power Watts Peak     : 278.6170
2025-11-23 03:40:14,535 - INFO - Gpu Temp Celsius Avg     : 62.9388
2025-11-23 03:40:14,535 - INFO - Gpu Temp Celsius Peak    : 66.0000
2025-11-23 03:40:14,535 - INFO - Gpu Utilization Percent Avg: 68.1429
2025-11-23 03:40:14,535 - INFO - Gpu Utilization Percent Peak: 84.0000
2025-11-23 03:40:14,535 - INFO - Gpu Mem Used Bytes Avg   : 22371565568.0000
2025-11-23 03:40:14,535 - INFO - Gpu Mem Used Bytes Peak  : 22371565568.0000
2025-11-23 03:40:14,535 - INFO - Gpu Vram Used Bytes      : 22371565568.0000
2025-11-23 03:40:14,535 - INFO - Accuracy                 : 0.3985
2025-11-23 03:40:14,535 - INFO - Precision                : 0.3855
2025-11-23 03:40:14,535 - INFO - Recall                   : 0.3985
2025-11-23 03:40:14,535 - INFO - F1 Score                 : 0.3795
2025-11-23 03:40:14,535 - INFO - ==================================================
2025-11-23 03:46:40,643 - INFO - Época 65 concluída. Loss média: 3.3651
2025-11-23 03:46:40,645 - INFO - Taxa de aprendizado ajustada para: 0.001000
2025-11-23 03:46:40,663 - INFO - Iniciando inferência com o modelo EfficientNetB7...
2025-11-23 03:46:50,885 - INFO - ==================================================
2025-11-23 03:46:50,885 - INFO - EXPERIMENT RESULTS
2025-11-23 03:46:50,885 - INFO - ==================================================
2025-11-23 03:46:50,885 - INFO - Elapsed Time Seconds     : 10.1714
2025-11-23 03:46:50,885 - INFO - Cpu Usage Percent        : 7.8375
2025-11-23 03:46:50,885 - INFO - Ram Peak Usage Bytes     : 4226183168.0000
2025-11-23 03:46:50,886 - INFO - Disk Read Bytes          : 0.0000
2025-11-23 03:46:50,886 - INFO - Disk Write Bytes         : 135168.0000
2025-11-23 03:46:50,886 - INFO - Vram Peak Usage Bytes    : 1746396276.0000
2025-11-23 03:46:50,886 - INFO - Gpu Power Watts Avg      : 240.0029
2025-11-23 03:46:50,886 - INFO - Gpu Power Watts Peak     : 277.2520
2025-11-23 03:46:50,886 - INFO - Gpu Temp Celsius Avg     : 62.6832
2025-11-23 03:46:50,886 - INFO - Gpu Temp Celsius Peak    : 65.0000
2025-11-23 03:46:50,886 - INFO - Gpu Utilization Percent Avg: 66.2871
2025-11-23 03:46:50,886 - INFO - Gpu Utilization Percent Peak: 83.0000
2025-11-23 03:46:50,886 - INFO - Gpu Mem Used Bytes Avg   : 22371565568.0000
2025-11-23 03:46:50,886 - INFO - Gpu Mem Used Bytes Peak  : 22371565568.0000
2025-11-23 03:46:50,886 - INFO - Gpu Vram Used Bytes      : 22371565568.0000
2025-11-23 03:46:50,886 - INFO - Accuracy                 : 0.4019
2025-11-23 03:46:50,886 - INFO - Precision                : 0.3858
2025-11-23 03:46:50,886 - INFO - Recall                   : 0.4019
2025-11-23 03:46:50,886 - INFO - F1 Score                 : 0.3833
2025-11-23 03:46:50,886 - INFO - ==================================================
2025-11-23 03:53:14,907 - INFO - Época 66 concluída. Loss média: 3.3541
2025-11-23 03:53:14,908 - INFO - Taxa de aprendizado ajustada para: 0.001000
2025-11-23 03:53:14,926 - INFO - Iniciando inferência com o modelo EfficientNetB7...
2025-11-23 03:53:24,831 - INFO - ==================================================
2025-11-23 03:53:24,831 - INFO - EXPERIMENT RESULTS
2025-11-23 03:53:24,831 - INFO - ==================================================
2025-11-23 03:53:24,831 - INFO - Elapsed Time Seconds     : 9.8547
2025-11-23 03:53:24,831 - INFO - Cpu Usage Percent        : 7.8875
2025-11-23 03:53:24,831 - INFO - Ram Peak Usage Bytes     : 4226379776.0000
2025-11-23 03:53:24,831 - INFO - Disk Read Bytes          : 0.0000
2025-11-23 03:53:24,832 - INFO - Disk Write Bytes         : 241664.0000
2025-11-23 03:53:24,832 - INFO - Vram Peak Usage Bytes    : 1746396276.0000
2025-11-23 03:53:24,832 - INFO - Gpu Power Watts Avg      : 246.0013
2025-11-23 03:53:24,832 - INFO - Gpu Power Watts Peak     : 281.9070
2025-11-23 03:53:24,832 - INFO - Gpu Temp Celsius Avg     : 64.7143
2025-11-23 03:53:24,832 - INFO - Gpu Temp Celsius Peak    : 67.0000
2025-11-23 03:53:24,832 - INFO - Gpu Utilization Percent Avg: 69.2959
2025-11-23 03:53:24,832 - INFO - Gpu Utilization Percent Peak: 84.0000
2025-11-23 03:53:24,832 - INFO - Gpu Mem Used Bytes Avg   : 22371565568.0000
2025-11-23 03:53:24,832 - INFO - Gpu Mem Used Bytes Peak  : 22371565568.0000
2025-11-23 03:53:24,832 - INFO - Gpu Vram Used Bytes      : 22371565568.0000
2025-11-23 03:53:24,832 - INFO - Accuracy                 : 0.3984
2025-11-23 03:53:24,832 - INFO - Precision                : 0.3837
2025-11-23 03:53:24,832 - INFO - Recall                   : 0.3984
2025-11-23 03:53:24,832 - INFO - F1 Score                 : 0.3811
2025-11-23 03:53:24,832 - INFO - ==================================================
2025-11-23 03:59:49,615 - INFO - Época 67 concluída. Loss média: 3.3549
2025-11-23 03:59:49,617 - INFO - Taxa de aprendizado ajustada para: 0.001000
2025-11-23 03:59:49,635 - INFO - Iniciando inferência com o modelo EfficientNetB7...
2025-11-23 03:59:59,553 - INFO - ==================================================
2025-11-23 03:59:59,553 - INFO - EXPERIMENT RESULTS
2025-11-23 03:59:59,553 - INFO - ==================================================
2025-11-23 03:59:59,553 - INFO - Elapsed Time Seconds     : 9.8677
2025-11-23 03:59:59,553 - INFO - Cpu Usage Percent        : 7.6875
2025-11-23 03:59:59,553 - INFO - Ram Peak Usage Bytes     : 4226641920.0000
2025-11-23 03:59:59,553 - INFO - Disk Read Bytes          : 0.0000
2025-11-23 03:59:59,553 - INFO - Disk Write Bytes         : 151552.0000
2025-11-23 03:59:59,553 - INFO - Vram Peak Usage Bytes    : 1746396276.0000
2025-11-23 03:59:59,553 - INFO - Gpu Power Watts Avg      : 242.6547
2025-11-23 03:59:59,553 - INFO - Gpu Power Watts Peak     : 283.9220
2025-11-23 03:59:59,553 - INFO - Gpu Temp Celsius Avg     : 63.4082
2025-11-23 03:59:59,553 - INFO - Gpu Temp Celsius Peak    : 66.0000
2025-11-23 03:59:59,553 - INFO - Gpu Utilization Percent Avg: 67.9388
2025-11-23 03:59:59,553 - INFO - Gpu Utilization Percent Peak: 85.0000
2025-11-23 03:59:59,553 - INFO - Gpu Mem Used Bytes Avg   : 22371565568.0000
2025-11-23 03:59:59,553 - INFO - Gpu Mem Used Bytes Peak  : 22371565568.0000
2025-11-23 03:59:59,553 - INFO - Gpu Vram Used Bytes      : 22371565568.0000
2025-11-23 03:59:59,553 - INFO - Accuracy                 : 0.4000
2025-11-23 03:59:59,554 - INFO - Precision                : 0.3887
2025-11-23 03:59:59,554 - INFO - Recall                   : 0.4000
2025-11-23 03:59:59,554 - INFO - F1 Score                 : 0.3831
2025-11-23 03:59:59,554 - INFO - ==================================================
2025-11-23 04:06:21,650 - INFO - Época 68 concluída. Loss média: 3.3434
2025-11-23 04:06:21,653 - INFO - Taxa de aprendizado ajustada para: 0.001000
2025-11-23 04:06:21,670 - INFO - Iniciando inferência com o modelo EfficientNetB7...
2025-11-23 04:06:31,573 - INFO - ==================================================
2025-11-23 04:06:31,573 - INFO - EXPERIMENT RESULTS
2025-11-23 04:06:31,573 - INFO - ==================================================
2025-11-23 04:06:31,573 - INFO - Elapsed Time Seconds     : 9.8524
2025-11-23 04:06:31,573 - INFO - Cpu Usage Percent        : 7.7938
2025-11-23 04:06:31,573 - INFO - Ram Peak Usage Bytes     : 4226887680.0000
2025-11-23 04:06:31,573 - INFO - Disk Read Bytes          : 0.0000
2025-11-23 04:06:31,573 - INFO - Disk Write Bytes         : 135168.0000
2025-11-23 04:06:31,573 - INFO - Vram Peak Usage Bytes    : 1746396276.0000
2025-11-23 04:06:31,573 - INFO - Gpu Power Watts Avg      : 242.7066
2025-11-23 04:06:31,573 - INFO - Gpu Power Watts Peak     : 282.2370
2025-11-23 04:06:31,573 - INFO - Gpu Temp Celsius Avg     : 63.3571
2025-11-23 04:06:31,573 - INFO - Gpu Temp Celsius Peak    : 66.0000
2025-11-23 04:06:31,573 - INFO - Gpu Utilization Percent Avg: 67.9796
2025-11-23 04:06:31,573 - INFO - Gpu Utilization Percent Peak: 85.0000
2025-11-23 04:06:31,573 - INFO - Gpu Mem Used Bytes Avg   : 22371565568.0000
2025-11-23 04:06:31,573 - INFO - Gpu Mem Used Bytes Peak  : 22371565568.0000
2025-11-23 04:06:31,573 - INFO - Gpu Vram Used Bytes      : 22371565568.0000
2025-11-23 04:06:31,573 - INFO - Accuracy                 : 0.4056
2025-11-23 04:06:31,574 - INFO - Precision                : 0.3950
2025-11-23 04:06:31,574 - INFO - Recall                   : 0.4056
2025-11-23 04:06:31,574 - INFO - F1 Score                 : 0.3901
2025-11-23 04:06:31,574 - INFO - ==================================================
2025-11-23 04:12:57,043 - INFO - Época 69 concluída. Loss média: 3.3418
2025-11-23 04:12:57,045 - INFO - Taxa de aprendizado ajustada para: 0.001000
2025-11-23 04:12:57,062 - INFO - Iniciando inferência com o modelo EfficientNetB7...
2025-11-23 04:13:07,478 - INFO - ==================================================
2025-11-23 04:13:07,478 - INFO - EXPERIMENT RESULTS
2025-11-23 04:13:07,478 - INFO - ==================================================
2025-11-23 04:13:07,478 - INFO - Elapsed Time Seconds     : 10.3656
2025-11-23 04:13:07,478 - INFO - Cpu Usage Percent        : 7.7062
2025-11-23 04:13:07,478 - INFO - Ram Peak Usage Bytes     : 4227239936.0000
2025-11-23 04:13:07,478 - INFO - Disk Read Bytes          : 0.0000
2025-11-23 04:13:07,478 - INFO - Disk Write Bytes         : 135168.0000
2025-11-23 04:13:07,478 - INFO - Vram Peak Usage Bytes    : 1746396276.0000
2025-11-23 04:13:07,478 - INFO - Gpu Power Watts Avg      : 236.4288
2025-11-23 04:13:07,478 - INFO - Gpu Power Watts Peak     : 278.8290
2025-11-23 04:13:07,479 - INFO - Gpu Temp Celsius Avg     : 62.9709
2025-11-23 04:13:07,479 - INFO - Gpu Temp Celsius Peak    : 66.0000
2025-11-23 04:13:07,479 - INFO - Gpu Utilization Percent Avg: 65.7476
2025-11-23 04:13:07,479 - INFO - Gpu Utilization Percent Peak: 82.0000
2025-11-23 04:13:07,479 - INFO - Gpu Mem Used Bytes Avg   : 22371565568.0000
2025-11-23 04:13:07,479 - INFO - Gpu Mem Used Bytes Peak  : 22371565568.0000
2025-11-23 04:13:07,479 - INFO - Gpu Vram Used Bytes      : 22371565568.0000
2025-11-23 04:13:07,479 - INFO - Accuracy                 : 0.4060
2025-11-23 04:13:07,479 - INFO - Precision                : 0.3964
2025-11-23 04:13:07,479 - INFO - Recall                   : 0.4060
2025-11-23 04:13:07,479 - INFO - F1 Score                 : 0.3906
2025-11-23 04:13:07,479 - INFO - ==================================================
2025-11-23 04:19:32,249 - INFO - Época 70 concluída. Loss média: 3.3388
2025-11-23 04:19:32,251 - INFO - Taxa de aprendizado ajustada para: 0.001000
2025-11-23 04:19:32,269 - INFO - Iniciando inferência com o modelo EfficientNetB7...
2025-11-23 04:19:42,482 - INFO - ==================================================
2025-11-23 04:19:42,482 - INFO - EXPERIMENT RESULTS
2025-11-23 04:19:42,483 - INFO - ==================================================
2025-11-23 04:19:42,483 - INFO - Elapsed Time Seconds     : 10.1632
2025-11-23 04:19:42,483 - INFO - Cpu Usage Percent        : 7.5750
2025-11-23 04:19:42,483 - INFO - Ram Peak Usage Bytes     : 4227411968.0000
2025-11-23 04:19:42,483 - INFO - Disk Read Bytes          : 0.0000
2025-11-23 04:19:42,483 - INFO - Disk Write Bytes         : 135168.0000
2025-11-23 04:19:42,483 - INFO - Vram Peak Usage Bytes    : 1746396276.0000
2025-11-23 04:19:42,483 - INFO - Gpu Power Watts Avg      : 237.7161
2025-11-23 04:19:42,483 - INFO - Gpu Power Watts Peak     : 278.4120
2025-11-23 04:19:42,483 - INFO - Gpu Temp Celsius Avg     : 63.0099
2025-11-23 04:19:42,483 - INFO - Gpu Temp Celsius Peak    : 66.0000
2025-11-23 04:19:42,483 - INFO - Gpu Utilization Percent Avg: 66.1683
2025-11-23 04:19:42,483 - INFO - Gpu Utilization Percent Peak: 84.0000
2025-11-23 04:19:42,483 - INFO - Gpu Mem Used Bytes Avg   : 22371565568.0000
2025-11-23 04:19:42,483 - INFO - Gpu Mem Used Bytes Peak  : 22371565568.0000
2025-11-23 04:19:42,483 - INFO - Gpu Vram Used Bytes      : 22371565568.0000
2025-11-23 04:19:42,483 - INFO - Accuracy                 : 0.4064
2025-11-23 04:19:42,483 - INFO - Precision                : 0.3950
2025-11-23 04:19:42,483 - INFO - Recall                   : 0.4064
2025-11-23 04:19:42,483 - INFO - F1 Score                 : 0.3887
2025-11-23 04:19:42,483 - INFO - ==================================================
2025-11-23 04:26:08,350 - INFO - Época 71 concluída. Loss média: 3.3355
2025-11-23 04:26:08,352 - INFO - Taxa de aprendizado ajustada para: 0.001000
2025-11-23 04:26:08,369 - INFO - Iniciando inferência com o modelo EfficientNetB7...
2025-11-23 04:26:18,265 - INFO - ==================================================
2025-11-23 04:26:18,265 - INFO - EXPERIMENT RESULTS
2025-11-23 04:26:18,265 - INFO - ==================================================
2025-11-23 04:26:18,265 - INFO - Elapsed Time Seconds     : 9.8431
2025-11-23 04:26:18,265 - INFO - Cpu Usage Percent        : 7.8750
2025-11-23 04:26:18,266 - INFO - Ram Peak Usage Bytes     : 4227657728.0000
2025-11-23 04:26:18,266 - INFO - Disk Read Bytes          : 0.0000
2025-11-23 04:26:18,266 - INFO - Disk Write Bytes         : 217088.0000
2025-11-23 04:26:18,266 - INFO - Vram Peak Usage Bytes    : 1746396276.0000
2025-11-23 04:26:18,266 - INFO - Gpu Power Watts Avg      : 244.1765
2025-11-23 04:26:18,266 - INFO - Gpu Power Watts Peak     : 280.1780
2025-11-23 04:26:18,266 - INFO - Gpu Temp Celsius Avg     : 63.3196
2025-11-23 04:26:18,266 - INFO - Gpu Temp Celsius Peak    : 66.0000
2025-11-23 04:26:18,266 - INFO - Gpu Utilization Percent Avg: 68.6598
2025-11-23 04:26:18,266 - INFO - Gpu Utilization Percent Peak: 84.0000
2025-11-23 04:26:18,266 - INFO - Gpu Mem Used Bytes Avg   : 22371565568.0000
2025-11-23 04:26:18,266 - INFO - Gpu Mem Used Bytes Peak  : 22371565568.0000
2025-11-23 04:26:18,266 - INFO - Gpu Vram Used Bytes      : 22371565568.0000
2025-11-23 04:26:18,266 - INFO - Accuracy                 : 0.4048
2025-11-23 04:26:18,266 - INFO - Precision                : 0.3937
2025-11-23 04:26:18,266 - INFO - Recall                   : 0.4048
2025-11-23 04:26:18,266 - INFO - F1 Score                 : 0.3888
2025-11-23 04:26:18,266 - INFO - ==================================================
2025-11-23 04:32:43,349 - INFO - Época 72 concluída. Loss média: 3.3330
2025-11-23 04:32:43,351 - INFO - Taxa de aprendizado ajustada para: 0.001000
2025-11-23 04:32:43,368 - INFO - Iniciando inferência com o modelo EfficientNetB7...
2025-11-23 04:32:53,463 - INFO - ==================================================
2025-11-23 04:32:53,463 - INFO - EXPERIMENT RESULTS
2025-11-23 04:32:53,463 - INFO - ==================================================
2025-11-23 04:32:53,463 - INFO - Elapsed Time Seconds     : 10.0438
2025-11-23 04:32:53,463 - INFO - Cpu Usage Percent        : 7.8688
2025-11-23 04:32:53,463 - INFO - Ram Peak Usage Bytes     : 4227891200.0000
2025-11-23 04:32:53,463 - INFO - Disk Read Bytes          : 0.0000
2025-11-23 04:32:53,463 - INFO - Disk Write Bytes         : 151552.0000
2025-11-23 04:32:53,463 - INFO - Vram Peak Usage Bytes    : 1746396276.0000
2025-11-23 04:32:53,463 - INFO - Gpu Power Watts Avg      : 239.8367
2025-11-23 04:32:53,463 - INFO - Gpu Power Watts Peak     : 279.1460
2025-11-23 04:32:53,463 - INFO - Gpu Temp Celsius Avg     : 62.8700
2025-11-23 04:32:53,463 - INFO - Gpu Temp Celsius Peak    : 66.0000
2025-11-23 04:32:53,463 - INFO - Gpu Utilization Percent Avg: 67.0400
2025-11-23 04:32:53,463 - INFO - Gpu Utilization Percent Peak: 84.0000
2025-11-23 04:32:53,463 - INFO - Gpu Mem Used Bytes Avg   : 22371565568.0000
2025-11-23 04:32:53,463 - INFO - Gpu Mem Used Bytes Peak  : 22371565568.0000
2025-11-23 04:32:53,464 - INFO - Gpu Vram Used Bytes      : 22371565568.0000
2025-11-23 04:32:53,464 - INFO - Accuracy                 : 0.4043
2025-11-23 04:32:53,464 - INFO - Precision                : 0.3894
2025-11-23 04:32:53,464 - INFO - Recall                   : 0.4043
2025-11-23 04:32:53,464 - INFO - F1 Score                 : 0.3867
2025-11-23 04:32:53,464 - INFO - ==================================================
2025-11-23 04:39:18,229 - INFO - Época 73 concluída. Loss média: 3.3291
2025-11-23 04:39:18,230 - INFO - Taxa de aprendizado ajustada para: 0.001000
2025-11-23 04:39:18,248 - INFO - Iniciando inferência com o modelo EfficientNetB7...
2025-11-23 04:39:28,137 - INFO - ==================================================
2025-11-23 04:39:28,137 - INFO - EXPERIMENT RESULTS
2025-11-23 04:39:28,138 - INFO - ==================================================
2025-11-23 04:39:28,138 - INFO - Elapsed Time Seconds     : 9.8392
2025-11-23 04:39:28,138 - INFO - Cpu Usage Percent        : 7.8563
2025-11-23 04:39:28,138 - INFO - Ram Peak Usage Bytes     : 4228153344.0000
2025-11-23 04:39:28,138 - INFO - Disk Read Bytes          : 0.0000
2025-11-23 04:39:28,138 - INFO - Disk Write Bytes         : 278528.0000
2025-11-23 04:39:28,138 - INFO - Vram Peak Usage Bytes    : 1746396276.0000
2025-11-23 04:39:28,138 - INFO - Gpu Power Watts Avg      : 242.8719
2025-11-23 04:39:28,138 - INFO - Gpu Power Watts Peak     : 278.4260
2025-11-23 04:39:28,138 - INFO - Gpu Temp Celsius Avg     : 62.8878
2025-11-23 04:39:28,138 - INFO - Gpu Temp Celsius Peak    : 66.0000
2025-11-23 04:39:28,138 - INFO - Gpu Utilization Percent Avg: 68.3980
2025-11-23 04:39:28,138 - INFO - Gpu Utilization Percent Peak: 84.0000
2025-11-23 04:39:28,138 - INFO - Gpu Mem Used Bytes Avg   : 22371565568.0000
2025-11-23 04:39:28,138 - INFO - Gpu Mem Used Bytes Peak  : 22371565568.0000
2025-11-23 04:39:28,138 - INFO - Gpu Vram Used Bytes      : 22371565568.0000
2025-11-23 04:39:28,138 - INFO - Accuracy                 : 0.4117
2025-11-23 04:39:28,138 - INFO - Precision                : 0.4009
2025-11-23 04:39:28,138 - INFO - Recall                   : 0.4117
2025-11-23 04:39:28,138 - INFO - F1 Score                 : 0.3942
2025-11-23 04:39:28,138 - INFO - ==================================================
2025-11-23 04:45:52,655 - INFO - Época 74 concluída. Loss média: 3.3289
2025-11-23 04:45:52,657 - INFO - Taxa de aprendizado ajustada para: 0.001000
2025-11-23 04:45:52,674 - INFO - Iniciando inferência com o modelo EfficientNetB7...
2025-11-23 04:46:02,685 - INFO - ==================================================
2025-11-23 04:46:02,686 - INFO - EXPERIMENT RESULTS
2025-11-23 04:46:02,686 - INFO - ==================================================
2025-11-23 04:46:02,686 - INFO - Elapsed Time Seconds     : 9.9611
2025-11-23 04:46:02,686 - INFO - Cpu Usage Percent        : 7.7313
2025-11-23 04:46:02,686 - INFO - Ram Peak Usage Bytes     : 4228415488.0000
2025-11-23 04:46:02,686 - INFO - Disk Read Bytes          : 0.0000
2025-11-23 04:46:02,686 - INFO - Disk Write Bytes         : 135168.0000
2025-11-23 04:46:02,686 - INFO - Vram Peak Usage Bytes    : 1746396276.0000
2025-11-23 04:46:02,686 - INFO - Gpu Power Watts Avg      : 240.7278
2025-11-23 04:46:02,686 - INFO - Gpu Power Watts Peak     : 280.7170
2025-11-23 04:46:02,686 - INFO - Gpu Temp Celsius Avg     : 63.1111
2025-11-23 04:46:02,686 - INFO - Gpu Temp Celsius Peak    : 66.0000
2025-11-23 04:46:02,686 - INFO - Gpu Utilization Percent Avg: 67.7273
2025-11-23 04:46:02,686 - INFO - Gpu Utilization Percent Peak: 84.0000
2025-11-23 04:46:02,686 - INFO - Gpu Mem Used Bytes Avg   : 22371565568.0000
2025-11-23 04:46:02,686 - INFO - Gpu Mem Used Bytes Peak  : 22371565568.0000
2025-11-23 04:46:02,686 - INFO - Gpu Vram Used Bytes      : 22371565568.0000
2025-11-23 04:46:02,686 - INFO - Accuracy                 : 0.4104
2025-11-23 04:46:02,686 - INFO - Precision                : 0.3931
2025-11-23 04:46:02,686 - INFO - Recall                   : 0.4104
2025-11-23 04:46:02,687 - INFO - F1 Score                 : 0.3918
2025-11-23 04:46:02,687 - INFO - ==================================================
2025-11-23 04:52:26,709 - INFO - Época 75 concluída. Loss média: 3.3193
2025-11-23 04:52:26,711 - INFO - Taxa de aprendizado ajustada para: 0.001000
2025-11-23 04:52:26,729 - INFO - Iniciando inferência com o modelo EfficientNetB7...
2025-11-23 04:52:36,742 - INFO - ==================================================
2025-11-23 04:52:36,742 - INFO - EXPERIMENT RESULTS
2025-11-23 04:52:36,742 - INFO - ==================================================
2025-11-23 04:52:36,742 - INFO - Elapsed Time Seconds     : 9.9628
2025-11-23 04:52:36,742 - INFO - Cpu Usage Percent        : 7.6813
2025-11-23 04:52:36,742 - INFO - Ram Peak Usage Bytes     : 4228661248.0000
2025-11-23 04:52:36,742 - INFO - Disk Read Bytes          : 0.0000
2025-11-23 04:52:36,742 - INFO - Disk Write Bytes         : 135168.0000
2025-11-23 04:52:36,742 - INFO - Vram Peak Usage Bytes    : 1746396276.0000
2025-11-23 04:52:36,742 - INFO - Gpu Power Watts Avg      : 241.9094
2025-11-23 04:52:36,742 - INFO - Gpu Power Watts Peak     : 278.1510
2025-11-23 04:52:36,743 - INFO - Gpu Temp Celsius Avg     : 62.9697
2025-11-23 04:52:36,743 - INFO - Gpu Temp Celsius Peak    : 66.0000
2025-11-23 04:52:36,743 - INFO - Gpu Utilization Percent Avg: 68.0808
2025-11-23 04:52:36,743 - INFO - Gpu Utilization Percent Peak: 84.0000
2025-11-23 04:52:36,743 - INFO - Gpu Mem Used Bytes Avg   : 22371565568.0000
2025-11-23 04:52:36,743 - INFO - Gpu Mem Used Bytes Peak  : 22371565568.0000
2025-11-23 04:52:36,743 - INFO - Gpu Vram Used Bytes      : 22371565568.0000
2025-11-23 04:52:36,743 - INFO - Accuracy                 : 0.4053
2025-11-23 04:52:36,743 - INFO - Precision                : 0.3906
2025-11-23 04:52:36,743 - INFO - Recall                   : 0.4053
2025-11-23 04:52:36,743 - INFO - F1 Score                 : 0.3860
2025-11-23 04:52:36,743 - INFO - ==================================================
2025-11-23 04:59:02,036 - INFO - Época 76 concluída. Loss média: 3.3210
2025-11-23 04:59:02,038 - INFO - Taxa de aprendizado ajustada para: 0.001000
2025-11-23 04:59:02,055 - INFO - Iniciando inferência com o modelo EfficientNetB7...
2025-11-23 04:59:11,947 - INFO - ==================================================
2025-11-23 04:59:11,948 - INFO - EXPERIMENT RESULTS
2025-11-23 04:59:11,948 - INFO - ==================================================
2025-11-23 04:59:11,948 - INFO - Elapsed Time Seconds     : 9.8418
2025-11-23 04:59:11,948 - INFO - Cpu Usage Percent        : 7.9125
2025-11-23 04:59:11,948 - INFO - Ram Peak Usage Bytes     : 4228907008.0000
2025-11-23 04:59:11,948 - INFO - Disk Read Bytes          : 0.0000
2025-11-23 04:59:11,948 - INFO - Disk Write Bytes         : 151552.0000
2025-11-23 04:59:11,948 - INFO - Vram Peak Usage Bytes    : 1746396276.0000
2025-11-23 04:59:11,948 - INFO - Gpu Power Watts Avg      : 244.9753
2025-11-23 04:59:11,948 - INFO - Gpu Power Watts Peak     : 279.7220
2025-11-23 04:59:11,948 - INFO - Gpu Temp Celsius Avg     : 63.2347
2025-11-23 04:59:11,948 - INFO - Gpu Temp Celsius Peak    : 66.0000
2025-11-23 04:59:11,948 - INFO - Gpu Utilization Percent Avg: 68.5204
2025-11-23 04:59:11,948 - INFO - Gpu Utilization Percent Peak: 83.0000
2025-11-23 04:59:11,948 - INFO - Gpu Mem Used Bytes Avg   : 22371565568.0000
2025-11-23 04:59:11,948 - INFO - Gpu Mem Used Bytes Peak  : 22371565568.0000
2025-11-23 04:59:11,948 - INFO - Gpu Vram Used Bytes      : 22371565568.0000
2025-11-23 04:59:11,948 - INFO - Accuracy                 : 0.4144
2025-11-23 04:59:11,948 - INFO - Precision                : 0.4013
2025-11-23 04:59:11,948 - INFO - Recall                   : 0.4144
2025-11-23 04:59:11,949 - INFO - F1 Score                 : 0.3984
2025-11-23 04:59:11,949 - INFO - ==================================================
2025-11-23 05:05:34,055 - INFO - Época 77 concluída. Loss média: 3.3159
2025-11-23 05:05:34,057 - INFO - Taxa de aprendizado ajustada para: 0.001000
2025-11-23 05:05:34,075 - INFO - Iniciando inferência com o modelo EfficientNetB7...
2025-11-23 05:05:44,289 - INFO - ==================================================
2025-11-23 05:05:44,289 - INFO - EXPERIMENT RESULTS
2025-11-23 05:05:44,289 - INFO - ==================================================
2025-11-23 05:05:44,289 - INFO - Elapsed Time Seconds     : 10.1638
2025-11-23 05:05:44,289 - INFO - Cpu Usage Percent        : 7.6000
2025-11-23 05:05:44,290 - INFO - Ram Peak Usage Bytes     : 4229185536.0000
2025-11-23 05:05:44,290 - INFO - Disk Read Bytes          : 0.0000
2025-11-23 05:05:44,290 - INFO - Disk Write Bytes         : 135168.0000
2025-11-23 05:05:44,290 - INFO - Vram Peak Usage Bytes    : 1746396276.0000
2025-11-23 05:05:44,290 - INFO - Gpu Power Watts Avg      : 235.1697
2025-11-23 05:05:44,290 - INFO - Gpu Power Watts Peak     : 277.6370
2025-11-23 05:05:44,290 - INFO - Gpu Temp Celsius Avg     : 62.3861
2025-11-23 05:05:44,290 - INFO - Gpu Temp Celsius Peak    : 66.0000
2025-11-23 05:05:44,290 - INFO - Gpu Utilization Percent Avg: 66.9109
2025-11-23 05:05:44,290 - INFO - Gpu Utilization Percent Peak: 85.0000
2025-11-23 05:05:44,290 - INFO - Gpu Mem Used Bytes Avg   : 22371565568.0000
2025-11-23 05:05:44,290 - INFO - Gpu Mem Used Bytes Peak  : 22371565568.0000
2025-11-23 05:05:44,290 - INFO - Gpu Vram Used Bytes      : 22371565568.0000
2025-11-23 05:05:44,290 - INFO - Accuracy                 : 0.4111
2025-11-23 05:05:44,290 - INFO - Precision                : 0.3978
2025-11-23 05:05:44,290 - INFO - Recall                   : 0.4111
2025-11-23 05:05:44,290 - INFO - F1 Score                 : 0.3937
2025-11-23 05:05:44,290 - INFO - ==================================================
2025-11-23 05:12:10,265 - INFO - Época 78 concluída. Loss média: 3.3187
2025-11-23 05:12:10,268 - INFO - Taxa de aprendizado ajustada para: 0.001000
2025-11-23 05:12:10,285 - INFO - Iniciando inferência com o modelo EfficientNetB7...
2025-11-23 05:12:20,229 - INFO - ==================================================
2025-11-23 05:12:20,233 - INFO - EXPERIMENT RESULTS
2025-11-23 05:12:20,233 - INFO - ==================================================
2025-11-23 05:12:20,233 - INFO - Elapsed Time Seconds     : 9.8819
2025-11-23 05:12:20,233 - INFO - Cpu Usage Percent        : 7.8438
2025-11-23 05:12:20,233 - INFO - Ram Peak Usage Bytes     : 4229431296.0000
2025-11-23 05:12:20,233 - INFO - Disk Read Bytes          : 0.0000
2025-11-23 05:12:20,233 - INFO - Disk Write Bytes         : 225280.0000
2025-11-23 05:12:20,233 - INFO - Vram Peak Usage Bytes    : 1746396276.0000
2025-11-23 05:12:20,234 - INFO - Gpu Power Watts Avg      : 231.8093
2025-11-23 05:12:20,234 - INFO - Gpu Power Watts Peak     : 277.8580
2025-11-23 05:12:20,234 - INFO - Gpu Temp Celsius Avg     : 62.5000
2025-11-23 05:12:20,234 - INFO - Gpu Temp Celsius Peak    : 66.0000
2025-11-23 05:12:20,234 - INFO - Gpu Utilization Percent Avg: 67.6327
2025-11-23 05:12:20,234 - INFO - Gpu Utilization Percent Peak: 84.0000
2025-11-23 05:12:20,234 - INFO - Gpu Mem Used Bytes Avg   : 22371565568.0000
2025-11-23 05:12:20,234 - INFO - Gpu Mem Used Bytes Peak  : 22371565568.0000
2025-11-23 05:12:20,234 - INFO - Gpu Vram Used Bytes      : 22371565568.0000
2025-11-23 05:12:20,234 - INFO - Accuracy                 : 0.4144
2025-11-23 05:12:20,234 - INFO - Precision                : 0.4035
2025-11-23 05:12:20,234 - INFO - Recall                   : 0.4144
2025-11-23 05:12:20,234 - INFO - F1 Score                 : 0.3988
2025-11-23 05:12:20,234 - INFO - ==================================================
2025-11-23 05:18:43,003 - INFO - Época 79 concluída. Loss média: 3.3153
2025-11-23 05:18:43,005 - INFO - Taxa de aprendizado ajustada para: 0.001000
2025-11-23 05:18:43,022 - INFO - Iniciando inferência com o modelo EfficientNetB7...
2025-11-23 05:18:53,158 - INFO - ==================================================
2025-11-23 05:18:53,158 - INFO - EXPERIMENT RESULTS
2025-11-23 05:18:53,158 - INFO - ==================================================
2025-11-23 05:18:53,158 - INFO - Elapsed Time Seconds     : 10.0630
2025-11-23 05:18:53,158 - INFO - Cpu Usage Percent        : 7.8187
2025-11-23 05:18:53,158 - INFO - Ram Peak Usage Bytes     : 4229677056.0000
2025-11-23 05:18:53,159 - INFO - Disk Read Bytes          : 0.0000
2025-11-23 05:18:53,159 - INFO - Disk Write Bytes         : 151552.0000
2025-11-23 05:18:53,159 - INFO - Vram Peak Usage Bytes    : 1746396276.0000
2025-11-23 05:18:53,159 - INFO - Gpu Power Watts Avg      : 238.2531
2025-11-23 05:18:53,159 - INFO - Gpu Power Watts Peak     : 279.2330
2025-11-23 05:18:53,159 - INFO - Gpu Temp Celsius Avg     : 62.7300
2025-11-23 05:18:53,159 - INFO - Gpu Temp Celsius Peak    : 66.0000
2025-11-23 05:18:53,159 - INFO - Gpu Utilization Percent Avg: 66.6800
2025-11-23 05:18:53,159 - INFO - Gpu Utilization Percent Peak: 83.0000
2025-11-23 05:18:53,159 - INFO - Gpu Mem Used Bytes Avg   : 22371565568.0000
2025-11-23 05:18:53,159 - INFO - Gpu Mem Used Bytes Peak  : 22371565568.0000
2025-11-23 05:18:53,159 - INFO - Gpu Vram Used Bytes      : 22371565568.0000
2025-11-23 05:18:53,159 - INFO - Accuracy                 : 0.4110
2025-11-23 05:18:53,159 - INFO - Precision                : 0.4039
2025-11-23 05:18:53,159 - INFO - Recall                   : 0.4110
2025-11-23 05:18:53,159 - INFO - F1 Score                 : 0.3966
2025-11-23 05:18:53,159 - INFO - ==================================================
2025-11-23 05:25:16,631 - INFO - Época 80 concluída. Loss média: 3.3117
2025-11-23 05:25:16,633 - INFO - Taxa de aprendizado ajustada para: 0.001000
2025-11-23 05:25:16,650 - INFO - Iniciando inferência com o modelo EfficientNetB7...
2025-11-23 05:25:26,616 - INFO - ==================================================
2025-11-23 05:25:26,616 - INFO - EXPERIMENT RESULTS
2025-11-23 05:25:26,616 - INFO - ==================================================
2025-11-23 05:25:26,616 - INFO - Elapsed Time Seconds     : 9.9133
2025-11-23 05:25:26,616 - INFO - Cpu Usage Percent        : 7.8937
2025-11-23 05:25:26,616 - INFO - Ram Peak Usage Bytes     : 4229943296.0000
2025-11-23 05:25:26,616 - INFO - Disk Read Bytes          : 0.0000
2025-11-23 05:25:26,616 - INFO - Disk Write Bytes         : 217088.0000
2025-11-23 05:25:26,616 - INFO - Vram Peak Usage Bytes    : 1746396276.0000
2025-11-23 05:25:26,616 - INFO - Gpu Power Watts Avg      : 244.2576
2025-11-23 05:25:26,616 - INFO - Gpu Power Watts Peak     : 282.8390
2025-11-23 05:25:26,616 - INFO - Gpu Temp Celsius Avg     : 63.0102
2025-11-23 05:25:26,616 - INFO - Gpu Temp Celsius Peak    : 66.0000
2025-11-23 05:25:26,616 - INFO - Gpu Utilization Percent Avg: 68.7959
2025-11-23 05:25:26,616 - INFO - Gpu Utilization Percent Peak: 85.0000
2025-11-23 05:25:26,616 - INFO - Gpu Mem Used Bytes Avg   : 22371565568.0000
2025-11-23 05:25:26,616 - INFO - Gpu Mem Used Bytes Peak  : 22371565568.0000
2025-11-23 05:25:26,616 - INFO - Gpu Vram Used Bytes      : 22371565568.0000
2025-11-23 05:25:26,617 - INFO - Accuracy                 : 0.4094
2025-11-23 05:25:26,617 - INFO - Precision                : 0.3952
2025-11-23 05:25:26,617 - INFO - Recall                   : 0.4094
2025-11-23 05:25:26,617 - INFO - F1 Score                 : 0.3908
2025-11-23 05:25:26,617 - INFO - ==================================================
2025-11-23 05:31:48,755 - INFO - Época 81 concluída. Loss média: 3.3148
2025-11-23 05:31:48,757 - INFO - Taxa de aprendizado ajustada para: 0.001000
2025-11-23 05:31:48,775 - INFO - Iniciando inferência com o modelo EfficientNetB7...
2025-11-23 05:31:58,505 - INFO - ==================================================
2025-11-23 05:31:58,505 - INFO - EXPERIMENT RESULTS
2025-11-23 05:31:58,505 - INFO - ==================================================
2025-11-23 05:31:58,505 - INFO - Elapsed Time Seconds     : 9.6790
2025-11-23 05:31:58,505 - INFO - Cpu Usage Percent        : 7.9813
2025-11-23 05:31:58,505 - INFO - Ram Peak Usage Bytes     : 4230176768.0000
2025-11-23 05:31:58,505 - INFO - Disk Read Bytes          : 0.0000
2025-11-23 05:31:58,505 - INFO - Disk Write Bytes         : 151552.0000
2025-11-23 05:31:58,505 - INFO - Vram Peak Usage Bytes    : 1746396276.0000
2025-11-23 05:31:58,505 - INFO - Gpu Power Watts Avg      : 244.3823
2025-11-23 05:31:58,505 - INFO - Gpu Power Watts Peak     : 285.2170
2025-11-23 05:31:58,505 - INFO - Gpu Temp Celsius Avg     : 63.1562
2025-11-23 05:31:58,505 - INFO - Gpu Temp Celsius Peak    : 66.0000
2025-11-23 05:31:58,505 - INFO - Gpu Utilization Percent Avg: 69.2083
2025-11-23 05:31:58,505 - INFO - Gpu Utilization Percent Peak: 85.0000
2025-11-23 05:31:58,505 - INFO - Gpu Mem Used Bytes Avg   : 22371565568.0000
2025-11-23 05:31:58,505 - INFO - Gpu Mem Used Bytes Peak  : 22371565568.0000
2025-11-23 05:31:58,505 - INFO - Gpu Vram Used Bytes      : 22371565568.0000
2025-11-23 05:31:58,505 - INFO - Accuracy                 : 0.4118
2025-11-23 05:31:58,505 - INFO - Precision                : 0.4021
2025-11-23 05:31:58,506 - INFO - Recall                   : 0.4118
2025-11-23 05:31:58,506 - INFO - F1 Score                 : 0.3953
2025-11-23 05:31:58,506 - INFO - ==================================================
2025-11-23 05:38:21,374 - INFO - Época 82 concluída. Loss média: 3.3054
2025-11-23 05:38:21,376 - INFO - Taxa de aprendizado ajustada para: 0.001000
2025-11-23 05:38:21,393 - INFO - Iniciando inferência com o modelo EfficientNetB7...
2025-11-23 05:38:31,537 - INFO - ==================================================
2025-11-23 05:38:31,537 - INFO - EXPERIMENT RESULTS
2025-11-23 05:38:31,537 - INFO - ==================================================
2025-11-23 05:38:31,537 - INFO - Elapsed Time Seconds     : 10.0935
2025-11-23 05:38:31,537 - INFO - Cpu Usage Percent        : 7.8125
2025-11-23 05:38:31,537 - INFO - Ram Peak Usage Bytes     : 4230422528.0000
2025-11-23 05:38:31,538 - INFO - Disk Read Bytes          : 0.0000
2025-11-23 05:38:31,538 - INFO - Disk Write Bytes         : 151552.0000
2025-11-23 05:38:31,538 - INFO - Vram Peak Usage Bytes    : 1746396276.0000
2025-11-23 05:38:31,538 - INFO - Gpu Power Watts Avg      : 237.9489
2025-11-23 05:38:31,538 - INFO - Gpu Power Watts Peak     : 280.4460
2025-11-23 05:38:31,538 - INFO - Gpu Temp Celsius Avg     : 62.5000
2025-11-23 05:38:31,538 - INFO - Gpu Temp Celsius Peak    : 65.0000
2025-11-23 05:38:31,538 - INFO - Gpu Utilization Percent Avg: 66.5300
2025-11-23 05:38:31,538 - INFO - Gpu Utilization Percent Peak: 85.0000
2025-11-23 05:38:31,538 - INFO - Gpu Mem Used Bytes Avg   : 22371565568.0000
2025-11-23 05:38:31,538 - INFO - Gpu Mem Used Bytes Peak  : 22371565568.0000
2025-11-23 05:38:31,538 - INFO - Gpu Vram Used Bytes      : 22371565568.0000
2025-11-23 05:38:31,538 - INFO - Accuracy                 : 0.4122
2025-11-23 05:38:31,538 - INFO - Precision                : 0.4014
2025-11-23 05:38:31,538 - INFO - Recall                   : 0.4122
2025-11-23 05:38:31,538 - INFO - F1 Score                 : 0.3957
2025-11-23 05:38:31,538 - INFO - ==================================================
2025-11-23 05:44:56,908 - INFO - Época 83 concluída. Loss média: 3.3062
2025-11-23 05:44:56,910 - INFO - Taxa de aprendizado ajustada para: 0.001000
2025-11-23 05:44:56,928 - INFO - Iniciando inferência com o modelo EfficientNetB7...
2025-11-23 05:45:07,022 - INFO - ==================================================
2025-11-23 05:45:07,022 - INFO - EXPERIMENT RESULTS
2025-11-23 05:45:07,022 - INFO - ==================================================
2025-11-23 05:45:07,022 - INFO - Elapsed Time Seconds     : 10.0435
2025-11-23 05:45:07,022 - INFO - Cpu Usage Percent        : 7.7625
2025-11-23 05:45:07,022 - INFO - Ram Peak Usage Bytes     : 4232839168.0000
2025-11-23 05:45:07,022 - INFO - Disk Read Bytes          : 0.0000
2025-11-23 05:45:07,022 - INFO - Disk Write Bytes         : 135168.0000
2025-11-23 05:45:07,022 - INFO - Vram Peak Usage Bytes    : 1746396276.0000
2025-11-23 05:45:07,022 - INFO - Gpu Power Watts Avg      : 238.8774
2025-11-23 05:45:07,022 - INFO - Gpu Power Watts Peak     : 281.1250
2025-11-23 05:45:07,022 - INFO - Gpu Temp Celsius Avg     : 62.9800
2025-11-23 05:45:07,022 - INFO - Gpu Temp Celsius Peak    : 66.0000
2025-11-23 05:45:07,022 - INFO - Gpu Utilization Percent Avg: 66.9800
2025-11-23 05:45:07,022 - INFO - Gpu Utilization Percent Peak: 84.0000
2025-11-23 05:45:07,022 - INFO - Gpu Mem Used Bytes Avg   : 22371565568.0000
2025-11-23 05:45:07,023 - INFO - Gpu Mem Used Bytes Peak  : 22371565568.0000
2025-11-23 05:45:07,023 - INFO - Gpu Vram Used Bytes      : 22371565568.0000
2025-11-23 05:45:07,023 - INFO - Accuracy                 : 0.4159
2025-11-23 05:45:07,023 - INFO - Precision                : 0.4069
2025-11-23 05:45:07,023 - INFO - Recall                   : 0.4159
2025-11-23 05:45:07,023 - INFO - F1 Score                 : 0.4001
2025-11-23 05:45:07,023 - INFO - ==================================================
2025-11-23 05:51:30,114 - INFO - Época 84 concluída. Loss média: 3.3011
2025-11-23 05:51:30,118 - INFO - Taxa de aprendizado ajustada para: 0.001000
2025-11-23 05:51:30,136 - INFO - Iniciando inferência com o modelo EfficientNetB7...
2025-11-23 05:51:40,164 - INFO - ==================================================
2025-11-23 05:51:40,164 - INFO - EXPERIMENT RESULTS
2025-11-23 05:51:40,164 - INFO - ==================================================
2025-11-23 05:51:40,164 - INFO - Elapsed Time Seconds     : 9.9762
2025-11-23 05:51:40,164 - INFO - Cpu Usage Percent        : 7.5938
2025-11-23 05:51:40,164 - INFO - Ram Peak Usage Bytes     : 4233134080.0000
2025-11-23 05:51:40,164 - INFO - Disk Read Bytes          : 0.0000
2025-11-23 05:51:40,164 - INFO - Disk Write Bytes         : 135168.0000
2025-11-23 05:51:40,164 - INFO - Vram Peak Usage Bytes    : 1746396276.0000
2025-11-23 05:51:40,164 - INFO - Gpu Power Watts Avg      : 243.5379
2025-11-23 05:51:40,164 - INFO - Gpu Power Watts Peak     : 283.3510
2025-11-23 05:51:40,164 - INFO - Gpu Temp Celsius Avg     : 64.8485
2025-11-23 05:51:40,164 - INFO - Gpu Temp Celsius Peak    : 68.0000
2025-11-23 05:51:40,164 - INFO - Gpu Utilization Percent Avg: 67.7778
2025-11-23 05:51:40,165 - INFO - Gpu Utilization Percent Peak: 85.0000
2025-11-23 05:51:40,165 - INFO - Gpu Mem Used Bytes Avg   : 22371565568.0000
2025-11-23 05:51:40,165 - INFO - Gpu Mem Used Bytes Peak  : 22371565568.0000
2025-11-23 05:51:40,165 - INFO - Gpu Vram Used Bytes      : 22371565568.0000
2025-11-23 05:51:40,165 - INFO - Accuracy                 : 0.4107
2025-11-23 05:51:40,165 - INFO - Precision                : 0.4021
2025-11-23 05:51:40,165 - INFO - Recall                   : 0.4107
2025-11-23 05:51:40,165 - INFO - F1 Score                 : 0.3952
2025-11-23 05:51:40,165 - INFO - ==================================================
2025-11-23 05:58:03,912 - INFO - Época 85 concluída. Loss média: 3.3075
2025-11-23 05:58:03,914 - INFO - Taxa de aprendizado ajustada para: 0.001000
2025-11-23 05:58:03,931 - INFO - Iniciando inferência com o modelo EfficientNetB7...
2025-11-23 05:58:14,231 - INFO - ==================================================
2025-11-23 05:58:14,232 - INFO - EXPERIMENT RESULTS
2025-11-23 05:58:14,232 - INFO - ==================================================
2025-11-23 05:58:14,232 - INFO - Elapsed Time Seconds     : 10.2497
2025-11-23 05:58:14,232 - INFO - Cpu Usage Percent        : 7.5938
2025-11-23 05:58:14,232 - INFO - Ram Peak Usage Bytes     : 4233412608.0000
2025-11-23 05:58:14,232 - INFO - Disk Read Bytes          : 0.0000
2025-11-23 05:58:14,232 - INFO - Disk Write Bytes         : 151552.0000
2025-11-23 05:58:14,232 - INFO - Vram Peak Usage Bytes    : 1746396276.0000
2025-11-23 05:58:14,232 - INFO - Gpu Power Watts Avg      : 235.9060
2025-11-23 05:58:14,232 - INFO - Gpu Power Watts Peak     : 282.5450
2025-11-23 05:58:14,232 - INFO - Gpu Temp Celsius Avg     : 62.9804
2025-11-23 05:58:14,232 - INFO - Gpu Temp Celsius Peak    : 66.0000
2025-11-23 05:58:14,232 - INFO - Gpu Utilization Percent Avg: 65.3529
2025-11-23 05:58:14,232 - INFO - Gpu Utilization Percent Peak: 84.0000
2025-11-23 05:58:14,232 - INFO - Gpu Mem Used Bytes Avg   : 22371565568.0000
2025-11-23 05:58:14,232 - INFO - Gpu Mem Used Bytes Peak  : 22371565568.0000
2025-11-23 05:58:14,232 - INFO - Gpu Vram Used Bytes      : 22371565568.0000
2025-11-23 05:58:14,232 - INFO - Accuracy                 : 0.4135
2025-11-23 05:58:14,232 - INFO - Precision                : 0.4027
2025-11-23 05:58:14,232 - INFO - Recall                   : 0.4135
2025-11-23 05:58:14,232 - INFO - F1 Score                 : 0.3983
2025-11-23 05:58:14,233 - INFO - ==================================================
2025-11-23 06:04:38,348 - INFO - Época 86 concluída. Loss média: 3.3063
2025-11-23 06:04:38,351 - INFO - Taxa de aprendizado ajustada para: 0.001000
2025-11-23 06:04:38,368 - INFO - Iniciando inferência com o modelo EfficientNetB7...
2025-11-23 06:04:48,701 - INFO - ==================================================
2025-11-23 06:04:48,701 - INFO - EXPERIMENT RESULTS
2025-11-23 06:04:48,701 - INFO - ==================================================
2025-11-23 06:04:48,701 - INFO - Elapsed Time Seconds     : 10.2796
2025-11-23 06:04:48,702 - INFO - Cpu Usage Percent        : 7.4875
2025-11-23 06:04:48,702 - INFO - Ram Peak Usage Bytes     : 4233719808.0000
2025-11-23 06:04:48,702 - INFO - Disk Read Bytes          : 0.0000
2025-11-23 06:04:48,702 - INFO - Disk Write Bytes         : 135168.0000
2025-11-23 06:04:48,702 - INFO - Vram Peak Usage Bytes    : 1746396276.0000
2025-11-23 06:04:48,702 - INFO - Gpu Power Watts Avg      : 236.6664
2025-11-23 06:04:48,702 - INFO - Gpu Power Watts Peak     : 284.0740
2025-11-23 06:04:48,702 - INFO - Gpu Temp Celsius Avg     : 63.0490
2025-11-23 06:04:48,702 - INFO - Gpu Temp Celsius Peak    : 66.0000
2025-11-23 06:04:48,702 - INFO - Gpu Utilization Percent Avg: 65.3039
2025-11-23 06:04:48,702 - INFO - Gpu Utilization Percent Peak: 85.0000
2025-11-23 06:04:48,702 - INFO - Gpu Mem Used Bytes Avg   : 22371565568.0000
2025-11-23 06:04:48,702 - INFO - Gpu Mem Used Bytes Peak  : 22371565568.0000
2025-11-23 06:04:48,702 - INFO - Gpu Vram Used Bytes      : 22371565568.0000
2025-11-23 06:04:48,702 - INFO - Accuracy                 : 0.4119
2025-11-23 06:04:48,702 - INFO - Precision                : 0.4012
2025-11-23 06:04:48,702 - INFO - Recall                   : 0.4119
2025-11-23 06:04:48,702 - INFO - F1 Score                 : 0.3961
2025-11-23 06:04:48,702 - INFO - ==================================================
2025-11-23 06:11:16,026 - INFO - Época 87 concluída. Loss média: 3.3016
2025-11-23 06:11:16,028 - INFO - Taxa de aprendizado ajustada para: 0.001000
2025-11-23 06:11:16,045 - INFO - Iniciando inferência com o modelo EfficientNetB7...
2025-11-23 06:11:26,040 - INFO - ==================================================
2025-11-23 06:11:26,040 - INFO - EXPERIMENT RESULTS
2025-11-23 06:11:26,040 - INFO - ==================================================
2025-11-23 06:11:26,040 - INFO - Elapsed Time Seconds     : 9.9409
2025-11-23 06:11:26,040 - INFO - Cpu Usage Percent        : 7.7812
2025-11-23 06:11:26,041 - INFO - Ram Peak Usage Bytes     : 4233981952.0000
2025-11-23 06:11:26,041 - INFO - Disk Read Bytes          : 0.0000
2025-11-23 06:11:26,041 - INFO - Disk Write Bytes         : 237568.0000
2025-11-23 06:11:26,041 - INFO - Vram Peak Usage Bytes    : 1746396276.0000
2025-11-23 06:11:26,041 - INFO - Gpu Power Watts Avg      : 240.8817
2025-11-23 06:11:26,041 - INFO - Gpu Power Watts Peak     : 277.7700
2025-11-23 06:11:26,041 - INFO - Gpu Temp Celsius Avg     : 63.2525
2025-11-23 06:11:26,041 - INFO - Gpu Temp Celsius Peak    : 66.0000
2025-11-23 06:11:26,041 - INFO - Gpu Utilization Percent Avg: 67.8485
2025-11-23 06:11:26,041 - INFO - Gpu Utilization Percent Peak: 84.0000
2025-11-23 06:11:26,041 - INFO - Gpu Mem Used Bytes Avg   : 22371565568.0000
2025-11-23 06:11:26,041 - INFO - Gpu Mem Used Bytes Peak  : 22371565568.0000
2025-11-23 06:11:26,041 - INFO - Gpu Vram Used Bytes      : 22371565568.0000
2025-11-23 06:11:26,041 - INFO - Accuracy                 : 0.4165
2025-11-23 06:11:26,041 - INFO - Precision                : 0.4048
2025-11-23 06:11:26,041 - INFO - Recall                   : 0.4165
2025-11-23 06:11:26,041 - INFO - F1 Score                 : 0.3990
2025-11-23 06:11:26,041 - INFO - ==================================================
2025-11-23 06:17:55,283 - INFO - Época 88 concluída. Loss média: 3.2959
2025-11-23 06:17:55,285 - INFO - Taxa de aprendizado ajustada para: 0.001000
2025-11-23 06:17:55,303 - INFO - Iniciando inferência com o modelo EfficientNetB7...
2025-11-23 06:18:05,657 - INFO - ==================================================
2025-11-23 06:18:05,657 - INFO - EXPERIMENT RESULTS
2025-11-23 06:18:05,657 - INFO - ==================================================
2025-11-23 06:18:05,657 - INFO - Elapsed Time Seconds     : 10.3021
2025-11-23 06:18:05,657 - INFO - Cpu Usage Percent        : 7.6500
2025-11-23 06:18:05,657 - INFO - Ram Peak Usage Bytes     : 4234297344.0000
2025-11-23 06:18:05,657 - INFO - Disk Read Bytes          : 0.0000
2025-11-23 06:18:05,657 - INFO - Disk Write Bytes         : 135168.0000
2025-11-23 06:18:05,657 - INFO - Vram Peak Usage Bytes    : 1746396276.0000
2025-11-23 06:18:05,657 - INFO - Gpu Power Watts Avg      : 236.5612
2025-11-23 06:18:05,657 - INFO - Gpu Power Watts Peak     : 275.9380
2025-11-23 06:18:05,657 - INFO - Gpu Temp Celsius Avg     : 62.6863
2025-11-23 06:18:05,657 - INFO - Gpu Temp Celsius Peak    : 66.0000
2025-11-23 06:18:05,657 - INFO - Gpu Utilization Percent Avg: 65.9804
2025-11-23 06:18:05,657 - INFO - Gpu Utilization Percent Peak: 84.0000
2025-11-23 06:18:05,657 - INFO - Gpu Mem Used Bytes Avg   : 22371565568.0000
2025-11-23 06:18:05,657 - INFO - Gpu Mem Used Bytes Peak  : 22371565568.0000
2025-11-23 06:18:05,657 - INFO - Gpu Vram Used Bytes      : 22371565568.0000
2025-11-23 06:18:05,658 - INFO - Accuracy                 : 0.4135
2025-11-23 06:18:05,658 - INFO - Precision                : 0.4022
2025-11-23 06:18:05,658 - INFO - Recall                   : 0.4135
2025-11-23 06:18:05,658 - INFO - F1 Score                 : 0.3983
2025-11-23 06:18:05,658 - INFO - ==================================================
2025-11-23 06:24:29,015 - INFO - Época 89 concluída. Loss média: 3.2917
2025-11-23 06:24:29,124 - INFO - Taxa de aprendizado ajustada para: 0.001000
2025-11-23 06:24:29,142 - INFO - Iniciando inferência com o modelo EfficientNetB7...
2025-11-23 06:24:39,239 - INFO - ==================================================
2025-11-23 06:24:39,239 - INFO - EXPERIMENT RESULTS
2025-11-23 06:24:39,239 - INFO - ==================================================
2025-11-23 06:24:39,239 - INFO - Elapsed Time Seconds     : 10.0462
2025-11-23 06:24:39,239 - INFO - Cpu Usage Percent        : 7.9062
2025-11-23 06:24:39,239 - INFO - Ram Peak Usage Bytes     : 4234555392.0000
2025-11-23 06:24:39,239 - INFO - Disk Read Bytes          : 0.0000
2025-11-23 06:24:39,239 - INFO - Disk Write Bytes         : 290816.0000
2025-11-23 06:24:39,239 - INFO - Vram Peak Usage Bytes    : 1746396276.0000
2025-11-23 06:24:39,239 - INFO - Gpu Power Watts Avg      : 237.0450
2025-11-23 06:24:39,239 - INFO - Gpu Power Watts Peak     : 277.2090
2025-11-23 06:24:39,239 - INFO - Gpu Temp Celsius Avg     : 63.1200
2025-11-23 06:24:39,239 - INFO - Gpu Temp Celsius Peak    : 66.0000
2025-11-23 06:24:39,239 - INFO - Gpu Utilization Percent Avg: 66.1700
2025-11-23 06:24:39,239 - INFO - Gpu Utilization Percent Peak: 83.0000
2025-11-23 06:24:39,239 - INFO - Gpu Mem Used Bytes Avg   : 22371565568.0000
2025-11-23 06:24:39,240 - INFO - Gpu Mem Used Bytes Peak  : 22371565568.0000
2025-11-23 06:24:39,240 - INFO - Gpu Vram Used Bytes      : 22371565568.0000
2025-11-23 06:24:39,240 - INFO - Accuracy                 : 0.4138
2025-11-23 06:24:39,240 - INFO - Precision                : 0.4023
2025-11-23 06:24:39,240 - INFO - Recall                   : 0.4138
2025-11-23 06:24:39,240 - INFO - F1 Score                 : 0.3971
2025-11-23 06:24:39,240 - INFO - ==================================================
2025-11-23 06:31:05,324 - INFO - Época 90 concluída. Loss média: 3.2980
2025-11-23 06:31:05,326 - INFO - Taxa de aprendizado ajustada para: 0.000100
2025-11-23 06:31:05,344 - INFO - Iniciando inferência com o modelo EfficientNetB7...
2025-11-23 06:31:15,452 - INFO - ==================================================
2025-11-23 06:31:15,452 - INFO - EXPERIMENT RESULTS
2025-11-23 06:31:15,452 - INFO - ==================================================
2025-11-23 06:31:15,452 - INFO - Elapsed Time Seconds     : 10.0576
2025-11-23 06:31:15,452 - INFO - Cpu Usage Percent        : 7.7250
2025-11-23 06:31:15,452 - INFO - Ram Peak Usage Bytes     : 4234866688.0000
2025-11-23 06:31:15,452 - INFO - Disk Read Bytes          : 0.0000
2025-11-23 06:31:15,452 - INFO - Disk Write Bytes         : 151552.0000
2025-11-23 06:31:15,452 - INFO - Vram Peak Usage Bytes    : 1746396276.0000
2025-11-23 06:31:15,452 - INFO - Gpu Power Watts Avg      : 239.8676
2025-11-23 06:31:15,453 - INFO - Gpu Power Watts Peak     : 282.5060
2025-11-23 06:31:15,453 - INFO - Gpu Temp Celsius Avg     : 62.7200
2025-11-23 06:31:15,453 - INFO - Gpu Temp Celsius Peak    : 65.0000
2025-11-23 06:31:15,453 - INFO - Gpu Utilization Percent Avg: 67.1600
2025-11-23 06:31:15,453 - INFO - Gpu Utilization Percent Peak: 85.0000
2025-11-23 06:31:15,453 - INFO - Gpu Mem Used Bytes Avg   : 22371565568.0000
2025-11-23 06:31:15,453 - INFO - Gpu Mem Used Bytes Peak  : 22371565568.0000
2025-11-23 06:31:15,453 - INFO - Gpu Vram Used Bytes      : 22371565568.0000
2025-11-23 06:31:15,453 - INFO - Accuracy                 : 0.4154
2025-11-23 06:31:15,453 - INFO - Precision                : 0.4041
2025-11-23 06:31:15,453 - INFO - Recall                   : 0.4154
2025-11-23 06:31:15,453 - INFO - F1 Score                 : 0.3989
2025-11-23 06:31:15,453 - INFO - ==================================================
2025-11-23 06:37:38,971 - INFO - Época 91 concluída. Loss média: 3.2555
2025-11-23 06:37:38,973 - INFO - Taxa de aprendizado ajustada para: 0.000100
2025-11-23 06:37:38,991 - INFO - Iniciando inferência com o modelo EfficientNetB7...
2025-11-23 06:37:48,911 - INFO - ==================================================
2025-11-23 06:37:48,912 - INFO - EXPERIMENT RESULTS
2025-11-23 06:37:48,912 - INFO - ==================================================
2025-11-23 06:37:48,912 - INFO - Elapsed Time Seconds     : 9.8704
2025-11-23 06:37:48,912 - INFO - Cpu Usage Percent        : 7.8125
2025-11-23 06:37:48,912 - INFO - Ram Peak Usage Bytes     : 4235153408.0000
2025-11-23 06:37:48,912 - INFO - Disk Read Bytes          : 0.0000
2025-11-23 06:37:48,912 - INFO - Disk Write Bytes         : 524288.0000
2025-11-23 06:37:48,912 - INFO - Vram Peak Usage Bytes    : 1746396276.0000
2025-11-23 06:37:48,912 - INFO - Gpu Power Watts Avg      : 241.7877
2025-11-23 06:37:48,912 - INFO - Gpu Power Watts Peak     : 277.4380
2025-11-23 06:37:48,912 - INFO - Gpu Temp Celsius Avg     : 63.0408
2025-11-23 06:37:48,912 - INFO - Gpu Temp Celsius Peak    : 66.0000
2025-11-23 06:37:48,912 - INFO - Gpu Utilization Percent Avg: 67.9490
2025-11-23 06:37:48,912 - INFO - Gpu Utilization Percent Peak: 84.0000
2025-11-23 06:37:48,912 - INFO - Gpu Mem Used Bytes Avg   : 22371565568.0000
2025-11-23 06:37:48,912 - INFO - Gpu Mem Used Bytes Peak  : 22371565568.0000
2025-11-23 06:37:48,912 - INFO - Gpu Vram Used Bytes      : 22371565568.0000
2025-11-23 06:37:48,912 - INFO - Accuracy                 : 0.4256
2025-11-23 06:37:48,912 - INFO - Precision                : 0.4121
2025-11-23 06:37:48,912 - INFO - Recall                   : 0.4256
2025-11-23 06:37:48,913 - INFO - F1 Score                 : 0.4098
2025-11-23 06:37:48,913 - INFO - ==================================================
2025-11-23 06:44:17,458 - INFO - Época 92 concluída. Loss média: 3.2414
2025-11-23 06:44:17,460 - INFO - Taxa de aprendizado ajustada para: 0.000100
2025-11-23 06:44:17,478 - INFO - Iniciando inferência com o modelo EfficientNetB7...
2025-11-23 06:44:27,286 - INFO - ==================================================
2025-11-23 06:44:27,286 - INFO - EXPERIMENT RESULTS
2025-11-23 06:44:27,286 - INFO - ==================================================
2025-11-23 06:44:27,286 - INFO - Elapsed Time Seconds     : 9.7562
2025-11-23 06:44:27,286 - INFO - Cpu Usage Percent        : 7.8688
2025-11-23 06:44:27,286 - INFO - Ram Peak Usage Bytes     : 4235456512.0000
2025-11-23 06:44:27,286 - INFO - Disk Read Bytes          : 0.0000
2025-11-23 06:44:27,287 - INFO - Disk Write Bytes         : 241664.0000
2025-11-23 06:44:27,287 - INFO - Vram Peak Usage Bytes    : 1746396276.0000
2025-11-23 06:44:27,287 - INFO - Gpu Power Watts Avg      : 244.3157
2025-11-23 06:44:27,287 - INFO - Gpu Power Watts Peak     : 282.3720
2025-11-23 06:44:27,287 - INFO - Gpu Temp Celsius Avg     : 62.7732
2025-11-23 06:44:27,287 - INFO - Gpu Temp Celsius Peak    : 66.0000
2025-11-23 06:44:27,287 - INFO - Gpu Utilization Percent Avg: 69.1134
2025-11-23 06:44:27,287 - INFO - Gpu Utilization Percent Peak: 85.0000
2025-11-23 06:44:27,287 - INFO - Gpu Mem Used Bytes Avg   : 22371565568.0000
2025-11-23 06:44:27,287 - INFO - Gpu Mem Used Bytes Peak  : 22371565568.0000
2025-11-23 06:44:27,287 - INFO - Gpu Vram Used Bytes      : 22371565568.0000
2025-11-23 06:44:27,287 - INFO - Accuracy                 : 0.4278
2025-11-23 06:44:27,287 - INFO - Precision                : 0.4159
2025-11-23 06:44:27,287 - INFO - Recall                   : 0.4278
2025-11-23 06:44:27,287 - INFO - F1 Score                 : 0.4127
2025-11-23 06:44:27,287 - INFO - ==================================================
2025-11-23 06:50:51,855 - INFO - Época 93 concluída. Loss média: 3.2384
2025-11-23 06:50:51,858 - INFO - Taxa de aprendizado ajustada para: 0.000100
2025-11-23 06:50:51,875 - INFO - Iniciando inferência com o modelo EfficientNetB7...
2025-11-23 06:51:03,336 - INFO - ==================================================
2025-11-23 06:51:03,336 - INFO - EXPERIMENT RESULTS
2025-11-23 06:51:03,336 - INFO - ==================================================
2025-11-23 06:51:03,336 - INFO - Elapsed Time Seconds     : 11.4055
2025-11-23 06:51:03,336 - INFO - Cpu Usage Percent        : 6.7750
2025-11-23 06:51:03,337 - INFO - Ram Peak Usage Bytes     : 4235730944.0000
2025-11-23 06:51:03,337 - INFO - Disk Read Bytes          : 0.0000
2025-11-23 06:51:03,337 - INFO - Disk Write Bytes         : 135168.0000
2025-11-23 06:51:03,337 - INFO - Vram Peak Usage Bytes    : 1746396276.0000
2025-11-23 06:51:03,337 - INFO - Gpu Power Watts Avg      : 227.8400
2025-11-23 06:51:03,337 - INFO - Gpu Power Watts Peak     : 278.8650
2025-11-23 06:51:03,337 - INFO - Gpu Temp Celsius Avg     : 62.1504
2025-11-23 06:51:03,337 - INFO - Gpu Temp Celsius Peak    : 66.0000
2025-11-23 06:51:03,337 - INFO - Gpu Utilization Percent Avg: 60.4513
2025-11-23 06:51:03,337 - INFO - Gpu Utilization Percent Peak: 84.0000
2025-11-23 06:51:03,337 - INFO - Gpu Mem Used Bytes Avg   : 22371565568.0000
2025-11-23 06:51:03,337 - INFO - Gpu Mem Used Bytes Peak  : 22371565568.0000
2025-11-23 06:51:03,337 - INFO - Gpu Vram Used Bytes      : 22371565568.0000
2025-11-23 06:51:03,337 - INFO - Accuracy                 : 0.4277
2025-11-23 06:51:03,337 - INFO - Precision                : 0.4141
2025-11-23 06:51:03,337 - INFO - Recall                   : 0.4277
2025-11-23 06:51:03,337 - INFO - F1 Score                 : 0.4111
2025-11-23 06:51:03,337 - INFO - ==================================================
2025-11-23 06:57:25,699 - INFO - Época 94 concluída. Loss média: 3.2422
2025-11-23 06:57:25,701 - INFO - Taxa de aprendizado ajustada para: 0.000100
2025-11-23 06:57:25,718 - INFO - Iniciando inferência com o modelo EfficientNetB7...
2025-11-23 06:57:35,629 - INFO - ==================================================
2025-11-23 06:57:35,629 - INFO - EXPERIMENT RESULTS
2025-11-23 06:57:35,629 - INFO - ==================================================
2025-11-23 06:57:35,630 - INFO - Elapsed Time Seconds     : 9.8605
2025-11-23 06:57:35,630 - INFO - Cpu Usage Percent        : 7.7750
2025-11-23 06:57:35,630 - INFO - Ram Peak Usage Bytes     : 4238651392.0000
2025-11-23 06:57:35,630 - INFO - Disk Read Bytes          : 0.0000
2025-11-23 06:57:35,630 - INFO - Disk Write Bytes         : 135168.0000
2025-11-23 06:57:35,630 - INFO - Vram Peak Usage Bytes    : 1746396276.0000
2025-11-23 06:57:35,630 - INFO - Gpu Power Watts Avg      : 242.3719
2025-11-23 06:57:35,630 - INFO - Gpu Power Watts Peak     : 279.5550
2025-11-23 06:57:35,630 - INFO - Gpu Temp Celsius Avg     : 62.9694
2025-11-23 06:57:35,630 - INFO - Gpu Temp Celsius Peak    : 66.0000
2025-11-23 06:57:35,630 - INFO - Gpu Utilization Percent Avg: 68.1939
2025-11-23 06:57:35,630 - INFO - Gpu Utilization Percent Peak: 85.0000
2025-11-23 06:57:35,630 - INFO - Gpu Mem Used Bytes Avg   : 22371565568.0000
2025-11-23 06:57:35,630 - INFO - Gpu Mem Used Bytes Peak  : 22371565568.0000
2025-11-23 06:57:35,630 - INFO - Gpu Vram Used Bytes      : 22371565568.0000
2025-11-23 06:57:35,630 - INFO - Accuracy                 : 0.4269
2025-11-23 06:57:35,630 - INFO - Precision                : 0.4153
2025-11-23 06:57:35,630 - INFO - Recall                   : 0.4269
2025-11-23 06:57:35,630 - INFO - F1 Score                 : 0.4116
2025-11-23 06:57:35,630 - INFO - ==================================================
2025-11-23 07:03:58,368 - INFO - Época 95 concluída. Loss média: 3.2400
2025-11-23 07:03:58,371 - INFO - Taxa de aprendizado ajustada para: 0.000100
2025-11-23 07:03:58,388 - INFO - Iniciando inferência com o modelo EfficientNetB7...
2025-11-23 07:04:08,636 - INFO - ==================================================
2025-11-23 07:04:08,637 - INFO - EXPERIMENT RESULTS
2025-11-23 07:04:08,637 - INFO - ==================================================
2025-11-23 07:04:08,637 - INFO - Elapsed Time Seconds     : 10.1977
2025-11-23 07:04:08,637 - INFO - Cpu Usage Percent        : 7.7250
2025-11-23 07:04:08,637 - INFO - Ram Peak Usage Bytes     : 4238934016.0000
2025-11-23 07:04:08,637 - INFO - Disk Read Bytes          : 0.0000
2025-11-23 07:04:08,637 - INFO - Disk Write Bytes         : 151552.0000
2025-11-23 07:04:08,637 - INFO - Vram Peak Usage Bytes    : 1746396276.0000
2025-11-23 07:04:08,637 - INFO - Gpu Power Watts Avg      : 237.2378
2025-11-23 07:04:08,637 - INFO - Gpu Power Watts Peak     : 282.4360
2025-11-23 07:04:08,637 - INFO - Gpu Temp Celsius Avg     : 62.4455
2025-11-23 07:04:08,637 - INFO - Gpu Temp Celsius Peak    : 66.0000
2025-11-23 07:04:08,637 - INFO - Gpu Utilization Percent Avg: 66.6139
2025-11-23 07:04:08,637 - INFO - Gpu Utilization Percent Peak: 85.0000
2025-11-23 07:04:08,637 - INFO - Gpu Mem Used Bytes Avg   : 22371565568.0000
2025-11-23 07:04:08,637 - INFO - Gpu Mem Used Bytes Peak  : 22371565568.0000
2025-11-23 07:04:08,637 - INFO - Gpu Vram Used Bytes      : 22371565568.0000
2025-11-23 07:04:08,637 - INFO - Accuracy                 : 0.4281
2025-11-23 07:04:08,637 - INFO - Precision                : 0.4169
2025-11-23 07:04:08,637 - INFO - Recall                   : 0.4281
2025-11-23 07:04:08,637 - INFO - F1 Score                 : 0.4136
2025-11-23 07:04:08,638 - INFO - ==================================================
2025-11-23 07:10:34,721 - INFO - Época 96 concluída. Loss média: 3.2406
2025-11-23 07:10:34,723 - INFO - Taxa de aprendizado ajustada para: 0.000100
2025-11-23 07:10:34,740 - INFO - Iniciando inferência com o modelo EfficientNetB7...
2025-11-23 07:10:44,535 - INFO - ==================================================
2025-11-23 07:10:44,535 - INFO - EXPERIMENT RESULTS
2025-11-23 07:10:44,535 - INFO - ==================================================
2025-11-23 07:10:44,535 - INFO - Elapsed Time Seconds     : 9.7442
2025-11-23 07:10:44,535 - INFO - Cpu Usage Percent        : 7.9750
2025-11-23 07:10:44,535 - INFO - Ram Peak Usage Bytes     : 4239179776.0000
2025-11-23 07:10:44,535 - INFO - Disk Read Bytes          : 0.0000
2025-11-23 07:10:44,535 - INFO - Disk Write Bytes         : 184320.0000
2025-11-23 07:10:44,535 - INFO - Vram Peak Usage Bytes    : 1746396276.0000
2025-11-23 07:10:44,535 - INFO - Gpu Power Watts Avg      : 245.0943
2025-11-23 07:10:44,535 - INFO - Gpu Power Watts Peak     : 282.1870
2025-11-23 07:10:44,535 - INFO - Gpu Temp Celsius Avg     : 63.0928
2025-11-23 07:10:44,535 - INFO - Gpu Temp Celsius Peak    : 66.0000
2025-11-23 07:10:44,535 - INFO - Gpu Utilization Percent Avg: 69.3711
2025-11-23 07:10:44,535 - INFO - Gpu Utilization Percent Peak: 85.0000
2025-11-23 07:10:44,535 - INFO - Gpu Mem Used Bytes Avg   : 22371565568.0000
2025-11-23 07:10:44,535 - INFO - Gpu Mem Used Bytes Peak  : 22371565568.0000
2025-11-23 07:10:44,536 - INFO - Gpu Vram Used Bytes      : 22371565568.0000
2025-11-23 07:10:44,536 - INFO - Accuracy                 : 0.4288
2025-11-23 07:10:44,536 - INFO - Precision                : 0.4163
2025-11-23 07:10:44,536 - INFO - Recall                   : 0.4288
2025-11-23 07:10:44,536 - INFO - F1 Score                 : 0.4134
2025-11-23 07:10:44,536 - INFO - ==================================================
2025-11-23 07:17:09,540 - INFO - Época 97 concluída. Loss média: 3.2364
2025-11-23 07:17:09,542 - INFO - Taxa de aprendizado ajustada para: 0.000100
2025-11-23 07:17:09,564 - INFO - Iniciando inferência com o modelo EfficientNetB7...
2025-11-23 07:17:19,397 - INFO - ==================================================
2025-11-23 07:17:19,397 - INFO - EXPERIMENT RESULTS
2025-11-23 07:17:19,397 - INFO - ==================================================
2025-11-23 07:17:19,397 - INFO - Elapsed Time Seconds     : 9.7828
2025-11-23 07:17:19,397 - INFO - Cpu Usage Percent        : 7.8250
2025-11-23 07:17:19,397 - INFO - Ram Peak Usage Bytes     : 4239474688.0000
2025-11-23 07:17:19,397 - INFO - Disk Read Bytes          : 0.0000
2025-11-23 07:17:19,397 - INFO - Disk Write Bytes         : 339968.0000
2025-11-23 07:17:19,397 - INFO - Vram Peak Usage Bytes    : 1746396276.0000
2025-11-23 07:17:19,397 - INFO - Gpu Power Watts Avg      : 245.4766
2025-11-23 07:17:19,397 - INFO - Gpu Power Watts Peak     : 283.8440
2025-11-23 07:17:19,397 - INFO - Gpu Temp Celsius Avg     : 63.2474
2025-11-23 07:17:19,398 - INFO - Gpu Temp Celsius Peak    : 66.0000
2025-11-23 07:17:19,398 - INFO - Gpu Utilization Percent Avg: 69.5361
2025-11-23 07:17:19,398 - INFO - Gpu Utilization Percent Peak: 85.0000
2025-11-23 07:17:19,398 - INFO - Gpu Mem Used Bytes Avg   : 22371565568.0000
2025-11-23 07:17:19,398 - INFO - Gpu Mem Used Bytes Peak  : 22371565568.0000
2025-11-23 07:17:19,398 - INFO - Gpu Vram Used Bytes      : 22371565568.0000
2025-11-23 07:17:19,398 - INFO - Accuracy                 : 0.4298
2025-11-23 07:17:19,398 - INFO - Precision                : 0.4166
2025-11-23 07:17:19,398 - INFO - Recall                   : 0.4298
2025-11-23 07:17:19,398 - INFO - F1 Score                 : 0.4143
2025-11-23 07:17:19,398 - INFO - ==================================================
2025-11-23 07:23:44,116 - INFO - Época 98 concluída. Loss média: 3.2359
2025-11-23 07:23:44,118 - INFO - Taxa de aprendizado ajustada para: 0.000100
2025-11-23 07:23:44,135 - INFO - Iniciando inferência com o modelo EfficientNetB7...
2025-11-23 07:23:54,196 - INFO - ==================================================
2025-11-23 07:23:54,197 - INFO - EXPERIMENT RESULTS
2025-11-23 07:23:54,197 - INFO - ==================================================
2025-11-23 07:23:54,197 - INFO - Elapsed Time Seconds     : 10.0110
2025-11-23 07:23:54,197 - INFO - Cpu Usage Percent        : 7.7812
2025-11-23 07:23:54,197 - INFO - Ram Peak Usage Bytes     : 4239806464.0000
2025-11-23 07:23:54,197 - INFO - Disk Read Bytes          : 0.0000
2025-11-23 07:23:54,197 - INFO - Disk Write Bytes         : 307200.0000
2025-11-23 07:23:54,197 - INFO - Vram Peak Usage Bytes    : 1746396276.0000
2025-11-23 07:23:54,197 - INFO - Gpu Power Watts Avg      : 239.4384
2025-11-23 07:23:54,197 - INFO - Gpu Power Watts Peak     : 281.6720
2025-11-23 07:23:54,197 - INFO - Gpu Temp Celsius Avg     : 62.7576
2025-11-23 07:23:54,197 - INFO - Gpu Temp Celsius Peak    : 66.0000
2025-11-23 07:23:54,197 - INFO - Gpu Utilization Percent Avg: 66.8182
2025-11-23 07:23:54,197 - INFO - Gpu Utilization Percent Peak: 85.0000
2025-11-23 07:23:54,197 - INFO - Gpu Mem Used Bytes Avg   : 22371565568.0000
2025-11-23 07:23:54,197 - INFO - Gpu Mem Used Bytes Peak  : 22371565568.0000
2025-11-23 07:23:54,197 - INFO - Gpu Vram Used Bytes      : 22371565568.0000
2025-11-23 07:23:54,197 - INFO - Accuracy                 : 0.4283
2025-11-23 07:23:54,197 - INFO - Precision                : 0.4164
2025-11-23 07:23:54,197 - INFO - Recall                   : 0.4283
2025-11-23 07:23:54,197 - INFO - F1 Score                 : 0.4132
2025-11-23 07:23:54,197 - INFO - ==================================================
2025-11-23 07:30:19,471 - INFO - Época 99 concluída. Loss média: 3.2334
2025-11-23 07:30:19,473 - INFO - Taxa de aprendizado ajustada para: 0.000100
2025-11-23 07:30:19,490 - INFO - Iniciando inferência com o modelo EfficientNetB7...
2025-11-23 07:30:30,217 - INFO - ==================================================
2025-11-23 07:30:30,217 - INFO - EXPERIMENT RESULTS
2025-11-23 07:30:30,217 - INFO - ==================================================
2025-11-23 07:30:30,217 - INFO - Elapsed Time Seconds     : 10.6703
2025-11-23 07:30:30,217 - INFO - Cpu Usage Percent        : 7.4562
2025-11-23 07:30:30,217 - INFO - Ram Peak Usage Bytes     : 4240035840.0000
2025-11-23 07:30:30,218 - INFO - Disk Read Bytes          : 0.0000
2025-11-23 07:30:30,218 - INFO - Disk Write Bytes         : 163840.0000
2025-11-23 07:30:30,218 - INFO - Vram Peak Usage Bytes    : 1746396276.0000
2025-11-23 07:30:30,218 - INFO - Gpu Power Watts Avg      : 236.4633
2025-11-23 07:30:30,218 - INFO - Gpu Power Watts Peak     : 276.4680
2025-11-23 07:30:30,218 - INFO - Gpu Temp Celsius Avg     : 62.5094
2025-11-23 07:30:30,218 - INFO - Gpu Temp Celsius Peak    : 66.0000
2025-11-23 07:30:30,218 - INFO - Gpu Utilization Percent Avg: 64.8302
2025-11-23 07:30:30,218 - INFO - Gpu Utilization Percent Peak: 83.0000
2025-11-23 07:30:30,218 - INFO - Gpu Mem Used Bytes Avg   : 22371565568.0000
2025-11-23 07:30:30,218 - INFO - Gpu Mem Used Bytes Peak  : 22371565568.0000
2025-11-23 07:30:30,218 - INFO - Gpu Vram Used Bytes      : 22371565568.0000
2025-11-23 07:30:30,218 - INFO - Accuracy                 : 0.4307
2025-11-23 07:30:30,218 - INFO - Precision                : 0.4177
2025-11-23 07:30:30,218 - INFO - Recall                   : 0.4307
2025-11-23 07:30:30,218 - INFO - F1 Score                 : 0.4146
2025-11-23 07:30:30,218 - INFO - ==================================================
2025-11-23 07:36:54,671 - INFO - Época 100 concluída. Loss média: 3.2310
2025-11-23 07:36:54,673 - INFO - Taxa de aprendizado ajustada para: 0.000100
2025-11-23 07:36:54,691 - INFO - Iniciando inferência com o modelo EfficientNetB7...
2025-11-23 07:37:05,148 - INFO - ==================================================
2025-11-23 07:37:05,148 - INFO - EXPERIMENT RESULTS
2025-11-23 07:37:05,148 - INFO - ==================================================
2025-11-23 07:37:05,148 - INFO - Elapsed Time Seconds     : 10.4064
2025-11-23 07:37:05,148 - INFO - Cpu Usage Percent        : 7.6562
2025-11-23 07:37:05,148 - INFO - Ram Peak Usage Bytes     : 4240343040.0000
2025-11-23 07:37:05,148 - INFO - Disk Read Bytes          : 0.0000
2025-11-23 07:37:05,148 - INFO - Disk Write Bytes         : 135168.0000
2025-11-23 07:37:05,148 - INFO - Vram Peak Usage Bytes    : 1746396276.0000
2025-11-23 07:37:05,148 - INFO - Gpu Power Watts Avg      : 233.7726
2025-11-23 07:37:05,148 - INFO - Gpu Power Watts Peak     : 275.1330
2025-11-23 07:37:05,148 - INFO - Gpu Temp Celsius Avg     : 62.1845
2025-11-23 07:37:05,148 - INFO - Gpu Temp Celsius Peak    : 65.0000
2025-11-23 07:37:05,148 - INFO - Gpu Utilization Percent Avg: 64.4175
2025-11-23 07:37:05,148 - INFO - Gpu Utilization Percent Peak: 84.0000
2025-11-23 07:37:05,149 - INFO - Gpu Mem Used Bytes Avg   : 22371565568.0000
2025-11-23 07:37:05,149 - INFO - Gpu Mem Used Bytes Peak  : 22371565568.0000
2025-11-23 07:37:05,149 - INFO - Gpu Vram Used Bytes      : 22371565568.0000
2025-11-23 07:37:05,149 - INFO - Accuracy                 : 0.4288
2025-11-23 07:37:05,149 - INFO - Precision                : 0.4162
2025-11-23 07:37:05,149 - INFO - Recall                   : 0.4288
2025-11-23 07:37:05,149 - INFO - F1 Score                 : 0.4139
2025-11-23 07:37:05,149 - INFO - ==================================================
2025-11-23 07:37:05,255 - INFO - Métricas de performance do treinamento:
2025-11-23 07:37:05,255 - INFO - ==================================================
2025-11-23 07:37:05,255 - INFO - EXPERIMENT RESULTS
2025-11-23 07:37:05,255 - INFO - ==================================================
2025-11-23 07:37:05,255 - INFO - Elapsed Time Seconds     : 39469.1177
2025-11-23 07:37:05,255 - INFO - Cpu Usage Percent        : 6.7438
2025-11-23 07:37:05,255 - INFO - Ram Peak Usage Bytes     : 4240330752.0000
2025-11-23 07:37:05,255 - INFO - Disk Read Bytes          : 6975488.0000
2025-11-23 07:37:05,255 - INFO - Disk Write Bytes         : 987697152.0000
2025-11-23 07:37:05,255 - INFO - Vram Peak Usage Bytes    : 1746396276.0000
2025-11-23 07:37:05,255 - INFO - Gpu Power Watts Avg      : 235.0670
2025-11-23 07:37:05,255 - INFO - Gpu Power Watts Peak     : 334.3750
2025-11-23 07:37:05,255 - INFO - Gpu Temp Celsius Avg     : 62.2112
2025-11-23 07:37:05,255 - INFO - Gpu Temp Celsius Peak    : 70.0000
2025-11-23 07:37:05,255 - INFO - Gpu Utilization Percent Avg: 67.7247
2025-11-23 07:37:05,255 - INFO - Gpu Utilization Percent Peak: 85.0000
2025-11-23 07:37:05,255 - INFO - Gpu Mem Used Bytes Avg   : 22327169017.0949
2025-11-23 07:37:05,255 - INFO - Gpu Mem Used Bytes Peak  : 22371565568.0000
2025-11-23 07:37:05,255 - INFO - Gpu Vram Used Bytes      : 22371565568.0000
2025-11-23 07:37:05,255 - INFO - ==================================================
2025-11-23 07:37:15,045 - INFO - Modelo salvo em: trained_models/efficientnet_b7_final.pth
2025-11-23 07:37:15,095 - INFO - Pipeline de treinamento concluído. Modelo salvo em: trained_models/efficientnet_b7_final.pth
2025-11-23 07:37:15,096 - INFO - Iniciando pipeline de inferência para avaliação final no conjunto de validação...
2025-11-23 07:37:16,971 - INFO - Iniciando inferência com o modelo EfficientNetB7...
2025-11-23 07:37:27,049 - INFO - ==================================================
2025-11-23 07:37:27,049 - INFO - EXPERIMENT RESULTS
2025-11-23 07:37:27,049 - INFO - ==================================================
2025-11-23 07:37:27,049 - INFO - Elapsed Time Seconds     : 10.0278
2025-11-23 07:37:27,049 - INFO - Cpu Usage Percent        : 7.8750
2025-11-23 07:37:27,049 - INFO - Ram Peak Usage Bytes     : 4472938496.0000
2025-11-23 07:37:27,049 - INFO - Disk Read Bytes          : 0.0000
2025-11-23 07:37:27,049 - INFO - Disk Write Bytes         : 241664.0000
2025-11-23 07:37:27,049 - INFO - Vram Peak Usage Bytes    : 1212722344.0000
2025-11-23 07:37:27,049 - INFO - Gpu Power Watts Avg      : 230.0747
2025-11-23 07:37:27,049 - INFO - Gpu Power Watts Peak     : 280.2820
2025-11-23 07:37:27,050 - INFO - Gpu Temp Celsius Avg     : 60.3131
2025-11-23 07:37:27,050 - INFO - Gpu Temp Celsius Peak    : 64.0000
2025-11-23 07:37:27,050 - INFO - Gpu Utilization Percent Avg: 67.6465
2025-11-23 07:37:27,050 - INFO - Gpu Utilization Percent Peak: 84.0000
2025-11-23 07:37:27,050 - INFO - Gpu Mem Used Bytes Avg   : 22371565568.0000
2025-11-23 07:37:27,050 - INFO - Gpu Mem Used Bytes Peak  : 22371565568.0000
2025-11-23 07:37:27,050 - INFO - Gpu Vram Used Bytes      : 22371565568.0000
2025-11-23 07:37:27,050 - INFO - Accuracy                 : 0.4288
2025-11-23 07:37:27,050 - INFO - Precision                : 0.4162
2025-11-23 07:37:27,050 - INFO - Recall                   : 0.4288
2025-11-23 07:37:27,050 - INFO - F1 Score                 : 0.4139
2025-11-23 07:37:27,050 - INFO - ==================================================
2025-11-23 07:37:27,050 - INFO - Projeto executado com sucesso!
