2025-11-24 17:04:45,576 - INFO - ==================================================
2025-11-24 17:04:45,576 - INFO - EXPERIMENT CONFIGURATION
2025-11-24 17:04:45,576 - INFO - ==================================================
2025-11-24 17:04:45,576 - INFO - Model Name          : mobilenet_V1
2025-11-24 17:04:45,576 - INFO - Config File         : configs/mobilenet_V1_config.yaml
2025-11-24 17:04:45,577 - INFO - Train Data          : /scratch/ehdmenezes//tiny-imagenet-200/train
2025-11-24 17:04:45,577 - INFO - Validation Data     : /scratch/ehdmenezes//tiny-imagenet-200/val
2025-11-24 17:04:45,577 - INFO - model_params        : {'num_classes': 200}
2025-11-24 17:04:45,577 - INFO - train_params        : {'epochs': 100, 'batch_size': 1024, 'learning_rate': 0.1}
2025-11-24 17:04:45,577 - INFO - inference_params    : {'batch_size': 1024}
2025-11-24 17:04:45,577 - INFO - scheduler_params    : {'type': 'StepLR', 'step_size': 30, 'gamma': 0.1}
2025-11-24 17:04:45,577 - INFO - ==================================================
2025-11-24 17:04:45,605 - INFO - Semente aleatória para esta execução foi fixada em: 52
2025-11-24 17:04:45,605 - INFO - Configuração de treinamento: {'model_params': {'num_classes': 200}, 'train_params': {'epochs': 100, 'batch_size': 1024, 'learning_rate': 0.1}, 'inference_params': {'batch_size': 1024}, 'scheduler_params': {'type': 'StepLR', 'step_size': 30, 'gamma': 0.1}}
2025-11-24 17:04:46,238 - INFO - Usando otimizador SGD com momento e weight decay.
2025-11-24 17:04:46,239 - INFO - Usando StepLR scheduler com step_size=30 e gamma=0.1.
2025-11-24 17:04:46,239 - INFO - AMP (Automatic Mixed Precision) ativado.
2025-11-24 17:04:46,239 - INFO - Iniciando treinamento do modelo mobilenet_V1 no dispositivo cuda.
2025-11-24 17:05:56,464 - INFO - Época 1 concluída. Loss média: 5.1530
2025-11-24 17:05:56,466 - INFO - Taxa de aprendizado ajustada para: 0.100000
2025-11-24 17:05:56,468 - INFO - Iniciando inferência com o modelo MobileNetV1...
2025-11-24 17:06:04,095 - INFO - ==================================================
2025-11-24 17:06:04,097 - INFO - EXPERIMENT RESULTS
2025-11-24 17:06:04,097 - INFO - ==================================================
2025-11-24 17:06:04,097 - INFO - Elapsed Time Seconds     : 7.5802
2025-11-24 17:06:04,097 - INFO - Cpu Usage Percent        : 3.6875
2025-11-24 17:06:04,097 - INFO - Ram Peak Usage Bytes     : 17741959168.0000
2025-11-24 17:06:04,097 - INFO - Disk Read Bytes          : 0.0000
2025-11-24 17:06:04,097 - INFO - Disk Write Bytes         : 14741504.0000
2025-11-24 17:06:04,097 - INFO - Vram Peak Usage Bytes    : 5197153108.0000
2025-11-24 17:06:04,097 - INFO - Gpu Power Watts Avg      : 92.1746
2025-11-24 17:06:04,097 - INFO - Gpu Power Watts Peak     : 239.1170
2025-11-24 17:06:04,098 - INFO - Gpu Temp Celsius Avg     : 48.6667
2025-11-24 17:06:04,098 - INFO - Gpu Temp Celsius Peak    : 56.0000
2025-11-24 17:06:04,098 - INFO - Gpu Utilization Percent Avg: 17.0267
2025-11-24 17:06:04,098 - INFO - Gpu Utilization Percent Peak: 100.0000
2025-11-24 17:06:04,098 - INFO - Gpu Mem Used Bytes Avg   : 23399170048.0000
2025-11-24 17:06:04,098 - INFO - Gpu Mem Used Bytes Peak  : 23399170048.0000
2025-11-24 17:06:04,098 - INFO - Gpu Vram Used Bytes      : 23399170048.0000
2025-11-24 17:06:04,098 - INFO - Accuracy                 : 0.0330
2025-11-24 17:06:04,098 - INFO - Precision                : 0.0149
2025-11-24 17:06:04,098 - INFO - Recall                   : 0.0330
2025-11-24 17:06:04,098 - INFO - F1 Score                 : 0.0135
2025-11-24 17:06:04,098 - INFO - ==================================================
2025-11-24 17:06:59,359 - INFO - Época 2 concluída. Loss média: 4.7092
2025-11-24 17:06:59,360 - INFO - Taxa de aprendizado ajustada para: 0.100000
2025-11-24 17:06:59,364 - INFO - Iniciando inferência com o modelo MobileNetV1...
2025-11-24 17:07:07,143 - INFO - ==================================================
2025-11-24 17:07:07,143 - INFO - EXPERIMENT RESULTS
2025-11-24 17:07:07,143 - INFO - ==================================================
2025-11-24 17:07:07,143 - INFO - Elapsed Time Seconds     : 7.7211
2025-11-24 17:07:07,143 - INFO - Cpu Usage Percent        : 3.7125
2025-11-24 17:07:07,143 - INFO - Ram Peak Usage Bytes     : 17747267584.0000
2025-11-24 17:07:07,143 - INFO - Disk Read Bytes          : 0.0000
2025-11-24 17:07:07,143 - INFO - Disk Write Bytes         : 102400.0000
2025-11-24 17:07:07,143 - INFO - Vram Peak Usage Bytes    : 5197153108.0000
2025-11-24 17:07:07,143 - INFO - Gpu Power Watts Avg      : 89.7618
2025-11-24 17:07:07,143 - INFO - Gpu Power Watts Peak     : 249.7770
2025-11-24 17:07:07,143 - INFO - Gpu Temp Celsius Avg     : 50.0921
2025-11-24 17:07:07,143 - INFO - Gpu Temp Celsius Peak    : 57.0000
2025-11-24 17:07:07,144 - INFO - Gpu Utilization Percent Avg: 16.5658
2025-11-24 17:07:07,144 - INFO - Gpu Utilization Percent Peak: 100.0000
2025-11-24 17:07:07,144 - INFO - Gpu Mem Used Bytes Avg   : 23667605504.0000
2025-11-24 17:07:07,144 - INFO - Gpu Mem Used Bytes Peak  : 23667605504.0000
2025-11-24 17:07:07,144 - INFO - Gpu Vram Used Bytes      : 23667605504.0000
2025-11-24 17:07:07,144 - INFO - Accuracy                 : 0.0798
2025-11-24 17:07:07,144 - INFO - Precision                : 0.0752
2025-11-24 17:07:07,144 - INFO - Recall                   : 0.0798
2025-11-24 17:07:07,144 - INFO - F1 Score                 : 0.0551
2025-11-24 17:07:07,144 - INFO - ==================================================
2025-11-24 17:08:02,677 - INFO - Época 3 concluída. Loss média: 4.4165
2025-11-24 17:08:02,678 - INFO - Taxa de aprendizado ajustada para: 0.100000
2025-11-24 17:08:02,680 - INFO - Iniciando inferência com o modelo MobileNetV1...
2025-11-24 17:08:09,606 - INFO - ==================================================
2025-11-24 17:08:09,606 - INFO - EXPERIMENT RESULTS
2025-11-24 17:08:09,606 - INFO - ==================================================
2025-11-24 17:08:09,606 - INFO - Elapsed Time Seconds     : 6.8798
2025-11-24 17:08:09,606 - INFO - Cpu Usage Percent        : 4.0938
2025-11-24 17:08:09,607 - INFO - Ram Peak Usage Bytes     : 17758646272.0000
2025-11-24 17:08:09,607 - INFO - Disk Read Bytes          : 0.0000
2025-11-24 17:08:09,607 - INFO - Disk Write Bytes         : 94208.0000
2025-11-24 17:08:09,607 - INFO - Vram Peak Usage Bytes    : 5197153108.0000
2025-11-24 17:08:09,607 - INFO - Gpu Power Watts Avg      : 102.5105
2025-11-24 17:08:09,607 - INFO - Gpu Power Watts Peak     : 225.0120
2025-11-24 17:08:09,607 - INFO - Gpu Temp Celsius Avg     : 51.9412
2025-11-24 17:08:09,607 - INFO - Gpu Temp Celsius Peak    : 59.0000
2025-11-24 17:08:09,607 - INFO - Gpu Utilization Percent Avg: 18.2206
2025-11-24 17:08:09,607 - INFO - Gpu Utilization Percent Peak: 100.0000
2025-11-24 17:08:09,607 - INFO - Gpu Mem Used Bytes Avg   : 23768268800.0000
2025-11-24 17:08:09,607 - INFO - Gpu Mem Used Bytes Peak  : 23768268800.0000
2025-11-24 17:08:09,607 - INFO - Gpu Vram Used Bytes      : 23768268800.0000
2025-11-24 17:08:09,607 - INFO - Accuracy                 : 0.1384
2025-11-24 17:08:09,607 - INFO - Precision                : 0.1547
2025-11-24 17:08:09,607 - INFO - Recall                   : 0.1384
2025-11-24 17:08:09,607 - INFO - F1 Score                 : 0.1106
2025-11-24 17:08:09,607 - INFO - ==================================================
2025-11-24 17:09:05,518 - INFO - Época 4 concluída. Loss média: 4.2245
2025-11-24 17:09:05,520 - INFO - Taxa de aprendizado ajustada para: 0.100000
2025-11-24 17:09:05,522 - INFO - Iniciando inferência com o modelo MobileNetV1...
2025-11-24 17:09:12,848 - INFO - ==================================================
2025-11-24 17:09:12,848 - INFO - EXPERIMENT RESULTS
2025-11-24 17:09:12,848 - INFO - ==================================================
2025-11-24 17:09:12,848 - INFO - Elapsed Time Seconds     : 7.2797
2025-11-24 17:09:12,849 - INFO - Cpu Usage Percent        : 3.8875
2025-11-24 17:09:12,849 - INFO - Ram Peak Usage Bytes     : 17770106880.0000
2025-11-24 17:09:12,849 - INFO - Disk Read Bytes          : 0.0000
2025-11-24 17:09:12,849 - INFO - Disk Write Bytes         : 102400.0000
2025-11-24 17:09:12,849 - INFO - Vram Peak Usage Bytes    : 5197153108.0000
2025-11-24 17:09:12,849 - INFO - Gpu Power Watts Avg      : 93.0029
2025-11-24 17:09:12,849 - INFO - Gpu Power Watts Peak     : 253.3730
2025-11-24 17:09:12,849 - INFO - Gpu Temp Celsius Avg     : 52.5417
2025-11-24 17:09:12,849 - INFO - Gpu Temp Celsius Peak    : 60.0000
2025-11-24 17:09:12,849 - INFO - Gpu Utilization Percent Avg: 17.4722
2025-11-24 17:09:12,849 - INFO - Gpu Utilization Percent Peak: 100.0000
2025-11-24 17:09:12,849 - INFO - Gpu Mem Used Bytes Avg   : 23768268800.0000
2025-11-24 17:09:12,849 - INFO - Gpu Mem Used Bytes Peak  : 23768268800.0000
2025-11-24 17:09:12,849 - INFO - Gpu Vram Used Bytes      : 23768268800.0000
2025-11-24 17:09:12,849 - INFO - Accuracy                 : 0.1693
2025-11-24 17:09:12,849 - INFO - Precision                : 0.1948
2025-11-24 17:09:12,849 - INFO - Recall                   : 0.1693
2025-11-24 17:09:12,849 - INFO - F1 Score                 : 0.1418
2025-11-24 17:09:12,849 - INFO - ==================================================
2025-11-24 17:10:07,193 - INFO - Época 5 concluída. Loss média: 4.0723
2025-11-24 17:10:07,193 - INFO - Taxa de aprendizado ajustada para: 0.100000
2025-11-24 17:10:07,195 - INFO - Iniciando inferência com o modelo MobileNetV1...
2025-11-24 17:10:14,450 - INFO - ==================================================
2025-11-24 17:10:14,450 - INFO - EXPERIMENT RESULTS
2025-11-24 17:10:14,450 - INFO - ==================================================
2025-11-24 17:10:14,450 - INFO - Elapsed Time Seconds     : 7.2085
2025-11-24 17:10:14,451 - INFO - Cpu Usage Percent        : 3.8563
2025-11-24 17:10:14,451 - INFO - Ram Peak Usage Bytes     : 21003026432.0000
2025-11-24 17:10:14,451 - INFO - Disk Read Bytes          : 0.0000
2025-11-24 17:10:14,451 - INFO - Disk Write Bytes         : 98304.0000
2025-11-24 17:10:14,451 - INFO - Vram Peak Usage Bytes    : 5197153108.0000
2025-11-24 17:10:14,451 - INFO - Gpu Power Watts Avg      : 97.8590
2025-11-24 17:10:14,451 - INFO - Gpu Power Watts Peak     : 219.6520
2025-11-24 17:10:14,451 - INFO - Gpu Temp Celsius Avg     : 53.5775
2025-11-24 17:10:14,451 - INFO - Gpu Temp Celsius Peak    : 60.0000
2025-11-24 17:10:14,451 - INFO - Gpu Utilization Percent Avg: 17.7746
2025-11-24 17:10:14,451 - INFO - Gpu Utilization Percent Peak: 100.0000
2025-11-24 17:10:14,451 - INFO - Gpu Mem Used Bytes Avg   : 23774560256.0000
2025-11-24 17:10:14,451 - INFO - Gpu Mem Used Bytes Peak  : 23774560256.0000
2025-11-24 17:10:14,451 - INFO - Gpu Vram Used Bytes      : 23774560256.0000
2025-11-24 17:10:14,451 - INFO - Accuracy                 : 0.2084
2025-11-24 17:10:14,451 - INFO - Precision                : 0.2317
2025-11-24 17:10:14,451 - INFO - Recall                   : 0.2084
2025-11-24 17:10:14,451 - INFO - F1 Score                 : 0.1869
2025-11-24 17:10:14,451 - INFO - ==================================================
2025-11-24 17:11:13,894 - INFO - Época 6 concluída. Loss média: 3.9305
2025-11-24 17:11:13,894 - INFO - Taxa de aprendizado ajustada para: 0.100000
2025-11-24 17:11:13,896 - INFO - Iniciando inferência com o modelo MobileNetV1...
2025-11-24 17:11:21,432 - INFO - ==================================================
2025-11-24 17:11:21,432 - INFO - EXPERIMENT RESULTS
2025-11-24 17:11:21,433 - INFO - ==================================================
2025-11-24 17:11:21,433 - INFO - Elapsed Time Seconds     : 7.4896
2025-11-24 17:11:21,433 - INFO - Cpu Usage Percent        : 3.7687
2025-11-24 17:11:21,433 - INFO - Ram Peak Usage Bytes     : 21011042304.0000
2025-11-24 17:11:21,433 - INFO - Disk Read Bytes          : 0.0000
2025-11-24 17:11:21,433 - INFO - Disk Write Bytes         : 180224.0000
2025-11-24 17:11:21,433 - INFO - Vram Peak Usage Bytes    : 5197153108.0000
2025-11-24 17:11:21,433 - INFO - Gpu Power Watts Avg      : 94.1788
2025-11-24 17:11:21,433 - INFO - Gpu Power Watts Peak     : 250.6460
2025-11-24 17:11:21,433 - INFO - Gpu Temp Celsius Avg     : 53.5811
2025-11-24 17:11:21,433 - INFO - Gpu Temp Celsius Peak    : 62.0000
2025-11-24 17:11:21,433 - INFO - Gpu Utilization Percent Avg: 16.0135
2025-11-24 17:11:21,433 - INFO - Gpu Utilization Percent Peak: 100.0000
2025-11-24 17:11:21,433 - INFO - Gpu Mem Used Bytes Avg   : 23774560256.0000
2025-11-24 17:11:21,433 - INFO - Gpu Mem Used Bytes Peak  : 23774560256.0000
2025-11-24 17:11:21,433 - INFO - Gpu Vram Used Bytes      : 23774560256.0000
2025-11-24 17:11:21,433 - INFO - Accuracy                 : 0.2376
2025-11-24 17:11:21,433 - INFO - Precision                : 0.2671
2025-11-24 17:11:21,433 - INFO - Recall                   : 0.2376
2025-11-24 17:11:21,433 - INFO - F1 Score                 : 0.2125
2025-11-24 17:11:21,433 - INFO - ==================================================
2025-11-24 17:12:22,294 - INFO - Época 7 concluída. Loss média: 3.8119
2025-11-24 17:12:22,295 - INFO - Taxa de aprendizado ajustada para: 0.100000
2025-11-24 17:12:22,303 - INFO - Iniciando inferência com o modelo MobileNetV1...
2025-11-24 17:12:30,384 - INFO - ==================================================
2025-11-24 17:12:30,385 - INFO - EXPERIMENT RESULTS
2025-11-24 17:12:30,385 - INFO - ==================================================
2025-11-24 17:12:30,385 - INFO - Elapsed Time Seconds     : 8.0325
2025-11-24 17:12:30,385 - INFO - Cpu Usage Percent        : 4.2500
2025-11-24 17:12:30,385 - INFO - Ram Peak Usage Bytes     : 21019160576.0000
2025-11-24 17:12:30,385 - INFO - Disk Read Bytes          : 0.0000
2025-11-24 17:12:30,385 - INFO - Disk Write Bytes         : 139264.0000
2025-11-24 17:12:30,385 - INFO - Vram Peak Usage Bytes    : 5197153108.0000
2025-11-24 17:12:30,385 - INFO - Gpu Power Watts Avg      : 90.4075
2025-11-24 17:12:30,385 - INFO - Gpu Power Watts Peak     : 257.4950
2025-11-24 17:12:30,385 - INFO - Gpu Temp Celsius Avg     : 53.4304
2025-11-24 17:12:30,385 - INFO - Gpu Temp Celsius Peak    : 61.0000
2025-11-24 17:12:30,385 - INFO - Gpu Utilization Percent Avg: 16.5190
2025-11-24 17:12:30,385 - INFO - Gpu Utilization Percent Peak: 100.0000
2025-11-24 17:12:30,385 - INFO - Gpu Mem Used Bytes Avg   : 23774560256.0000
2025-11-24 17:12:30,385 - INFO - Gpu Mem Used Bytes Peak  : 23774560256.0000
2025-11-24 17:12:30,385 - INFO - Gpu Vram Used Bytes      : 23774560256.0000
2025-11-24 17:12:30,385 - INFO - Accuracy                 : 0.2598
2025-11-24 17:12:30,385 - INFO - Precision                : 0.2965
2025-11-24 17:12:30,385 - INFO - Recall                   : 0.2598
2025-11-24 17:12:30,385 - INFO - F1 Score                 : 0.2327
2025-11-24 17:12:30,385 - INFO - ==================================================
2025-11-24 17:13:24,746 - INFO - Época 8 concluída. Loss média: 3.7007
2025-11-24 17:13:24,746 - INFO - Taxa de aprendizado ajustada para: 0.100000
2025-11-24 17:13:24,749 - INFO - Iniciando inferência com o modelo MobileNetV1...
2025-11-24 17:13:31,981 - INFO - ==================================================
2025-11-24 17:13:31,981 - INFO - EXPERIMENT RESULTS
2025-11-24 17:13:31,982 - INFO - ==================================================
2025-11-24 17:13:31,982 - INFO - Elapsed Time Seconds     : 7.1856
2025-11-24 17:13:31,982 - INFO - Cpu Usage Percent        : 3.9813
2025-11-24 17:13:31,982 - INFO - Ram Peak Usage Bytes     : 21020827648.0000
2025-11-24 17:13:31,982 - INFO - Disk Read Bytes          : 0.0000
2025-11-24 17:13:31,982 - INFO - Disk Write Bytes         : 106496.0000
2025-11-24 17:13:31,982 - INFO - Vram Peak Usage Bytes    : 5197153108.0000
2025-11-24 17:13:31,982 - INFO - Gpu Power Watts Avg      : 95.8106
2025-11-24 17:13:31,982 - INFO - Gpu Power Watts Peak     : 260.3310
2025-11-24 17:13:31,982 - INFO - Gpu Temp Celsius Avg     : 54.3803
2025-11-24 17:13:31,982 - INFO - Gpu Temp Celsius Peak    : 62.0000
2025-11-24 17:13:31,982 - INFO - Gpu Utilization Percent Avg: 18.5211
2025-11-24 17:13:31,982 - INFO - Gpu Utilization Percent Peak: 100.0000
2025-11-24 17:13:31,982 - INFO - Gpu Mem Used Bytes Avg   : 23774560256.0000
2025-11-24 17:13:31,982 - INFO - Gpu Mem Used Bytes Peak  : 23774560256.0000
2025-11-24 17:13:31,982 - INFO - Gpu Vram Used Bytes      : 23774560256.0000
2025-11-24 17:13:31,982 - INFO - Accuracy                 : 0.2842
2025-11-24 17:13:31,982 - INFO - Precision                : 0.3194
2025-11-24 17:13:31,982 - INFO - Recall                   : 0.2842
2025-11-24 17:13:31,982 - INFO - F1 Score                 : 0.2549
2025-11-24 17:13:31,982 - INFO - ==================================================
2025-11-24 17:14:27,540 - INFO - Época 9 concluída. Loss média: 3.6085
2025-11-24 17:14:27,540 - INFO - Taxa de aprendizado ajustada para: 0.100000
2025-11-24 17:14:27,542 - INFO - Iniciando inferência com o modelo MobileNetV1...
2025-11-24 17:14:34,874 - INFO - ==================================================
2025-11-24 17:14:34,874 - INFO - EXPERIMENT RESULTS
2025-11-24 17:14:34,874 - INFO - ==================================================
2025-11-24 17:14:34,874 - INFO - Elapsed Time Seconds     : 7.2852
2025-11-24 17:14:34,874 - INFO - Cpu Usage Percent        : 3.8188
2025-11-24 17:14:34,874 - INFO - Ram Peak Usage Bytes     : 21021880320.0000
2025-11-24 17:14:34,874 - INFO - Disk Read Bytes          : 0.0000
2025-11-24 17:14:34,874 - INFO - Disk Write Bytes         : 94208.0000
2025-11-24 17:14:34,874 - INFO - Vram Peak Usage Bytes    : 5197153108.0000
2025-11-24 17:14:34,875 - INFO - Gpu Power Watts Avg      : 98.5238
2025-11-24 17:14:34,875 - INFO - Gpu Power Watts Peak     : 250.6560
2025-11-24 17:14:34,875 - INFO - Gpu Temp Celsius Avg     : 54.7917
2025-11-24 17:14:34,875 - INFO - Gpu Temp Celsius Peak    : 62.0000
2025-11-24 17:14:34,875 - INFO - Gpu Utilization Percent Avg: 17.1250
2025-11-24 17:14:34,875 - INFO - Gpu Utilization Percent Peak: 100.0000
2025-11-24 17:14:34,875 - INFO - Gpu Mem Used Bytes Avg   : 23774560256.0000
2025-11-24 17:14:34,875 - INFO - Gpu Mem Used Bytes Peak  : 23774560256.0000
2025-11-24 17:14:34,875 - INFO - Gpu Vram Used Bytes      : 23774560256.0000
2025-11-24 17:14:34,875 - INFO - Accuracy                 : 0.3164
2025-11-24 17:14:34,875 - INFO - Precision                : 0.3519
2025-11-24 17:14:34,875 - INFO - Recall                   : 0.3164
2025-11-24 17:14:34,875 - INFO - F1 Score                 : 0.2938
2025-11-24 17:14:34,875 - INFO - ==================================================
2025-11-24 17:15:30,302 - INFO - Época 10 concluída. Loss média: 3.5260
2025-11-24 17:15:30,303 - INFO - Taxa de aprendizado ajustada para: 0.100000
2025-11-24 17:15:30,305 - INFO - Iniciando inferência com o modelo MobileNetV1...
2025-11-24 17:15:37,762 - INFO - ==================================================
2025-11-24 17:15:37,762 - INFO - EXPERIMENT RESULTS
2025-11-24 17:15:37,762 - INFO - ==================================================
2025-11-24 17:15:37,762 - INFO - Elapsed Time Seconds     : 7.4104
2025-11-24 17:15:37,762 - INFO - Cpu Usage Percent        : 3.7500
2025-11-24 17:15:37,762 - INFO - Ram Peak Usage Bytes     : 21021958144.0000
2025-11-24 17:15:37,762 - INFO - Disk Read Bytes          : 0.0000
2025-11-24 17:15:37,762 - INFO - Disk Write Bytes         : 94208.0000
2025-11-24 17:15:37,762 - INFO - Vram Peak Usage Bytes    : 5197153108.0000
2025-11-24 17:15:37,762 - INFO - Gpu Power Watts Avg      : 96.9669
2025-11-24 17:15:37,762 - INFO - Gpu Power Watts Peak     : 248.6560
2025-11-24 17:15:37,762 - INFO - Gpu Temp Celsius Avg     : 55.0137
2025-11-24 17:15:37,762 - INFO - Gpu Temp Celsius Peak    : 63.0000
2025-11-24 17:15:37,763 - INFO - Gpu Utilization Percent Avg: 17.2329
2025-11-24 17:15:37,763 - INFO - Gpu Utilization Percent Peak: 100.0000
2025-11-24 17:15:37,763 - INFO - Gpu Mem Used Bytes Avg   : 23774560256.0000
2025-11-24 17:15:37,763 - INFO - Gpu Mem Used Bytes Peak  : 23774560256.0000
2025-11-24 17:15:37,763 - INFO - Gpu Vram Used Bytes      : 23774560256.0000
2025-11-24 17:15:37,763 - INFO - Accuracy                 : 0.3374
2025-11-24 17:15:37,763 - INFO - Precision                : 0.3680
2025-11-24 17:15:37,763 - INFO - Recall                   : 0.3374
2025-11-24 17:15:37,763 - INFO - F1 Score                 : 0.3220
2025-11-24 17:15:37,763 - INFO - ==================================================
2025-11-24 17:16:33,244 - INFO - Época 11 concluída. Loss média: 3.4490
2025-11-24 17:16:33,244 - INFO - Taxa de aprendizado ajustada para: 0.100000
2025-11-24 17:16:33,246 - INFO - Iniciando inferência com o modelo MobileNetV1...
2025-11-24 17:16:40,603 - INFO - ==================================================
2025-11-24 17:16:40,603 - INFO - EXPERIMENT RESULTS
2025-11-24 17:16:40,603 - INFO - ==================================================
2025-11-24 17:16:40,603 - INFO - Elapsed Time Seconds     : 7.3098
2025-11-24 17:16:40,603 - INFO - Cpu Usage Percent        : 3.8875
2025-11-24 17:16:40,603 - INFO - Ram Peak Usage Bytes     : 21022015488.0000
2025-11-24 17:16:40,603 - INFO - Disk Read Bytes          : 0.0000
2025-11-24 17:16:40,603 - INFO - Disk Write Bytes         : 94208.0000
2025-11-24 17:16:40,603 - INFO - Vram Peak Usage Bytes    : 5197153108.0000
2025-11-24 17:16:40,603 - INFO - Gpu Power Watts Avg      : 97.5007
2025-11-24 17:16:40,603 - INFO - Gpu Power Watts Peak     : 247.9010
2025-11-24 17:16:40,603 - INFO - Gpu Temp Celsius Avg     : 55.5833
2025-11-24 17:16:40,603 - INFO - Gpu Temp Celsius Peak    : 63.0000
2025-11-24 17:16:40,603 - INFO - Gpu Utilization Percent Avg: 18.8611
2025-11-24 17:16:40,603 - INFO - Gpu Utilization Percent Peak: 100.0000
2025-11-24 17:16:40,603 - INFO - Gpu Mem Used Bytes Avg   : 23875223552.0000
2025-11-24 17:16:40,604 - INFO - Gpu Mem Used Bytes Peak  : 23875223552.0000
2025-11-24 17:16:40,604 - INFO - Gpu Vram Used Bytes      : 23875223552.0000
2025-11-24 17:16:40,604 - INFO - Accuracy                 : 0.3305
2025-11-24 17:16:40,604 - INFO - Precision                : 0.3919
2025-11-24 17:16:40,604 - INFO - Recall                   : 0.3305
2025-11-24 17:16:40,604 - INFO - F1 Score                 : 0.3211
2025-11-24 17:16:40,604 - INFO - ==================================================
2025-11-24 17:17:36,509 - INFO - Época 12 concluída. Loss média: 3.3838
2025-11-24 17:17:36,509 - INFO - Taxa de aprendizado ajustada para: 0.100000
2025-11-24 17:17:36,511 - INFO - Iniciando inferência com o modelo MobileNetV1...
2025-11-24 17:17:44,374 - INFO - ==================================================
2025-11-24 17:17:44,374 - INFO - EXPERIMENT RESULTS
2025-11-24 17:17:44,374 - INFO - ==================================================
2025-11-24 17:17:44,374 - INFO - Elapsed Time Seconds     : 7.8154
2025-11-24 17:17:44,374 - INFO - Cpu Usage Percent        : 3.5125
2025-11-24 17:17:44,374 - INFO - Ram Peak Usage Bytes     : 24243343360.0000
2025-11-24 17:17:44,374 - INFO - Disk Read Bytes          : 0.0000
2025-11-24 17:17:44,374 - INFO - Disk Write Bytes         : 98304.0000
2025-11-24 17:17:44,374 - INFO - Vram Peak Usage Bytes    : 5197153108.0000
2025-11-24 17:17:44,374 - INFO - Gpu Power Watts Avg      : 91.2027
2025-11-24 17:17:44,374 - INFO - Gpu Power Watts Peak     : 246.8660
2025-11-24 17:17:44,375 - INFO - Gpu Temp Celsius Avg     : 55.2597
2025-11-24 17:17:44,375 - INFO - Gpu Temp Celsius Peak    : 62.0000
2025-11-24 17:17:44,375 - INFO - Gpu Utilization Percent Avg: 16.1688
2025-11-24 17:17:44,375 - INFO - Gpu Utilization Percent Peak: 100.0000
2025-11-24 17:17:44,375 - INFO - Gpu Mem Used Bytes Avg   : 23881515008.0000
2025-11-24 17:17:44,375 - INFO - Gpu Mem Used Bytes Peak  : 23881515008.0000
2025-11-24 17:17:44,375 - INFO - Gpu Vram Used Bytes      : 23881515008.0000
2025-11-24 17:17:44,375 - INFO - Accuracy                 : 0.3318
2025-11-24 17:17:44,375 - INFO - Precision                : 0.3934
2025-11-24 17:17:44,375 - INFO - Recall                   : 0.3318
2025-11-24 17:17:44,375 - INFO - F1 Score                 : 0.3185
2025-11-24 17:17:44,375 - INFO - ==================================================
2025-11-24 17:18:41,290 - INFO - Época 13 concluída. Loss média: 3.3235
2025-11-24 17:18:41,290 - INFO - Taxa de aprendizado ajustada para: 0.100000
2025-11-24 17:18:41,298 - INFO - Iniciando inferência com o modelo MobileNetV1...
2025-11-24 17:18:48,978 - INFO - ==================================================
2025-11-24 17:18:48,979 - INFO - EXPERIMENT RESULTS
2025-11-24 17:18:48,979 - INFO - ==================================================
2025-11-24 17:18:48,979 - INFO - Elapsed Time Seconds     : 7.6319
2025-11-24 17:18:48,979 - INFO - Cpu Usage Percent        : 4.1625
2025-11-24 17:18:48,979 - INFO - Ram Peak Usage Bytes     : 24243376128.0000
2025-11-24 17:18:48,979 - INFO - Disk Read Bytes          : 0.0000
2025-11-24 17:18:48,979 - INFO - Disk Write Bytes         : 86016.0000
2025-11-24 17:18:48,979 - INFO - Vram Peak Usage Bytes    : 5197153108.0000
2025-11-24 17:18:48,979 - INFO - Gpu Power Watts Avg      : 98.4614
2025-11-24 17:18:48,979 - INFO - Gpu Power Watts Peak     : 217.4520
2025-11-24 17:18:48,979 - INFO - Gpu Temp Celsius Avg     : 55.6533
2025-11-24 17:18:48,979 - INFO - Gpu Temp Celsius Peak    : 63.0000
2025-11-24 17:18:48,979 - INFO - Gpu Utilization Percent Avg: 16.7733
2025-11-24 17:18:48,979 - INFO - Gpu Utilization Percent Peak: 100.0000
2025-11-24 17:18:48,979 - INFO - Gpu Mem Used Bytes Avg   : 23881515008.0000
2025-11-24 17:18:48,979 - INFO - Gpu Mem Used Bytes Peak  : 23881515008.0000
2025-11-24 17:18:48,979 - INFO - Gpu Vram Used Bytes      : 23881515008.0000
2025-11-24 17:18:48,979 - INFO - Accuracy                 : 0.3672
2025-11-24 17:18:48,979 - INFO - Precision                : 0.4100
2025-11-24 17:18:48,979 - INFO - Recall                   : 0.3672
2025-11-24 17:18:48,979 - INFO - F1 Score                 : 0.3603
2025-11-24 17:18:48,980 - INFO - ==================================================
2025-11-24 17:19:44,530 - INFO - Época 14 concluída. Loss média: 3.2683
2025-11-24 17:19:44,531 - INFO - Taxa de aprendizado ajustada para: 0.100000
2025-11-24 17:19:44,539 - INFO - Iniciando inferência com o modelo MobileNetV1...
2025-11-24 17:19:52,529 - INFO - ==================================================
2025-11-24 17:19:52,529 - INFO - EXPERIMENT RESULTS
2025-11-24 17:19:52,529 - INFO - ==================================================
2025-11-24 17:19:52,529 - INFO - Elapsed Time Seconds     : 7.9419
2025-11-24 17:19:52,529 - INFO - Cpu Usage Percent        : 3.9500
2025-11-24 17:19:52,529 - INFO - Ram Peak Usage Bytes     : 24243482624.0000
2025-11-24 17:19:52,529 - INFO - Disk Read Bytes          : 0.0000
2025-11-24 17:19:52,529 - INFO - Disk Write Bytes         : 86016.0000
2025-11-24 17:19:52,529 - INFO - Vram Peak Usage Bytes    : 5197153108.0000
2025-11-24 17:19:52,529 - INFO - Gpu Power Watts Avg      : 93.6897
2025-11-24 17:19:52,529 - INFO - Gpu Power Watts Peak     : 257.9690
2025-11-24 17:19:52,529 - INFO - Gpu Temp Celsius Avg     : 55.7692
2025-11-24 17:19:52,529 - INFO - Gpu Temp Celsius Peak    : 63.0000
2025-11-24 17:19:52,529 - INFO - Gpu Utilization Percent Avg: 16.1282
2025-11-24 17:19:52,529 - INFO - Gpu Utilization Percent Peak: 100.0000
2025-11-24 17:19:52,529 - INFO - Gpu Mem Used Bytes Avg   : 23881515008.0000
2025-11-24 17:19:52,529 - INFO - Gpu Mem Used Bytes Peak  : 23881515008.0000
2025-11-24 17:19:52,529 - INFO - Gpu Vram Used Bytes      : 23881515008.0000
2025-11-24 17:19:52,530 - INFO - Accuracy                 : 0.3990
2025-11-24 17:19:52,530 - INFO - Precision                : 0.4337
2025-11-24 17:19:52,530 - INFO - Recall                   : 0.3990
2025-11-24 17:19:52,530 - INFO - F1 Score                 : 0.3856
2025-11-24 17:19:52,530 - INFO - ==================================================
2025-11-24 17:20:52,783 - INFO - Época 15 concluída. Loss média: 3.2219
2025-11-24 17:20:52,784 - INFO - Taxa de aprendizado ajustada para: 0.100000
2025-11-24 17:20:52,786 - INFO - Iniciando inferência com o modelo MobileNetV1...
2025-11-24 17:21:00,016 - INFO - ==================================================
2025-11-24 17:21:00,016 - INFO - EXPERIMENT RESULTS
2025-11-24 17:21:00,016 - INFO - ==================================================
2025-11-24 17:21:00,017 - INFO - Elapsed Time Seconds     : 7.1834
2025-11-24 17:21:00,017 - INFO - Cpu Usage Percent        : 3.8687
2025-11-24 17:21:00,017 - INFO - Ram Peak Usage Bytes     : 24243568640.0000
2025-11-24 17:21:00,017 - INFO - Disk Read Bytes          : 0.0000
2025-11-24 17:21:00,017 - INFO - Disk Write Bytes         : 163840.0000
2025-11-24 17:21:00,017 - INFO - Vram Peak Usage Bytes    : 5197153108.0000
2025-11-24 17:21:00,017 - INFO - Gpu Power Watts Avg      : 104.3921
2025-11-24 17:21:00,017 - INFO - Gpu Power Watts Peak     : 207.5160
2025-11-24 17:21:00,017 - INFO - Gpu Temp Celsius Avg     : 55.8028
2025-11-24 17:21:00,017 - INFO - Gpu Temp Celsius Peak    : 63.0000
2025-11-24 17:21:00,017 - INFO - Gpu Utilization Percent Avg: 17.7465
2025-11-24 17:21:00,017 - INFO - Gpu Utilization Percent Peak: 100.0000
2025-11-24 17:21:00,017 - INFO - Gpu Mem Used Bytes Avg   : 23881515008.0000
2025-11-24 17:21:00,017 - INFO - Gpu Mem Used Bytes Peak  : 23881515008.0000
2025-11-24 17:21:00,017 - INFO - Gpu Vram Used Bytes      : 23881515008.0000
2025-11-24 17:21:00,017 - INFO - Accuracy                 : 0.4060
2025-11-24 17:21:00,017 - INFO - Precision                : 0.4227
2025-11-24 17:21:00,017 - INFO - Recall                   : 0.4060
2025-11-24 17:21:00,017 - INFO - F1 Score                 : 0.3885
2025-11-24 17:21:00,017 - INFO - ==================================================
2025-11-24 17:21:54,960 - INFO - Época 16 concluída. Loss média: 3.1752
2025-11-24 17:21:54,961 - INFO - Taxa de aprendizado ajustada para: 0.100000
2025-11-24 17:21:54,969 - INFO - Iniciando inferência com o modelo MobileNetV1...
2025-11-24 17:22:03,074 - INFO - ==================================================
2025-11-24 17:22:03,074 - INFO - EXPERIMENT RESULTS
2025-11-24 17:22:03,074 - INFO - ==================================================
2025-11-24 17:22:03,074 - INFO - Elapsed Time Seconds     : 8.0564
2025-11-24 17:22:03,074 - INFO - Cpu Usage Percent        : 4.3375
2025-11-24 17:22:03,074 - INFO - Ram Peak Usage Bytes     : 24243630080.0000
2025-11-24 17:22:03,074 - INFO - Disk Read Bytes          : 0.0000
2025-11-24 17:22:03,074 - INFO - Disk Write Bytes         : 81920.0000
2025-11-24 17:22:03,074 - INFO - Vram Peak Usage Bytes    : 5197153108.0000
2025-11-24 17:22:03,074 - INFO - Gpu Power Watts Avg      : 95.1127
2025-11-24 17:22:03,074 - INFO - Gpu Power Watts Peak     : 220.6140
2025-11-24 17:22:03,074 - INFO - Gpu Temp Celsius Avg     : 55.9114
2025-11-24 17:22:03,074 - INFO - Gpu Temp Celsius Peak    : 64.0000
2025-11-24 17:22:03,074 - INFO - Gpu Utilization Percent Avg: 14.7595
2025-11-24 17:22:03,074 - INFO - Gpu Utilization Percent Peak: 100.0000
2025-11-24 17:22:03,074 - INFO - Gpu Mem Used Bytes Avg   : 23881515008.0000
2025-11-24 17:22:03,075 - INFO - Gpu Mem Used Bytes Peak  : 23881515008.0000
2025-11-24 17:22:03,075 - INFO - Gpu Vram Used Bytes      : 23881515008.0000
2025-11-24 17:22:03,075 - INFO - Accuracy                 : 0.4059
2025-11-24 17:22:03,075 - INFO - Precision                : 0.4464
2025-11-24 17:22:03,075 - INFO - Recall                   : 0.4059
2025-11-24 17:22:03,075 - INFO - F1 Score                 : 0.3967
2025-11-24 17:22:03,075 - INFO - ==================================================
2025-11-24 17:22:57,678 - INFO - Época 17 concluída. Loss média: 3.1424
2025-11-24 17:22:57,678 - INFO - Taxa de aprendizado ajustada para: 0.100000
2025-11-24 17:22:57,681 - INFO - Iniciando inferência com o modelo MobileNetV1...
2025-11-24 17:23:05,042 - INFO - ==================================================
2025-11-24 17:23:05,042 - INFO - EXPERIMENT RESULTS
2025-11-24 17:23:05,042 - INFO - ==================================================
2025-11-24 17:23:05,043 - INFO - Elapsed Time Seconds     : 7.3151
2025-11-24 17:23:05,043 - INFO - Cpu Usage Percent        : 3.7750
2025-11-24 17:23:05,043 - INFO - Ram Peak Usage Bytes     : 24243773440.0000
2025-11-24 17:23:05,043 - INFO - Disk Read Bytes          : 0.0000
2025-11-24 17:23:05,043 - INFO - Disk Write Bytes         : 94208.0000
2025-11-24 17:23:05,043 - INFO - Vram Peak Usage Bytes    : 5197153108.0000
2025-11-24 17:23:05,043 - INFO - Gpu Power Watts Avg      : 99.5243
2025-11-24 17:23:05,043 - INFO - Gpu Power Watts Peak     : 234.9290
2025-11-24 17:23:05,043 - INFO - Gpu Temp Celsius Avg     : 56.1667
2025-11-24 17:23:05,043 - INFO - Gpu Temp Celsius Peak    : 63.0000
2025-11-24 17:23:05,043 - INFO - Gpu Utilization Percent Avg: 17.4444
2025-11-24 17:23:05,043 - INFO - Gpu Utilization Percent Peak: 100.0000
2025-11-24 17:23:05,043 - INFO - Gpu Mem Used Bytes Avg   : 23881515008.0000
2025-11-24 17:23:05,043 - INFO - Gpu Mem Used Bytes Peak  : 23881515008.0000
2025-11-24 17:23:05,043 - INFO - Gpu Vram Used Bytes      : 23881515008.0000
2025-11-24 17:23:05,043 - INFO - Accuracy                 : 0.4266
2025-11-24 17:23:05,043 - INFO - Precision                : 0.4661
2025-11-24 17:23:05,043 - INFO - Recall                   : 0.4266
2025-11-24 17:23:05,043 - INFO - F1 Score                 : 0.4175
2025-11-24 17:23:05,043 - INFO - ==================================================
2025-11-24 17:23:59,968 - INFO - Época 18 concluída. Loss média: 3.1007
2025-11-24 17:23:59,968 - INFO - Taxa de aprendizado ajustada para: 0.100000
2025-11-24 17:23:59,970 - INFO - Iniciando inferência com o modelo MobileNetV1...
2025-11-24 17:24:07,737 - INFO - ==================================================
2025-11-24 17:24:07,737 - INFO - EXPERIMENT RESULTS
2025-11-24 17:24:07,737 - INFO - ==================================================
2025-11-24 17:24:07,737 - INFO - Elapsed Time Seconds     : 7.7203
2025-11-24 17:24:07,737 - INFO - Cpu Usage Percent        : 3.6437
2025-11-24 17:24:07,737 - INFO - Ram Peak Usage Bytes     : 24243830784.0000
2025-11-24 17:24:07,737 - INFO - Disk Read Bytes          : 0.0000
2025-11-24 17:24:07,737 - INFO - Disk Write Bytes         : 94208.0000
2025-11-24 17:24:07,737 - INFO - Vram Peak Usage Bytes    : 5197153108.0000
2025-11-24 17:24:07,737 - INFO - Gpu Power Watts Avg      : 94.7075
2025-11-24 17:24:07,738 - INFO - Gpu Power Watts Peak     : 252.4060
2025-11-24 17:24:07,738 - INFO - Gpu Temp Celsius Avg     : 55.9605
2025-11-24 17:24:07,738 - INFO - Gpu Temp Celsius Peak    : 63.0000
2025-11-24 17:24:07,738 - INFO - Gpu Utilization Percent Avg: 16.1711
2025-11-24 17:24:07,738 - INFO - Gpu Utilization Percent Peak: 100.0000
2025-11-24 17:24:07,738 - INFO - Gpu Mem Used Bytes Avg   : 23881515008.0000
2025-11-24 17:24:07,738 - INFO - Gpu Mem Used Bytes Peak  : 23881515008.0000
2025-11-24 17:24:07,738 - INFO - Gpu Vram Used Bytes      : 23881515008.0000
2025-11-24 17:24:07,738 - INFO - Accuracy                 : 0.3974
2025-11-24 17:24:07,738 - INFO - Precision                : 0.4739
2025-11-24 17:24:07,738 - INFO - Recall                   : 0.3974
2025-11-24 17:24:07,738 - INFO - F1 Score                 : 0.3989
2025-11-24 17:24:07,738 - INFO - ==================================================
2025-11-24 17:25:02,290 - INFO - Época 19 concluída. Loss média: 3.0643
2025-11-24 17:25:02,290 - INFO - Taxa de aprendizado ajustada para: 0.100000
2025-11-24 17:25:02,292 - INFO - Iniciando inferência com o modelo MobileNetV1...
2025-11-24 17:25:09,541 - INFO - ==================================================
2025-11-24 17:25:09,542 - INFO - EXPERIMENT RESULTS
2025-11-24 17:25:09,542 - INFO - ==================================================
2025-11-24 17:25:09,542 - INFO - Elapsed Time Seconds     : 7.2023
2025-11-24 17:25:09,542 - INFO - Cpu Usage Percent        : 3.9625
2025-11-24 17:25:09,542 - INFO - Ram Peak Usage Bytes     : 24244633600.0000
2025-11-24 17:25:09,542 - INFO - Disk Read Bytes          : 0.0000
2025-11-24 17:25:09,542 - INFO - Disk Write Bytes         : 94208.0000
2025-11-24 17:25:09,542 - INFO - Vram Peak Usage Bytes    : 5197153108.0000
2025-11-24 17:25:09,542 - INFO - Gpu Power Watts Avg      : 101.1885
2025-11-24 17:25:09,542 - INFO - Gpu Power Watts Peak     : 250.6190
2025-11-24 17:25:09,542 - INFO - Gpu Temp Celsius Avg     : 56.2535
2025-11-24 17:25:09,542 - INFO - Gpu Temp Celsius Peak    : 63.0000
2025-11-24 17:25:09,542 - INFO - Gpu Utilization Percent Avg: 17.2535
2025-11-24 17:25:09,542 - INFO - Gpu Utilization Percent Peak: 100.0000
2025-11-24 17:25:09,542 - INFO - Gpu Mem Used Bytes Avg   : 23881515008.0000
2025-11-24 17:25:09,542 - INFO - Gpu Mem Used Bytes Peak  : 23881515008.0000
2025-11-24 17:25:09,542 - INFO - Gpu Vram Used Bytes      : 23881515008.0000
2025-11-24 17:25:09,542 - INFO - Accuracy                 : 0.4128
2025-11-24 17:25:09,542 - INFO - Precision                : 0.4653
2025-11-24 17:25:09,542 - INFO - Recall                   : 0.4128
2025-11-24 17:25:09,542 - INFO - F1 Score                 : 0.4051
2025-11-24 17:25:09,542 - INFO - ==================================================
2025-11-24 17:26:04,283 - INFO - Época 20 concluída. Loss média: 3.0336
2025-11-24 17:26:04,283 - INFO - Taxa de aprendizado ajustada para: 0.100000
2025-11-24 17:26:04,285 - INFO - Iniciando inferência com o modelo MobileNetV1...
2025-11-24 17:26:11,754 - INFO - ==================================================
2025-11-24 17:26:11,754 - INFO - EXPERIMENT RESULTS
2025-11-24 17:26:11,754 - INFO - ==================================================
2025-11-24 17:26:11,754 - INFO - Elapsed Time Seconds     : 7.4212
2025-11-24 17:26:11,754 - INFO - Cpu Usage Percent        : 3.7250
2025-11-24 17:26:11,754 - INFO - Ram Peak Usage Bytes     : 24244645888.0000
2025-11-24 17:26:11,754 - INFO - Disk Read Bytes          : 0.0000
2025-11-24 17:26:11,754 - INFO - Disk Write Bytes         : 98304.0000
2025-11-24 17:26:11,754 - INFO - Vram Peak Usage Bytes    : 5197153108.0000
2025-11-24 17:26:11,754 - INFO - Gpu Power Watts Avg      : 102.0097
2025-11-24 17:26:11,754 - INFO - Gpu Power Watts Peak     : 241.1470
2025-11-24 17:26:11,754 - INFO - Gpu Temp Celsius Avg     : 56.2603
2025-11-24 17:26:11,754 - INFO - Gpu Temp Celsius Peak    : 65.0000
2025-11-24 17:26:11,754 - INFO - Gpu Utilization Percent Avg: 16.7671
2025-11-24 17:26:11,754 - INFO - Gpu Utilization Percent Peak: 100.0000
2025-11-24 17:26:11,754 - INFO - Gpu Mem Used Bytes Avg   : 23881515008.0000
2025-11-24 17:26:11,754 - INFO - Gpu Mem Used Bytes Peak  : 23881515008.0000
2025-11-24 17:26:11,754 - INFO - Gpu Vram Used Bytes      : 23881515008.0000
2025-11-24 17:26:11,754 - INFO - Accuracy                 : 0.4046
2025-11-24 17:26:11,754 - INFO - Precision                : 0.4802
2025-11-24 17:26:11,754 - INFO - Recall                   : 0.4046
2025-11-24 17:26:11,755 - INFO - F1 Score                 : 0.3961
2025-11-24 17:26:11,755 - INFO - ==================================================
2025-11-24 17:27:07,442 - INFO - Época 21 concluída. Loss média: 3.0033
2025-11-24 17:27:07,442 - INFO - Taxa de aprendizado ajustada para: 0.100000
2025-11-24 17:27:07,444 - INFO - Iniciando inferência com o modelo MobileNetV1...
2025-11-24 17:27:15,210 - INFO - ==================================================
2025-11-24 17:27:15,210 - INFO - EXPERIMENT RESULTS
2025-11-24 17:27:15,210 - INFO - ==================================================
2025-11-24 17:27:15,210 - INFO - Elapsed Time Seconds     : 7.7191
2025-11-24 17:27:15,210 - INFO - Cpu Usage Percent        : 3.6812
2025-11-24 17:27:15,210 - INFO - Ram Peak Usage Bytes     : 24244666368.0000
2025-11-24 17:27:15,210 - INFO - Disk Read Bytes          : 0.0000
2025-11-24 17:27:15,210 - INFO - Disk Write Bytes         : 94208.0000
2025-11-24 17:27:15,210 - INFO - Vram Peak Usage Bytes    : 5197153108.0000
2025-11-24 17:27:15,210 - INFO - Gpu Power Watts Avg      : 93.0224
2025-11-24 17:27:15,210 - INFO - Gpu Power Watts Peak     : 247.8370
2025-11-24 17:27:15,210 - INFO - Gpu Temp Celsius Avg     : 55.6842
2025-11-24 17:27:15,210 - INFO - Gpu Temp Celsius Peak    : 63.0000
2025-11-24 17:27:15,210 - INFO - Gpu Utilization Percent Avg: 17.5921
2025-11-24 17:27:15,211 - INFO - Gpu Utilization Percent Peak: 100.0000
2025-11-24 17:27:15,211 - INFO - Gpu Mem Used Bytes Avg   : 23881515008.0000
2025-11-24 17:27:15,211 - INFO - Gpu Mem Used Bytes Peak  : 23881515008.0000
2025-11-24 17:27:15,211 - INFO - Gpu Vram Used Bytes      : 23881515008.0000
2025-11-24 17:27:15,211 - INFO - Accuracy                 : 0.4459
2025-11-24 17:27:15,211 - INFO - Precision                : 0.4947
2025-11-24 17:27:15,211 - INFO - Recall                   : 0.4459
2025-11-24 17:27:15,211 - INFO - F1 Score                 : 0.4413
2025-11-24 17:27:15,211 - INFO - ==================================================
2025-11-24 17:28:10,230 - INFO - Época 22 concluída. Loss média: 2.9719
2025-11-24 17:28:10,230 - INFO - Taxa de aprendizado ajustada para: 0.100000
2025-11-24 17:28:10,232 - INFO - Iniciando inferência com o modelo MobileNetV1...
2025-11-24 17:28:17,477 - INFO - ==================================================
2025-11-24 17:28:17,477 - INFO - EXPERIMENT RESULTS
2025-11-24 17:28:17,477 - INFO - ==================================================
2025-11-24 17:28:17,477 - INFO - Elapsed Time Seconds     : 7.1981
2025-11-24 17:28:17,477 - INFO - Cpu Usage Percent        : 3.8875
2025-11-24 17:28:17,477 - INFO - Ram Peak Usage Bytes     : 24244826112.0000
2025-11-24 17:28:17,477 - INFO - Disk Read Bytes          : 28672.0000
2025-11-24 17:28:17,477 - INFO - Disk Write Bytes         : 151552.0000
2025-11-24 17:28:17,477 - INFO - Vram Peak Usage Bytes    : 5197153108.0000
2025-11-24 17:28:17,477 - INFO - Gpu Power Watts Avg      : 95.7485
2025-11-24 17:28:17,477 - INFO - Gpu Power Watts Peak     : 251.1260
2025-11-24 17:28:17,477 - INFO - Gpu Temp Celsius Avg     : 55.8169
2025-11-24 17:28:17,477 - INFO - Gpu Temp Celsius Peak    : 63.0000
2025-11-24 17:28:17,477 - INFO - Gpu Utilization Percent Avg: 17.1268
2025-11-24 17:28:17,477 - INFO - Gpu Utilization Percent Peak: 100.0000
2025-11-24 17:28:17,477 - INFO - Gpu Mem Used Bytes Avg   : 23881515008.0000
2025-11-24 17:28:17,477 - INFO - Gpu Mem Used Bytes Peak  : 23881515008.0000
2025-11-24 17:28:17,478 - INFO - Gpu Vram Used Bytes      : 23881515008.0000
2025-11-24 17:28:17,478 - INFO - Accuracy                 : 0.4609
2025-11-24 17:28:17,478 - INFO - Precision                : 0.5048
2025-11-24 17:28:17,478 - INFO - Recall                   : 0.4609
2025-11-24 17:28:17,478 - INFO - F1 Score                 : 0.4548
2025-11-24 17:28:17,478 - INFO - ==================================================
2025-11-24 17:29:12,370 - INFO - Época 23 concluída. Loss média: 2.9506
2025-11-24 17:29:12,371 - INFO - Taxa de aprendizado ajustada para: 0.100000
2025-11-24 17:29:12,379 - INFO - Iniciando inferência com o modelo MobileNetV1...
2025-11-24 17:29:20,248 - INFO - ==================================================
2025-11-24 17:29:20,248 - INFO - EXPERIMENT RESULTS
2025-11-24 17:29:20,248 - INFO - ==================================================
2025-11-24 17:29:20,248 - INFO - Elapsed Time Seconds     : 7.8211
2025-11-24 17:29:20,248 - INFO - Cpu Usage Percent        : 4.1813
2025-11-24 17:29:20,248 - INFO - Ram Peak Usage Bytes     : 24244838400.0000
2025-11-24 17:29:20,248 - INFO - Disk Read Bytes          : 0.0000
2025-11-24 17:29:20,248 - INFO - Disk Write Bytes         : 90112.0000
2025-11-24 17:29:20,248 - INFO - Vram Peak Usage Bytes    : 5197153108.0000
2025-11-24 17:29:20,248 - INFO - Gpu Power Watts Avg      : 92.5044
2025-11-24 17:29:20,248 - INFO - Gpu Power Watts Peak     : 258.0610
2025-11-24 17:29:20,248 - INFO - Gpu Temp Celsius Avg     : 55.6184
2025-11-24 17:29:20,248 - INFO - Gpu Temp Celsius Peak    : 63.0000
2025-11-24 17:29:20,248 - INFO - Gpu Utilization Percent Avg: 15.8816
2025-11-24 17:29:20,248 - INFO - Gpu Utilization Percent Peak: 100.0000
2025-11-24 17:29:20,248 - INFO - Gpu Mem Used Bytes Avg   : 23881515008.0000
2025-11-24 17:29:20,248 - INFO - Gpu Mem Used Bytes Peak  : 23881515008.0000
2025-11-24 17:29:20,249 - INFO - Gpu Vram Used Bytes      : 23881515008.0000
2025-11-24 17:29:20,249 - INFO - Accuracy                 : 0.4266
2025-11-24 17:29:20,249 - INFO - Precision                : 0.4970
2025-11-24 17:29:20,249 - INFO - Recall                   : 0.4266
2025-11-24 17:29:20,249 - INFO - F1 Score                 : 0.4231
2025-11-24 17:29:20,249 - INFO - ==================================================
2025-11-24 17:30:16,251 - INFO - Época 24 concluída. Loss média: 2.9246
2025-11-24 17:30:16,252 - INFO - Taxa de aprendizado ajustada para: 0.100000
2025-11-24 17:30:16,254 - INFO - Iniciando inferência com o modelo MobileNetV1...
2025-11-24 17:30:24,105 - INFO - ==================================================
2025-11-24 17:30:24,105 - INFO - EXPERIMENT RESULTS
2025-11-24 17:30:24,105 - INFO - ==================================================
2025-11-24 17:30:24,105 - INFO - Elapsed Time Seconds     : 7.8043
2025-11-24 17:30:24,105 - INFO - Cpu Usage Percent        : 3.5500
2025-11-24 17:30:24,105 - INFO - Ram Peak Usage Bytes     : 24244858880.0000
2025-11-24 17:30:24,105 - INFO - Disk Read Bytes          : 0.0000
2025-11-24 17:30:24,105 - INFO - Disk Write Bytes         : 200704.0000
2025-11-24 17:30:24,105 - INFO - Vram Peak Usage Bytes    : 5197153108.0000
2025-11-24 17:30:24,105 - INFO - Gpu Power Watts Avg      : 92.1897
2025-11-24 17:30:24,105 - INFO - Gpu Power Watts Peak     : 244.2500
2025-11-24 17:30:24,105 - INFO - Gpu Temp Celsius Avg     : 55.5974
2025-11-24 17:30:24,105 - INFO - Gpu Temp Celsius Peak    : 63.0000
2025-11-24 17:30:24,105 - INFO - Gpu Utilization Percent Avg: 16.3636
2025-11-24 17:30:24,105 - INFO - Gpu Utilization Percent Peak: 100.0000
2025-11-24 17:30:24,106 - INFO - Gpu Mem Used Bytes Avg   : 23881515008.0000
2025-11-24 17:30:24,106 - INFO - Gpu Mem Used Bytes Peak  : 23881515008.0000
2025-11-24 17:30:24,106 - INFO - Gpu Vram Used Bytes      : 23881515008.0000
2025-11-24 17:30:24,106 - INFO - Accuracy                 : 0.4582
2025-11-24 17:30:24,106 - INFO - Precision                : 0.5085
2025-11-24 17:30:24,106 - INFO - Recall                   : 0.4582
2025-11-24 17:30:24,106 - INFO - F1 Score                 : 0.4560
2025-11-24 17:30:24,106 - INFO - ==================================================
2025-11-24 17:31:19,054 - INFO - Época 25 concluída. Loss média: 2.9062
2025-11-24 17:31:19,055 - INFO - Taxa de aprendizado ajustada para: 0.100000
2025-11-24 17:31:19,057 - INFO - Iniciando inferência com o modelo MobileNetV1...
2025-11-24 17:31:26,522 - INFO - ==================================================
2025-11-24 17:31:26,522 - INFO - EXPERIMENT RESULTS
2025-11-24 17:31:26,522 - INFO - ==================================================
2025-11-24 17:31:26,523 - INFO - Elapsed Time Seconds     : 7.4185
2025-11-24 17:31:26,523 - INFO - Cpu Usage Percent        : 3.7250
2025-11-24 17:31:26,523 - INFO - Ram Peak Usage Bytes     : 24247705600.0000
2025-11-24 17:31:26,523 - INFO - Disk Read Bytes          : 0.0000
2025-11-24 17:31:26,523 - INFO - Disk Write Bytes         : 319488.0000
2025-11-24 17:31:26,523 - INFO - Vram Peak Usage Bytes    : 5197153108.0000
2025-11-24 17:31:26,523 - INFO - Gpu Power Watts Avg      : 101.3599
2025-11-24 17:31:26,523 - INFO - Gpu Power Watts Peak     : 245.1000
2025-11-24 17:31:26,523 - INFO - Gpu Temp Celsius Avg     : 55.9589
2025-11-24 17:31:26,523 - INFO - Gpu Temp Celsius Peak    : 63.0000
2025-11-24 17:31:26,523 - INFO - Gpu Utilization Percent Avg: 17.2329
2025-11-24 17:31:26,523 - INFO - Gpu Utilization Percent Peak: 100.0000
2025-11-24 17:31:26,523 - INFO - Gpu Mem Used Bytes Avg   : 23881515008.0000
2025-11-24 17:31:26,523 - INFO - Gpu Mem Used Bytes Peak  : 23881515008.0000
2025-11-24 17:31:26,523 - INFO - Gpu Vram Used Bytes      : 23881515008.0000
2025-11-24 17:31:26,523 - INFO - Accuracy                 : 0.4600
2025-11-24 17:31:26,523 - INFO - Precision                : 0.5142
2025-11-24 17:31:26,523 - INFO - Recall                   : 0.4600
2025-11-24 17:31:26,523 - INFO - F1 Score                 : 0.4567
2025-11-24 17:31:26,523 - INFO - ==================================================
2025-11-24 17:32:22,064 - INFO - Época 26 concluída. Loss média: 2.8858
2025-11-24 17:32:22,065 - INFO - Taxa de aprendizado ajustada para: 0.100000
2025-11-24 17:32:22,067 - INFO - Iniciando inferência com o modelo MobileNetV1...
2025-11-24 17:32:29,629 - INFO - ==================================================
2025-11-24 17:32:29,629 - INFO - EXPERIMENT RESULTS
2025-11-24 17:32:29,629 - INFO - ==================================================
2025-11-24 17:32:29,630 - INFO - Elapsed Time Seconds     : 7.5157
2025-11-24 17:32:29,630 - INFO - Cpu Usage Percent        : 3.8188
2025-11-24 17:32:29,630 - INFO - Ram Peak Usage Bytes     : 24247697408.0000
2025-11-24 17:32:29,630 - INFO - Disk Read Bytes          : 0.0000
2025-11-24 17:32:29,630 - INFO - Disk Write Bytes         : 90112.0000
2025-11-24 17:32:29,630 - INFO - Vram Peak Usage Bytes    : 5197153108.0000
2025-11-24 17:32:29,630 - INFO - Gpu Power Watts Avg      : 102.6230
2025-11-24 17:32:29,630 - INFO - Gpu Power Watts Peak     : 242.8810
2025-11-24 17:32:29,630 - INFO - Gpu Temp Celsius Avg     : 56.0811
2025-11-24 17:32:29,630 - INFO - Gpu Temp Celsius Peak    : 64.0000
2025-11-24 17:32:29,630 - INFO - Gpu Utilization Percent Avg: 17.8649
2025-11-24 17:32:29,630 - INFO - Gpu Utilization Percent Peak: 100.0000
2025-11-24 17:32:29,630 - INFO - Gpu Mem Used Bytes Avg   : 23881515008.0000
2025-11-24 17:32:29,630 - INFO - Gpu Mem Used Bytes Peak  : 23881515008.0000
2025-11-24 17:32:29,630 - INFO - Gpu Vram Used Bytes      : 23881515008.0000
2025-11-24 17:32:29,630 - INFO - Accuracy                 : 0.4632
2025-11-24 17:32:29,630 - INFO - Precision                : 0.5107
2025-11-24 17:32:29,630 - INFO - Recall                   : 0.4632
2025-11-24 17:32:29,630 - INFO - F1 Score                 : 0.4623
2025-11-24 17:32:29,630 - INFO - ==================================================
2025-11-24 17:33:23,740 - INFO - Época 27 concluída. Loss média: 2.8741
2025-11-24 17:33:23,740 - INFO - Taxa de aprendizado ajustada para: 0.100000
2025-11-24 17:33:23,742 - INFO - Iniciando inferência com o modelo MobileNetV1...
2025-11-24 17:33:31,245 - INFO - ==================================================
2025-11-24 17:33:31,245 - INFO - EXPERIMENT RESULTS
2025-11-24 17:33:31,245 - INFO - ==================================================
2025-11-24 17:33:31,245 - INFO - Elapsed Time Seconds     : 7.4555
2025-11-24 17:33:31,245 - INFO - Cpu Usage Percent        : 3.7500
2025-11-24 17:33:31,245 - INFO - Ram Peak Usage Bytes     : 24247701504.0000
2025-11-24 17:33:31,245 - INFO - Disk Read Bytes          : 0.0000
2025-11-24 17:33:31,245 - INFO - Disk Write Bytes         : 98304.0000
2025-11-24 17:33:31,245 - INFO - Vram Peak Usage Bytes    : 5197153108.0000
2025-11-24 17:33:31,245 - INFO - Gpu Power Watts Avg      : 94.4275
2025-11-24 17:33:31,245 - INFO - Gpu Power Watts Peak     : 245.6880
2025-11-24 17:33:31,245 - INFO - Gpu Temp Celsius Avg     : 55.8767
2025-11-24 17:33:31,245 - INFO - Gpu Temp Celsius Peak    : 62.0000
2025-11-24 17:33:31,245 - INFO - Gpu Utilization Percent Avg: 17.2329
2025-11-24 17:33:31,245 - INFO - Gpu Utilization Percent Peak: 100.0000
2025-11-24 17:33:31,245 - INFO - Gpu Mem Used Bytes Avg   : 23881515008.0000
2025-11-24 17:33:31,245 - INFO - Gpu Mem Used Bytes Peak  : 23881515008.0000
2025-11-24 17:33:31,245 - INFO - Gpu Vram Used Bytes      : 23881515008.0000
2025-11-24 17:33:31,245 - INFO - Accuracy                 : 0.4842
2025-11-24 17:33:31,246 - INFO - Precision                : 0.5256
2025-11-24 17:33:31,246 - INFO - Recall                   : 0.4842
2025-11-24 17:33:31,246 - INFO - F1 Score                 : 0.4838
2025-11-24 17:33:31,246 - INFO - ==================================================
2025-11-24 17:34:25,630 - INFO - Época 28 concluída. Loss média: 2.8508
2025-11-24 17:34:25,630 - INFO - Taxa de aprendizado ajustada para: 0.100000
2025-11-24 17:34:25,632 - INFO - Iniciando inferência com o modelo MobileNetV1...
2025-11-24 17:34:33,392 - INFO - ==================================================
2025-11-24 17:34:33,392 - INFO - EXPERIMENT RESULTS
2025-11-24 17:34:33,392 - INFO - ==================================================
2025-11-24 17:34:33,392 - INFO - Elapsed Time Seconds     : 7.7123
2025-11-24 17:34:33,392 - INFO - Cpu Usage Percent        : 3.5750
2025-11-24 17:34:33,392 - INFO - Ram Peak Usage Bytes     : 24247873536.0000
2025-11-24 17:34:33,392 - INFO - Disk Read Bytes          : 0.0000
2025-11-24 17:34:33,392 - INFO - Disk Write Bytes         : 106496.0000
2025-11-24 17:34:33,392 - INFO - Vram Peak Usage Bytes    : 5197153108.0000
2025-11-24 17:34:33,392 - INFO - Gpu Power Watts Avg      : 100.7305
2025-11-24 17:34:33,392 - INFO - Gpu Power Watts Peak     : 242.7720
2025-11-24 17:34:33,392 - INFO - Gpu Temp Celsius Avg     : 56.1842
2025-11-24 17:34:33,392 - INFO - Gpu Temp Celsius Peak    : 63.0000
2025-11-24 17:34:33,392 - INFO - Gpu Utilization Percent Avg: 16.5526
2025-11-24 17:34:33,393 - INFO - Gpu Utilization Percent Peak: 100.0000
2025-11-24 17:34:33,393 - INFO - Gpu Mem Used Bytes Avg   : 23881515008.0000
2025-11-24 17:34:33,393 - INFO - Gpu Mem Used Bytes Peak  : 23881515008.0000
2025-11-24 17:34:33,393 - INFO - Gpu Vram Used Bytes      : 23881515008.0000
2025-11-24 17:34:33,393 - INFO - Accuracy                 : 0.4587
2025-11-24 17:34:33,393 - INFO - Precision                : 0.5176
2025-11-24 17:34:33,393 - INFO - Recall                   : 0.4587
2025-11-24 17:34:33,393 - INFO - F1 Score                 : 0.4576
2025-11-24 17:34:33,393 - INFO - ==================================================
2025-11-24 17:35:29,279 - INFO - Época 29 concluída. Loss média: 2.8290
2025-11-24 17:35:29,279 - INFO - Taxa de aprendizado ajustada para: 0.100000
2025-11-24 17:35:29,281 - INFO - Iniciando inferência com o modelo MobileNetV1...
2025-11-24 17:35:36,413 - INFO - ==================================================
2025-11-24 17:35:36,413 - INFO - EXPERIMENT RESULTS
2025-11-24 17:35:36,413 - INFO - ==================================================
2025-11-24 17:35:36,413 - INFO - Elapsed Time Seconds     : 7.0850
2025-11-24 17:35:36,413 - INFO - Cpu Usage Percent        : 3.9000
2025-11-24 17:35:36,413 - INFO - Ram Peak Usage Bytes     : 24247869440.0000
2025-11-24 17:35:36,413 - INFO - Disk Read Bytes          : 0.0000
2025-11-24 17:35:36,413 - INFO - Disk Write Bytes         : 114688.0000
2025-11-24 17:35:36,413 - INFO - Vram Peak Usage Bytes    : 5197153108.0000
2025-11-24 17:35:36,413 - INFO - Gpu Power Watts Avg      : 102.4940
2025-11-24 17:35:36,413 - INFO - Gpu Power Watts Peak     : 235.6650
2025-11-24 17:35:36,413 - INFO - Gpu Temp Celsius Avg     : 56.2000
2025-11-24 17:35:36,413 - INFO - Gpu Temp Celsius Peak    : 64.0000
2025-11-24 17:35:36,413 - INFO - Gpu Utilization Percent Avg: 17.9429
2025-11-24 17:35:36,413 - INFO - Gpu Utilization Percent Peak: 99.0000
2025-11-24 17:35:36,413 - INFO - Gpu Mem Used Bytes Avg   : 23881515008.0000
2025-11-24 17:35:36,413 - INFO - Gpu Mem Used Bytes Peak  : 23881515008.0000
2025-11-24 17:35:36,413 - INFO - Gpu Vram Used Bytes      : 23881515008.0000
2025-11-24 17:35:36,414 - INFO - Accuracy                 : 0.4538
2025-11-24 17:35:36,414 - INFO - Precision                : 0.5153
2025-11-24 17:35:36,414 - INFO - Recall                   : 0.4538
2025-11-24 17:35:36,414 - INFO - F1 Score                 : 0.4527
2025-11-24 17:35:36,414 - INFO - ==================================================
2025-11-24 17:36:31,401 - INFO - Época 30 concluída. Loss média: 2.8108
2025-11-24 17:36:31,401 - INFO - Taxa de aprendizado ajustada para: 0.010000
2025-11-24 17:36:31,403 - INFO - Iniciando inferência com o modelo MobileNetV1...
2025-11-24 17:36:38,263 - INFO - ==================================================
2025-11-24 17:36:38,263 - INFO - EXPERIMENT RESULTS
2025-11-24 17:36:38,263 - INFO - ==================================================
2025-11-24 17:36:38,263 - INFO - Elapsed Time Seconds     : 6.8128
2025-11-24 17:36:38,263 - INFO - Cpu Usage Percent        : 4.2500
2025-11-24 17:36:38,263 - INFO - Ram Peak Usage Bytes     : 24247873536.0000
2025-11-24 17:36:38,263 - INFO - Disk Read Bytes          : 0.0000
2025-11-24 17:36:38,263 - INFO - Disk Write Bytes         : 102400.0000
2025-11-24 17:36:38,263 - INFO - Vram Peak Usage Bytes    : 5197153108.0000
2025-11-24 17:36:38,263 - INFO - Gpu Power Watts Avg      : 101.3861
2025-11-24 17:36:38,263 - INFO - Gpu Power Watts Peak     : 221.3820
2025-11-24 17:36:38,263 - INFO - Gpu Temp Celsius Avg     : 56.4030
2025-11-24 17:36:38,263 - INFO - Gpu Temp Celsius Peak    : 64.0000
2025-11-24 17:36:38,263 - INFO - Gpu Utilization Percent Avg: 18.3881
2025-11-24 17:36:38,263 - INFO - Gpu Utilization Percent Peak: 100.0000
2025-11-24 17:36:38,263 - INFO - Gpu Mem Used Bytes Avg   : 23881515008.0000
2025-11-24 17:36:38,263 - INFO - Gpu Mem Used Bytes Peak  : 23881515008.0000
2025-11-24 17:36:38,263 - INFO - Gpu Vram Used Bytes      : 23881515008.0000
2025-11-24 17:36:38,263 - INFO - Accuracy                 : 0.4504
2025-11-24 17:36:38,263 - INFO - Precision                : 0.5471
2025-11-24 17:36:38,264 - INFO - Recall                   : 0.4504
2025-11-24 17:36:38,264 - INFO - F1 Score                 : 0.4539
2025-11-24 17:36:38,264 - INFO - ==================================================
2025-11-24 17:37:33,303 - INFO - Época 31 concluída. Loss média: 2.6244
2025-11-24 17:37:33,303 - INFO - Taxa de aprendizado ajustada para: 0.010000
2025-11-24 17:37:33,305 - INFO - Iniciando inferência com o modelo MobileNetV1...
2025-11-24 17:37:40,764 - INFO - ==================================================
2025-11-24 17:37:40,764 - INFO - EXPERIMENT RESULTS
2025-11-24 17:37:40,764 - INFO - ==================================================
2025-11-24 17:37:40,764 - INFO - Elapsed Time Seconds     : 7.4125
2025-11-24 17:37:40,764 - INFO - Cpu Usage Percent        : 3.7625
2025-11-24 17:37:40,764 - INFO - Ram Peak Usage Bytes     : 24247877632.0000
2025-11-24 17:37:40,764 - INFO - Disk Read Bytes          : 0.0000
2025-11-24 17:37:40,764 - INFO - Disk Write Bytes         : 139264.0000
2025-11-24 17:37:40,764 - INFO - Vram Peak Usage Bytes    : 5197153108.0000
2025-11-24 17:37:40,764 - INFO - Gpu Power Watts Avg      : 99.4047
2025-11-24 17:37:40,764 - INFO - Gpu Power Watts Peak     : 238.5070
2025-11-24 17:37:40,764 - INFO - Gpu Temp Celsius Avg     : 56.2877
2025-11-24 17:37:40,764 - INFO - Gpu Temp Celsius Peak    : 64.0000
2025-11-24 17:37:40,765 - INFO - Gpu Utilization Percent Avg: 17.2055
2025-11-24 17:37:40,765 - INFO - Gpu Utilization Percent Peak: 100.0000
2025-11-24 17:37:40,765 - INFO - Gpu Mem Used Bytes Avg   : 23881515008.0000
2025-11-24 17:37:40,765 - INFO - Gpu Mem Used Bytes Peak  : 23881515008.0000
2025-11-24 17:37:40,765 - INFO - Gpu Vram Used Bytes      : 23881515008.0000
2025-11-24 17:37:40,765 - INFO - Accuracy                 : 0.5691
2025-11-24 17:37:40,765 - INFO - Precision                : 0.5690
2025-11-24 17:37:40,765 - INFO - Recall                   : 0.5691
2025-11-24 17:37:40,765 - INFO - F1 Score                 : 0.5642
2025-11-24 17:37:40,765 - INFO - ==================================================
2025-11-24 17:38:36,048 - INFO - Época 32 concluída. Loss média: 2.5357
2025-11-24 17:38:36,049 - INFO - Taxa de aprendizado ajustada para: 0.010000
2025-11-24 17:38:36,051 - INFO - Iniciando inferência com o modelo MobileNetV1...
2025-11-24 17:38:43,493 - INFO - ==================================================
2025-11-24 17:38:43,493 - INFO - EXPERIMENT RESULTS
2025-11-24 17:38:43,493 - INFO - ==================================================
2025-11-24 17:38:43,493 - INFO - Elapsed Time Seconds     : 7.3959
2025-11-24 17:38:43,493 - INFO - Cpu Usage Percent        : 3.7437
2025-11-24 17:38:43,493 - INFO - Ram Peak Usage Bytes     : 24247877632.0000
2025-11-24 17:38:43,493 - INFO - Disk Read Bytes          : 0.0000
2025-11-24 17:38:43,493 - INFO - Disk Write Bytes         : 98304.0000
2025-11-24 17:38:43,493 - INFO - Vram Peak Usage Bytes    : 5197153108.0000
2025-11-24 17:38:43,493 - INFO - Gpu Power Watts Avg      : 103.3759
2025-11-24 17:38:43,493 - INFO - Gpu Power Watts Peak     : 255.9430
2025-11-24 17:38:43,493 - INFO - Gpu Temp Celsius Avg     : 56.3699
2025-11-24 17:38:43,493 - INFO - Gpu Temp Celsius Peak    : 64.0000
2025-11-24 17:38:43,493 - INFO - Gpu Utilization Percent Avg: 16.7260
2025-11-24 17:38:43,494 - INFO - Gpu Utilization Percent Peak: 100.0000
2025-11-24 17:38:43,494 - INFO - Gpu Mem Used Bytes Avg   : 23881515008.0000
2025-11-24 17:38:43,494 - INFO - Gpu Mem Used Bytes Peak  : 23881515008.0000
2025-11-24 17:38:43,494 - INFO - Gpu Vram Used Bytes      : 23881515008.0000
2025-11-24 17:38:43,494 - INFO - Accuracy                 : 0.5749
2025-11-24 17:38:43,494 - INFO - Precision                : 0.5745
2025-11-24 17:38:43,494 - INFO - Recall                   : 0.5749
2025-11-24 17:38:43,494 - INFO - F1 Score                 : 0.5701
2025-11-24 17:38:43,494 - INFO - ==================================================
2025-11-24 17:39:38,593 - INFO - Época 33 concluída. Loss média: 2.5059
2025-11-24 17:39:38,593 - INFO - Taxa de aprendizado ajustada para: 0.010000
2025-11-24 17:39:38,595 - INFO - Iniciando inferência com o modelo MobileNetV1...
2025-11-24 17:39:46,332 - INFO - ==================================================
2025-11-24 17:39:46,332 - INFO - EXPERIMENT RESULTS
2025-11-24 17:39:46,332 - INFO - ==================================================
2025-11-24 17:39:46,332 - INFO - Elapsed Time Seconds     : 7.6900
2025-11-24 17:39:46,332 - INFO - Cpu Usage Percent        : 3.6313
2025-11-24 17:39:46,332 - INFO - Ram Peak Usage Bytes     : 24247881728.0000
2025-11-24 17:39:46,332 - INFO - Disk Read Bytes          : 0.0000
2025-11-24 17:39:46,332 - INFO - Disk Write Bytes         : 94208.0000
2025-11-24 17:39:46,332 - INFO - Vram Peak Usage Bytes    : 5197153108.0000
2025-11-24 17:39:46,332 - INFO - Gpu Power Watts Avg      : 96.5271
2025-11-24 17:39:46,333 - INFO - Gpu Power Watts Peak     : 257.0020
2025-11-24 17:39:46,333 - INFO - Gpu Temp Celsius Avg     : 55.9079
2025-11-24 17:39:46,333 - INFO - Gpu Temp Celsius Peak    : 64.0000
2025-11-24 17:39:46,333 - INFO - Gpu Utilization Percent Avg: 16.5263
2025-11-24 17:39:46,333 - INFO - Gpu Utilization Percent Peak: 100.0000
2025-11-24 17:39:46,333 - INFO - Gpu Mem Used Bytes Avg   : 23881515008.0000
2025-11-24 17:39:46,333 - INFO - Gpu Mem Used Bytes Peak  : 23881515008.0000
2025-11-24 17:39:46,333 - INFO - Gpu Vram Used Bytes      : 23881515008.0000
2025-11-24 17:39:46,333 - INFO - Accuracy                 : 0.5773
2025-11-24 17:39:46,333 - INFO - Precision                : 0.5769
2025-11-24 17:39:46,333 - INFO - Recall                   : 0.5773
2025-11-24 17:39:46,333 - INFO - F1 Score                 : 0.5720
2025-11-24 17:39:46,333 - INFO - ==================================================
2025-11-24 17:40:41,831 - INFO - Época 34 concluída. Loss média: 2.4845
2025-11-24 17:40:41,831 - INFO - Taxa de aprendizado ajustada para: 0.010000
2025-11-24 17:40:41,833 - INFO - Iniciando inferência com o modelo MobileNetV1...
2025-11-24 17:40:49,411 - INFO - ==================================================
2025-11-24 17:40:49,411 - INFO - EXPERIMENT RESULTS
2025-11-24 17:40:49,411 - INFO - ==================================================
2025-11-24 17:40:49,412 - INFO - Elapsed Time Seconds     : 7.5315
2025-11-24 17:40:49,412 - INFO - Cpu Usage Percent        : 3.7250
2025-11-24 17:40:49,412 - INFO - Ram Peak Usage Bytes     : 24247881728.0000
2025-11-24 17:40:49,412 - INFO - Disk Read Bytes          : 0.0000
2025-11-24 17:40:49,412 - INFO - Disk Write Bytes         : 94208.0000
2025-11-24 17:40:49,412 - INFO - Vram Peak Usage Bytes    : 5197153108.0000
2025-11-24 17:40:49,412 - INFO - Gpu Power Watts Avg      : 103.1225
2025-11-24 17:40:49,412 - INFO - Gpu Power Watts Peak     : 219.3930
2025-11-24 17:40:49,412 - INFO - Gpu Temp Celsius Avg     : 56.2973
2025-11-24 17:40:49,412 - INFO - Gpu Temp Celsius Peak    : 64.0000
2025-11-24 17:40:49,412 - INFO - Gpu Utilization Percent Avg: 16.7027
2025-11-24 17:40:49,412 - INFO - Gpu Utilization Percent Peak: 100.0000
2025-11-24 17:40:49,412 - INFO - Gpu Mem Used Bytes Avg   : 23881515008.0000
2025-11-24 17:40:49,412 - INFO - Gpu Mem Used Bytes Peak  : 23881515008.0000
2025-11-24 17:40:49,412 - INFO - Gpu Vram Used Bytes      : 23881515008.0000
2025-11-24 17:40:49,412 - INFO - Accuracy                 : 0.5811
2025-11-24 17:40:49,412 - INFO - Precision                : 0.5803
2025-11-24 17:40:49,412 - INFO - Recall                   : 0.5811
2025-11-24 17:40:49,412 - INFO - F1 Score                 : 0.5761
2025-11-24 17:40:49,412 - INFO - ==================================================
2025-11-24 17:41:44,346 - INFO - Época 35 concluída. Loss média: 2.4685
2025-11-24 17:41:44,346 - INFO - Taxa de aprendizado ajustada para: 0.010000
2025-11-24 17:41:44,348 - INFO - Iniciando inferência com o modelo MobileNetV1...
2025-11-24 17:41:52,337 - INFO - ==================================================
2025-11-24 17:41:52,338 - INFO - EXPERIMENT RESULTS
2025-11-24 17:41:52,338 - INFO - ==================================================
2025-11-24 17:41:52,338 - INFO - Elapsed Time Seconds     : 7.9424
2025-11-24 17:41:52,338 - INFO - Cpu Usage Percent        : 3.4937
2025-11-24 17:41:52,338 - INFO - Ram Peak Usage Bytes     : 24248057856.0000
2025-11-24 17:41:52,338 - INFO - Disk Read Bytes          : 0.0000
2025-11-24 17:41:52,338 - INFO - Disk Write Bytes         : 98304.0000
2025-11-24 17:41:52,338 - INFO - Vram Peak Usage Bytes    : 5197153108.0000
2025-11-24 17:41:52,338 - INFO - Gpu Power Watts Avg      : 96.1306
2025-11-24 17:41:52,338 - INFO - Gpu Power Watts Peak     : 251.7850
2025-11-24 17:41:52,338 - INFO - Gpu Temp Celsius Avg     : 55.9359
2025-11-24 17:41:52,338 - INFO - Gpu Temp Celsius Peak    : 63.0000
2025-11-24 17:41:52,338 - INFO - Gpu Utilization Percent Avg: 16.1282
2025-11-24 17:41:52,338 - INFO - Gpu Utilization Percent Peak: 100.0000
2025-11-24 17:41:52,338 - INFO - Gpu Mem Used Bytes Avg   : 23881515008.0000
2025-11-24 17:41:52,338 - INFO - Gpu Mem Used Bytes Peak  : 23881515008.0000
2025-11-24 17:41:52,338 - INFO - Gpu Vram Used Bytes      : 23881515008.0000
2025-11-24 17:41:52,338 - INFO - Accuracy                 : 0.5825
2025-11-24 17:41:52,338 - INFO - Precision                : 0.5827
2025-11-24 17:41:52,338 - INFO - Recall                   : 0.5825
2025-11-24 17:41:52,338 - INFO - F1 Score                 : 0.5779
2025-11-24 17:41:52,338 - INFO - ==================================================
2025-11-24 17:42:47,180 - INFO - Época 36 concluída. Loss média: 2.4584
2025-11-24 17:42:47,180 - INFO - Taxa de aprendizado ajustada para: 0.010000
2025-11-24 17:42:47,182 - INFO - Iniciando inferência com o modelo MobileNetV1...
2025-11-24 17:42:54,840 - INFO - ==================================================
2025-11-24 17:42:54,840 - INFO - EXPERIMENT RESULTS
2025-11-24 17:42:54,840 - INFO - ==================================================
2025-11-24 17:42:54,840 - INFO - Elapsed Time Seconds     : 7.6112
2025-11-24 17:42:54,840 - INFO - Cpu Usage Percent        : 3.6688
2025-11-24 17:42:54,840 - INFO - Ram Peak Usage Bytes     : 24248066048.0000
2025-11-24 17:42:54,840 - INFO - Disk Read Bytes          : 0.0000
2025-11-24 17:42:54,840 - INFO - Disk Write Bytes         : 90112.0000
2025-11-24 17:42:54,841 - INFO - Vram Peak Usage Bytes    : 5197153108.0000
2025-11-24 17:42:54,841 - INFO - Gpu Power Watts Avg      : 95.8500
2025-11-24 17:42:54,841 - INFO - Gpu Power Watts Peak     : 249.4020
2025-11-24 17:42:54,841 - INFO - Gpu Temp Celsius Avg     : 55.9733
2025-11-24 17:42:54,841 - INFO - Gpu Temp Celsius Peak    : 63.0000
2025-11-24 17:42:54,841 - INFO - Gpu Utilization Percent Avg: 16.7733
2025-11-24 17:42:54,841 - INFO - Gpu Utilization Percent Peak: 100.0000
2025-11-24 17:42:54,841 - INFO - Gpu Mem Used Bytes Avg   : 23881515008.0000
2025-11-24 17:42:54,841 - INFO - Gpu Mem Used Bytes Peak  : 23881515008.0000
2025-11-24 17:42:54,841 - INFO - Gpu Vram Used Bytes      : 23881515008.0000
2025-11-24 17:42:54,841 - INFO - Accuracy                 : 0.5804
2025-11-24 17:42:54,841 - INFO - Precision                : 0.5796
2025-11-24 17:42:54,841 - INFO - Recall                   : 0.5804
2025-11-24 17:42:54,841 - INFO - F1 Score                 : 0.5759
2025-11-24 17:42:54,841 - INFO - ==================================================
2025-11-24 17:43:50,361 - INFO - Época 37 concluída. Loss média: 2.4358
2025-11-24 17:43:50,361 - INFO - Taxa de aprendizado ajustada para: 0.010000
2025-11-24 17:43:50,364 - INFO - Iniciando inferência com o modelo MobileNetV1...
2025-11-24 17:43:58,000 - INFO - ==================================================
2025-11-24 17:43:58,000 - INFO - EXPERIMENT RESULTS
2025-11-24 17:43:58,000 - INFO - ==================================================
2025-11-24 17:43:58,000 - INFO - Elapsed Time Seconds     : 7.5895
2025-11-24 17:43:58,000 - INFO - Cpu Usage Percent        : 3.6875
2025-11-24 17:43:58,000 - INFO - Ram Peak Usage Bytes     : 24248115200.0000
2025-11-24 17:43:58,000 - INFO - Disk Read Bytes          : 0.0000
2025-11-24 17:43:58,000 - INFO - Disk Write Bytes         : 110592.0000
2025-11-24 17:43:58,000 - INFO - Vram Peak Usage Bytes    : 5197153108.0000
2025-11-24 17:43:58,000 - INFO - Gpu Power Watts Avg      : 95.7493
2025-11-24 17:43:58,000 - INFO - Gpu Power Watts Peak     : 246.0310
2025-11-24 17:43:58,000 - INFO - Gpu Temp Celsius Avg     : 55.9867
2025-11-24 17:43:58,000 - INFO - Gpu Temp Celsius Peak    : 64.0000
2025-11-24 17:43:58,000 - INFO - Gpu Utilization Percent Avg: 16.7733
2025-11-24 17:43:58,001 - INFO - Gpu Utilization Percent Peak: 100.0000
2025-11-24 17:43:58,001 - INFO - Gpu Mem Used Bytes Avg   : 23881515008.0000
2025-11-24 17:43:58,001 - INFO - Gpu Mem Used Bytes Peak  : 23881515008.0000
2025-11-24 17:43:58,001 - INFO - Gpu Vram Used Bytes      : 23881515008.0000
2025-11-24 17:43:58,001 - INFO - Accuracy                 : 0.5842
2025-11-24 17:43:58,001 - INFO - Precision                : 0.5846
2025-11-24 17:43:58,001 - INFO - Recall                   : 0.5842
2025-11-24 17:43:58,001 - INFO - F1 Score                 : 0.5801
2025-11-24 17:43:58,001 - INFO - ==================================================
2025-11-24 17:44:52,758 - INFO - Época 38 concluída. Loss média: 2.4243
2025-11-24 17:44:52,759 - INFO - Taxa de aprendizado ajustada para: 0.010000
2025-11-24 17:44:52,761 - INFO - Iniciando inferência com o modelo MobileNetV1...
2025-11-24 17:45:00,328 - INFO - ==================================================
2025-11-24 17:45:00,329 - INFO - EXPERIMENT RESULTS
2025-11-24 17:45:00,329 - INFO - ==================================================
2025-11-24 17:45:00,329 - INFO - Elapsed Time Seconds     : 7.5208
2025-11-24 17:45:00,329 - INFO - Cpu Usage Percent        : 3.8625
2025-11-24 17:45:00,329 - INFO - Ram Peak Usage Bytes     : 24248160256.0000
2025-11-24 17:45:00,329 - INFO - Disk Read Bytes          : 0.0000
2025-11-24 17:45:00,329 - INFO - Disk Write Bytes         : 81920.0000
2025-11-24 17:45:00,329 - INFO - Vram Peak Usage Bytes    : 5197153108.0000
2025-11-24 17:45:00,329 - INFO - Gpu Power Watts Avg      : 97.4255
2025-11-24 17:45:00,329 - INFO - Gpu Power Watts Peak     : 256.8720
2025-11-24 17:45:00,329 - INFO - Gpu Temp Celsius Avg     : 55.8919
2025-11-24 17:45:00,329 - INFO - Gpu Temp Celsius Peak    : 63.0000
2025-11-24 17:45:00,329 - INFO - Gpu Utilization Percent Avg: 17.0135
2025-11-24 17:45:00,329 - INFO - Gpu Utilization Percent Peak: 100.0000
2025-11-24 17:45:00,329 - INFO - Gpu Mem Used Bytes Avg   : 23881515008.0000
2025-11-24 17:45:00,329 - INFO - Gpu Mem Used Bytes Peak  : 23881515008.0000
2025-11-24 17:45:00,329 - INFO - Gpu Vram Used Bytes      : 23881515008.0000
2025-11-24 17:45:00,329 - INFO - Accuracy                 : 0.5840
2025-11-24 17:45:00,329 - INFO - Precision                : 0.5851
2025-11-24 17:45:00,329 - INFO - Recall                   : 0.5840
2025-11-24 17:45:00,329 - INFO - F1 Score                 : 0.5799
2025-11-24 17:45:00,329 - INFO - ==================================================
2025-11-24 17:45:55,733 - INFO - Época 39 concluída. Loss média: 2.4175
2025-11-24 17:45:55,733 - INFO - Taxa de aprendizado ajustada para: 0.010000
2025-11-24 17:45:55,735 - INFO - Iniciando inferência com o modelo MobileNetV1...
2025-11-24 17:46:03,511 - INFO - ==================================================
2025-11-24 17:46:03,511 - INFO - EXPERIMENT RESULTS
2025-11-24 17:46:03,511 - INFO - ==================================================
2025-11-24 17:46:03,511 - INFO - Elapsed Time Seconds     : 7.7296
2025-11-24 17:46:03,512 - INFO - Cpu Usage Percent        : 3.5812
2025-11-24 17:46:03,512 - INFO - Ram Peak Usage Bytes     : 24248406016.0000
2025-11-24 17:46:03,512 - INFO - Disk Read Bytes          : 0.0000
2025-11-24 17:46:03,512 - INFO - Disk Write Bytes         : 188416.0000
2025-11-24 17:46:03,512 - INFO - Vram Peak Usage Bytes    : 5197153108.0000
2025-11-24 17:46:03,512 - INFO - Gpu Power Watts Avg      : 97.8187
2025-11-24 17:46:03,512 - INFO - Gpu Power Watts Peak     : 247.7600
2025-11-24 17:46:03,512 - INFO - Gpu Temp Celsius Avg     : 56.0263
2025-11-24 17:46:03,512 - INFO - Gpu Temp Celsius Peak    : 64.0000
2025-11-24 17:46:03,512 - INFO - Gpu Utilization Percent Avg: 16.1053
2025-11-24 17:46:03,512 - INFO - Gpu Utilization Percent Peak: 100.0000
2025-11-24 17:46:03,512 - INFO - Gpu Mem Used Bytes Avg   : 23881515008.0000
2025-11-24 17:46:03,512 - INFO - Gpu Mem Used Bytes Peak  : 23881515008.0000
2025-11-24 17:46:03,512 - INFO - Gpu Vram Used Bytes      : 23881515008.0000
2025-11-24 17:46:03,512 - INFO - Accuracy                 : 0.5861
2025-11-24 17:46:03,512 - INFO - Precision                : 0.5858
2025-11-24 17:46:03,512 - INFO - Recall                   : 0.5861
2025-11-24 17:46:03,512 - INFO - F1 Score                 : 0.5816
2025-11-24 17:46:03,512 - INFO - ==================================================
2025-11-24 17:46:58,294 - INFO - Época 40 concluída. Loss média: 2.4118
2025-11-24 17:46:58,294 - INFO - Taxa de aprendizado ajustada para: 0.010000
2025-11-24 17:46:58,296 - INFO - Iniciando inferência com o modelo MobileNetV1...
2025-11-24 17:47:05,782 - INFO - ==================================================
2025-11-24 17:47:05,782 - INFO - EXPERIMENT RESULTS
2025-11-24 17:47:05,782 - INFO - ==================================================
2025-11-24 17:47:05,782 - INFO - Elapsed Time Seconds     : 7.4394
2025-11-24 17:47:05,782 - INFO - Cpu Usage Percent        : 3.7687
2025-11-24 17:47:05,782 - INFO - Ram Peak Usage Bytes     : 24248455168.0000
2025-11-24 17:47:05,782 - INFO - Disk Read Bytes          : 0.0000
2025-11-24 17:47:05,782 - INFO - Disk Write Bytes         : 94208.0000
2025-11-24 17:47:05,782 - INFO - Vram Peak Usage Bytes    : 5197153108.0000
2025-11-24 17:47:05,783 - INFO - Gpu Power Watts Avg      : 99.3354
2025-11-24 17:47:05,783 - INFO - Gpu Power Watts Peak     : 239.2180
2025-11-24 17:47:05,783 - INFO - Gpu Temp Celsius Avg     : 56.1918
2025-11-24 17:47:05,783 - INFO - Gpu Temp Celsius Peak    : 64.0000
2025-11-24 17:47:05,783 - INFO - Gpu Utilization Percent Avg: 17.2055
2025-11-24 17:47:05,783 - INFO - Gpu Utilization Percent Peak: 100.0000
2025-11-24 17:47:05,783 - INFO - Gpu Mem Used Bytes Avg   : 23881515008.0000
2025-11-24 17:47:05,783 - INFO - Gpu Mem Used Bytes Peak  : 23881515008.0000
2025-11-24 17:47:05,783 - INFO - Gpu Vram Used Bytes      : 23881515008.0000
2025-11-24 17:47:05,783 - INFO - Accuracy                 : 0.5860
2025-11-24 17:47:05,783 - INFO - Precision                : 0.5877
2025-11-24 17:47:05,783 - INFO - Recall                   : 0.5860
2025-11-24 17:47:05,783 - INFO - F1 Score                 : 0.5824
2025-11-24 17:47:05,783 - INFO - ==================================================
2025-11-24 17:48:00,617 - INFO - Época 41 concluída. Loss média: 2.3969
2025-11-24 17:48:00,617 - INFO - Taxa de aprendizado ajustada para: 0.010000
2025-11-24 17:48:00,619 - INFO - Iniciando inferência com o modelo MobileNetV1...
2025-11-24 17:48:08,282 - INFO - ==================================================
2025-11-24 17:48:08,282 - INFO - EXPERIMENT RESULTS
2025-11-24 17:48:08,282 - INFO - ==================================================
2025-11-24 17:48:08,282 - INFO - Elapsed Time Seconds     : 7.6167
2025-11-24 17:48:08,282 - INFO - Cpu Usage Percent        : 3.7938
2025-11-24 17:48:08,282 - INFO - Ram Peak Usage Bytes     : 24248504320.0000
2025-11-24 17:48:08,283 - INFO - Disk Read Bytes          : 0.0000
2025-11-24 17:48:08,283 - INFO - Disk Write Bytes         : 90112.0000
2025-11-24 17:48:08,283 - INFO - Vram Peak Usage Bytes    : 5197153108.0000
2025-11-24 17:48:08,283 - INFO - Gpu Power Watts Avg      : 100.2440
2025-11-24 17:48:08,283 - INFO - Gpu Power Watts Peak     : 253.4910
2025-11-24 17:48:08,283 - INFO - Gpu Temp Celsius Avg     : 56.0800
2025-11-24 17:48:08,283 - INFO - Gpu Temp Celsius Peak    : 63.0000
2025-11-24 17:48:08,283 - INFO - Gpu Utilization Percent Avg: 16.5333
2025-11-24 17:48:08,283 - INFO - Gpu Utilization Percent Peak: 100.0000
2025-11-24 17:48:08,283 - INFO - Gpu Mem Used Bytes Avg   : 23881515008.0000
2025-11-24 17:48:08,283 - INFO - Gpu Mem Used Bytes Peak  : 23881515008.0000
2025-11-24 17:48:08,283 - INFO - Gpu Vram Used Bytes      : 23881515008.0000
2025-11-24 17:48:08,283 - INFO - Accuracy                 : 0.5867
2025-11-24 17:48:08,283 - INFO - Precision                : 0.5860
2025-11-24 17:48:08,283 - INFO - Recall                   : 0.5867
2025-11-24 17:48:08,283 - INFO - F1 Score                 : 0.5819
2025-11-24 17:48:08,283 - INFO - ==================================================
2025-11-24 17:49:03,567 - INFO - Época 42 concluída. Loss média: 2.3781
2025-11-24 17:49:03,567 - INFO - Taxa de aprendizado ajustada para: 0.010000
2025-11-24 17:49:03,569 - INFO - Iniciando inferência com o modelo MobileNetV1...
2025-11-24 17:49:11,132 - INFO - ==================================================
2025-11-24 17:49:11,132 - INFO - EXPERIMENT RESULTS
2025-11-24 17:49:11,132 - INFO - ==================================================
2025-11-24 17:49:11,132 - INFO - Elapsed Time Seconds     : 7.5154
2025-11-24 17:49:11,132 - INFO - Cpu Usage Percent        : 3.7563
2025-11-24 17:49:11,132 - INFO - Ram Peak Usage Bytes     : 24248549376.0000
2025-11-24 17:49:11,132 - INFO - Disk Read Bytes          : 0.0000
2025-11-24 17:49:11,132 - INFO - Disk Write Bytes         : 90112.0000
2025-11-24 17:49:11,132 - INFO - Vram Peak Usage Bytes    : 5197153108.0000
2025-11-24 17:49:11,132 - INFO - Gpu Power Watts Avg      : 100.2957
2025-11-24 17:49:11,132 - INFO - Gpu Power Watts Peak     : 240.7120
2025-11-24 17:49:11,132 - INFO - Gpu Temp Celsius Avg     : 55.8243
2025-11-24 17:49:11,132 - INFO - Gpu Temp Celsius Peak    : 64.0000
2025-11-24 17:49:11,132 - INFO - Gpu Utilization Percent Avg: 16.9730
2025-11-24 17:49:11,132 - INFO - Gpu Utilization Percent Peak: 100.0000
2025-11-24 17:49:11,132 - INFO - Gpu Mem Used Bytes Avg   : 23881515008.0000
2025-11-24 17:49:11,132 - INFO - Gpu Mem Used Bytes Peak  : 23881515008.0000
2025-11-24 17:49:11,132 - INFO - Gpu Vram Used Bytes      : 23881515008.0000
2025-11-24 17:49:11,132 - INFO - Accuracy                 : 0.5842
2025-11-24 17:49:11,133 - INFO - Precision                : 0.5848
2025-11-24 17:49:11,133 - INFO - Recall                   : 0.5842
2025-11-24 17:49:11,133 - INFO - F1 Score                 : 0.5795
2025-11-24 17:49:11,133 - INFO - ==================================================
2025-11-24 17:50:05,647 - INFO - Época 43 concluída. Loss média: 2.3788
2025-11-24 17:50:05,647 - INFO - Taxa de aprendizado ajustada para: 0.010000
2025-11-24 17:50:05,649 - INFO - Iniciando inferência com o modelo MobileNetV1...
2025-11-24 17:50:12,785 - INFO - ==================================================
2025-11-24 17:50:12,785 - INFO - EXPERIMENT RESULTS
2025-11-24 17:50:12,785 - INFO - ==================================================
2025-11-24 17:50:12,785 - INFO - Elapsed Time Seconds     : 7.0887
2025-11-24 17:50:12,785 - INFO - Cpu Usage Percent        : 3.9500
2025-11-24 17:50:12,785 - INFO - Ram Peak Usage Bytes     : 24248623104.0000
2025-11-24 17:50:12,785 - INFO - Disk Read Bytes          : 0.0000
2025-11-24 17:50:12,785 - INFO - Disk Write Bytes         : 94208.0000
2025-11-24 17:50:12,785 - INFO - Vram Peak Usage Bytes    : 5197153108.0000
2025-11-24 17:50:12,785 - INFO - Gpu Power Watts Avg      : 105.4528
2025-11-24 17:50:12,785 - INFO - Gpu Power Watts Peak     : 259.9200
2025-11-24 17:50:12,785 - INFO - Gpu Temp Celsius Avg     : 56.2000
2025-11-24 17:50:12,785 - INFO - Gpu Temp Celsius Peak    : 64.0000
2025-11-24 17:50:12,785 - INFO - Gpu Utilization Percent Avg: 18.0000
2025-11-24 17:50:12,785 - INFO - Gpu Utilization Percent Peak: 100.0000
2025-11-24 17:50:12,785 - INFO - Gpu Mem Used Bytes Avg   : 23881515008.0000
2025-11-24 17:50:12,786 - INFO - Gpu Mem Used Bytes Peak  : 23881515008.0000
2025-11-24 17:50:12,786 - INFO - Gpu Vram Used Bytes      : 23881515008.0000
2025-11-24 17:50:12,786 - INFO - Accuracy                 : 0.5859
2025-11-24 17:50:12,786 - INFO - Precision                : 0.5844
2025-11-24 17:50:12,786 - INFO - Recall                   : 0.5859
2025-11-24 17:50:12,786 - INFO - F1 Score                 : 0.5810
2025-11-24 17:50:12,786 - INFO - ==================================================
2025-11-24 17:51:07,923 - INFO - Época 44 concluída. Loss média: 2.3681
2025-11-24 17:51:07,923 - INFO - Taxa de aprendizado ajustada para: 0.010000
2025-11-24 17:51:07,925 - INFO - Iniciando inferência com o modelo MobileNetV1...
2025-11-24 17:51:15,681 - INFO - ==================================================
2025-11-24 17:51:15,681 - INFO - EXPERIMENT RESULTS
2025-11-24 17:51:15,682 - INFO - ==================================================
2025-11-24 17:51:15,682 - INFO - Elapsed Time Seconds     : 7.7100
2025-11-24 17:51:15,682 - INFO - Cpu Usage Percent        : 3.7437
2025-11-24 17:51:15,682 - INFO - Ram Peak Usage Bytes     : 24248872960.0000
2025-11-24 17:51:15,682 - INFO - Disk Read Bytes          : 0.0000
2025-11-24 17:51:15,682 - INFO - Disk Write Bytes         : 94208.0000
2025-11-24 17:51:15,682 - INFO - Vram Peak Usage Bytes    : 5197153108.0000
2025-11-24 17:51:15,682 - INFO - Gpu Power Watts Avg      : 95.2373
2025-11-24 17:51:15,682 - INFO - Gpu Power Watts Peak     : 250.3020
2025-11-24 17:51:15,682 - INFO - Gpu Temp Celsius Avg     : 55.8553
2025-11-24 17:51:15,682 - INFO - Gpu Temp Celsius Peak    : 64.0000
2025-11-24 17:51:15,682 - INFO - Gpu Utilization Percent Avg: 15.6447
2025-11-24 17:51:15,682 - INFO - Gpu Utilization Percent Peak: 100.0000
2025-11-24 17:51:15,682 - INFO - Gpu Mem Used Bytes Avg   : 23881515008.0000
2025-11-24 17:51:15,682 - INFO - Gpu Mem Used Bytes Peak  : 23881515008.0000
2025-11-24 17:51:15,682 - INFO - Gpu Vram Used Bytes      : 23881515008.0000
2025-11-24 17:51:15,682 - INFO - Accuracy                 : 0.5897
2025-11-24 17:51:15,682 - INFO - Precision                : 0.5917
2025-11-24 17:51:15,682 - INFO - Recall                   : 0.5897
2025-11-24 17:51:15,682 - INFO - F1 Score                 : 0.5859
2025-11-24 17:51:15,682 - INFO - ==================================================
2025-11-24 17:52:10,420 - INFO - Época 45 concluída. Loss média: 2.3563
2025-11-24 17:52:10,420 - INFO - Taxa de aprendizado ajustada para: 0.010000
2025-11-24 17:52:10,422 - INFO - Iniciando inferência com o modelo MobileNetV1...
2025-11-24 17:52:17,883 - INFO - ==================================================
2025-11-24 17:52:17,884 - INFO - EXPERIMENT RESULTS
2025-11-24 17:52:17,884 - INFO - ==================================================
2025-11-24 17:52:17,884 - INFO - Elapsed Time Seconds     : 7.4142
2025-11-24 17:52:17,884 - INFO - Cpu Usage Percent        : 3.7313
2025-11-24 17:52:17,884 - INFO - Ram Peak Usage Bytes     : 24248926208.0000
2025-11-24 17:52:17,884 - INFO - Disk Read Bytes          : 0.0000
2025-11-24 17:52:17,884 - INFO - Disk Write Bytes         : 143360.0000
2025-11-24 17:52:17,884 - INFO - Vram Peak Usage Bytes    : 5197153108.0000
2025-11-24 17:52:17,884 - INFO - Gpu Power Watts Avg      : 96.2804
2025-11-24 17:52:17,884 - INFO - Gpu Power Watts Peak     : 260.2830
2025-11-24 17:52:17,884 - INFO - Gpu Temp Celsius Avg     : 56.0685
2025-11-24 17:52:17,884 - INFO - Gpu Temp Celsius Peak    : 64.0000
2025-11-24 17:52:17,884 - INFO - Gpu Utilization Percent Avg: 17.2329
2025-11-24 17:52:17,884 - INFO - Gpu Utilization Percent Peak: 100.0000
2025-11-24 17:52:17,884 - INFO - Gpu Mem Used Bytes Avg   : 23881515008.0000
2025-11-24 17:52:17,884 - INFO - Gpu Mem Used Bytes Peak  : 23881515008.0000
2025-11-24 17:52:17,884 - INFO - Gpu Vram Used Bytes      : 23881515008.0000
2025-11-24 17:52:17,884 - INFO - Accuracy                 : 0.5909
2025-11-24 17:52:17,884 - INFO - Precision                : 0.5919
2025-11-24 17:52:17,884 - INFO - Recall                   : 0.5909
2025-11-24 17:52:17,884 - INFO - F1 Score                 : 0.5863
2025-11-24 17:52:17,885 - INFO - ==================================================
2025-11-24 17:53:13,143 - INFO - Época 46 concluída. Loss média: 2.3477
2025-11-24 17:53:13,143 - INFO - Taxa de aprendizado ajustada para: 0.010000
2025-11-24 17:53:13,147 - INFO - Iniciando inferência com o modelo MobileNetV1...
2025-11-24 17:53:21,162 - INFO - ==================================================
2025-11-24 17:53:21,162 - INFO - EXPERIMENT RESULTS
2025-11-24 17:53:21,162 - INFO - ==================================================
2025-11-24 17:53:21,162 - INFO - Elapsed Time Seconds     : 7.9677
2025-11-24 17:53:21,162 - INFO - Cpu Usage Percent        : 3.4688
2025-11-24 17:53:21,162 - INFO - Ram Peak Usage Bytes     : 24248999936.0000
2025-11-24 17:53:21,163 - INFO - Disk Read Bytes          : 0.0000
2025-11-24 17:53:21,163 - INFO - Disk Write Bytes         : 184320.0000
2025-11-24 17:53:21,163 - INFO - Vram Peak Usage Bytes    : 5197153108.0000
2025-11-24 17:53:21,163 - INFO - Gpu Power Watts Avg      : 94.2185
2025-11-24 17:53:21,163 - INFO - Gpu Power Watts Peak     : 257.3660
2025-11-24 17:53:21,163 - INFO - Gpu Temp Celsius Avg     : 55.8228
2025-11-24 17:53:21,163 - INFO - Gpu Temp Celsius Peak    : 63.0000
2025-11-24 17:53:21,163 - INFO - Gpu Utilization Percent Avg: 15.8987
2025-11-24 17:53:21,163 - INFO - Gpu Utilization Percent Peak: 100.0000
2025-11-24 17:53:21,163 - INFO - Gpu Mem Used Bytes Avg   : 23881515008.0000
2025-11-24 17:53:21,163 - INFO - Gpu Mem Used Bytes Peak  : 23881515008.0000
2025-11-24 17:53:21,163 - INFO - Gpu Vram Used Bytes      : 23881515008.0000
2025-11-24 17:53:21,163 - INFO - Accuracy                 : 0.5879
2025-11-24 17:53:21,163 - INFO - Precision                : 0.5882
2025-11-24 17:53:21,163 - INFO - Recall                   : 0.5879
2025-11-24 17:53:21,163 - INFO - F1 Score                 : 0.5841
2025-11-24 17:53:21,163 - INFO - ==================================================
2025-11-24 17:54:15,627 - INFO - Época 47 concluída. Loss média: 2.3401
2025-11-24 17:54:15,627 - INFO - Taxa de aprendizado ajustada para: 0.010000
2025-11-24 17:54:15,629 - INFO - Iniciando inferência com o modelo MobileNetV1...
2025-11-24 17:54:22,893 - INFO - ==================================================
2025-11-24 17:54:22,893 - INFO - EXPERIMENT RESULTS
2025-11-24 17:54:22,894 - INFO - ==================================================
2025-11-24 17:54:22,894 - INFO - Elapsed Time Seconds     : 7.2175
2025-11-24 17:54:22,894 - INFO - Cpu Usage Percent        : 3.9750
2025-11-24 17:54:22,894 - INFO - Ram Peak Usage Bytes     : 24249577472.0000
2025-11-24 17:54:22,894 - INFO - Disk Read Bytes          : 0.0000
2025-11-24 17:54:22,894 - INFO - Disk Write Bytes         : 163840.0000
2025-11-24 17:54:22,894 - INFO - Vram Peak Usage Bytes    : 5197153108.0000
2025-11-24 17:54:22,894 - INFO - Gpu Power Watts Avg      : 100.1335
2025-11-24 17:54:22,894 - INFO - Gpu Power Watts Peak     : 257.3990
2025-11-24 17:54:22,894 - INFO - Gpu Temp Celsius Avg     : 56.3099
2025-11-24 17:54:22,894 - INFO - Gpu Temp Celsius Peak    : 64.0000
2025-11-24 17:54:22,894 - INFO - Gpu Utilization Percent Avg: 17.6901
2025-11-24 17:54:22,894 - INFO - Gpu Utilization Percent Peak: 100.0000
2025-11-24 17:54:22,894 - INFO - Gpu Mem Used Bytes Avg   : 23881515008.0000
2025-11-24 17:54:22,894 - INFO - Gpu Mem Used Bytes Peak  : 23881515008.0000
2025-11-24 17:54:22,894 - INFO - Gpu Vram Used Bytes      : 23881515008.0000
2025-11-24 17:54:22,894 - INFO - Accuracy                 : 0.5891
2025-11-24 17:54:22,894 - INFO - Precision                : 0.5926
2025-11-24 17:54:22,894 - INFO - Recall                   : 0.5891
2025-11-24 17:54:22,894 - INFO - F1 Score                 : 0.5871
2025-11-24 17:54:22,894 - INFO - ==================================================
2025-11-24 17:55:18,359 - INFO - Época 48 concluída. Loss média: 2.3271
2025-11-24 17:55:18,359 - INFO - Taxa de aprendizado ajustada para: 0.010000
2025-11-24 17:55:18,361 - INFO - Iniciando inferência com o modelo MobileNetV1...
2025-11-24 17:55:25,946 - INFO - ==================================================
2025-11-24 17:55:25,947 - INFO - EXPERIMENT RESULTS
2025-11-24 17:55:25,947 - INFO - ==================================================
2025-11-24 17:55:25,947 - INFO - Elapsed Time Seconds     : 7.5385
2025-11-24 17:55:25,947 - INFO - Cpu Usage Percent        : 3.7000
2025-11-24 17:55:25,947 - INFO - Ram Peak Usage Bytes     : 24249593856.0000
2025-11-24 17:55:25,947 - INFO - Disk Read Bytes          : 0.0000
2025-11-24 17:55:25,947 - INFO - Disk Write Bytes         : 258048.0000
2025-11-24 17:55:25,947 - INFO - Vram Peak Usage Bytes    : 5197153108.0000
2025-11-24 17:55:25,947 - INFO - Gpu Power Watts Avg      : 97.0181
2025-11-24 17:55:25,947 - INFO - Gpu Power Watts Peak     : 246.7660
2025-11-24 17:55:25,947 - INFO - Gpu Temp Celsius Avg     : 56.1757
2025-11-24 17:55:25,947 - INFO - Gpu Temp Celsius Peak    : 63.0000
2025-11-24 17:55:25,947 - INFO - Gpu Utilization Percent Avg: 16.6757
2025-11-24 17:55:25,947 - INFO - Gpu Utilization Percent Peak: 100.0000
2025-11-24 17:55:25,947 - INFO - Gpu Mem Used Bytes Avg   : 23881515008.0000
2025-11-24 17:55:25,947 - INFO - Gpu Mem Used Bytes Peak  : 23881515008.0000
2025-11-24 17:55:25,947 - INFO - Gpu Vram Used Bytes      : 23881515008.0000
2025-11-24 17:55:25,947 - INFO - Accuracy                 : 0.5854
2025-11-24 17:55:25,947 - INFO - Precision                : 0.5900
2025-11-24 17:55:25,947 - INFO - Recall                   : 0.5854
2025-11-24 17:55:25,947 - INFO - F1 Score                 : 0.5828
2025-11-24 17:55:25,948 - INFO - ==================================================
2025-11-24 17:56:20,995 - INFO - Época 49 concluída. Loss média: 2.3242
2025-11-24 17:56:20,995 - INFO - Taxa de aprendizado ajustada para: 0.010000
2025-11-24 17:56:20,998 - INFO - Iniciando inferência com o modelo MobileNetV1...
2025-11-24 17:56:28,130 - INFO - ==================================================
2025-11-24 17:56:28,130 - INFO - EXPERIMENT RESULTS
2025-11-24 17:56:28,130 - INFO - ==================================================
2025-11-24 17:56:28,130 - INFO - Elapsed Time Seconds     : 7.0851
2025-11-24 17:56:28,130 - INFO - Cpu Usage Percent        : 3.9438
2025-11-24 17:56:28,130 - INFO - Ram Peak Usage Bytes     : 24249593856.0000
2025-11-24 17:56:28,130 - INFO - Disk Read Bytes          : 0.0000
2025-11-24 17:56:28,130 - INFO - Disk Write Bytes         : 94208.0000
2025-11-24 17:56:28,130 - INFO - Vram Peak Usage Bytes    : 5197153108.0000
2025-11-24 17:56:28,130 - INFO - Gpu Power Watts Avg      : 101.1681
2025-11-24 17:56:28,130 - INFO - Gpu Power Watts Peak     : 248.1060
2025-11-24 17:56:28,130 - INFO - Gpu Temp Celsius Avg     : 56.5429
2025-11-24 17:56:28,130 - INFO - Gpu Temp Celsius Peak    : 64.0000
2025-11-24 17:56:28,130 - INFO - Gpu Utilization Percent Avg: 17.7143
2025-11-24 17:56:28,130 - INFO - Gpu Utilization Percent Peak: 100.0000
2025-11-24 17:56:28,130 - INFO - Gpu Mem Used Bytes Avg   : 23881515008.0000
2025-11-24 17:56:28,130 - INFO - Gpu Mem Used Bytes Peak  : 23881515008.0000
2025-11-24 17:56:28,130 - INFO - Gpu Vram Used Bytes      : 23881515008.0000
2025-11-24 17:56:28,130 - INFO - Accuracy                 : 0.5900
2025-11-24 17:56:28,130 - INFO - Precision                : 0.5962
2025-11-24 17:56:28,130 - INFO - Recall                   : 0.5900
2025-11-24 17:56:28,131 - INFO - F1 Score                 : 0.5878
2025-11-24 17:56:28,131 - INFO - ==================================================
2025-11-24 17:57:23,160 - INFO - Época 50 concluída. Loss média: 2.3208
2025-11-24 17:57:23,160 - INFO - Taxa de aprendizado ajustada para: 0.010000
2025-11-24 17:57:23,162 - INFO - Iniciando inferência com o modelo MobileNetV1...
2025-11-24 17:57:30,695 - INFO - ==================================================
2025-11-24 17:57:30,696 - INFO - EXPERIMENT RESULTS
2025-11-24 17:57:30,696 - INFO - ==================================================
2025-11-24 17:57:30,696 - INFO - Elapsed Time Seconds     : 7.4871
2025-11-24 17:57:30,696 - INFO - Cpu Usage Percent        : 3.7500
2025-11-24 17:57:30,696 - INFO - Ram Peak Usage Bytes     : 24249593856.0000
2025-11-24 17:57:30,696 - INFO - Disk Read Bytes          : 0.0000
2025-11-24 17:57:30,696 - INFO - Disk Write Bytes         : 90112.0000
2025-11-24 17:57:30,696 - INFO - Vram Peak Usage Bytes    : 5197153108.0000
2025-11-24 17:57:30,696 - INFO - Gpu Power Watts Avg      : 103.8873
2025-11-24 17:57:30,696 - INFO - Gpu Power Watts Peak     : 242.9210
2025-11-24 17:57:30,696 - INFO - Gpu Temp Celsius Avg     : 56.5405
2025-11-24 17:57:30,696 - INFO - Gpu Temp Celsius Peak    : 64.0000
2025-11-24 17:57:30,696 - INFO - Gpu Utilization Percent Avg: 16.8919
2025-11-24 17:57:30,696 - INFO - Gpu Utilization Percent Peak: 100.0000
2025-11-24 17:57:30,696 - INFO - Gpu Mem Used Bytes Avg   : 23881515008.0000
2025-11-24 17:57:30,696 - INFO - Gpu Mem Used Bytes Peak  : 23881515008.0000
2025-11-24 17:57:30,696 - INFO - Gpu Vram Used Bytes      : 23881515008.0000
2025-11-24 17:57:30,696 - INFO - Accuracy                 : 0.5895
2025-11-24 17:57:30,696 - INFO - Precision                : 0.5928
2025-11-24 17:57:30,696 - INFO - Recall                   : 0.5895
2025-11-24 17:57:30,697 - INFO - F1 Score                 : 0.5860
2025-11-24 17:57:30,697 - INFO - ==================================================
2025-11-24 17:58:26,304 - INFO - Época 51 concluída. Loss média: 2.3139
2025-11-24 17:58:26,304 - INFO - Taxa de aprendizado ajustada para: 0.010000
2025-11-24 17:58:26,306 - INFO - Iniciando inferência com o modelo MobileNetV1...
2025-11-24 17:58:34,037 - INFO - ==================================================
2025-11-24 17:58:34,037 - INFO - EXPERIMENT RESULTS
2025-11-24 17:58:34,037 - INFO - ==================================================
2025-11-24 17:58:34,037 - INFO - Elapsed Time Seconds     : 7.6841
2025-11-24 17:58:34,037 - INFO - Cpu Usage Percent        : 3.6375
2025-11-24 17:58:34,037 - INFO - Ram Peak Usage Bytes     : 24249614336.0000
2025-11-24 17:58:34,037 - INFO - Disk Read Bytes          : 0.0000
2025-11-24 17:58:34,037 - INFO - Disk Write Bytes         : 98304.0000
2025-11-24 17:58:34,037 - INFO - Vram Peak Usage Bytes    : 5197153108.0000
2025-11-24 17:58:34,037 - INFO - Gpu Power Watts Avg      : 98.7005
2025-11-24 17:58:34,037 - INFO - Gpu Power Watts Peak     : 228.6280
2025-11-24 17:58:34,037 - INFO - Gpu Temp Celsius Avg     : 56.1579
2025-11-24 17:58:34,037 - INFO - Gpu Temp Celsius Peak    : 63.0000
2025-11-24 17:58:34,037 - INFO - Gpu Utilization Percent Avg: 17.8421
2025-11-24 17:58:34,038 - INFO - Gpu Utilization Percent Peak: 100.0000
2025-11-24 17:58:34,038 - INFO - Gpu Mem Used Bytes Avg   : 23881515008.0000
2025-11-24 17:58:34,038 - INFO - Gpu Mem Used Bytes Peak  : 23881515008.0000
2025-11-24 17:58:34,038 - INFO - Gpu Vram Used Bytes      : 23881515008.0000
2025-11-24 17:58:34,038 - INFO - Accuracy                 : 0.5895
2025-11-24 17:58:34,038 - INFO - Precision                : 0.5926
2025-11-24 17:58:34,038 - INFO - Recall                   : 0.5895
2025-11-24 17:58:34,038 - INFO - F1 Score                 : 0.5865
2025-11-24 17:58:34,038 - INFO - ==================================================
2025-11-24 17:59:28,447 - INFO - Época 52 concluída. Loss média: 2.2925
2025-11-24 17:59:28,448 - INFO - Taxa de aprendizado ajustada para: 0.010000
2025-11-24 17:59:28,450 - INFO - Iniciando inferência com o modelo MobileNetV1...
2025-11-24 17:59:35,800 - INFO - ==================================================
2025-11-24 17:59:35,800 - INFO - EXPERIMENT RESULTS
2025-11-24 17:59:35,800 - INFO - ==================================================
2025-11-24 17:59:35,801 - INFO - Elapsed Time Seconds     : 7.3041
2025-11-24 17:59:35,801 - INFO - Cpu Usage Percent        : 3.8250
2025-11-24 17:59:35,801 - INFO - Ram Peak Usage Bytes     : 24249602048.0000
2025-11-24 17:59:35,801 - INFO - Disk Read Bytes          : 0.0000
2025-11-24 17:59:35,801 - INFO - Disk Write Bytes         : 98304.0000
2025-11-24 17:59:35,801 - INFO - Vram Peak Usage Bytes    : 5197153108.0000
2025-11-24 17:59:35,801 - INFO - Gpu Power Watts Avg      : 102.7095
2025-11-24 17:59:35,801 - INFO - Gpu Power Watts Peak     : 250.8690
2025-11-24 17:59:35,801 - INFO - Gpu Temp Celsius Avg     : 56.3611
2025-11-24 17:59:35,801 - INFO - Gpu Temp Celsius Peak    : 63.0000
2025-11-24 17:59:35,801 - INFO - Gpu Utilization Percent Avg: 17.4167
2025-11-24 17:59:35,801 - INFO - Gpu Utilization Percent Peak: 100.0000
2025-11-24 17:59:35,801 - INFO - Gpu Mem Used Bytes Avg   : 23881515008.0000
2025-11-24 17:59:35,801 - INFO - Gpu Mem Used Bytes Peak  : 23881515008.0000
2025-11-24 17:59:35,801 - INFO - Gpu Vram Used Bytes      : 23881515008.0000
2025-11-24 17:59:35,801 - INFO - Accuracy                 : 0.5930
2025-11-24 17:59:35,801 - INFO - Precision                : 0.5989
2025-11-24 17:59:35,801 - INFO - Recall                   : 0.5930
2025-11-24 17:59:35,801 - INFO - F1 Score                 : 0.5917
2025-11-24 17:59:35,801 - INFO - ==================================================
2025-11-24 18:00:31,587 - INFO - Época 53 concluída. Loss média: 2.2935
2025-11-24 18:00:31,587 - INFO - Taxa de aprendizado ajustada para: 0.010000
2025-11-24 18:00:31,589 - INFO - Iniciando inferência com o modelo MobileNetV1...
2025-11-24 18:00:39,224 - INFO - ==================================================
2025-11-24 18:00:39,224 - INFO - EXPERIMENT RESULTS
2025-11-24 18:00:39,224 - INFO - ==================================================
2025-11-24 18:00:39,224 - INFO - Elapsed Time Seconds     : 7.5882
2025-11-24 18:00:39,224 - INFO - Cpu Usage Percent        : 3.7250
2025-11-24 18:00:39,224 - INFO - Ram Peak Usage Bytes     : 24249602048.0000
2025-11-24 18:00:39,224 - INFO - Disk Read Bytes          : 0.0000
2025-11-24 18:00:39,224 - INFO - Disk Write Bytes         : 98304.0000
2025-11-24 18:00:39,224 - INFO - Vram Peak Usage Bytes    : 5197153108.0000
2025-11-24 18:00:39,224 - INFO - Gpu Power Watts Avg      : 104.2198
2025-11-24 18:00:39,225 - INFO - Gpu Power Watts Peak     : 218.3820
2025-11-24 18:00:39,225 - INFO - Gpu Temp Celsius Avg     : 56.3600
2025-11-24 18:00:39,225 - INFO - Gpu Temp Celsius Peak    : 63.0000
2025-11-24 18:00:39,225 - INFO - Gpu Utilization Percent Avg: 16.8000
2025-11-24 18:00:39,225 - INFO - Gpu Utilization Percent Peak: 100.0000
2025-11-24 18:00:39,225 - INFO - Gpu Mem Used Bytes Avg   : 23881515008.0000
2025-11-24 18:00:39,225 - INFO - Gpu Mem Used Bytes Peak  : 23881515008.0000
2025-11-24 18:00:39,225 - INFO - Gpu Vram Used Bytes      : 23881515008.0000
2025-11-24 18:00:39,225 - INFO - Accuracy                 : 0.5870
2025-11-24 18:00:39,225 - INFO - Precision                : 0.5910
2025-11-24 18:00:39,225 - INFO - Recall                   : 0.5870
2025-11-24 18:00:39,225 - INFO - F1 Score                 : 0.5838
2025-11-24 18:00:39,225 - INFO - ==================================================
2025-11-24 18:01:35,104 - INFO - Época 54 concluída. Loss média: 2.2869
2025-11-24 18:01:35,104 - INFO - Taxa de aprendizado ajustada para: 0.010000
2025-11-24 18:01:35,106 - INFO - Iniciando inferência com o modelo MobileNetV1...
2025-11-24 18:01:42,353 - INFO - ==================================================
2025-11-24 18:01:42,353 - INFO - EXPERIMENT RESULTS
2025-11-24 18:01:42,354 - INFO - ==================================================
2025-11-24 18:01:42,354 - INFO - Elapsed Time Seconds     : 7.2000
2025-11-24 18:01:42,354 - INFO - Cpu Usage Percent        : 4.0125
2025-11-24 18:01:42,354 - INFO - Ram Peak Usage Bytes     : 24249602048.0000
2025-11-24 18:01:42,354 - INFO - Disk Read Bytes          : 0.0000
2025-11-24 18:01:42,354 - INFO - Disk Write Bytes         : 90112.0000
2025-11-24 18:01:42,354 - INFO - Vram Peak Usage Bytes    : 5197153108.0000
2025-11-24 18:01:42,354 - INFO - Gpu Power Watts Avg      : 103.5278
2025-11-24 18:01:42,354 - INFO - Gpu Power Watts Peak     : 197.9210
2025-11-24 18:01:42,354 - INFO - Gpu Temp Celsius Avg     : 56.1549
2025-11-24 18:01:42,354 - INFO - Gpu Temp Celsius Peak    : 64.0000
2025-11-24 18:01:42,354 - INFO - Gpu Utilization Percent Avg: 17.7465
2025-11-24 18:01:42,354 - INFO - Gpu Utilization Percent Peak: 100.0000
2025-11-24 18:01:42,354 - INFO - Gpu Mem Used Bytes Avg   : 23881515008.0000
2025-11-24 18:01:42,354 - INFO - Gpu Mem Used Bytes Peak  : 23881515008.0000
2025-11-24 18:01:42,354 - INFO - Gpu Vram Used Bytes      : 23881515008.0000
2025-11-24 18:01:42,354 - INFO - Accuracy                 : 0.5939
2025-11-24 18:01:42,354 - INFO - Precision                : 0.5967
2025-11-24 18:01:42,354 - INFO - Recall                   : 0.5939
2025-11-24 18:01:42,354 - INFO - F1 Score                 : 0.5901
2025-11-24 18:01:42,354 - INFO - ==================================================
2025-11-24 18:02:37,180 - INFO - Época 55 concluída. Loss média: 2.2781
2025-11-24 18:02:37,180 - INFO - Taxa de aprendizado ajustada para: 0.010000
2025-11-24 18:02:37,183 - INFO - Iniciando inferência com o modelo MobileNetV1...
2025-11-24 18:02:44,772 - INFO - ==================================================
2025-11-24 18:02:44,772 - INFO - EXPERIMENT RESULTS
2025-11-24 18:02:44,772 - INFO - ==================================================
2025-11-24 18:02:44,772 - INFO - Elapsed Time Seconds     : 7.5423
2025-11-24 18:02:44,772 - INFO - Cpu Usage Percent        : 3.9000
2025-11-24 18:02:44,772 - INFO - Ram Peak Usage Bytes     : 24249622528.0000
2025-11-24 18:02:44,772 - INFO - Disk Read Bytes          : 0.0000
2025-11-24 18:02:44,772 - INFO - Disk Write Bytes         : 94208.0000
2025-11-24 18:02:44,772 - INFO - Vram Peak Usage Bytes    : 5197153108.0000
2025-11-24 18:02:44,772 - INFO - Gpu Power Watts Avg      : 99.9722
2025-11-24 18:02:44,772 - INFO - Gpu Power Watts Peak     : 236.7570
2025-11-24 18:02:44,773 - INFO - Gpu Temp Celsius Avg     : 56.0270
2025-11-24 18:02:44,773 - INFO - Gpu Temp Celsius Peak    : 63.0000
2025-11-24 18:02:44,773 - INFO - Gpu Utilization Percent Avg: 16.9324
2025-11-24 18:02:44,773 - INFO - Gpu Utilization Percent Peak: 100.0000
2025-11-24 18:02:44,773 - INFO - Gpu Mem Used Bytes Avg   : 23881515008.0000
2025-11-24 18:02:44,773 - INFO - Gpu Mem Used Bytes Peak  : 23881515008.0000
2025-11-24 18:02:44,773 - INFO - Gpu Vram Used Bytes      : 23881515008.0000
2025-11-24 18:02:44,773 - INFO - Accuracy                 : 0.5900
2025-11-24 18:02:44,773 - INFO - Precision                : 0.5939
2025-11-24 18:02:44,773 - INFO - Recall                   : 0.5900
2025-11-24 18:02:44,773 - INFO - F1 Score                 : 0.5868
2025-11-24 18:02:44,773 - INFO - ==================================================
2025-11-24 18:03:39,217 - INFO - Época 56 concluída. Loss média: 2.2645
2025-11-24 18:03:39,218 - INFO - Taxa de aprendizado ajustada para: 0.010000
2025-11-24 18:03:39,220 - INFO - Iniciando inferência com o modelo MobileNetV1...
2025-11-24 18:03:47,156 - INFO - ==================================================
2025-11-24 18:03:47,156 - INFO - EXPERIMENT RESULTS
2025-11-24 18:03:47,156 - INFO - ==================================================
2025-11-24 18:03:47,156 - INFO - Elapsed Time Seconds     : 7.8884
2025-11-24 18:03:47,156 - INFO - Cpu Usage Percent        : 3.5250
2025-11-24 18:03:47,156 - INFO - Ram Peak Usage Bytes     : 24249790464.0000
2025-11-24 18:03:47,156 - INFO - Disk Read Bytes          : 0.0000
2025-11-24 18:03:47,156 - INFO - Disk Write Bytes         : 114688.0000
2025-11-24 18:03:47,156 - INFO - Vram Peak Usage Bytes    : 5197153108.0000
2025-11-24 18:03:47,156 - INFO - Gpu Power Watts Avg      : 98.4444
2025-11-24 18:03:47,156 - INFO - Gpu Power Watts Peak     : 251.0240
2025-11-24 18:03:47,156 - INFO - Gpu Temp Celsius Avg     : 56.0513
2025-11-24 18:03:47,156 - INFO - Gpu Temp Celsius Peak    : 64.0000
2025-11-24 18:03:47,156 - INFO - Gpu Utilization Percent Avg: 16.1026
2025-11-24 18:03:47,157 - INFO - Gpu Utilization Percent Peak: 100.0000
2025-11-24 18:03:47,157 - INFO - Gpu Mem Used Bytes Avg   : 23881515008.0000
2025-11-24 18:03:47,157 - INFO - Gpu Mem Used Bytes Peak  : 23881515008.0000
2025-11-24 18:03:47,157 - INFO - Gpu Vram Used Bytes      : 23881515008.0000
2025-11-24 18:03:47,157 - INFO - Accuracy                 : 0.5874
2025-11-24 18:03:47,157 - INFO - Precision                : 0.5916
2025-11-24 18:03:47,157 - INFO - Recall                   : 0.5874
2025-11-24 18:03:47,157 - INFO - F1 Score                 : 0.5852
2025-11-24 18:03:47,157 - INFO - ==================================================
2025-11-24 18:04:42,439 - INFO - Época 57 concluída. Loss média: 2.2662
2025-11-24 18:04:42,439 - INFO - Taxa de aprendizado ajustada para: 0.010000
2025-11-24 18:04:42,441 - INFO - Iniciando inferência com o modelo MobileNetV1...
2025-11-24 18:04:50,193 - INFO - ==================================================
2025-11-24 18:04:50,193 - INFO - EXPERIMENT RESULTS
2025-11-24 18:04:50,193 - INFO - ==================================================
2025-11-24 18:04:50,193 - INFO - Elapsed Time Seconds     : 7.7041
2025-11-24 18:04:50,193 - INFO - Cpu Usage Percent        : 3.5875
2025-11-24 18:04:50,193 - INFO - Ram Peak Usage Bytes     : 24249798656.0000
2025-11-24 18:04:50,193 - INFO - Disk Read Bytes          : 0.0000
2025-11-24 18:04:50,193 - INFO - Disk Write Bytes         : 159744.0000
2025-11-24 18:04:50,193 - INFO - Vram Peak Usage Bytes    : 5197153108.0000
2025-11-24 18:04:50,193 - INFO - Gpu Power Watts Avg      : 96.8256
2025-11-24 18:04:50,193 - INFO - Gpu Power Watts Peak     : 244.2670
2025-11-24 18:04:50,193 - INFO - Gpu Temp Celsius Avg     : 55.7895
2025-11-24 18:04:50,193 - INFO - Gpu Temp Celsius Peak    : 63.0000
2025-11-24 18:04:50,194 - INFO - Gpu Utilization Percent Avg: 16.4211
2025-11-24 18:04:50,194 - INFO - Gpu Utilization Percent Peak: 100.0000
2025-11-24 18:04:50,194 - INFO - Gpu Mem Used Bytes Avg   : 23881515008.0000
2025-11-24 18:04:50,194 - INFO - Gpu Mem Used Bytes Peak  : 23881515008.0000
2025-11-24 18:04:50,194 - INFO - Gpu Vram Used Bytes      : 23881515008.0000
2025-11-24 18:04:50,194 - INFO - Accuracy                 : 0.5919
2025-11-24 18:04:50,194 - INFO - Precision                : 0.5941
2025-11-24 18:04:50,194 - INFO - Recall                   : 0.5919
2025-11-24 18:04:50,194 - INFO - F1 Score                 : 0.5882
2025-11-24 18:04:50,194 - INFO - ==================================================
2025-11-24 18:05:45,685 - INFO - Época 58 concluída. Loss média: 2.2577
2025-11-24 18:05:45,685 - INFO - Taxa de aprendizado ajustada para: 0.010000
2025-11-24 18:05:45,688 - INFO - Iniciando inferência com o modelo MobileNetV1...
2025-11-24 18:05:53,220 - INFO - ==================================================
2025-11-24 18:05:53,220 - INFO - EXPERIMENT RESULTS
2025-11-24 18:05:53,220 - INFO - ==================================================
2025-11-24 18:05:53,221 - INFO - Elapsed Time Seconds     : 7.4863
2025-11-24 18:05:53,221 - INFO - Cpu Usage Percent        : 3.6875
2025-11-24 18:05:53,221 - INFO - Ram Peak Usage Bytes     : 24251539456.0000
2025-11-24 18:05:53,221 - INFO - Disk Read Bytes          : 0.0000
2025-11-24 18:05:53,221 - INFO - Disk Write Bytes         : 114688.0000
2025-11-24 18:05:53,221 - INFO - Vram Peak Usage Bytes    : 5197153108.0000
2025-11-24 18:05:53,221 - INFO - Gpu Power Watts Avg      : 98.9332
2025-11-24 18:05:53,221 - INFO - Gpu Power Watts Peak     : 225.6560
2025-11-24 18:05:53,221 - INFO - Gpu Temp Celsius Avg     : 56.0541
2025-11-24 18:05:53,221 - INFO - Gpu Temp Celsius Peak    : 63.0000
2025-11-24 18:05:53,221 - INFO - Gpu Utilization Percent Avg: 16.9730
2025-11-24 18:05:53,221 - INFO - Gpu Utilization Percent Peak: 100.0000
2025-11-24 18:05:53,221 - INFO - Gpu Mem Used Bytes Avg   : 23881515008.0000
2025-11-24 18:05:53,221 - INFO - Gpu Mem Used Bytes Peak  : 23881515008.0000
2025-11-24 18:05:53,221 - INFO - Gpu Vram Used Bytes      : 23881515008.0000
2025-11-24 18:05:53,221 - INFO - Accuracy                 : 0.5902
2025-11-24 18:05:53,221 - INFO - Precision                : 0.5948
2025-11-24 18:05:53,221 - INFO - Recall                   : 0.5902
2025-11-24 18:05:53,221 - INFO - F1 Score                 : 0.5882
2025-11-24 18:05:53,221 - INFO - ==================================================
2025-11-24 18:06:48,399 - INFO - Época 59 concluída. Loss média: 2.2470
2025-11-24 18:06:48,400 - INFO - Taxa de aprendizado ajustada para: 0.010000
2025-11-24 18:06:48,402 - INFO - Iniciando inferência com o modelo MobileNetV1...
2025-11-24 18:06:56,269 - INFO - ==================================================
2025-11-24 18:06:56,269 - INFO - EXPERIMENT RESULTS
2025-11-24 18:06:56,269 - INFO - ==================================================
2025-11-24 18:06:56,269 - INFO - Elapsed Time Seconds     : 7.8203
2025-11-24 18:06:56,269 - INFO - Cpu Usage Percent        : 3.5500
2025-11-24 18:06:56,269 - INFO - Ram Peak Usage Bytes     : 24253276160.0000
2025-11-24 18:06:56,269 - INFO - Disk Read Bytes          : 0.0000
2025-11-24 18:06:56,269 - INFO - Disk Write Bytes         : 114688.0000
2025-11-24 18:06:56,269 - INFO - Vram Peak Usage Bytes    : 5197153108.0000
2025-11-24 18:06:56,270 - INFO - Gpu Power Watts Avg      : 97.6275
2025-11-24 18:06:56,270 - INFO - Gpu Power Watts Peak     : 248.1160
2025-11-24 18:06:56,270 - INFO - Gpu Temp Celsius Avg     : 55.7013
2025-11-24 18:06:56,270 - INFO - Gpu Temp Celsius Peak    : 63.0000
2025-11-24 18:06:56,270 - INFO - Gpu Utilization Percent Avg: 16.3377
2025-11-24 18:06:56,270 - INFO - Gpu Utilization Percent Peak: 100.0000
2025-11-24 18:06:56,270 - INFO - Gpu Mem Used Bytes Avg   : 23881515008.0000
2025-11-24 18:06:56,270 - INFO - Gpu Mem Used Bytes Peak  : 23881515008.0000
2025-11-24 18:06:56,270 - INFO - Gpu Vram Used Bytes      : 23881515008.0000
2025-11-24 18:06:56,270 - INFO - Accuracy                 : 0.5860
2025-11-24 18:06:56,270 - INFO - Precision                : 0.5892
2025-11-24 18:06:56,270 - INFO - Recall                   : 0.5860
2025-11-24 18:06:56,270 - INFO - F1 Score                 : 0.5825
2025-11-24 18:06:56,270 - INFO - ==================================================
2025-11-24 18:07:52,434 - INFO - Época 60 concluída. Loss média: 2.2408
2025-11-24 18:07:52,434 - INFO - Taxa de aprendizado ajustada para: 0.001000
2025-11-24 18:07:52,436 - INFO - Iniciando inferência com o modelo MobileNetV1...
2025-11-24 18:07:59,973 - INFO - ==================================================
2025-11-24 18:07:59,973 - INFO - EXPERIMENT RESULTS
2025-11-24 18:07:59,973 - INFO - ==================================================
2025-11-24 18:07:59,973 - INFO - Elapsed Time Seconds     : 7.4897
2025-11-24 18:07:59,973 - INFO - Cpu Usage Percent        : 3.8125
2025-11-24 18:07:59,973 - INFO - Ram Peak Usage Bytes     : 24253284352.0000
2025-11-24 18:07:59,973 - INFO - Disk Read Bytes          : 0.0000
2025-11-24 18:07:59,973 - INFO - Disk Write Bytes         : 86016.0000
2025-11-24 18:07:59,973 - INFO - Vram Peak Usage Bytes    : 5197153108.0000
2025-11-24 18:07:59,973 - INFO - Gpu Power Watts Avg      : 99.7294
2025-11-24 18:07:59,973 - INFO - Gpu Power Watts Peak     : 242.8550
2025-11-24 18:07:59,973 - INFO - Gpu Temp Celsius Avg     : 55.8784
2025-11-24 18:07:59,973 - INFO - Gpu Temp Celsius Peak    : 63.0000
2025-11-24 18:07:59,974 - INFO - Gpu Utilization Percent Avg: 17.0270
2025-11-24 18:07:59,974 - INFO - Gpu Utilization Percent Peak: 100.0000
2025-11-24 18:07:59,974 - INFO - Gpu Mem Used Bytes Avg   : 23881515008.0000
2025-11-24 18:07:59,974 - INFO - Gpu Mem Used Bytes Peak  : 23881515008.0000
2025-11-24 18:07:59,974 - INFO - Gpu Vram Used Bytes      : 23881515008.0000
2025-11-24 18:07:59,974 - INFO - Accuracy                 : 0.5936
2025-11-24 18:07:59,974 - INFO - Precision                : 0.5973
2025-11-24 18:07:59,974 - INFO - Recall                   : 0.5936
2025-11-24 18:07:59,974 - INFO - F1 Score                 : 0.5912
2025-11-24 18:07:59,974 - INFO - ==================================================
2025-11-24 18:08:54,129 - INFO - Época 61 concluída. Loss média: 2.1982
2025-11-24 18:08:54,129 - INFO - Taxa de aprendizado ajustada para: 0.001000
2025-11-24 18:08:54,132 - INFO - Iniciando inferência com o modelo MobileNetV1...
2025-11-24 18:09:01,163 - INFO - ==================================================
2025-11-24 18:09:01,164 - INFO - EXPERIMENT RESULTS
2025-11-24 18:09:01,164 - INFO - ==================================================
2025-11-24 18:09:01,164 - INFO - Elapsed Time Seconds     : 6.9852
2025-11-24 18:09:01,164 - INFO - Cpu Usage Percent        : 4.1250
2025-11-24 18:09:01,164 - INFO - Ram Peak Usage Bytes     : 24253341696.0000
2025-11-24 18:09:01,164 - INFO - Disk Read Bytes          : 0.0000
2025-11-24 18:09:01,164 - INFO - Disk Write Bytes         : 81920.0000
2025-11-24 18:09:01,164 - INFO - Vram Peak Usage Bytes    : 5197153108.0000
2025-11-24 18:09:01,164 - INFO - Gpu Power Watts Avg      : 103.5020
2025-11-24 18:09:01,164 - INFO - Gpu Power Watts Peak     : 217.8150
2025-11-24 18:09:01,164 - INFO - Gpu Temp Celsius Avg     : 56.3043
2025-11-24 18:09:01,164 - INFO - Gpu Temp Celsius Peak    : 63.0000
2025-11-24 18:09:01,164 - INFO - Gpu Utilization Percent Avg: 18.2029
2025-11-24 18:09:01,164 - INFO - Gpu Utilization Percent Peak: 100.0000
2025-11-24 18:09:01,164 - INFO - Gpu Mem Used Bytes Avg   : 23881515008.0000
2025-11-24 18:09:01,164 - INFO - Gpu Mem Used Bytes Peak  : 23881515008.0000
2025-11-24 18:09:01,164 - INFO - Gpu Vram Used Bytes      : 23881515008.0000
2025-11-24 18:09:01,164 - INFO - Accuracy                 : 0.6009
2025-11-24 18:09:01,164 - INFO - Precision                : 0.6014
2025-11-24 18:09:01,164 - INFO - Recall                   : 0.6009
2025-11-24 18:09:01,164 - INFO - F1 Score                 : 0.5985
2025-11-24 18:09:01,165 - INFO - ==================================================
2025-11-24 18:09:56,979 - INFO - Época 62 concluída. Loss média: 2.1848
2025-11-24 18:09:56,979 - INFO - Taxa de aprendizado ajustada para: 0.001000
2025-11-24 18:09:56,982 - INFO - Iniciando inferência com o modelo MobileNetV1...
2025-11-24 18:10:04,340 - INFO - ==================================================
2025-11-24 18:10:04,340 - INFO - EXPERIMENT RESULTS
2025-11-24 18:10:04,340 - INFO - ==================================================
2025-11-24 18:10:04,340 - INFO - Elapsed Time Seconds     : 7.3109
2025-11-24 18:10:04,340 - INFO - Cpu Usage Percent        : 3.9500
2025-11-24 18:10:04,340 - INFO - Ram Peak Usage Bytes     : 24253370368.0000
2025-11-24 18:10:04,340 - INFO - Disk Read Bytes          : 0.0000
2025-11-24 18:10:04,340 - INFO - Disk Write Bytes         : 94208.0000
2025-11-24 18:10:04,341 - INFO - Vram Peak Usage Bytes    : 5197153108.0000
2025-11-24 18:10:04,341 - INFO - Gpu Power Watts Avg      : 99.5114
2025-11-24 18:10:04,341 - INFO - Gpu Power Watts Peak     : 246.5680
2025-11-24 18:10:04,341 - INFO - Gpu Temp Celsius Avg     : 56.0139
2025-11-24 18:10:04,341 - INFO - Gpu Temp Celsius Peak    : 64.0000
2025-11-24 18:10:04,341 - INFO - Gpu Utilization Percent Avg: 17.4722
2025-11-24 18:10:04,341 - INFO - Gpu Utilization Percent Peak: 100.0000
2025-11-24 18:10:04,341 - INFO - Gpu Mem Used Bytes Avg   : 23881515008.0000
2025-11-24 18:10:04,341 - INFO - Gpu Mem Used Bytes Peak  : 23881515008.0000
2025-11-24 18:10:04,341 - INFO - Gpu Vram Used Bytes      : 23881515008.0000
2025-11-24 18:10:04,341 - INFO - Accuracy                 : 0.6011
2025-11-24 18:10:04,341 - INFO - Precision                : 0.6011
2025-11-24 18:10:04,341 - INFO - Recall                   : 0.6011
2025-11-24 18:10:04,341 - INFO - F1 Score                 : 0.5983
2025-11-24 18:10:04,341 - INFO - ==================================================
2025-11-24 18:10:59,131 - INFO - Época 63 concluída. Loss média: 2.1732
2025-11-24 18:10:59,131 - INFO - Taxa de aprendizado ajustada para: 0.001000
2025-11-24 18:10:59,133 - INFO - Iniciando inferência com o modelo MobileNetV1...
2025-11-24 18:11:07,067 - INFO - ==================================================
2025-11-24 18:11:07,067 - INFO - EXPERIMENT RESULTS
2025-11-24 18:11:07,067 - INFO - ==================================================
2025-11-24 18:11:07,067 - INFO - Elapsed Time Seconds     : 7.8871
2025-11-24 18:11:07,067 - INFO - Cpu Usage Percent        : 3.4937
2025-11-24 18:11:07,067 - INFO - Ram Peak Usage Bytes     : 24253739008.0000
2025-11-24 18:11:07,068 - INFO - Disk Read Bytes          : 0.0000
2025-11-24 18:11:07,068 - INFO - Disk Write Bytes         : 98304.0000
2025-11-24 18:11:07,068 - INFO - Vram Peak Usage Bytes    : 5197153108.0000
2025-11-24 18:11:07,068 - INFO - Gpu Power Watts Avg      : 94.7300
2025-11-24 18:11:07,068 - INFO - Gpu Power Watts Peak     : 246.0110
2025-11-24 18:11:07,068 - INFO - Gpu Temp Celsius Avg     : 55.8333
2025-11-24 18:11:07,068 - INFO - Gpu Temp Celsius Peak    : 64.0000
2025-11-24 18:11:07,068 - INFO - Gpu Utilization Percent Avg: 14.8590
2025-11-24 18:11:07,068 - INFO - Gpu Utilization Percent Peak: 100.0000
2025-11-24 18:11:07,068 - INFO - Gpu Mem Used Bytes Avg   : 23881515008.0000
2025-11-24 18:11:07,068 - INFO - Gpu Mem Used Bytes Peak  : 23881515008.0000
2025-11-24 18:11:07,068 - INFO - Gpu Vram Used Bytes      : 23881515008.0000
2025-11-24 18:11:07,068 - INFO - Accuracy                 : 0.6015
2025-11-24 18:11:07,068 - INFO - Precision                : 0.6027
2025-11-24 18:11:07,068 - INFO - Recall                   : 0.6015
2025-11-24 18:11:07,068 - INFO - F1 Score                 : 0.5995
2025-11-24 18:11:07,068 - INFO - ==================================================
2025-11-24 18:12:02,207 - INFO - Época 64 concluída. Loss média: 2.1680
2025-11-24 18:12:02,208 - INFO - Taxa de aprendizado ajustada para: 0.001000
2025-11-24 18:12:02,210 - INFO - Iniciando inferência com o modelo MobileNetV1...
2025-11-24 18:12:09,769 - INFO - ==================================================
2025-11-24 18:12:09,770 - INFO - EXPERIMENT RESULTS
2025-11-24 18:12:09,770 - INFO - ==================================================
2025-11-24 18:12:09,770 - INFO - Elapsed Time Seconds     : 7.5125
2025-11-24 18:12:09,770 - INFO - Cpu Usage Percent        : 3.7125
2025-11-24 18:12:09,770 - INFO - Ram Peak Usage Bytes     : 24253767680.0000
2025-11-24 18:12:09,770 - INFO - Disk Read Bytes          : 0.0000
2025-11-24 18:12:09,770 - INFO - Disk Write Bytes         : 94208.0000
2025-11-24 18:12:09,770 - INFO - Vram Peak Usage Bytes    : 5197153108.0000
2025-11-24 18:12:09,770 - INFO - Gpu Power Watts Avg      : 101.6824
2025-11-24 18:12:09,770 - INFO - Gpu Power Watts Peak     : 242.5290
2025-11-24 18:12:09,770 - INFO - Gpu Temp Celsius Avg     : 56.0946
2025-11-24 18:12:09,770 - INFO - Gpu Temp Celsius Peak    : 64.0000
2025-11-24 18:12:09,770 - INFO - Gpu Utilization Percent Avg: 17.0000
2025-11-24 18:12:09,770 - INFO - Gpu Utilization Percent Peak: 100.0000
2025-11-24 18:12:09,770 - INFO - Gpu Mem Used Bytes Avg   : 23881515008.0000
2025-11-24 18:12:09,770 - INFO - Gpu Mem Used Bytes Peak  : 23881515008.0000
2025-11-24 18:12:09,770 - INFO - Gpu Vram Used Bytes      : 23881515008.0000
2025-11-24 18:12:09,770 - INFO - Accuracy                 : 0.6035
2025-11-24 18:12:09,770 - INFO - Precision                : 0.6032
2025-11-24 18:12:09,770 - INFO - Recall                   : 0.6035
2025-11-24 18:12:09,770 - INFO - F1 Score                 : 0.6007
2025-11-24 18:12:09,771 - INFO - ==================================================
2025-11-24 18:13:04,681 - INFO - Época 65 concluída. Loss média: 2.1676
2025-11-24 18:13:04,681 - INFO - Taxa de aprendizado ajustada para: 0.001000
2025-11-24 18:13:04,683 - INFO - Iniciando inferência com o modelo MobileNetV1...
2025-11-24 18:13:12,160 - INFO - ==================================================
2025-11-24 18:13:12,160 - INFO - EXPERIMENT RESULTS
2025-11-24 18:13:12,160 - INFO - ==================================================
2025-11-24 18:13:12,160 - INFO - Elapsed Time Seconds     : 7.4292
2025-11-24 18:13:12,160 - INFO - Cpu Usage Percent        : 3.7250
2025-11-24 18:13:12,161 - INFO - Ram Peak Usage Bytes     : 24253833216.0000
2025-11-24 18:13:12,161 - INFO - Disk Read Bytes          : 0.0000
2025-11-24 18:13:12,161 - INFO - Disk Write Bytes         : 98304.0000
2025-11-24 18:13:12,161 - INFO - Vram Peak Usage Bytes    : 5197153108.0000
2025-11-24 18:13:12,161 - INFO - Gpu Power Watts Avg      : 101.8545
2025-11-24 18:13:12,161 - INFO - Gpu Power Watts Peak     : 199.9570
2025-11-24 18:13:12,161 - INFO - Gpu Temp Celsius Avg     : 56.2329
2025-11-24 18:13:12,161 - INFO - Gpu Temp Celsius Peak    : 63.0000
2025-11-24 18:13:12,161 - INFO - Gpu Utilization Percent Avg: 17.2877
2025-11-24 18:13:12,161 - INFO - Gpu Utilization Percent Peak: 100.0000
2025-11-24 18:13:12,161 - INFO - Gpu Mem Used Bytes Avg   : 23881515008.0000
2025-11-24 18:13:12,161 - INFO - Gpu Mem Used Bytes Peak  : 23881515008.0000
2025-11-24 18:13:12,161 - INFO - Gpu Vram Used Bytes      : 23881515008.0000
2025-11-24 18:13:12,161 - INFO - Accuracy                 : 0.6031
2025-11-24 18:13:12,161 - INFO - Precision                : 0.6028
2025-11-24 18:13:12,161 - INFO - Recall                   : 0.6031
2025-11-24 18:13:12,161 - INFO - F1 Score                 : 0.6002
2025-11-24 18:13:12,161 - INFO - ==================================================
2025-11-24 18:14:06,875 - INFO - Época 66 concluída. Loss média: 2.1648
2025-11-24 18:14:06,875 - INFO - Taxa de aprendizado ajustada para: 0.001000
2025-11-24 18:14:06,877 - INFO - Iniciando inferência com o modelo MobileNetV1...
2025-11-24 18:14:14,234 - INFO - ==================================================
2025-11-24 18:14:14,234 - INFO - EXPERIMENT RESULTS
2025-11-24 18:14:14,234 - INFO - ==================================================
2025-11-24 18:14:14,234 - INFO - Elapsed Time Seconds     : 7.3101
2025-11-24 18:14:14,234 - INFO - Cpu Usage Percent        : 3.7938
2025-11-24 18:14:14,234 - INFO - Ram Peak Usage Bytes     : 24253898752.0000
2025-11-24 18:14:14,234 - INFO - Disk Read Bytes          : 0.0000
2025-11-24 18:14:14,234 - INFO - Disk Write Bytes         : 98304.0000
2025-11-24 18:14:14,235 - INFO - Vram Peak Usage Bytes    : 5197153108.0000
2025-11-24 18:14:14,235 - INFO - Gpu Power Watts Avg      : 105.4512
2025-11-24 18:14:14,235 - INFO - Gpu Power Watts Peak     : 206.7930
2025-11-24 18:14:14,235 - INFO - Gpu Temp Celsius Avg     : 56.4444
2025-11-24 18:14:14,235 - INFO - Gpu Temp Celsius Peak    : 63.0000
2025-11-24 18:14:14,235 - INFO - Gpu Utilization Percent Avg: 17.5000
2025-11-24 18:14:14,235 - INFO - Gpu Utilization Percent Peak: 100.0000
2025-11-24 18:14:14,235 - INFO - Gpu Mem Used Bytes Avg   : 23881515008.0000
2025-11-24 18:14:14,235 - INFO - Gpu Mem Used Bytes Peak  : 23881515008.0000
2025-11-24 18:14:14,235 - INFO - Gpu Vram Used Bytes      : 23881515008.0000
2025-11-24 18:14:14,235 - INFO - Accuracy                 : 0.6010
2025-11-24 18:14:14,235 - INFO - Precision                : 0.6014
2025-11-24 18:14:14,235 - INFO - Recall                   : 0.6010
2025-11-24 18:14:14,235 - INFO - F1 Score                 : 0.5985
2025-11-24 18:14:14,235 - INFO - ==================================================
2025-11-24 18:15:08,588 - INFO - Época 67 concluída. Loss média: 2.1556
2025-11-24 18:15:08,589 - INFO - Taxa de aprendizado ajustada para: 0.001000
2025-11-24 18:15:08,591 - INFO - Iniciando inferência com o modelo MobileNetV1...
2025-11-24 18:15:16,249 - INFO - ==================================================
2025-11-24 18:15:16,249 - INFO - EXPERIMENT RESULTS
2025-11-24 18:15:16,249 - INFO - ==================================================
2025-11-24 18:15:16,249 - INFO - Elapsed Time Seconds     : 7.6117
2025-11-24 18:15:16,249 - INFO - Cpu Usage Percent        : 3.6812
2025-11-24 18:15:16,249 - INFO - Ram Peak Usage Bytes     : 24253923328.0000
2025-11-24 18:15:16,249 - INFO - Disk Read Bytes          : 0.0000
2025-11-24 18:15:16,250 - INFO - Disk Write Bytes         : 94208.0000
2025-11-24 18:15:16,250 - INFO - Vram Peak Usage Bytes    : 5197153108.0000
2025-11-24 18:15:16,250 - INFO - Gpu Power Watts Avg      : 99.9291
2025-11-24 18:15:16,250 - INFO - Gpu Power Watts Peak     : 255.6650
2025-11-24 18:15:16,250 - INFO - Gpu Temp Celsius Avg     : 56.2533
2025-11-24 18:15:16,250 - INFO - Gpu Temp Celsius Peak    : 64.0000
2025-11-24 18:15:16,250 - INFO - Gpu Utilization Percent Avg: 16.8000
2025-11-24 18:15:16,250 - INFO - Gpu Utilization Percent Peak: 100.0000
2025-11-24 18:15:16,250 - INFO - Gpu Mem Used Bytes Avg   : 23881515008.0000
2025-11-24 18:15:16,250 - INFO - Gpu Mem Used Bytes Peak  : 23881515008.0000
2025-11-24 18:15:16,250 - INFO - Gpu Vram Used Bytes      : 23881515008.0000
2025-11-24 18:15:16,250 - INFO - Accuracy                 : 0.6020
2025-11-24 18:15:16,250 - INFO - Precision                : 0.6026
2025-11-24 18:15:16,250 - INFO - Recall                   : 0.6020
2025-11-24 18:15:16,250 - INFO - F1 Score                 : 0.5994
2025-11-24 18:15:16,250 - INFO - ==================================================
2025-11-24 18:16:11,441 - INFO - Época 68 concluída. Loss média: 2.1574
2025-11-24 18:16:11,442 - INFO - Taxa de aprendizado ajustada para: 0.001000
2025-11-24 18:16:11,444 - INFO - Iniciando inferência com o modelo MobileNetV1...
2025-11-24 18:16:18,781 - INFO - ==================================================
2025-11-24 18:16:18,782 - INFO - EXPERIMENT RESULTS
2025-11-24 18:16:18,782 - INFO - ==================================================
2025-11-24 18:16:18,782 - INFO - Elapsed Time Seconds     : 7.2907
2025-11-24 18:16:18,782 - INFO - Cpu Usage Percent        : 3.8062
2025-11-24 18:16:18,782 - INFO - Ram Peak Usage Bytes     : 24253968384.0000
2025-11-24 18:16:18,782 - INFO - Disk Read Bytes          : 0.0000
2025-11-24 18:16:18,782 - INFO - Disk Write Bytes         : 98304.0000
2025-11-24 18:16:18,782 - INFO - Vram Peak Usage Bytes    : 5197153108.0000
2025-11-24 18:16:18,782 - INFO - Gpu Power Watts Avg      : 103.4270
2025-11-24 18:16:18,782 - INFO - Gpu Power Watts Peak     : 248.5070
2025-11-24 18:16:18,782 - INFO - Gpu Temp Celsius Avg     : 56.4167
2025-11-24 18:16:18,782 - INFO - Gpu Temp Celsius Peak    : 63.0000
2025-11-24 18:16:18,782 - INFO - Gpu Utilization Percent Avg: 17.1806
2025-11-24 18:16:18,782 - INFO - Gpu Utilization Percent Peak: 100.0000
2025-11-24 18:16:18,782 - INFO - Gpu Mem Used Bytes Avg   : 23881515008.0000
2025-11-24 18:16:18,782 - INFO - Gpu Mem Used Bytes Peak  : 23881515008.0000
2025-11-24 18:16:18,782 - INFO - Gpu Vram Used Bytes      : 23881515008.0000
2025-11-24 18:16:18,782 - INFO - Accuracy                 : 0.6005
2025-11-24 18:16:18,782 - INFO - Precision                : 0.6000
2025-11-24 18:16:18,782 - INFO - Recall                   : 0.6005
2025-11-24 18:16:18,782 - INFO - F1 Score                 : 0.5976
2025-11-24 18:16:18,782 - INFO - ==================================================
2025-11-24 18:17:14,248 - INFO - Época 69 concluída. Loss média: 2.1567
2025-11-24 18:17:14,248 - INFO - Taxa de aprendizado ajustada para: 0.001000
2025-11-24 18:17:14,250 - INFO - Iniciando inferência com o modelo MobileNetV1...
2025-11-24 18:17:21,587 - INFO - ==================================================
2025-11-24 18:17:21,587 - INFO - EXPERIMENT RESULTS
2025-11-24 18:17:21,587 - INFO - ==================================================
2025-11-24 18:17:21,587 - INFO - Elapsed Time Seconds     : 7.2900
2025-11-24 18:17:21,587 - INFO - Cpu Usage Percent        : 3.8062
2025-11-24 18:17:21,588 - INFO - Ram Peak Usage Bytes     : 24254033920.0000
2025-11-24 18:17:21,588 - INFO - Disk Read Bytes          : 0.0000
2025-11-24 18:17:21,588 - INFO - Disk Write Bytes         : 323584.0000
2025-11-24 18:17:21,588 - INFO - Vram Peak Usage Bytes    : 5197153108.0000
2025-11-24 18:17:21,588 - INFO - Gpu Power Watts Avg      : 99.2875
2025-11-24 18:17:21,588 - INFO - Gpu Power Watts Peak     : 243.1420
2025-11-24 18:17:21,588 - INFO - Gpu Temp Celsius Avg     : 56.1806
2025-11-24 18:17:21,588 - INFO - Gpu Temp Celsius Peak    : 63.0000
2025-11-24 18:17:21,588 - INFO - Gpu Utilization Percent Avg: 17.5000
2025-11-24 18:17:21,588 - INFO - Gpu Utilization Percent Peak: 100.0000
2025-11-24 18:17:21,588 - INFO - Gpu Mem Used Bytes Avg   : 23881515008.0000
2025-11-24 18:17:21,588 - INFO - Gpu Mem Used Bytes Peak  : 23881515008.0000
2025-11-24 18:17:21,588 - INFO - Gpu Vram Used Bytes      : 23881515008.0000
2025-11-24 18:17:21,588 - INFO - Accuracy                 : 0.6038
2025-11-24 18:17:21,588 - INFO - Precision                : 0.6035
2025-11-24 18:17:21,588 - INFO - Recall                   : 0.6038
2025-11-24 18:17:21,588 - INFO - F1 Score                 : 0.6010
2025-11-24 18:17:21,588 - INFO - ==================================================
2025-11-24 18:18:17,364 - INFO - Época 70 concluída. Loss média: 2.1521
2025-11-24 18:18:17,365 - INFO - Taxa de aprendizado ajustada para: 0.001000
2025-11-24 18:18:17,367 - INFO - Iniciando inferência com o modelo MobileNetV1...
2025-11-24 18:18:25,238 - INFO - ==================================================
2025-11-24 18:18:25,238 - INFO - EXPERIMENT RESULTS
2025-11-24 18:18:25,238 - INFO - ==================================================
2025-11-24 18:18:25,238 - INFO - Elapsed Time Seconds     : 7.8239
2025-11-24 18:18:25,238 - INFO - Cpu Usage Percent        : 3.5438
2025-11-24 18:18:25,238 - INFO - Ram Peak Usage Bytes     : 24254058496.0000
2025-11-24 18:18:25,238 - INFO - Disk Read Bytes          : 0.0000
2025-11-24 18:18:25,238 - INFO - Disk Write Bytes         : 188416.0000
2025-11-24 18:18:25,238 - INFO - Vram Peak Usage Bytes    : 5197153108.0000
2025-11-24 18:18:25,238 - INFO - Gpu Power Watts Avg      : 100.6552
2025-11-24 18:18:25,238 - INFO - Gpu Power Watts Peak     : 254.5440
2025-11-24 18:18:25,238 - INFO - Gpu Temp Celsius Avg     : 56.2597
2025-11-24 18:18:25,238 - INFO - Gpu Temp Celsius Peak    : 64.0000
2025-11-24 18:18:25,238 - INFO - Gpu Utilization Percent Avg: 16.3636
2025-11-24 18:18:25,238 - INFO - Gpu Utilization Percent Peak: 100.0000
2025-11-24 18:18:25,238 - INFO - Gpu Mem Used Bytes Avg   : 23881515008.0000
2025-11-24 18:18:25,238 - INFO - Gpu Mem Used Bytes Peak  : 23881515008.0000
2025-11-24 18:18:25,238 - INFO - Gpu Vram Used Bytes      : 23881515008.0000
2025-11-24 18:18:25,239 - INFO - Accuracy                 : 0.6032
2025-11-24 18:18:25,239 - INFO - Precision                : 0.6041
2025-11-24 18:18:25,239 - INFO - Recall                   : 0.6032
2025-11-24 18:18:25,239 - INFO - F1 Score                 : 0.6009
2025-11-24 18:18:25,239 - INFO - ==================================================
2025-11-24 18:19:20,634 - INFO - Época 71 concluída. Loss média: 2.1491
2025-11-24 18:19:20,634 - INFO - Taxa de aprendizado ajustada para: 0.001000
2025-11-24 18:19:20,637 - INFO - Iniciando inferência com o modelo MobileNetV1...
2025-11-24 18:19:28,471 - INFO - ==================================================
2025-11-24 18:19:28,471 - INFO - EXPERIMENT RESULTS
2025-11-24 18:19:28,471 - INFO - ==================================================
2025-11-24 18:19:28,471 - INFO - Elapsed Time Seconds     : 7.7874
2025-11-24 18:19:28,471 - INFO - Cpu Usage Percent        : 3.5375
2025-11-24 18:19:28,471 - INFO - Ram Peak Usage Bytes     : 24254095360.0000
2025-11-24 18:19:28,471 - INFO - Disk Read Bytes          : 0.0000
2025-11-24 18:19:28,471 - INFO - Disk Write Bytes         : 172032.0000
2025-11-24 18:19:28,471 - INFO - Vram Peak Usage Bytes    : 5197153108.0000
2025-11-24 18:19:28,471 - INFO - Gpu Power Watts Avg      : 98.2002
2025-11-24 18:19:28,471 - INFO - Gpu Power Watts Peak     : 250.6930
2025-11-24 18:19:28,471 - INFO - Gpu Temp Celsius Avg     : 56.3506
2025-11-24 18:19:28,471 - INFO - Gpu Temp Celsius Peak    : 64.0000
2025-11-24 18:19:28,471 - INFO - Gpu Utilization Percent Avg: 16.1818
2025-11-24 18:19:28,471 - INFO - Gpu Utilization Percent Peak: 100.0000
2025-11-24 18:19:28,471 - INFO - Gpu Mem Used Bytes Avg   : 23881515008.0000
2025-11-24 18:19:28,471 - INFO - Gpu Mem Used Bytes Peak  : 23881515008.0000
2025-11-24 18:19:28,471 - INFO - Gpu Vram Used Bytes      : 23881515008.0000
2025-11-24 18:19:28,472 - INFO - Accuracy                 : 0.6021
2025-11-24 18:19:28,472 - INFO - Precision                : 0.6022
2025-11-24 18:19:28,472 - INFO - Recall                   : 0.6021
2025-11-24 18:19:28,472 - INFO - F1 Score                 : 0.5995
2025-11-24 18:19:28,472 - INFO - ==================================================
2025-11-24 18:20:24,087 - INFO - Época 72 concluída. Loss média: 2.1424
2025-11-24 18:20:24,088 - INFO - Taxa de aprendizado ajustada para: 0.001000
2025-11-24 18:20:24,090 - INFO - Iniciando inferência com o modelo MobileNetV1...
2025-11-24 18:20:31,850 - INFO - ==================================================
2025-11-24 18:20:31,851 - INFO - EXPERIMENT RESULTS
2025-11-24 18:20:31,851 - INFO - ==================================================
2025-11-24 18:20:31,851 - INFO - Elapsed Time Seconds     : 7.7133
2025-11-24 18:20:31,851 - INFO - Cpu Usage Percent        : 3.6562
2025-11-24 18:20:31,851 - INFO - Ram Peak Usage Bytes     : 24254148608.0000
2025-11-24 18:20:31,851 - INFO - Disk Read Bytes          : 0.0000
2025-11-24 18:20:31,851 - INFO - Disk Write Bytes         : 81920.0000
2025-11-24 18:20:31,851 - INFO - Vram Peak Usage Bytes    : 5197153108.0000
2025-11-24 18:20:31,851 - INFO - Gpu Power Watts Avg      : 103.6430
2025-11-24 18:20:31,851 - INFO - Gpu Power Watts Peak     : 237.7110
2025-11-24 18:20:31,851 - INFO - Gpu Temp Celsius Avg     : 56.2105
2025-11-24 18:20:31,851 - INFO - Gpu Temp Celsius Peak    : 63.0000
2025-11-24 18:20:31,851 - INFO - Gpu Utilization Percent Avg: 16.5526
2025-11-24 18:20:31,851 - INFO - Gpu Utilization Percent Peak: 100.0000
2025-11-24 18:20:31,851 - INFO - Gpu Mem Used Bytes Avg   : 23881515008.0000
2025-11-24 18:20:31,851 - INFO - Gpu Mem Used Bytes Peak  : 23881515008.0000
2025-11-24 18:20:31,851 - INFO - Gpu Vram Used Bytes      : 23881515008.0000
2025-11-24 18:20:31,851 - INFO - Accuracy                 : 0.6031
2025-11-24 18:20:31,851 - INFO - Precision                : 0.6037
2025-11-24 18:20:31,851 - INFO - Recall                   : 0.6031
2025-11-24 18:20:31,852 - INFO - F1 Score                 : 0.6008
2025-11-24 18:20:31,852 - INFO - ==================================================
2025-11-24 18:21:28,186 - INFO - Época 73 concluída. Loss média: 2.1445
2025-11-24 18:21:28,186 - INFO - Taxa de aprendizado ajustada para: 0.001000
2025-11-24 18:21:28,188 - INFO - Iniciando inferência com o modelo MobileNetV1...
2025-11-24 18:21:36,129 - INFO - ==================================================
2025-11-24 18:21:36,129 - INFO - EXPERIMENT RESULTS
2025-11-24 18:21:36,129 - INFO - ==================================================
2025-11-24 18:21:36,129 - INFO - Elapsed Time Seconds     : 7.8930
2025-11-24 18:21:36,129 - INFO - Cpu Usage Percent        : 3.5375
2025-11-24 18:21:36,129 - INFO - Ram Peak Usage Bytes     : 24254185472.0000
2025-11-24 18:21:36,129 - INFO - Disk Read Bytes          : 0.0000
2025-11-24 18:21:36,129 - INFO - Disk Write Bytes         : 98304.0000
2025-11-24 18:21:36,129 - INFO - Vram Peak Usage Bytes    : 5197153108.0000
2025-11-24 18:21:36,129 - INFO - Gpu Power Watts Avg      : 97.3486
2025-11-24 18:21:36,129 - INFO - Gpu Power Watts Peak     : 257.7490
2025-11-24 18:21:36,130 - INFO - Gpu Temp Celsius Avg     : 55.9615
2025-11-24 18:21:36,130 - INFO - Gpu Temp Celsius Peak    : 63.0000
2025-11-24 18:21:36,130 - INFO - Gpu Utilization Percent Avg: 16.1026
2025-11-24 18:21:36,130 - INFO - Gpu Utilization Percent Peak: 100.0000
2025-11-24 18:21:36,130 - INFO - Gpu Mem Used Bytes Avg   : 23881515008.0000
2025-11-24 18:21:36,130 - INFO - Gpu Mem Used Bytes Peak  : 23881515008.0000
2025-11-24 18:21:36,130 - INFO - Gpu Vram Used Bytes      : 23881515008.0000
2025-11-24 18:21:36,130 - INFO - Accuracy                 : 0.6031
2025-11-24 18:21:36,130 - INFO - Precision                : 0.6028
2025-11-24 18:21:36,130 - INFO - Recall                   : 0.6031
2025-11-24 18:21:36,130 - INFO - F1 Score                 : 0.6003
2025-11-24 18:21:36,130 - INFO - ==================================================
2025-11-24 18:22:30,738 - INFO - Época 74 concluída. Loss média: 2.1470
2025-11-24 18:22:30,739 - INFO - Taxa de aprendizado ajustada para: 0.001000
2025-11-24 18:22:30,741 - INFO - Iniciando inferência com o modelo MobileNetV1...
2025-11-24 18:22:38,210 - INFO - ==================================================
2025-11-24 18:22:38,211 - INFO - EXPERIMENT RESULTS
2025-11-24 18:22:38,211 - INFO - ==================================================
2025-11-24 18:22:38,211 - INFO - Elapsed Time Seconds     : 7.4228
2025-11-24 18:22:38,211 - INFO - Cpu Usage Percent        : 3.7188
2025-11-24 18:22:38,211 - INFO - Ram Peak Usage Bytes     : 24254238720.0000
2025-11-24 18:22:38,211 - INFO - Disk Read Bytes          : 0.0000
2025-11-24 18:22:38,211 - INFO - Disk Write Bytes         : 98304.0000
2025-11-24 18:22:38,211 - INFO - Vram Peak Usage Bytes    : 5197153108.0000
2025-11-24 18:22:38,211 - INFO - Gpu Power Watts Avg      : 96.8227
2025-11-24 18:22:38,211 - INFO - Gpu Power Watts Peak     : 199.3930
2025-11-24 18:22:38,211 - INFO - Gpu Temp Celsius Avg     : 56.2466
2025-11-24 18:22:38,211 - INFO - Gpu Temp Celsius Peak    : 64.0000
2025-11-24 18:22:38,211 - INFO - Gpu Utilization Percent Avg: 15.8356
2025-11-24 18:22:38,211 - INFO - Gpu Utilization Percent Peak: 100.0000
2025-11-24 18:22:38,211 - INFO - Gpu Mem Used Bytes Avg   : 23881515008.0000
2025-11-24 18:22:38,211 - INFO - Gpu Mem Used Bytes Peak  : 23881515008.0000
2025-11-24 18:22:38,211 - INFO - Gpu Vram Used Bytes      : 23881515008.0000
2025-11-24 18:22:38,211 - INFO - Accuracy                 : 0.6036
2025-11-24 18:22:38,211 - INFO - Precision                : 0.6040
2025-11-24 18:22:38,211 - INFO - Recall                   : 0.6036
2025-11-24 18:22:38,211 - INFO - F1 Score                 : 0.6013
2025-11-24 18:22:38,211 - INFO - ==================================================
2025-11-24 18:23:33,632 - INFO - Época 75 concluída. Loss média: 2.1481
2025-11-24 18:23:33,632 - INFO - Taxa de aprendizado ajustada para: 0.001000
2025-11-24 18:23:33,634 - INFO - Iniciando inferência com o modelo MobileNetV1...
2025-11-24 18:23:41,067 - INFO - ==================================================
2025-11-24 18:23:41,067 - INFO - EXPERIMENT RESULTS
2025-11-24 18:23:41,067 - INFO - ==================================================
2025-11-24 18:23:41,068 - INFO - Elapsed Time Seconds     : 7.3865
2025-11-24 18:23:41,068 - INFO - Cpu Usage Percent        : 3.8937
2025-11-24 18:23:41,068 - INFO - Ram Peak Usage Bytes     : 24254689280.0000
2025-11-24 18:23:41,068 - INFO - Disk Read Bytes          : 0.0000
2025-11-24 18:23:41,068 - INFO - Disk Write Bytes         : 94208.0000
2025-11-24 18:23:41,068 - INFO - Vram Peak Usage Bytes    : 5197153108.0000
2025-11-24 18:23:41,068 - INFO - Gpu Power Watts Avg      : 97.8165
2025-11-24 18:23:41,068 - INFO - Gpu Power Watts Peak     : 239.0450
2025-11-24 18:23:41,068 - INFO - Gpu Temp Celsius Avg     : 56.3014
2025-11-24 18:23:41,068 - INFO - Gpu Temp Celsius Peak    : 64.0000
2025-11-24 18:23:41,068 - INFO - Gpu Utilization Percent Avg: 17.2603
2025-11-24 18:23:41,068 - INFO - Gpu Utilization Percent Peak: 100.0000
2025-11-24 18:23:41,068 - INFO - Gpu Mem Used Bytes Avg   : 23881515008.0000
2025-11-24 18:23:41,068 - INFO - Gpu Mem Used Bytes Peak  : 23881515008.0000
2025-11-24 18:23:41,068 - INFO - Gpu Vram Used Bytes      : 23881515008.0000
2025-11-24 18:23:41,068 - INFO - Accuracy                 : 0.6015
2025-11-24 18:23:41,068 - INFO - Precision                : 0.6024
2025-11-24 18:23:41,068 - INFO - Recall                   : 0.6015
2025-11-24 18:23:41,068 - INFO - F1 Score                 : 0.5993
2025-11-24 18:23:41,068 - INFO - ==================================================
2025-11-24 18:24:37,053 - INFO - Época 76 concluída. Loss média: 2.1444
2025-11-24 18:24:37,053 - INFO - Taxa de aprendizado ajustada para: 0.001000
2025-11-24 18:24:37,055 - INFO - Iniciando inferência com o modelo MobileNetV1...
2025-11-24 18:24:44,489 - INFO - ==================================================
2025-11-24 18:24:44,490 - INFO - EXPERIMENT RESULTS
2025-11-24 18:24:44,490 - INFO - ==================================================
2025-11-24 18:24:44,490 - INFO - Elapsed Time Seconds     : 7.3872
2025-11-24 18:24:44,490 - INFO - Cpu Usage Percent        : 3.7375
2025-11-24 18:24:44,490 - INFO - Ram Peak Usage Bytes     : 24254693376.0000
2025-11-24 18:24:44,490 - INFO - Disk Read Bytes          : 0.0000
2025-11-24 18:24:44,490 - INFO - Disk Write Bytes         : 98304.0000
2025-11-24 18:24:44,490 - INFO - Vram Peak Usage Bytes    : 5197153108.0000
2025-11-24 18:24:44,490 - INFO - Gpu Power Watts Avg      : 102.8104
2025-11-24 18:24:44,490 - INFO - Gpu Power Watts Peak     : 217.9130
2025-11-24 18:24:44,490 - INFO - Gpu Temp Celsius Avg     : 56.2877
2025-11-24 18:24:44,490 - INFO - Gpu Temp Celsius Peak    : 64.0000
2025-11-24 18:24:44,490 - INFO - Gpu Utilization Percent Avg: 17.2055
2025-11-24 18:24:44,490 - INFO - Gpu Utilization Percent Peak: 100.0000
2025-11-24 18:24:44,490 - INFO - Gpu Mem Used Bytes Avg   : 23881515008.0000
2025-11-24 18:24:44,490 - INFO - Gpu Mem Used Bytes Peak  : 23881515008.0000
2025-11-24 18:24:44,490 - INFO - Gpu Vram Used Bytes      : 23881515008.0000
2025-11-24 18:24:44,490 - INFO - Accuracy                 : 0.6035
2025-11-24 18:24:44,490 - INFO - Precision                : 0.6037
2025-11-24 18:24:44,491 - INFO - Recall                   : 0.6035
2025-11-24 18:24:44,491 - INFO - F1 Score                 : 0.6011
2025-11-24 18:24:44,491 - INFO - ==================================================
2025-11-24 18:25:40,042 - INFO - Época 77 concluída. Loss média: 2.1429
2025-11-24 18:25:40,042 - INFO - Taxa de aprendizado ajustada para: 0.001000
2025-11-24 18:25:40,044 - INFO - Iniciando inferência com o modelo MobileNetV1...
2025-11-24 18:25:47,606 - INFO - ==================================================
2025-11-24 18:25:47,606 - INFO - EXPERIMENT RESULTS
2025-11-24 18:25:47,606 - INFO - ==================================================
2025-11-24 18:25:47,606 - INFO - Elapsed Time Seconds     : 7.5147
2025-11-24 18:25:47,606 - INFO - Cpu Usage Percent        : 3.7000
2025-11-24 18:25:47,606 - INFO - Ram Peak Usage Bytes     : 24254705664.0000
2025-11-24 18:25:47,606 - INFO - Disk Read Bytes          : 0.0000
2025-11-24 18:25:47,606 - INFO - Disk Write Bytes         : 98304.0000
2025-11-24 18:25:47,606 - INFO - Vram Peak Usage Bytes    : 5197153108.0000
2025-11-24 18:25:47,606 - INFO - Gpu Power Watts Avg      : 97.2594
2025-11-24 18:25:47,606 - INFO - Gpu Power Watts Peak     : 249.5680
2025-11-24 18:25:47,606 - INFO - Gpu Temp Celsius Avg     : 56.1081
2025-11-24 18:25:47,606 - INFO - Gpu Temp Celsius Peak    : 64.0000
2025-11-24 18:25:47,606 - INFO - Gpu Utilization Percent Avg: 16.5135
2025-11-24 18:25:47,606 - INFO - Gpu Utilization Percent Peak: 100.0000
2025-11-24 18:25:47,606 - INFO - Gpu Mem Used Bytes Avg   : 23881515008.0000
2025-11-24 18:25:47,606 - INFO - Gpu Mem Used Bytes Peak  : 23881515008.0000
2025-11-24 18:25:47,606 - INFO - Gpu Vram Used Bytes      : 23881515008.0000
2025-11-24 18:25:47,606 - INFO - Accuracy                 : 0.6053
2025-11-24 18:25:47,606 - INFO - Precision                : 0.6054
2025-11-24 18:25:47,607 - INFO - Recall                   : 0.6053
2025-11-24 18:25:47,607 - INFO - F1 Score                 : 0.6028
2025-11-24 18:25:47,607 - INFO - ==================================================
2025-11-24 18:26:42,188 - INFO - Época 78 concluída. Loss média: 2.1381
2025-11-24 18:26:42,188 - INFO - Taxa de aprendizado ajustada para: 0.001000
2025-11-24 18:26:42,190 - INFO - Iniciando inferência com o modelo MobileNetV1...
2025-11-24 18:26:50,123 - INFO - ==================================================
2025-11-24 18:26:50,123 - INFO - EXPERIMENT RESULTS
2025-11-24 18:26:50,123 - INFO - ==================================================
2025-11-24 18:26:50,123 - INFO - Elapsed Time Seconds     : 7.8867
2025-11-24 18:26:50,124 - INFO - Cpu Usage Percent        : 3.4937
2025-11-24 18:26:50,124 - INFO - Ram Peak Usage Bytes     : 24254693376.0000
2025-11-24 18:26:50,124 - INFO - Disk Read Bytes          : 0.0000
2025-11-24 18:26:50,124 - INFO - Disk Write Bytes         : 98304.0000
2025-11-24 18:26:50,124 - INFO - Vram Peak Usage Bytes    : 5197153108.0000
2025-11-24 18:26:50,124 - INFO - Gpu Power Watts Avg      : 91.9977
2025-11-24 18:26:50,124 - INFO - Gpu Power Watts Peak     : 247.6490
2025-11-24 18:26:50,124 - INFO - Gpu Temp Celsius Avg     : 55.8333
2025-11-24 18:26:50,124 - INFO - Gpu Temp Celsius Peak    : 63.0000
2025-11-24 18:26:50,124 - INFO - Gpu Utilization Percent Avg: 17.2051
2025-11-24 18:26:50,124 - INFO - Gpu Utilization Percent Peak: 100.0000
2025-11-24 18:26:50,124 - INFO - Gpu Mem Used Bytes Avg   : 23881515008.0000
2025-11-24 18:26:50,124 - INFO - Gpu Mem Used Bytes Peak  : 23881515008.0000
2025-11-24 18:26:50,124 - INFO - Gpu Vram Used Bytes      : 23881515008.0000
2025-11-24 18:26:50,124 - INFO - Accuracy                 : 0.6055
2025-11-24 18:26:50,124 - INFO - Precision                : 0.6058
2025-11-24 18:26:50,124 - INFO - Recall                   : 0.6055
2025-11-24 18:26:50,124 - INFO - F1 Score                 : 0.6030
2025-11-24 18:26:50,124 - INFO - ==================================================
2025-11-24 18:27:46,411 - INFO - Época 79 concluída. Loss média: 2.1425
2025-11-24 18:27:46,412 - INFO - Taxa de aprendizado ajustada para: 0.001000
2025-11-24 18:27:46,414 - INFO - Iniciando inferência com o modelo MobileNetV1...
2025-11-24 18:27:53,949 - INFO - ==================================================
2025-11-24 18:27:53,949 - INFO - EXPERIMENT RESULTS
2025-11-24 18:27:53,949 - INFO - ==================================================
2025-11-24 18:27:53,950 - INFO - Elapsed Time Seconds     : 7.4890
2025-11-24 18:27:53,950 - INFO - Cpu Usage Percent        : 3.6938
2025-11-24 18:27:53,950 - INFO - Ram Peak Usage Bytes     : 24254693376.0000
2025-11-24 18:27:53,950 - INFO - Disk Read Bytes          : 0.0000
2025-11-24 18:27:53,950 - INFO - Disk Write Bytes         : 114688.0000
2025-11-24 18:27:53,950 - INFO - Vram Peak Usage Bytes    : 5197153108.0000
2025-11-24 18:27:53,950 - INFO - Gpu Power Watts Avg      : 97.6031
2025-11-24 18:27:53,950 - INFO - Gpu Power Watts Peak     : 218.1670
2025-11-24 18:27:53,950 - INFO - Gpu Temp Celsius Avg     : 55.8919
2025-11-24 18:27:53,950 - INFO - Gpu Temp Celsius Peak    : 63.0000
2025-11-24 18:27:53,950 - INFO - Gpu Utilization Percent Avg: 17.7432
2025-11-24 18:27:53,950 - INFO - Gpu Utilization Percent Peak: 100.0000
2025-11-24 18:27:53,950 - INFO - Gpu Mem Used Bytes Avg   : 23881515008.0000
2025-11-24 18:27:53,950 - INFO - Gpu Mem Used Bytes Peak  : 23881515008.0000
2025-11-24 18:27:53,950 - INFO - Gpu Vram Used Bytes      : 23881515008.0000
2025-11-24 18:27:53,950 - INFO - Accuracy                 : 0.6044
2025-11-24 18:27:53,950 - INFO - Precision                : 0.6043
2025-11-24 18:27:53,950 - INFO - Recall                   : 0.6044
2025-11-24 18:27:53,950 - INFO - F1 Score                 : 0.6019
2025-11-24 18:27:53,950 - INFO - ==================================================
2025-11-24 18:28:48,813 - INFO - Época 80 concluída. Loss média: 2.1362
2025-11-24 18:28:48,813 - INFO - Taxa de aprendizado ajustada para: 0.001000
2025-11-24 18:28:48,815 - INFO - Iniciando inferência com o modelo MobileNetV1...
2025-11-24 18:28:56,576 - INFO - ==================================================
2025-11-24 18:28:56,577 - INFO - EXPERIMENT RESULTS
2025-11-24 18:28:56,577 - INFO - ==================================================
2025-11-24 18:28:56,577 - INFO - Elapsed Time Seconds     : 7.7136
2025-11-24 18:28:56,577 - INFO - Cpu Usage Percent        : 3.7250
2025-11-24 18:28:56,577 - INFO - Ram Peak Usage Bytes     : 24254992384.0000
2025-11-24 18:28:56,577 - INFO - Disk Read Bytes          : 0.0000
2025-11-24 18:28:56,577 - INFO - Disk Write Bytes         : 114688.0000
2025-11-24 18:28:56,577 - INFO - Vram Peak Usage Bytes    : 5197153108.0000
2025-11-24 18:28:56,577 - INFO - Gpu Power Watts Avg      : 96.4761
2025-11-24 18:28:56,577 - INFO - Gpu Power Watts Peak     : 257.8340
2025-11-24 18:28:56,577 - INFO - Gpu Temp Celsius Avg     : 55.8816
2025-11-24 18:28:56,577 - INFO - Gpu Temp Celsius Peak    : 64.0000
2025-11-24 18:28:56,577 - INFO - Gpu Utilization Percent Avg: 16.0921
2025-11-24 18:28:56,577 - INFO - Gpu Utilization Percent Peak: 100.0000
2025-11-24 18:28:56,577 - INFO - Gpu Mem Used Bytes Avg   : 23881515008.0000
2025-11-24 18:28:56,577 - INFO - Gpu Mem Used Bytes Peak  : 23881515008.0000
2025-11-24 18:28:56,577 - INFO - Gpu Vram Used Bytes      : 23881515008.0000
2025-11-24 18:28:56,577 - INFO - Accuracy                 : 0.6035
2025-11-24 18:28:56,577 - INFO - Precision                : 0.6039
2025-11-24 18:28:56,577 - INFO - Recall                   : 0.6035
2025-11-24 18:28:56,577 - INFO - F1 Score                 : 0.6011
2025-11-24 18:28:56,577 - INFO - ==================================================
2025-11-24 18:29:52,254 - INFO - Época 81 concluída. Loss média: 2.1315
2025-11-24 18:29:52,254 - INFO - Taxa de aprendizado ajustada para: 0.001000
2025-11-24 18:29:52,259 - INFO - Iniciando inferência com o modelo MobileNetV1...
2025-11-24 18:29:59,940 - INFO - ==================================================
2025-11-24 18:29:59,941 - INFO - EXPERIMENT RESULTS
2025-11-24 18:29:59,941 - INFO - ==================================================
2025-11-24 18:29:59,941 - INFO - Elapsed Time Seconds     : 7.6346
2025-11-24 18:29:59,941 - INFO - Cpu Usage Percent        : 3.7500
2025-11-24 18:29:59,941 - INFO - Ram Peak Usage Bytes     : 24255004672.0000
2025-11-24 18:29:59,941 - INFO - Disk Read Bytes          : 0.0000
2025-11-24 18:29:59,941 - INFO - Disk Write Bytes         : 126976.0000
2025-11-24 18:29:59,941 - INFO - Vram Peak Usage Bytes    : 5197153108.0000
2025-11-24 18:29:59,941 - INFO - Gpu Power Watts Avg      : 99.6107
2025-11-24 18:29:59,941 - INFO - Gpu Power Watts Peak     : 258.3440
2025-11-24 18:29:59,941 - INFO - Gpu Temp Celsius Avg     : 56.1200
2025-11-24 18:29:59,941 - INFO - Gpu Temp Celsius Peak    : 63.0000
2025-11-24 18:29:59,941 - INFO - Gpu Utilization Percent Avg: 16.2133
2025-11-24 18:29:59,941 - INFO - Gpu Utilization Percent Peak: 100.0000
2025-11-24 18:29:59,941 - INFO - Gpu Mem Used Bytes Avg   : 23881515008.0000
2025-11-24 18:29:59,941 - INFO - Gpu Mem Used Bytes Peak  : 23881515008.0000
2025-11-24 18:29:59,941 - INFO - Gpu Vram Used Bytes      : 23881515008.0000
2025-11-24 18:29:59,941 - INFO - Accuracy                 : 0.6040
2025-11-24 18:29:59,941 - INFO - Precision                : 0.6049
2025-11-24 18:29:59,941 - INFO - Recall                   : 0.6040
2025-11-24 18:29:59,941 - INFO - F1 Score                 : 0.6020
2025-11-24 18:29:59,941 - INFO - ==================================================
2025-11-24 18:30:54,672 - INFO - Época 82 concluída. Loss média: 2.1373
2025-11-24 18:30:54,672 - INFO - Taxa de aprendizado ajustada para: 0.001000
2025-11-24 18:30:54,675 - INFO - Iniciando inferência com o modelo MobileNetV1...
2025-11-24 18:31:02,367 - INFO - ==================================================
2025-11-24 18:31:02,367 - INFO - EXPERIMENT RESULTS
2025-11-24 18:31:02,367 - INFO - ==================================================
2025-11-24 18:31:02,367 - INFO - Elapsed Time Seconds     : 7.6460
2025-11-24 18:31:02,367 - INFO - Cpu Usage Percent        : 3.6313
2025-11-24 18:31:02,368 - INFO - Ram Peak Usage Bytes     : 24255000576.0000
2025-11-24 18:31:02,368 - INFO - Disk Read Bytes          : 0.0000
2025-11-24 18:31:02,368 - INFO - Disk Write Bytes         : 77824.0000
2025-11-24 18:31:02,368 - INFO - Vram Peak Usage Bytes    : 5197153108.0000
2025-11-24 18:31:02,368 - INFO - Gpu Power Watts Avg      : 100.2260
2025-11-24 18:31:02,368 - INFO - Gpu Power Watts Peak     : 230.0940
2025-11-24 18:31:02,368 - INFO - Gpu Temp Celsius Avg     : 56.2933
2025-11-24 18:31:02,368 - INFO - Gpu Temp Celsius Peak    : 63.0000
2025-11-24 18:31:02,368 - INFO - Gpu Utilization Percent Avg: 15.4400
2025-11-24 18:31:02,368 - INFO - Gpu Utilization Percent Peak: 100.0000
2025-11-24 18:31:02,368 - INFO - Gpu Mem Used Bytes Avg   : 23881515008.0000
2025-11-24 18:31:02,368 - INFO - Gpu Mem Used Bytes Peak  : 23881515008.0000
2025-11-24 18:31:02,368 - INFO - Gpu Vram Used Bytes      : 23881515008.0000
2025-11-24 18:31:02,368 - INFO - Accuracy                 : 0.6050
2025-11-24 18:31:02,368 - INFO - Precision                : 0.6049
2025-11-24 18:31:02,368 - INFO - Recall                   : 0.6050
2025-11-24 18:31:02,368 - INFO - F1 Score                 : 0.6026
2025-11-24 18:31:02,368 - INFO - ==================================================
2025-11-24 18:31:57,502 - INFO - Época 83 concluída. Loss média: 2.1343
2025-11-24 18:31:57,502 - INFO - Taxa de aprendizado ajustada para: 0.001000
2025-11-24 18:31:57,504 - INFO - Iniciando inferência com o modelo MobileNetV1...
2025-11-24 18:32:05,381 - INFO - ==================================================
2025-11-24 18:32:05,381 - INFO - EXPERIMENT RESULTS
2025-11-24 18:32:05,381 - INFO - ==================================================
2025-11-24 18:32:05,381 - INFO - Elapsed Time Seconds     : 7.8298
2025-11-24 18:32:05,381 - INFO - Cpu Usage Percent        : 3.5500
2025-11-24 18:32:05,381 - INFO - Ram Peak Usage Bytes     : 24255004672.0000
2025-11-24 18:32:05,381 - INFO - Disk Read Bytes          : 0.0000
2025-11-24 18:32:05,381 - INFO - Disk Write Bytes         : 98304.0000
2025-11-24 18:32:05,381 - INFO - Vram Peak Usage Bytes    : 5197153108.0000
2025-11-24 18:32:05,381 - INFO - Gpu Power Watts Avg      : 100.8943
2025-11-24 18:32:05,381 - INFO - Gpu Power Watts Peak     : 243.1810
2025-11-24 18:32:05,381 - INFO - Gpu Temp Celsius Avg     : 56.2078
2025-11-24 18:32:05,381 - INFO - Gpu Temp Celsius Peak    : 63.0000
2025-11-24 18:32:05,382 - INFO - Gpu Utilization Percent Avg: 16.3117
2025-11-24 18:32:05,382 - INFO - Gpu Utilization Percent Peak: 100.0000
2025-11-24 18:32:05,382 - INFO - Gpu Mem Used Bytes Avg   : 23881515008.0000
2025-11-24 18:32:05,382 - INFO - Gpu Mem Used Bytes Peak  : 23881515008.0000
2025-11-24 18:32:05,382 - INFO - Gpu Vram Used Bytes      : 23881515008.0000
2025-11-24 18:32:05,382 - INFO - Accuracy                 : 0.6039
2025-11-24 18:32:05,382 - INFO - Precision                : 0.6044
2025-11-24 18:32:05,382 - INFO - Recall                   : 0.6039
2025-11-24 18:32:05,382 - INFO - F1 Score                 : 0.6017
2025-11-24 18:32:05,382 - INFO - ==================================================
2025-11-24 18:32:59,497 - INFO - Época 84 concluída. Loss média: 2.1348
2025-11-24 18:32:59,497 - INFO - Taxa de aprendizado ajustada para: 0.001000
2025-11-24 18:32:59,499 - INFO - Iniciando inferência com o modelo MobileNetV1...
2025-11-24 18:33:07,134 - INFO - ==================================================
2025-11-24 18:33:07,134 - INFO - EXPERIMENT RESULTS
2025-11-24 18:33:07,134 - INFO - ==================================================
2025-11-24 18:33:07,134 - INFO - Elapsed Time Seconds     : 7.5880
2025-11-24 18:33:07,134 - INFO - Cpu Usage Percent        : 3.7875
2025-11-24 18:33:07,134 - INFO - Ram Peak Usage Bytes     : 24255004672.0000
2025-11-24 18:33:07,134 - INFO - Disk Read Bytes          : 0.0000
2025-11-24 18:33:07,134 - INFO - Disk Write Bytes         : 94208.0000
2025-11-24 18:33:07,134 - INFO - Vram Peak Usage Bytes    : 5197153108.0000
2025-11-24 18:33:07,134 - INFO - Gpu Power Watts Avg      : 97.4146
2025-11-24 18:33:07,134 - INFO - Gpu Power Watts Peak     : 248.8940
2025-11-24 18:33:07,134 - INFO - Gpu Temp Celsius Avg     : 56.2267
2025-11-24 18:33:07,134 - INFO - Gpu Temp Celsius Peak    : 65.0000
2025-11-24 18:33:07,134 - INFO - Gpu Utilization Percent Avg: 16.7733
2025-11-24 18:33:07,134 - INFO - Gpu Utilization Percent Peak: 100.0000
2025-11-24 18:33:07,134 - INFO - Gpu Mem Used Bytes Avg   : 23881515008.0000
2025-11-24 18:33:07,134 - INFO - Gpu Mem Used Bytes Peak  : 23881515008.0000
2025-11-24 18:33:07,134 - INFO - Gpu Vram Used Bytes      : 23881515008.0000
2025-11-24 18:33:07,135 - INFO - Accuracy                 : 0.6030
2025-11-24 18:33:07,135 - INFO - Precision                : 0.6036
2025-11-24 18:33:07,135 - INFO - Recall                   : 0.6030
2025-11-24 18:33:07,135 - INFO - F1 Score                 : 0.6009
2025-11-24 18:33:07,135 - INFO - ==================================================
2025-11-24 18:34:01,820 - INFO - Época 85 concluída. Loss média: 2.1312
2025-11-24 18:34:01,820 - INFO - Taxa de aprendizado ajustada para: 0.001000
2025-11-24 18:34:01,822 - INFO - Iniciando inferência com o modelo MobileNetV1...
2025-11-24 18:34:09,381 - INFO - ==================================================
2025-11-24 18:34:09,381 - INFO - EXPERIMENT RESULTS
2025-11-24 18:34:09,381 - INFO - ==================================================
2025-11-24 18:34:09,381 - INFO - Elapsed Time Seconds     : 7.5111
2025-11-24 18:34:09,381 - INFO - Cpu Usage Percent        : 3.7125
2025-11-24 18:34:09,381 - INFO - Ram Peak Usage Bytes     : 24255033344.0000
2025-11-24 18:34:09,381 - INFO - Disk Read Bytes          : 0.0000
2025-11-24 18:34:09,381 - INFO - Disk Write Bytes         : 90112.0000
2025-11-24 18:34:09,381 - INFO - Vram Peak Usage Bytes    : 5197153108.0000
2025-11-24 18:34:09,381 - INFO - Gpu Power Watts Avg      : 99.5451
2025-11-24 18:34:09,381 - INFO - Gpu Power Watts Peak     : 255.2000
2025-11-24 18:34:09,381 - INFO - Gpu Temp Celsius Avg     : 56.2838
2025-11-24 18:34:09,381 - INFO - Gpu Temp Celsius Peak    : 64.0000
2025-11-24 18:34:09,381 - INFO - Gpu Utilization Percent Avg: 17.0000
2025-11-24 18:34:09,381 - INFO - Gpu Utilization Percent Peak: 100.0000
2025-11-24 18:34:09,381 - INFO - Gpu Mem Used Bytes Avg   : 23881515008.0000
2025-11-24 18:34:09,381 - INFO - Gpu Mem Used Bytes Peak  : 23881515008.0000
2025-11-24 18:34:09,381 - INFO - Gpu Vram Used Bytes      : 23881515008.0000
2025-11-24 18:34:09,381 - INFO - Accuracy                 : 0.6047
2025-11-24 18:34:09,381 - INFO - Precision                : 0.6047
2025-11-24 18:34:09,382 - INFO - Recall                   : 0.6047
2025-11-24 18:34:09,382 - INFO - F1 Score                 : 0.6025
2025-11-24 18:34:09,382 - INFO - ==================================================
2025-11-24 18:35:04,425 - INFO - Época 86 concluída. Loss média: 2.1311
2025-11-24 18:35:04,425 - INFO - Taxa de aprendizado ajustada para: 0.001000
2025-11-24 18:35:04,427 - INFO - Iniciando inferência com o modelo MobileNetV1...
2025-11-24 18:35:12,267 - INFO - ==================================================
2025-11-24 18:35:12,267 - INFO - EXPERIMENT RESULTS
2025-11-24 18:35:12,267 - INFO - ==================================================
2025-11-24 18:35:12,268 - INFO - Elapsed Time Seconds     : 7.7925
2025-11-24 18:35:12,268 - INFO - Cpu Usage Percent        : 3.5438
2025-11-24 18:35:12,268 - INFO - Ram Peak Usage Bytes     : 24255074304.0000
2025-11-24 18:35:12,268 - INFO - Disk Read Bytes          : 0.0000
2025-11-24 18:35:12,268 - INFO - Disk Write Bytes         : 98304.0000
2025-11-24 18:35:12,268 - INFO - Vram Peak Usage Bytes    : 5197153108.0000
2025-11-24 18:35:12,268 - INFO - Gpu Power Watts Avg      : 96.8640
2025-11-24 18:35:12,268 - INFO - Gpu Power Watts Peak     : 247.2420
2025-11-24 18:35:12,268 - INFO - Gpu Temp Celsius Avg     : 56.2208
2025-11-24 18:35:12,268 - INFO - Gpu Temp Celsius Peak    : 64.0000
2025-11-24 18:35:12,268 - INFO - Gpu Utilization Percent Avg: 16.3636
2025-11-24 18:35:12,268 - INFO - Gpu Utilization Percent Peak: 100.0000
2025-11-24 18:35:12,268 - INFO - Gpu Mem Used Bytes Avg   : 23881515008.0000
2025-11-24 18:35:12,268 - INFO - Gpu Mem Used Bytes Peak  : 23881515008.0000
2025-11-24 18:35:12,268 - INFO - Gpu Vram Used Bytes      : 23881515008.0000
2025-11-24 18:35:12,268 - INFO - Accuracy                 : 0.6060
2025-11-24 18:35:12,268 - INFO - Precision                : 0.6066
2025-11-24 18:35:12,268 - INFO - Recall                   : 0.6060
2025-11-24 18:35:12,268 - INFO - F1 Score                 : 0.6038
2025-11-24 18:35:12,268 - INFO - ==================================================
2025-11-24 18:36:07,337 - INFO - Época 87 concluída. Loss média: 2.1279
2025-11-24 18:36:07,337 - INFO - Taxa de aprendizado ajustada para: 0.001000
2025-11-24 18:36:07,339 - INFO - Iniciando inferência com o modelo MobileNetV1...
2025-11-24 18:36:14,902 - INFO - ==================================================
2025-11-24 18:36:14,902 - INFO - EXPERIMENT RESULTS
2025-11-24 18:36:14,902 - INFO - ==================================================
2025-11-24 18:36:14,902 - INFO - Elapsed Time Seconds     : 7.5161
2025-11-24 18:36:14,902 - INFO - Cpu Usage Percent        : 3.6750
2025-11-24 18:36:14,902 - INFO - Ram Peak Usage Bytes     : 24255098880.0000
2025-11-24 18:36:14,902 - INFO - Disk Read Bytes          : 0.0000
2025-11-24 18:36:14,902 - INFO - Disk Write Bytes         : 94208.0000
2025-11-24 18:36:14,902 - INFO - Vram Peak Usage Bytes    : 5197153108.0000
2025-11-24 18:36:14,903 - INFO - Gpu Power Watts Avg      : 99.9751
2025-11-24 18:36:14,903 - INFO - Gpu Power Watts Peak     : 221.5860
2025-11-24 18:36:14,903 - INFO - Gpu Temp Celsius Avg     : 56.3919
2025-11-24 18:36:14,903 - INFO - Gpu Temp Celsius Peak    : 63.0000
2025-11-24 18:36:14,903 - INFO - Gpu Utilization Percent Avg: 17.0270
2025-11-24 18:36:14,903 - INFO - Gpu Utilization Percent Peak: 100.0000
2025-11-24 18:36:14,903 - INFO - Gpu Mem Used Bytes Avg   : 23881515008.0000
2025-11-24 18:36:14,903 - INFO - Gpu Mem Used Bytes Peak  : 23881515008.0000
2025-11-24 18:36:14,903 - INFO - Gpu Vram Used Bytes      : 23881515008.0000
2025-11-24 18:36:14,903 - INFO - Accuracy                 : 0.6036
2025-11-24 18:36:14,903 - INFO - Precision                : 0.6029
2025-11-24 18:36:14,903 - INFO - Recall                   : 0.6036
2025-11-24 18:36:14,903 - INFO - F1 Score                 : 0.6010
2025-11-24 18:36:14,903 - INFO - ==================================================
2025-11-24 18:37:09,509 - INFO - Época 88 concluída. Loss média: 2.1277
2025-11-24 18:37:09,509 - INFO - Taxa de aprendizado ajustada para: 0.001000
2025-11-24 18:37:09,511 - INFO - Iniciando inferência com o modelo MobileNetV1...
2025-11-24 18:37:17,088 - INFO - ==================================================
2025-11-24 18:37:17,088 - INFO - EXPERIMENT RESULTS
2025-11-24 18:37:17,088 - INFO - ==================================================
2025-11-24 18:37:17,088 - INFO - Elapsed Time Seconds     : 7.5291
2025-11-24 18:37:17,088 - INFO - Cpu Usage Percent        : 3.7000
2025-11-24 18:37:17,088 - INFO - Ram Peak Usage Bytes     : 24255164416.0000
2025-11-24 18:37:17,088 - INFO - Disk Read Bytes          : 0.0000
2025-11-24 18:37:17,088 - INFO - Disk Write Bytes         : 98304.0000
2025-11-24 18:37:17,088 - INFO - Vram Peak Usage Bytes    : 5197153108.0000
2025-11-24 18:37:17,088 - INFO - Gpu Power Watts Avg      : 98.7658
2025-11-24 18:37:17,088 - INFO - Gpu Power Watts Peak     : 251.9650
2025-11-24 18:37:17,088 - INFO - Gpu Temp Celsius Avg     : 56.3919
2025-11-24 18:37:17,088 - INFO - Gpu Temp Celsius Peak    : 64.0000
2025-11-24 18:37:17,088 - INFO - Gpu Utilization Percent Avg: 17.0000
2025-11-24 18:37:17,088 - INFO - Gpu Utilization Percent Peak: 100.0000
2025-11-24 18:37:17,088 - INFO - Gpu Mem Used Bytes Avg   : 23881515008.0000
2025-11-24 18:37:17,088 - INFO - Gpu Mem Used Bytes Peak  : 23881515008.0000
2025-11-24 18:37:17,088 - INFO - Gpu Vram Used Bytes      : 23881515008.0000
2025-11-24 18:37:17,089 - INFO - Accuracy                 : 0.6041
2025-11-24 18:37:17,089 - INFO - Precision                : 0.6043
2025-11-24 18:37:17,089 - INFO - Recall                   : 0.6041
2025-11-24 18:37:17,089 - INFO - F1 Score                 : 0.6017
2025-11-24 18:37:17,089 - INFO - ==================================================
2025-11-24 18:38:11,645 - INFO - Época 89 concluída. Loss média: 2.1242
2025-11-24 18:38:11,645 - INFO - Taxa de aprendizado ajustada para: 0.001000
2025-11-24 18:38:11,648 - INFO - Iniciando inferência com o modelo MobileNetV1...
2025-11-24 18:38:19,424 - INFO - ==================================================
2025-11-24 18:38:19,425 - INFO - EXPERIMENT RESULTS
2025-11-24 18:38:19,425 - INFO - ==================================================
2025-11-24 18:38:19,425 - INFO - Elapsed Time Seconds     : 7.7299
2025-11-24 18:38:19,425 - INFO - Cpu Usage Percent        : 3.5875
2025-11-24 18:38:19,425 - INFO - Ram Peak Usage Bytes     : 24255197184.0000
2025-11-24 18:38:19,425 - INFO - Disk Read Bytes          : 0.0000
2025-11-24 18:38:19,425 - INFO - Disk Write Bytes         : 98304.0000
2025-11-24 18:38:19,425 - INFO - Vram Peak Usage Bytes    : 5197153108.0000
2025-11-24 18:38:19,425 - INFO - Gpu Power Watts Avg      : 100.6709
2025-11-24 18:38:19,425 - INFO - Gpu Power Watts Peak     : 253.4610
2025-11-24 18:38:19,425 - INFO - Gpu Temp Celsius Avg     : 56.2105
2025-11-24 18:38:19,425 - INFO - Gpu Temp Celsius Peak    : 63.0000
2025-11-24 18:38:19,425 - INFO - Gpu Utilization Percent Avg: 16.5526
2025-11-24 18:38:19,425 - INFO - Gpu Utilization Percent Peak: 100.0000
2025-11-24 18:38:19,425 - INFO - Gpu Mem Used Bytes Avg   : 23881515008.0000
2025-11-24 18:38:19,425 - INFO - Gpu Mem Used Bytes Peak  : 23881515008.0000
2025-11-24 18:38:19,425 - INFO - Gpu Vram Used Bytes      : 23881515008.0000
2025-11-24 18:38:19,425 - INFO - Accuracy                 : 0.6046
2025-11-24 18:38:19,425 - INFO - Precision                : 0.6057
2025-11-24 18:38:19,425 - INFO - Recall                   : 0.6046
2025-11-24 18:38:19,425 - INFO - F1 Score                 : 0.6026
2025-11-24 18:38:19,425 - INFO - ==================================================
2025-11-24 18:39:14,446 - INFO - Época 90 concluída. Loss média: 2.1264
2025-11-24 18:39:14,446 - INFO - Taxa de aprendizado ajustada para: 0.000100
2025-11-24 18:39:14,449 - INFO - Iniciando inferência com o modelo MobileNetV1...
2025-11-24 18:39:22,052 - INFO - ==================================================
2025-11-24 18:39:22,052 - INFO - EXPERIMENT RESULTS
2025-11-24 18:39:22,052 - INFO - ==================================================
2025-11-24 18:39:22,053 - INFO - Elapsed Time Seconds     : 7.5570
2025-11-24 18:39:22,053 - INFO - Cpu Usage Percent        : 3.7375
2025-11-24 18:39:22,053 - INFO - Ram Peak Usage Bytes     : 24255238144.0000
2025-11-24 18:39:22,053 - INFO - Disk Read Bytes          : 0.0000
2025-11-24 18:39:22,053 - INFO - Disk Write Bytes         : 241664.0000
2025-11-24 18:39:22,053 - INFO - Vram Peak Usage Bytes    : 5197153108.0000
2025-11-24 18:39:22,053 - INFO - Gpu Power Watts Avg      : 98.0859
2025-11-24 18:39:22,053 - INFO - Gpu Power Watts Peak     : 236.4400
2025-11-24 18:39:22,053 - INFO - Gpu Temp Celsius Avg     : 55.9865
2025-11-24 18:39:22,053 - INFO - Gpu Temp Celsius Peak    : 63.0000
2025-11-24 18:39:22,053 - INFO - Gpu Utilization Percent Avg: 16.9189
2025-11-24 18:39:22,053 - INFO - Gpu Utilization Percent Peak: 100.0000
2025-11-24 18:39:22,053 - INFO - Gpu Mem Used Bytes Avg   : 23881515008.0000
2025-11-24 18:39:22,053 - INFO - Gpu Mem Used Bytes Peak  : 23881515008.0000
2025-11-24 18:39:22,053 - INFO - Gpu Vram Used Bytes      : 23881515008.0000
2025-11-24 18:39:22,053 - INFO - Accuracy                 : 0.6044
2025-11-24 18:39:22,053 - INFO - Precision                : 0.6043
2025-11-24 18:39:22,053 - INFO - Recall                   : 0.6044
2025-11-24 18:39:22,053 - INFO - F1 Score                 : 0.6018
2025-11-24 18:39:22,053 - INFO - ==================================================
2025-11-24 18:40:16,360 - INFO - Época 91 concluída. Loss média: 2.1151
2025-11-24 18:40:16,360 - INFO - Taxa de aprendizado ajustada para: 0.000100
2025-11-24 18:40:16,363 - INFO - Iniciando inferência com o modelo MobileNetV1...
2025-11-24 18:40:23,604 - INFO - ==================================================
2025-11-24 18:40:23,604 - INFO - EXPERIMENT RESULTS
2025-11-24 18:40:23,604 - INFO - ==================================================
2025-11-24 18:40:23,604 - INFO - Elapsed Time Seconds     : 7.1935
2025-11-24 18:40:23,604 - INFO - Cpu Usage Percent        : 4.0062
2025-11-24 18:40:23,604 - INFO - Ram Peak Usage Bytes     : 24255283200.0000
2025-11-24 18:40:23,604 - INFO - Disk Read Bytes          : 0.0000
2025-11-24 18:40:23,605 - INFO - Disk Write Bytes         : 200704.0000
2025-11-24 18:40:23,605 - INFO - Vram Peak Usage Bytes    : 5197153108.0000
2025-11-24 18:40:23,605 - INFO - Gpu Power Watts Avg      : 101.5577
2025-11-24 18:40:23,605 - INFO - Gpu Power Watts Peak     : 240.3000
2025-11-24 18:40:23,605 - INFO - Gpu Temp Celsius Avg     : 56.1549
2025-11-24 18:40:23,605 - INFO - Gpu Temp Celsius Peak    : 63.0000
2025-11-24 18:40:23,605 - INFO - Gpu Utilization Percent Avg: 16.2817
2025-11-24 18:40:23,605 - INFO - Gpu Utilization Percent Peak: 100.0000
2025-11-24 18:40:23,605 - INFO - Gpu Mem Used Bytes Avg   : 23881515008.0000
2025-11-24 18:40:23,605 - INFO - Gpu Mem Used Bytes Peak  : 23881515008.0000
2025-11-24 18:40:23,605 - INFO - Gpu Vram Used Bytes      : 23881515008.0000
2025-11-24 18:40:23,605 - INFO - Accuracy                 : 0.6054
2025-11-24 18:40:23,605 - INFO - Precision                : 0.6056
2025-11-24 18:40:23,605 - INFO - Recall                   : 0.6054
2025-11-24 18:40:23,605 - INFO - F1 Score                 : 0.6031
2025-11-24 18:40:23,605 - INFO - ==================================================
2025-11-24 18:41:17,580 - INFO - Época 92 concluída. Loss média: 2.1122
2025-11-24 18:41:17,580 - INFO - Taxa de aprendizado ajustada para: 0.000100
2025-11-24 18:41:17,582 - INFO - Iniciando inferência com o modelo MobileNetV1...
2025-11-24 18:41:25,221 - INFO - ==================================================
2025-11-24 18:41:25,221 - INFO - EXPERIMENT RESULTS
2025-11-24 18:41:25,221 - INFO - ==================================================
2025-11-24 18:41:25,221 - INFO - Elapsed Time Seconds     : 7.5906
2025-11-24 18:41:25,221 - INFO - Cpu Usage Percent        : 3.6562
2025-11-24 18:41:25,221 - INFO - Ram Peak Usage Bytes     : 24255320064.0000
2025-11-24 18:41:25,221 - INFO - Disk Read Bytes          : 0.0000
2025-11-24 18:41:25,221 - INFO - Disk Write Bytes         : 212992.0000
2025-11-24 18:41:25,221 - INFO - Vram Peak Usage Bytes    : 5197153108.0000
2025-11-24 18:41:25,221 - INFO - Gpu Power Watts Avg      : 104.0997
2025-11-24 18:41:25,221 - INFO - Gpu Power Watts Peak     : 255.0990
2025-11-24 18:41:25,221 - INFO - Gpu Temp Celsius Avg     : 56.3200
2025-11-24 18:41:25,221 - INFO - Gpu Temp Celsius Peak    : 64.0000
2025-11-24 18:41:25,221 - INFO - Gpu Utilization Percent Avg: 16.7733
2025-11-24 18:41:25,221 - INFO - Gpu Utilization Percent Peak: 100.0000
2025-11-24 18:41:25,221 - INFO - Gpu Mem Used Bytes Avg   : 23881515008.0000
2025-11-24 18:41:25,221 - INFO - Gpu Mem Used Bytes Peak  : 23881515008.0000
2025-11-24 18:41:25,221 - INFO - Gpu Vram Used Bytes      : 23881515008.0000
2025-11-24 18:41:25,221 - INFO - Accuracy                 : 0.6059
2025-11-24 18:41:25,221 - INFO - Precision                : 0.6062
2025-11-24 18:41:25,222 - INFO - Recall                   : 0.6059
2025-11-24 18:41:25,222 - INFO - F1 Score                 : 0.6036
2025-11-24 18:41:25,222 - INFO - ==================================================
2025-11-24 18:42:19,913 - INFO - Época 93 concluída. Loss média: 2.1138
2025-11-24 18:42:19,914 - INFO - Taxa de aprendizado ajustada para: 0.000100
2025-11-24 18:42:19,916 - INFO - Iniciando inferência com o modelo MobileNetV1...
2025-11-24 18:42:27,478 - INFO - ==================================================
2025-11-24 18:42:27,478 - INFO - EXPERIMENT RESULTS
2025-11-24 18:42:27,478 - INFO - ==================================================
2025-11-24 18:42:27,478 - INFO - Elapsed Time Seconds     : 7.5150
2025-11-24 18:42:27,478 - INFO - Cpu Usage Percent        : 3.6688
2025-11-24 18:42:27,478 - INFO - Ram Peak Usage Bytes     : 24255356928.0000
2025-11-24 18:42:27,478 - INFO - Disk Read Bytes          : 0.0000
2025-11-24 18:42:27,478 - INFO - Disk Write Bytes         : 180224.0000
2025-11-24 18:42:27,478 - INFO - Vram Peak Usage Bytes    : 5197153108.0000
2025-11-24 18:42:27,478 - INFO - Gpu Power Watts Avg      : 96.6236
2025-11-24 18:42:27,478 - INFO - Gpu Power Watts Peak     : 233.7620
2025-11-24 18:42:27,478 - INFO - Gpu Temp Celsius Avg     : 56.0946
2025-11-24 18:42:27,478 - INFO - Gpu Temp Celsius Peak    : 64.0000
2025-11-24 18:42:27,478 - INFO - Gpu Utilization Percent Avg: 16.8649
2025-11-24 18:42:27,478 - INFO - Gpu Utilization Percent Peak: 100.0000
2025-11-24 18:42:27,478 - INFO - Gpu Mem Used Bytes Avg   : 23881515008.0000
2025-11-24 18:42:27,478 - INFO - Gpu Mem Used Bytes Peak  : 23881515008.0000
2025-11-24 18:42:27,478 - INFO - Gpu Vram Used Bytes      : 23881515008.0000
2025-11-24 18:42:27,478 - INFO - Accuracy                 : 0.6062
2025-11-24 18:42:27,478 - INFO - Precision                : 0.6062
2025-11-24 18:42:27,479 - INFO - Recall                   : 0.6062
2025-11-24 18:42:27,479 - INFO - F1 Score                 : 0.6038
2025-11-24 18:42:27,479 - INFO - ==================================================
2025-11-24 18:43:23,423 - INFO - Época 94 concluída. Loss média: 2.1150
2025-11-24 18:43:23,424 - INFO - Taxa de aprendizado ajustada para: 0.000100
2025-11-24 18:43:23,426 - INFO - Iniciando inferência com o modelo MobileNetV1...
2025-11-24 18:43:30,714 - INFO - ==================================================
2025-11-24 18:43:30,715 - INFO - EXPERIMENT RESULTS
2025-11-24 18:43:30,715 - INFO - ==================================================
2025-11-24 18:43:30,715 - INFO - Elapsed Time Seconds     : 7.2420
2025-11-24 18:43:30,715 - INFO - Cpu Usage Percent        : 3.8375
2025-11-24 18:43:30,715 - INFO - Ram Peak Usage Bytes     : 24255426560.0000
2025-11-24 18:43:30,715 - INFO - Disk Read Bytes          : 0.0000
2025-11-24 18:43:30,715 - INFO - Disk Write Bytes         : 98304.0000
2025-11-24 18:43:30,715 - INFO - Vram Peak Usage Bytes    : 5197153108.0000
2025-11-24 18:43:30,715 - INFO - Gpu Power Watts Avg      : 98.8287
2025-11-24 18:43:30,715 - INFO - Gpu Power Watts Peak     : 218.8760
2025-11-24 18:43:30,715 - INFO - Gpu Temp Celsius Avg     : 56.0000
2025-11-24 18:43:30,715 - INFO - Gpu Temp Celsius Peak    : 63.0000
2025-11-24 18:43:30,715 - INFO - Gpu Utilization Percent Avg: 17.6620
2025-11-24 18:43:30,715 - INFO - Gpu Utilization Percent Peak: 100.0000
2025-11-24 18:43:30,715 - INFO - Gpu Mem Used Bytes Avg   : 23881515008.0000
2025-11-24 18:43:30,715 - INFO - Gpu Mem Used Bytes Peak  : 23881515008.0000
2025-11-24 18:43:30,715 - INFO - Gpu Vram Used Bytes      : 23881515008.0000
2025-11-24 18:43:30,716 - INFO - Accuracy                 : 0.6054
2025-11-24 18:43:30,716 - INFO - Precision                : 0.6055
2025-11-24 18:43:30,716 - INFO - Recall                   : 0.6054
2025-11-24 18:43:30,716 - INFO - F1 Score                 : 0.6030
2025-11-24 18:43:30,716 - INFO - ==================================================
2025-11-24 18:44:26,075 - INFO - Época 95 concluída. Loss média: 2.1194
2025-11-24 18:44:26,075 - INFO - Taxa de aprendizado ajustada para: 0.000100
2025-11-24 18:44:26,077 - INFO - Iniciando inferência com o modelo MobileNetV1...
2025-11-24 18:44:33,763 - INFO - ==================================================
2025-11-24 18:44:33,763 - INFO - EXPERIMENT RESULTS
2025-11-24 18:44:33,763 - INFO - ==================================================
2025-11-24 18:44:33,764 - INFO - Elapsed Time Seconds     : 7.6393
2025-11-24 18:44:33,764 - INFO - Cpu Usage Percent        : 3.6313
2025-11-24 18:44:33,764 - INFO - Ram Peak Usage Bytes     : 24255459328.0000
2025-11-24 18:44:33,764 - INFO - Disk Read Bytes          : 0.0000
2025-11-24 18:44:33,764 - INFO - Disk Write Bytes         : 217088.0000
2025-11-24 18:44:33,764 - INFO - Vram Peak Usage Bytes    : 5197153108.0000
2025-11-24 18:44:33,764 - INFO - Gpu Power Watts Avg      : 95.9324
2025-11-24 18:44:33,764 - INFO - Gpu Power Watts Peak     : 239.2220
2025-11-24 18:44:33,764 - INFO - Gpu Temp Celsius Avg     : 55.9467
2025-11-24 18:44:33,764 - INFO - Gpu Temp Celsius Peak    : 63.0000
2025-11-24 18:44:33,764 - INFO - Gpu Utilization Percent Avg: 16.7733
2025-11-24 18:44:33,764 - INFO - Gpu Utilization Percent Peak: 100.0000
2025-11-24 18:44:33,764 - INFO - Gpu Mem Used Bytes Avg   : 23881515008.0000
2025-11-24 18:44:33,764 - INFO - Gpu Mem Used Bytes Peak  : 23881515008.0000
2025-11-24 18:44:33,764 - INFO - Gpu Vram Used Bytes      : 23881515008.0000
2025-11-24 18:44:33,764 - INFO - Accuracy                 : 0.6070
2025-11-24 18:44:33,764 - INFO - Precision                : 0.6072
2025-11-24 18:44:33,764 - INFO - Recall                   : 0.6070
2025-11-24 18:44:33,764 - INFO - F1 Score                 : 0.6048
2025-11-24 18:44:33,764 - INFO - ==================================================
2025-11-24 18:45:29,360 - INFO - Época 96 concluída. Loss média: 2.1157
2025-11-24 18:45:29,360 - INFO - Taxa de aprendizado ajustada para: 0.000100
2025-11-24 18:45:29,363 - INFO - Iniciando inferência com o modelo MobileNetV1...
2025-11-24 18:45:36,935 - INFO - ==================================================
2025-11-24 18:45:36,935 - INFO - EXPERIMENT RESULTS
2025-11-24 18:45:36,935 - INFO - ==================================================
2025-11-24 18:45:36,935 - INFO - Elapsed Time Seconds     : 7.5252
2025-11-24 18:45:36,935 - INFO - Cpu Usage Percent        : 3.6938
2025-11-24 18:45:36,935 - INFO - Ram Peak Usage Bytes     : 24255524864.0000
2025-11-24 18:45:36,935 - INFO - Disk Read Bytes          : 0.0000
2025-11-24 18:45:36,935 - INFO - Disk Write Bytes         : 98304.0000
2025-11-24 18:45:36,935 - INFO - Vram Peak Usage Bytes    : 5197153108.0000
2025-11-24 18:45:36,935 - INFO - Gpu Power Watts Avg      : 93.7020
2025-11-24 18:45:36,935 - INFO - Gpu Power Watts Peak     : 242.6920
2025-11-24 18:45:36,935 - INFO - Gpu Temp Celsius Avg     : 55.8108
2025-11-24 18:45:36,935 - INFO - Gpu Temp Celsius Peak    : 63.0000
2025-11-24 18:45:36,935 - INFO - Gpu Utilization Percent Avg: 16.0676
2025-11-24 18:45:36,935 - INFO - Gpu Utilization Percent Peak: 100.0000
2025-11-24 18:45:36,935 - INFO - Gpu Mem Used Bytes Avg   : 23881515008.0000
2025-11-24 18:45:36,935 - INFO - Gpu Mem Used Bytes Peak  : 23881515008.0000
2025-11-24 18:45:36,935 - INFO - Gpu Vram Used Bytes      : 23881515008.0000
2025-11-24 18:45:36,936 - INFO - Accuracy                 : 0.6062
2025-11-24 18:45:36,936 - INFO - Precision                : 0.6056
2025-11-24 18:45:36,936 - INFO - Recall                   : 0.6062
2025-11-24 18:45:36,936 - INFO - F1 Score                 : 0.6036
2025-11-24 18:45:36,936 - INFO - ==================================================
2025-11-24 18:46:31,642 - INFO - Época 97 concluída. Loss média: 2.1152
2025-11-24 18:46:31,642 - INFO - Taxa de aprendizado ajustada para: 0.000100
2025-11-24 18:46:31,644 - INFO - Iniciando inferência com o modelo MobileNetV1...
2025-11-24 18:46:39,177 - INFO - ==================================================
2025-11-24 18:46:39,178 - INFO - EXPERIMENT RESULTS
2025-11-24 18:46:39,178 - INFO - ==================================================
2025-11-24 18:46:39,178 - INFO - Elapsed Time Seconds     : 7.4862
2025-11-24 18:46:39,178 - INFO - Cpu Usage Percent        : 3.8563
2025-11-24 18:46:39,178 - INFO - Ram Peak Usage Bytes     : 24255553536.0000
2025-11-24 18:46:39,178 - INFO - Disk Read Bytes          : 0.0000
2025-11-24 18:46:39,178 - INFO - Disk Write Bytes         : 94208.0000
2025-11-24 18:46:39,178 - INFO - Vram Peak Usage Bytes    : 5197153108.0000
2025-11-24 18:46:39,178 - INFO - Gpu Power Watts Avg      : 100.4268
2025-11-24 18:46:39,178 - INFO - Gpu Power Watts Peak     : 233.5820
2025-11-24 18:46:39,178 - INFO - Gpu Temp Celsius Avg     : 56.2973
2025-11-24 18:46:39,178 - INFO - Gpu Temp Celsius Peak    : 64.0000
2025-11-24 18:46:39,178 - INFO - Gpu Utilization Percent Avg: 16.8514
2025-11-24 18:46:39,178 - INFO - Gpu Utilization Percent Peak: 100.0000
2025-11-24 18:46:39,178 - INFO - Gpu Mem Used Bytes Avg   : 23881515008.0000
2025-11-24 18:46:39,178 - INFO - Gpu Mem Used Bytes Peak  : 23881515008.0000
2025-11-24 18:46:39,178 - INFO - Gpu Vram Used Bytes      : 23881515008.0000
2025-11-24 18:46:39,178 - INFO - Accuracy                 : 0.6065
2025-11-24 18:46:39,178 - INFO - Precision                : 0.6062
2025-11-24 18:46:39,178 - INFO - Recall                   : 0.6065
2025-11-24 18:46:39,178 - INFO - F1 Score                 : 0.6040
2025-11-24 18:46:39,178 - INFO - ==================================================
2025-11-24 18:47:34,897 - INFO - Época 98 concluída. Loss média: 2.1172
2025-11-24 18:47:34,897 - INFO - Taxa de aprendizado ajustada para: 0.000100
2025-11-24 18:47:34,899 - INFO - Iniciando inferência com o modelo MobileNetV1...
2025-11-24 18:47:42,637 - INFO - ==================================================
2025-11-24 18:47:42,638 - INFO - EXPERIMENT RESULTS
2025-11-24 18:47:42,638 - INFO - ==================================================
2025-11-24 18:47:42,638 - INFO - Elapsed Time Seconds     : 7.6914
2025-11-24 18:47:42,638 - INFO - Cpu Usage Percent        : 3.7437
2025-11-24 18:47:42,638 - INFO - Ram Peak Usage Bytes     : 24257277952.0000
2025-11-24 18:47:42,638 - INFO - Disk Read Bytes          : 0.0000
2025-11-24 18:47:42,638 - INFO - Disk Write Bytes         : 94208.0000
2025-11-24 18:47:42,638 - INFO - Vram Peak Usage Bytes    : 5197153108.0000
2025-11-24 18:47:42,638 - INFO - Gpu Power Watts Avg      : 98.5513
2025-11-24 18:47:42,638 - INFO - Gpu Power Watts Peak     : 253.4020
2025-11-24 18:47:42,638 - INFO - Gpu Temp Celsius Avg     : 55.8553
2025-11-24 18:47:42,638 - INFO - Gpu Temp Celsius Peak    : 63.0000
2025-11-24 18:47:42,638 - INFO - Gpu Utilization Percent Avg: 17.4737
2025-11-24 18:47:42,638 - INFO - Gpu Utilization Percent Peak: 100.0000
2025-11-24 18:47:42,638 - INFO - Gpu Mem Used Bytes Avg   : 23881515008.0000
2025-11-24 18:47:42,638 - INFO - Gpu Mem Used Bytes Peak  : 23881515008.0000
2025-11-24 18:47:42,638 - INFO - Gpu Vram Used Bytes      : 23881515008.0000
2025-11-24 18:47:42,638 - INFO - Accuracy                 : 0.6041
2025-11-24 18:47:42,638 - INFO - Precision                : 0.6038
2025-11-24 18:47:42,638 - INFO - Recall                   : 0.6041
2025-11-24 18:47:42,638 - INFO - F1 Score                 : 0.6017
2025-11-24 18:47:42,638 - INFO - ==================================================
2025-11-24 18:48:37,069 - INFO - Época 99 concluída. Loss média: 2.1163
2025-11-24 18:48:37,070 - INFO - Taxa de aprendizado ajustada para: 0.000100
2025-11-24 18:48:37,072 - INFO - Iniciando inferência com o modelo MobileNetV1...
2025-11-24 18:48:44,412 - INFO - ==================================================
2025-11-24 18:48:44,412 - INFO - EXPERIMENT RESULTS
2025-11-24 18:48:44,412 - INFO - ==================================================
2025-11-24 18:48:44,412 - INFO - Elapsed Time Seconds     : 7.2930
2025-11-24 18:48:44,412 - INFO - Cpu Usage Percent        : 3.7938
2025-11-24 18:48:44,412 - INFO - Ram Peak Usage Bytes     : 24259047424.0000
2025-11-24 18:48:44,412 - INFO - Disk Read Bytes          : 0.0000
2025-11-24 18:48:44,412 - INFO - Disk Write Bytes         : 94208.0000
2025-11-24 18:48:44,412 - INFO - Vram Peak Usage Bytes    : 5197153108.0000
2025-11-24 18:48:44,412 - INFO - Gpu Power Watts Avg      : 96.8862
2025-11-24 18:48:44,412 - INFO - Gpu Power Watts Peak     : 236.6280
2025-11-24 18:48:44,412 - INFO - Gpu Temp Celsius Avg     : 56.1806
2025-11-24 18:48:44,412 - INFO - Gpu Temp Celsius Peak    : 63.0000
2025-11-24 18:48:44,412 - INFO - Gpu Utilization Percent Avg: 17.4444
2025-11-24 18:48:44,412 - INFO - Gpu Utilization Percent Peak: 99.0000
2025-11-24 18:48:44,412 - INFO - Gpu Mem Used Bytes Avg   : 23881515008.0000
2025-11-24 18:48:44,412 - INFO - Gpu Mem Used Bytes Peak  : 23881515008.0000
2025-11-24 18:48:44,412 - INFO - Gpu Vram Used Bytes      : 23881515008.0000
2025-11-24 18:48:44,412 - INFO - Accuracy                 : 0.6047
2025-11-24 18:48:44,413 - INFO - Precision                : 0.6045
2025-11-24 18:48:44,413 - INFO - Recall                   : 0.6047
2025-11-24 18:48:44,413 - INFO - F1 Score                 : 0.6024
2025-11-24 18:48:44,413 - INFO - ==================================================
2025-11-24 18:49:39,847 - INFO - Época 100 concluída. Loss média: 2.1160
2025-11-24 18:49:39,847 - INFO - Taxa de aprendizado ajustada para: 0.000100
2025-11-24 18:49:39,849 - INFO - Iniciando inferência com o modelo MobileNetV1...
2025-11-24 18:49:47,455 - INFO - ==================================================
2025-11-24 18:49:47,455 - INFO - EXPERIMENT RESULTS
2025-11-24 18:49:47,455 - INFO - ==================================================
2025-11-24 18:49:47,455 - INFO - Elapsed Time Seconds     : 7.5582
2025-11-24 18:49:47,456 - INFO - Cpu Usage Percent        : 3.6938
2025-11-24 18:49:47,456 - INFO - Ram Peak Usage Bytes     : 24259067904.0000
2025-11-24 18:49:47,456 - INFO - Disk Read Bytes          : 0.0000
2025-11-24 18:49:47,456 - INFO - Disk Write Bytes         : 98304.0000
2025-11-24 18:49:47,456 - INFO - Vram Peak Usage Bytes    : 5197153108.0000
2025-11-24 18:49:47,456 - INFO - Gpu Power Watts Avg      : 99.9157
2025-11-24 18:49:47,456 - INFO - Gpu Power Watts Peak     : 255.7120
2025-11-24 18:49:47,456 - INFO - Gpu Temp Celsius Avg     : 56.1486
2025-11-24 18:49:47,456 - INFO - Gpu Temp Celsius Peak    : 63.0000
2025-11-24 18:49:47,456 - INFO - Gpu Utilization Percent Avg: 17.0000
2025-11-24 18:49:47,456 - INFO - Gpu Utilization Percent Peak: 100.0000
2025-11-24 18:49:47,456 - INFO - Gpu Mem Used Bytes Avg   : 23881515008.0000
2025-11-24 18:49:47,456 - INFO - Gpu Mem Used Bytes Peak  : 23881515008.0000
2025-11-24 18:49:47,456 - INFO - Gpu Vram Used Bytes      : 23881515008.0000
2025-11-24 18:49:47,456 - INFO - Accuracy                 : 0.6043
2025-11-24 18:49:47,456 - INFO - Precision                : 0.6044
2025-11-24 18:49:47,456 - INFO - Recall                   : 0.6043
2025-11-24 18:49:47,456 - INFO - F1 Score                 : 0.6020
2025-11-24 18:49:47,456 - INFO - ==================================================
2025-11-24 18:49:47,516 - INFO - Métricas de performance do treinamento:
2025-11-24 18:49:47,516 - INFO - ==================================================
2025-11-24 18:49:47,516 - INFO - EXPERIMENT RESULTS
2025-11-24 18:49:47,516 - INFO - ==================================================
2025-11-24 18:49:47,516 - INFO - Elapsed Time Seconds     : 6301.2685
2025-11-24 18:49:47,516 - INFO - Cpu Usage Percent        : 7.5062
2025-11-24 18:49:47,516 - INFO - Ram Peak Usage Bytes     : 24259055616.0000
2025-11-24 18:49:47,516 - INFO - Disk Read Bytes          : 77316096.0000
2025-11-24 18:49:47,517 - INFO - Disk Write Bytes         : 429174784.0000
2025-11-24 18:49:47,517 - INFO - Vram Peak Usage Bytes    : 5197153108.0000
2025-11-24 18:49:47,517 - INFO - Gpu Power Watts Avg      : 194.7247
2025-11-24 18:49:47,517 - INFO - Gpu Power Watts Peak     : 358.8660
2025-11-24 18:49:47,517 - INFO - Gpu Temp Celsius Avg     : 58.5431
2025-11-24 18:49:47,517 - INFO - Gpu Temp Celsius Peak    : 67.0000
2025-11-24 18:49:47,517 - INFO - Gpu Utilization Percent Avg: 57.9292
2025-11-24 18:49:47,517 - INFO - Gpu Utilization Percent Peak: 100.0000
2025-11-24 18:49:47,517 - INFO - Gpu Mem Used Bytes Avg   : 23792856822.1181
2025-11-24 18:49:47,517 - INFO - Gpu Mem Used Bytes Peak  : 23881515008.0000
2025-11-24 18:49:47,517 - INFO - Gpu Vram Used Bytes      : 23881515008.0000
2025-11-24 18:49:47,517 - INFO - ==================================================
2025-11-24 18:49:48,010 - INFO - Modelo salvo em: trained_models/mobilenet_V1_final.pth
2025-11-24 18:49:48,030 - INFO - Pipeline de treinamento concluído. Modelo salvo em: trained_models/mobilenet_V1_final.pth
2025-11-24 18:49:48,030 - INFO - Iniciando pipeline de inferência para avaliação final no conjunto de validação...
2025-11-24 18:49:48,168 - INFO - Iniciando inferência com o modelo MobileNetV1...
2025-11-24 18:49:55,720 - INFO - ==================================================
2025-11-24 18:49:55,721 - INFO - EXPERIMENT RESULTS
2025-11-24 18:49:55,721 - INFO - ==================================================
2025-11-24 18:49:55,721 - INFO - Elapsed Time Seconds     : 7.5055
2025-11-24 18:49:55,721 - INFO - Cpu Usage Percent        : 3.7125
2025-11-24 18:49:55,721 - INFO - Ram Peak Usage Bytes     : 24262406144.0000
2025-11-24 18:49:55,721 - INFO - Disk Read Bytes          : 0.0000
2025-11-24 18:49:55,721 - INFO - Disk Write Bytes         : 184320.0000
2025-11-24 18:49:55,721 - INFO - Vram Peak Usage Bytes    : 4764963848.0000
2025-11-24 18:49:55,721 - INFO - Gpu Power Watts Avg      : 83.2638
2025-11-24 18:49:55,721 - INFO - Gpu Power Watts Peak     : 231.1030
2025-11-24 18:49:55,721 - INFO - Gpu Temp Celsius Avg     : 54.7027
2025-11-24 18:49:55,721 - INFO - Gpu Temp Celsius Peak    : 62.0000
2025-11-24 18:49:55,721 - INFO - Gpu Utilization Percent Avg: 15.5676
2025-11-24 18:49:55,721 - INFO - Gpu Utilization Percent Peak: 100.0000
2025-11-24 18:49:55,721 - INFO - Gpu Mem Used Bytes Avg   : 23881515008.0000
2025-11-24 18:49:55,721 - INFO - Gpu Mem Used Bytes Peak  : 23881515008.0000
2025-11-24 18:49:55,721 - INFO - Gpu Vram Used Bytes      : 23881515008.0000
2025-11-24 18:49:55,721 - INFO - Accuracy                 : 0.6043
2025-11-24 18:49:55,721 - INFO - Precision                : 0.6044
2025-11-24 18:49:55,721 - INFO - Recall                   : 0.6043
2025-11-24 18:49:55,721 - INFO - F1 Score                 : 0.6020
2025-11-24 18:49:55,721 - INFO - ==================================================
2025-11-24 18:49:55,722 - INFO - Projeto executado com sucesso!
