2025-11-28 04:48:10,440 - INFO - ==================================================
2025-11-28 04:48:10,440 - INFO - EXPERIMENT CONFIGURATION
2025-11-28 04:48:10,440 - INFO - ==================================================
2025-11-28 04:48:10,440 - INFO - Model Name          : resnet34
2025-11-28 04:48:10,440 - INFO - Config File         : configs/resnet34_config.yaml
2025-11-28 04:48:10,440 - INFO - Train Data          : /scratch/ehdmenezes//tiny-imagenet-200/train
2025-11-28 04:48:10,440 - INFO - Validation Data     : /scratch/ehdmenezes//tiny-imagenet-200/val
2025-11-28 04:48:10,440 - INFO - model_params        : {'num_classes': 200}
2025-11-28 04:48:10,440 - INFO - train_params        : {'epochs': 100, 'batch_size': 64, 'learning_rate': 0.1}
2025-11-28 04:48:10,440 - INFO - inference_params    : {'batch_size': 64}
2025-11-28 04:48:10,440 - INFO - scheduler_params    : {'type': 'StepLR', 'step_size': 30, 'gamma': 0.1}
2025-11-28 04:48:10,440 - INFO - ==================================================
2025-11-28 04:48:10,455 - INFO - Semente aleatória para esta execução foi fixada em: 82
2025-11-28 04:48:10,455 - INFO - Configuração de treinamento: {'model_params': {'num_classes': 200}, 'train_params': {'epochs': 100, 'batch_size': 64, 'learning_rate': 0.1}, 'inference_params': {'batch_size': 64}, 'scheduler_params': {'type': 'StepLR', 'step_size': 30, 'gamma': 0.1}}
2025-11-28 04:48:10,899 - INFO - Usando otimizador SGD com momento e weight decay.
2025-11-28 04:48:10,900 - INFO - Usando StepLR scheduler com step_size=30 e gamma=0.1.
2025-11-28 04:48:10,900 - INFO - AMP (Automatic Mixed Precision) ativado.
2025-11-28 04:48:10,900 - INFO - Iniciando treinamento do modelo resnet34 no dispositivo cuda.
2025-11-28 04:58:25,183 - INFO - Época 1 concluída. Loss média: 5.0684
2025-11-28 04:58:25,183 - INFO - Taxa de aprendizado ajustada para: 0.100000
2025-11-28 04:58:25,184 - INFO - Iniciando inferência com o modelo ResNet...
2025-11-28 04:58:43,094 - INFO - ==================================================
2025-11-28 04:58:43,094 - INFO - EXPERIMENT RESULTS
2025-11-28 04:58:43,095 - INFO - ==================================================
2025-11-28 04:58:43,095 - INFO - Elapsed Time Seconds     : 17.8723
2025-11-28 04:58:43,095 - INFO - Cpu Usage Percent        : 3.3687
2025-11-28 04:58:43,095 - INFO - Ram Peak Usage Bytes     : 3811536896.0000
2025-11-28 04:58:43,095 - INFO - Disk Read Bytes          : 0.0000
2025-11-28 04:58:43,095 - INFO - Disk Write Bytes         : 2912256.0000
2025-11-28 04:58:43,095 - INFO - Vram Peak Usage Bytes    : 2840555052.0000
2025-11-28 04:58:43,095 - INFO - Gpu Power Watts Avg      : 342.9023
2025-11-28 04:58:43,095 - INFO - Gpu Power Watts Peak     : 353.3870
2025-11-28 04:58:43,095 - INFO - Gpu Temp Celsius Avg     : 62.7910
2025-11-28 04:58:43,095 - INFO - Gpu Temp Celsius Peak    : 65.0000
2025-11-28 04:58:43,095 - INFO - Gpu Utilization Percent Avg: 96.5763
2025-11-28 04:58:43,095 - INFO - Gpu Utilization Percent Peak: 100.0000
2025-11-28 04:58:43,095 - INFO - Gpu Mem Used Bytes Avg   : 15618747976.3164
2025-11-28 04:58:43,095 - INFO - Gpu Mem Used Bytes Peak  : 15620833280.0000
2025-11-28 04:58:43,095 - INFO - Gpu Vram Used Bytes      : 15620833280.0000
2025-11-28 04:58:43,095 - INFO - Accuracy                 : 0.0473
2025-11-28 04:58:43,095 - INFO - Precision                : 0.0346
2025-11-28 04:58:43,095 - INFO - Recall                   : 0.0473
2025-11-28 04:58:43,095 - INFO - F1 Score                 : 0.0268
2025-11-28 04:58:43,095 - INFO - ==================================================
2025-11-28 05:08:57,669 - INFO - Época 2 concluída. Loss média: 4.8342
2025-11-28 05:08:57,669 - INFO - Taxa de aprendizado ajustada para: 0.100000
2025-11-28 05:08:57,672 - INFO - Iniciando inferência com o modelo ResNet...
2025-11-28 05:09:15,403 - INFO - ==================================================
2025-11-28 05:09:15,403 - INFO - EXPERIMENT RESULTS
2025-11-28 05:09:15,403 - INFO - ==================================================
2025-11-28 05:09:15,403 - INFO - Elapsed Time Seconds     : 17.6942
2025-11-28 05:09:15,403 - INFO - Cpu Usage Percent        : 3.5875
2025-11-28 05:09:15,403 - INFO - Ram Peak Usage Bytes     : 3859066880.0000
2025-11-28 05:09:15,403 - INFO - Disk Read Bytes          : 0.0000
2025-11-28 05:09:15,403 - INFO - Disk Write Bytes         : 860160.0000
2025-11-28 05:09:15,404 - INFO - Vram Peak Usage Bytes    : 2840555052.0000
2025-11-28 05:09:15,404 - INFO - Gpu Power Watts Avg      : 344.9288
2025-11-28 05:09:15,404 - INFO - Gpu Power Watts Peak     : 353.6490
2025-11-28 05:09:15,404 - INFO - Gpu Temp Celsius Avg     : 63.0400
2025-11-28 05:09:15,404 - INFO - Gpu Temp Celsius Peak    : 65.0000
2025-11-28 05:09:15,404 - INFO - Gpu Utilization Percent Avg: 97.0914
2025-11-28 05:09:15,404 - INFO - Gpu Utilization Percent Peak: 100.0000
2025-11-28 05:09:15,404 - INFO - Gpu Mem Used Bytes Avg   : 15620833280.0000
2025-11-28 05:09:15,404 - INFO - Gpu Mem Used Bytes Peak  : 15620833280.0000
2025-11-28 05:09:15,404 - INFO - Gpu Vram Used Bytes      : 15620833280.0000
2025-11-28 05:09:15,404 - INFO - Accuracy                 : 0.0710
2025-11-28 05:09:15,404 - INFO - Precision                : 0.0703
2025-11-28 05:09:15,404 - INFO - Recall                   : 0.0710
2025-11-28 05:09:15,404 - INFO - F1 Score                 : 0.0488
2025-11-28 05:09:15,404 - INFO - ==================================================
2025-11-28 05:19:29,708 - INFO - Época 3 concluída. Loss média: 4.5777
2025-11-28 05:19:29,708 - INFO - Taxa de aprendizado ajustada para: 0.100000
2025-11-28 05:19:29,712 - INFO - Iniciando inferência com o modelo ResNet...
2025-11-28 05:19:47,519 - INFO - ==================================================
2025-11-28 05:19:47,519 - INFO - EXPERIMENT RESULTS
2025-11-28 05:19:47,519 - INFO - ==================================================
2025-11-28 05:19:47,519 - INFO - Elapsed Time Seconds     : 17.7720
2025-11-28 05:19:47,519 - INFO - Cpu Usage Percent        : 3.6375
2025-11-28 05:19:47,519 - INFO - Ram Peak Usage Bytes     : 3859648512.0000
2025-11-28 05:19:47,519 - INFO - Disk Read Bytes          : 0.0000
2025-11-28 05:19:47,519 - INFO - Disk Write Bytes         : 626688.0000
2025-11-28 05:19:47,519 - INFO - Vram Peak Usage Bytes    : 2840555052.0000
2025-11-28 05:19:47,519 - INFO - Gpu Power Watts Avg      : 343.8093
2025-11-28 05:19:47,519 - INFO - Gpu Power Watts Peak     : 353.4210
2025-11-28 05:19:47,519 - INFO - Gpu Temp Celsius Avg     : 62.8068
2025-11-28 05:19:47,519 - INFO - Gpu Temp Celsius Peak    : 65.0000
2025-11-28 05:19:47,519 - INFO - Gpu Utilization Percent Avg: 96.6250
2025-11-28 05:19:47,519 - INFO - Gpu Utilization Percent Peak: 100.0000
2025-11-28 05:19:47,519 - INFO - Gpu Mem Used Bytes Avg   : 15620833280.0000
2025-11-28 05:19:47,519 - INFO - Gpu Mem Used Bytes Peak  : 15620833280.0000
2025-11-28 05:19:47,519 - INFO - Gpu Vram Used Bytes      : 15620833280.0000
2025-11-28 05:19:47,519 - INFO - Accuracy                 : 0.1080
2025-11-28 05:19:47,519 - INFO - Precision                : 0.1255
2025-11-28 05:19:47,520 - INFO - Recall                   : 0.1080
2025-11-28 05:19:47,520 - INFO - F1 Score                 : 0.0798
2025-11-28 05:19:47,520 - INFO - ==================================================
2025-11-28 05:30:01,991 - INFO - Época 4 concluída. Loss média: 4.3898
2025-11-28 05:30:01,992 - INFO - Taxa de aprendizado ajustada para: 0.100000
2025-11-28 05:30:01,995 - INFO - Iniciando inferência com o modelo ResNet...
2025-11-28 05:30:19,828 - INFO - ==================================================
2025-11-28 05:30:19,828 - INFO - EXPERIMENT RESULTS
2025-11-28 05:30:19,828 - INFO - ==================================================
2025-11-28 05:30:19,828 - INFO - Elapsed Time Seconds     : 17.7956
2025-11-28 05:30:19,828 - INFO - Cpu Usage Percent        : 3.6375
2025-11-28 05:30:19,828 - INFO - Ram Peak Usage Bytes     : 3861073920.0000
2025-11-28 05:30:19,828 - INFO - Disk Read Bytes          : 0.0000
2025-11-28 05:30:19,828 - INFO - Disk Write Bytes         : 868352.0000
2025-11-28 05:30:19,828 - INFO - Vram Peak Usage Bytes    : 2840555052.0000
2025-11-28 05:30:19,828 - INFO - Gpu Power Watts Avg      : 341.3894
2025-11-28 05:30:19,828 - INFO - Gpu Power Watts Peak     : 351.5170
2025-11-28 05:30:19,828 - INFO - Gpu Temp Celsius Avg     : 62.7955
2025-11-28 05:30:19,828 - INFO - Gpu Temp Celsius Peak    : 64.0000
2025-11-28 05:30:19,828 - INFO - Gpu Utilization Percent Avg: 96.5795
2025-11-28 05:30:19,828 - INFO - Gpu Utilization Percent Peak: 100.0000
2025-11-28 05:30:19,828 - INFO - Gpu Mem Used Bytes Avg   : 15620833280.0000
2025-11-28 05:30:19,828 - INFO - Gpu Mem Used Bytes Peak  : 15620833280.0000
2025-11-28 05:30:19,828 - INFO - Gpu Vram Used Bytes      : 15620833280.0000
2025-11-28 05:30:19,829 - INFO - Accuracy                 : 0.1535
2025-11-28 05:30:19,829 - INFO - Precision                : 0.1811
2025-11-28 05:30:19,829 - INFO - Recall                   : 0.1535
2025-11-28 05:30:19,829 - INFO - F1 Score                 : 0.1180
2025-11-28 05:30:19,829 - INFO - ==================================================
2025-11-28 05:40:34,375 - INFO - Época 5 concluída. Loss média: 4.2739
2025-11-28 05:40:34,375 - INFO - Taxa de aprendizado ajustada para: 0.100000
2025-11-28 05:40:34,379 - INFO - Iniciando inferência com o modelo ResNet...
2025-11-28 05:40:52,097 - INFO - ==================================================
2025-11-28 05:40:52,097 - INFO - EXPERIMENT RESULTS
2025-11-28 05:40:52,097 - INFO - ==================================================
2025-11-28 05:40:52,097 - INFO - Elapsed Time Seconds     : 17.6815
2025-11-28 05:40:52,097 - INFO - Cpu Usage Percent        : 3.6562
2025-11-28 05:40:52,097 - INFO - Ram Peak Usage Bytes     : 3861512192.0000
2025-11-28 05:40:52,097 - INFO - Disk Read Bytes          : 0.0000
2025-11-28 05:40:52,097 - INFO - Disk Write Bytes         : 626688.0000
2025-11-28 05:40:52,097 - INFO - Vram Peak Usage Bytes    : 2840555052.0000
2025-11-28 05:40:52,098 - INFO - Gpu Power Watts Avg      : 340.3227
2025-11-28 05:40:52,098 - INFO - Gpu Power Watts Peak     : 349.1110
2025-11-28 05:40:52,098 - INFO - Gpu Temp Celsius Avg     : 62.7257
2025-11-28 05:40:52,098 - INFO - Gpu Temp Celsius Peak    : 64.0000
2025-11-28 05:40:52,098 - INFO - Gpu Utilization Percent Avg: 96.9543
2025-11-28 05:40:52,098 - INFO - Gpu Utilization Percent Peak: 100.0000
2025-11-28 05:40:52,098 - INFO - Gpu Mem Used Bytes Avg   : 15755051008.0000
2025-11-28 05:40:52,098 - INFO - Gpu Mem Used Bytes Peak  : 15755051008.0000
2025-11-28 05:40:52,098 - INFO - Gpu Vram Used Bytes      : 15755051008.0000
2025-11-28 05:40:52,098 - INFO - Accuracy                 : 0.1534
2025-11-28 05:40:52,098 - INFO - Precision                : 0.1986
2025-11-28 05:40:52,098 - INFO - Recall                   : 0.1534
2025-11-28 05:40:52,098 - INFO - F1 Score                 : 0.1259
2025-11-28 05:40:52,098 - INFO - ==================================================
2025-11-28 05:51:05,093 - INFO - Época 6 concluída. Loss média: 4.1933
2025-11-28 05:51:05,094 - INFO - Taxa de aprendizado ajustada para: 0.100000
2025-11-28 05:51:05,097 - INFO - Iniciando inferência com o modelo ResNet...
2025-11-28 05:51:22,828 - INFO - ==================================================
2025-11-28 05:51:22,828 - INFO - EXPERIMENT RESULTS
2025-11-28 05:51:22,828 - INFO - ==================================================
2025-11-28 05:51:22,828 - INFO - Elapsed Time Seconds     : 17.6940
2025-11-28 05:51:22,828 - INFO - Cpu Usage Percent        : 3.6625
2025-11-28 05:51:22,828 - INFO - Ram Peak Usage Bytes     : 3862077440.0000
2025-11-28 05:51:22,828 - INFO - Disk Read Bytes          : 0.0000
2025-11-28 05:51:22,828 - INFO - Disk Write Bytes         : 786432.0000
2025-11-28 05:51:22,828 - INFO - Vram Peak Usage Bytes    : 2840555052.0000
2025-11-28 05:51:22,828 - INFO - Gpu Power Watts Avg      : 340.0458
2025-11-28 05:51:22,828 - INFO - Gpu Power Watts Peak     : 349.6570
2025-11-28 05:51:22,828 - INFO - Gpu Temp Celsius Avg     : 62.6343
2025-11-28 05:51:22,828 - INFO - Gpu Temp Celsius Peak    : 64.0000
2025-11-28 05:51:22,828 - INFO - Gpu Utilization Percent Avg: 96.8057
2025-11-28 05:51:22,829 - INFO - Gpu Utilization Percent Peak: 100.0000
2025-11-28 05:51:22,829 - INFO - Gpu Mem Used Bytes Avg   : 15755051008.0000
2025-11-28 05:51:22,829 - INFO - Gpu Mem Used Bytes Peak  : 15755051008.0000
2025-11-28 05:51:22,829 - INFO - Gpu Vram Used Bytes      : 15755051008.0000
2025-11-28 05:51:22,829 - INFO - Accuracy                 : 0.1318
2025-11-28 05:51:22,829 - INFO - Precision                : 0.2136
2025-11-28 05:51:22,829 - INFO - Recall                   : 0.1318
2025-11-28 05:51:22,829 - INFO - F1 Score                 : 0.1112
2025-11-28 05:51:22,829 - INFO - ==================================================
2025-11-28 06:01:36,953 - INFO - Época 7 concluída. Loss média: 4.1238
2025-11-28 06:01:36,954 - INFO - Taxa de aprendizado ajustada para: 0.100000
2025-11-28 06:01:36,958 - INFO - Iniciando inferência com o modelo ResNet...
2025-11-28 06:01:54,772 - INFO - ==================================================
2025-11-28 06:01:54,772 - INFO - EXPERIMENT RESULTS
2025-11-28 06:01:54,772 - INFO - ==================================================
2025-11-28 06:01:54,772 - INFO - Elapsed Time Seconds     : 17.7766
2025-11-28 06:01:54,772 - INFO - Cpu Usage Percent        : 3.3875
2025-11-28 06:01:54,772 - INFO - Ram Peak Usage Bytes     : 3863212032.0000
2025-11-28 06:01:54,773 - INFO - Disk Read Bytes          : 0.0000
2025-11-28 06:01:54,773 - INFO - Disk Write Bytes         : 626688.0000
2025-11-28 06:01:54,773 - INFO - Vram Peak Usage Bytes    : 2840555052.0000
2025-11-28 06:01:54,773 - INFO - Gpu Power Watts Avg      : 339.4216
2025-11-28 06:01:54,773 - INFO - Gpu Power Watts Peak     : 348.3780
2025-11-28 06:01:54,773 - INFO - Gpu Temp Celsius Avg     : 62.6534
2025-11-28 06:01:54,773 - INFO - Gpu Temp Celsius Peak    : 64.0000
2025-11-28 06:01:54,773 - INFO - Gpu Utilization Percent Avg: 97.1591
2025-11-28 06:01:54,773 - INFO - Gpu Utilization Percent Peak: 100.0000
2025-11-28 06:01:54,773 - INFO - Gpu Mem Used Bytes Avg   : 15755051008.0000
2025-11-28 06:01:54,773 - INFO - Gpu Mem Used Bytes Peak  : 15755051008.0000
2025-11-28 06:01:54,773 - INFO - Gpu Vram Used Bytes      : 15755051008.0000
2025-11-28 06:01:54,773 - INFO - Accuracy                 : 0.1829
2025-11-28 06:01:54,773 - INFO - Precision                : 0.2430
2025-11-28 06:01:54,773 - INFO - Recall                   : 0.1829
2025-11-28 06:01:54,773 - INFO - F1 Score                 : 0.1519
2025-11-28 06:01:54,773 - INFO - ==================================================
2025-11-28 06:12:09,151 - INFO - Época 8 concluída. Loss média: 4.0746
2025-11-28 06:12:09,152 - INFO - Taxa de aprendizado ajustada para: 0.100000
2025-11-28 06:12:09,155 - INFO - Iniciando inferência com o modelo ResNet...
2025-11-28 06:12:26,898 - INFO - ==================================================
2025-11-28 06:12:26,898 - INFO - EXPERIMENT RESULTS
2025-11-28 06:12:26,898 - INFO - ==================================================
2025-11-28 06:12:26,899 - INFO - Elapsed Time Seconds     : 17.7062
2025-11-28 06:12:26,899 - INFO - Cpu Usage Percent        : 3.4094
2025-11-28 06:12:26,899 - INFO - Ram Peak Usage Bytes     : 3864854528.0000
2025-11-28 06:12:26,899 - INFO - Disk Read Bytes          : 0.0000
2025-11-28 06:12:26,899 - INFO - Disk Write Bytes         : 729088.0000
2025-11-28 06:12:26,899 - INFO - Vram Peak Usage Bytes    : 2840555052.0000
2025-11-28 06:12:26,899 - INFO - Gpu Power Watts Avg      : 339.9746
2025-11-28 06:12:26,899 - INFO - Gpu Power Watts Peak     : 348.0200
2025-11-28 06:12:26,899 - INFO - Gpu Temp Celsius Avg     : 62.5943
2025-11-28 06:12:26,899 - INFO - Gpu Temp Celsius Peak    : 64.0000
2025-11-28 06:12:26,899 - INFO - Gpu Utilization Percent Avg: 97.5886
2025-11-28 06:12:26,899 - INFO - Gpu Utilization Percent Peak: 100.0000
2025-11-28 06:12:26,899 - INFO - Gpu Mem Used Bytes Avg   : 15755051008.0000
2025-11-28 06:12:26,899 - INFO - Gpu Mem Used Bytes Peak  : 15755051008.0000
2025-11-28 06:12:26,899 - INFO - Gpu Vram Used Bytes      : 15755051008.0000
2025-11-28 06:12:26,899 - INFO - Accuracy                 : 0.2062
2025-11-28 06:12:26,899 - INFO - Precision                : 0.2619
2025-11-28 06:12:26,899 - INFO - Recall                   : 0.2062
2025-11-28 06:12:26,899 - INFO - F1 Score                 : 0.1802
2025-11-28 06:12:26,899 - INFO - ==================================================
2025-11-28 06:22:41,057 - INFO - Época 9 concluída. Loss média: 4.0315
2025-11-28 06:22:41,058 - INFO - Taxa de aprendizado ajustada para: 0.100000
2025-11-28 06:22:41,061 - INFO - Iniciando inferência com o modelo ResNet...
2025-11-28 06:22:58,912 - INFO - ==================================================
2025-11-28 06:22:58,912 - INFO - EXPERIMENT RESULTS
2025-11-28 06:22:58,913 - INFO - ==================================================
2025-11-28 06:22:58,913 - INFO - Elapsed Time Seconds     : 17.8131
2025-11-28 06:22:58,913 - INFO - Cpu Usage Percent        : 3.3969
2025-11-28 06:22:58,913 - INFO - Ram Peak Usage Bytes     : 3865776128.0000
2025-11-28 06:22:58,913 - INFO - Disk Read Bytes          : 0.0000
2025-11-28 06:22:58,913 - INFO - Disk Write Bytes         : 626688.0000
2025-11-28 06:22:58,913 - INFO - Vram Peak Usage Bytes    : 2840555052.0000
2025-11-28 06:22:58,913 - INFO - Gpu Power Watts Avg      : 336.4960
2025-11-28 06:22:58,913 - INFO - Gpu Power Watts Peak     : 347.3480
2025-11-28 06:22:58,913 - INFO - Gpu Temp Celsius Avg     : 62.2898
2025-11-28 06:22:58,913 - INFO - Gpu Temp Celsius Peak    : 64.0000
2025-11-28 06:22:58,913 - INFO - Gpu Utilization Percent Avg: 96.9716
2025-11-28 06:22:58,913 - INFO - Gpu Utilization Percent Peak: 100.0000
2025-11-28 06:22:58,913 - INFO - Gpu Mem Used Bytes Avg   : 15822159872.0000
2025-11-28 06:22:58,913 - INFO - Gpu Mem Used Bytes Peak  : 15822159872.0000
2025-11-28 06:22:58,913 - INFO - Gpu Vram Used Bytes      : 15822159872.0000
2025-11-28 06:22:58,913 - INFO - Accuracy                 : 0.1952
2025-11-28 06:22:58,913 - INFO - Precision                : 0.2810
2025-11-28 06:22:58,913 - INFO - Recall                   : 0.1952
2025-11-28 06:22:58,913 - INFO - F1 Score                 : 0.1721
2025-11-28 06:22:58,913 - INFO - ==================================================
2025-11-28 06:33:12,056 - INFO - Época 10 concluída. Loss média: 3.9949
2025-11-28 06:33:12,056 - INFO - Taxa de aprendizado ajustada para: 0.100000
2025-11-28 06:33:12,058 - INFO - Iniciando inferência com o modelo ResNet...
2025-11-28 06:33:29,776 - INFO - ==================================================
2025-11-28 06:33:29,776 - INFO - EXPERIMENT RESULTS
2025-11-28 06:33:29,776 - INFO - ==================================================
2025-11-28 06:33:29,776 - INFO - Elapsed Time Seconds     : 17.6811
2025-11-28 06:33:29,777 - INFO - Cpu Usage Percent        : 3.6375
2025-11-28 06:33:29,777 - INFO - Ram Peak Usage Bytes     : 3866972160.0000
2025-11-28 06:33:29,777 - INFO - Disk Read Bytes          : 0.0000
2025-11-28 06:33:29,777 - INFO - Disk Write Bytes         : 647168.0000
2025-11-28 06:33:29,777 - INFO - Vram Peak Usage Bytes    : 2840555052.0000
2025-11-28 06:33:29,777 - INFO - Gpu Power Watts Avg      : 337.5109
2025-11-28 06:33:29,777 - INFO - Gpu Power Watts Peak     : 346.0990
2025-11-28 06:33:29,777 - INFO - Gpu Temp Celsius Avg     : 62.2743
2025-11-28 06:33:29,777 - INFO - Gpu Temp Celsius Peak    : 64.0000
2025-11-28 06:33:29,777 - INFO - Gpu Utilization Percent Avg: 97.1714
2025-11-28 06:33:29,777 - INFO - Gpu Utilization Percent Peak: 100.0000
2025-11-28 06:33:29,777 - INFO - Gpu Mem Used Bytes Avg   : 15822159872.0000
2025-11-28 06:33:29,777 - INFO - Gpu Mem Used Bytes Peak  : 15822159872.0000
2025-11-28 06:33:29,777 - INFO - Gpu Vram Used Bytes      : 15822159872.0000
2025-11-28 06:33:29,777 - INFO - Accuracy                 : 0.1981
2025-11-28 06:33:29,777 - INFO - Precision                : 0.2836
2025-11-28 06:33:29,777 - INFO - Recall                   : 0.1981
2025-11-28 06:33:29,777 - INFO - F1 Score                 : 0.1755
2025-11-28 06:33:29,777 - INFO - ==================================================
2025-11-28 06:43:44,279 - INFO - Época 11 concluída. Loss média: 3.9724
2025-11-28 06:43:44,279 - INFO - Taxa de aprendizado ajustada para: 0.100000
2025-11-28 06:43:44,283 - INFO - Iniciando inferência com o modelo ResNet...
2025-11-28 06:44:02,020 - INFO - ==================================================
2025-11-28 06:44:02,020 - INFO - EXPERIMENT RESULTS
2025-11-28 06:44:02,020 - INFO - ==================================================
2025-11-28 06:44:02,020 - INFO - Elapsed Time Seconds     : 17.7003
2025-11-28 06:44:02,020 - INFO - Cpu Usage Percent        : 3.4031
2025-11-28 06:44:02,020 - INFO - Ram Peak Usage Bytes     : 3867328512.0000
2025-11-28 06:44:02,020 - INFO - Disk Read Bytes          : 0.0000
2025-11-28 06:44:02,020 - INFO - Disk Write Bytes         : 626688.0000
2025-11-28 06:44:02,020 - INFO - Vram Peak Usage Bytes    : 2840555052.0000
2025-11-28 06:44:02,020 - INFO - Gpu Power Watts Avg      : 334.9899
2025-11-28 06:44:02,020 - INFO - Gpu Power Watts Peak     : 344.7590
2025-11-28 06:44:02,020 - INFO - Gpu Temp Celsius Avg     : 62.0000
2025-11-28 06:44:02,020 - INFO - Gpu Temp Celsius Peak    : 64.0000
2025-11-28 06:44:02,020 - INFO - Gpu Utilization Percent Avg: 97.3143
2025-11-28 06:44:02,020 - INFO - Gpu Utilization Percent Peak: 100.0000
2025-11-28 06:44:02,020 - INFO - Gpu Mem Used Bytes Avg   : 15822159872.0000
2025-11-28 06:44:02,020 - INFO - Gpu Mem Used Bytes Peak  : 15822159872.0000
2025-11-28 06:44:02,020 - INFO - Gpu Vram Used Bytes      : 15822159872.0000
2025-11-28 06:44:02,020 - INFO - Accuracy                 : 0.1476
2025-11-28 06:44:02,021 - INFO - Precision                : 0.2606
2025-11-28 06:44:02,021 - INFO - Recall                   : 0.1476
2025-11-28 06:44:02,021 - INFO - F1 Score                 : 0.1336
2025-11-28 06:44:02,021 - INFO - ==================================================
2025-11-28 06:54:14,987 - INFO - Época 12 concluída. Loss média: 3.9522
2025-11-28 06:54:14,988 - INFO - Taxa de aprendizado ajustada para: 0.100000
2025-11-28 06:54:14,989 - INFO - Iniciando inferência com o modelo ResNet...
2025-11-28 06:54:32,719 - INFO - ==================================================
2025-11-28 06:54:32,719 - INFO - EXPERIMENT RESULTS
2025-11-28 06:54:32,719 - INFO - ==================================================
2025-11-28 06:54:32,719 - INFO - Elapsed Time Seconds     : 17.6928
2025-11-28 06:54:32,719 - INFO - Cpu Usage Percent        : 3.5969
2025-11-28 06:54:32,719 - INFO - Ram Peak Usage Bytes     : 3868778496.0000
2025-11-28 06:54:32,719 - INFO - Disk Read Bytes          : 0.0000
2025-11-28 06:54:32,719 - INFO - Disk Write Bytes         : 643072.0000
2025-11-28 06:54:32,719 - INFO - Vram Peak Usage Bytes    : 2840555052.0000
2025-11-28 06:54:32,719 - INFO - Gpu Power Watts Avg      : 333.3674
2025-11-28 06:54:32,719 - INFO - Gpu Power Watts Peak     : 342.6300
2025-11-28 06:54:32,719 - INFO - Gpu Temp Celsius Avg     : 61.7771
2025-11-28 06:54:32,719 - INFO - Gpu Temp Celsius Peak    : 64.0000
2025-11-28 06:54:32,719 - INFO - Gpu Utilization Percent Avg: 96.9543
2025-11-28 06:54:32,719 - INFO - Gpu Utilization Percent Peak: 100.0000
2025-11-28 06:54:32,719 - INFO - Gpu Mem Used Bytes Avg   : 15855714304.0000
2025-11-28 06:54:32,719 - INFO - Gpu Mem Used Bytes Peak  : 15855714304.0000
2025-11-28 06:54:32,719 - INFO - Gpu Vram Used Bytes      : 15855714304.0000
2025-11-28 06:54:32,719 - INFO - Accuracy                 : 0.2011
2025-11-28 06:54:32,719 - INFO - Precision                : 0.3129
2025-11-28 06:54:32,720 - INFO - Recall                   : 0.2011
2025-11-28 06:54:32,720 - INFO - F1 Score                 : 0.1819
2025-11-28 06:54:32,720 - INFO - ==================================================
2025-11-28 07:04:46,859 - INFO - Época 13 concluída. Loss média: 3.9333
2025-11-28 07:04:46,859 - INFO - Taxa de aprendizado ajustada para: 0.100000
2025-11-28 07:04:46,863 - INFO - Iniciando inferência com o modelo ResNet...
2025-11-28 07:05:04,599 - INFO - ==================================================
2025-11-28 07:05:04,599 - INFO - EXPERIMENT RESULTS
2025-11-28 07:05:04,599 - INFO - ==================================================
2025-11-28 07:05:04,599 - INFO - Elapsed Time Seconds     : 17.6977
2025-11-28 07:05:04,599 - INFO - Cpu Usage Percent        : 3.6625
2025-11-28 07:05:04,599 - INFO - Ram Peak Usage Bytes     : 3868909568.0000
2025-11-28 07:05:04,599 - INFO - Disk Read Bytes          : 0.0000
2025-11-28 07:05:04,599 - INFO - Disk Write Bytes         : 737280.0000
2025-11-28 07:05:04,599 - INFO - Vram Peak Usage Bytes    : 2840555052.0000
2025-11-28 07:05:04,599 - INFO - Gpu Power Watts Avg      : 332.1721
2025-11-28 07:05:04,599 - INFO - Gpu Power Watts Peak     : 341.3930
2025-11-28 07:05:04,599 - INFO - Gpu Temp Celsius Avg     : 62.0343
2025-11-28 07:05:04,599 - INFO - Gpu Temp Celsius Peak    : 64.0000
2025-11-28 07:05:04,599 - INFO - Gpu Utilization Percent Avg: 96.8800
2025-11-28 07:05:04,599 - INFO - Gpu Utilization Percent Peak: 100.0000
2025-11-28 07:05:04,599 - INFO - Gpu Mem Used Bytes Avg   : 15855714304.0000
2025-11-28 07:05:04,599 - INFO - Gpu Mem Used Bytes Peak  : 15855714304.0000
2025-11-28 07:05:04,599 - INFO - Gpu Vram Used Bytes      : 15855714304.0000
2025-11-28 07:05:04,599 - INFO - Accuracy                 : 0.2185
2025-11-28 07:05:04,599 - INFO - Precision                : 0.3107
2025-11-28 07:05:04,599 - INFO - Recall                   : 0.2185
2025-11-28 07:05:04,599 - INFO - F1 Score                 : 0.1924
2025-11-28 07:05:04,599 - INFO - ==================================================
2025-11-28 07:15:18,804 - INFO - Época 14 concluída. Loss média: 3.9134
2025-11-28 07:15:18,804 - INFO - Taxa de aprendizado ajustada para: 0.100000
2025-11-28 07:15:18,807 - INFO - Iniciando inferência com o modelo ResNet...
2025-11-28 07:15:36,523 - INFO - ==================================================
2025-11-28 07:15:36,523 - INFO - EXPERIMENT RESULTS
2025-11-28 07:15:36,523 - INFO - ==================================================
2025-11-28 07:15:36,523 - INFO - Elapsed Time Seconds     : 17.6774
2025-11-28 07:15:36,523 - INFO - Cpu Usage Percent        : 3.6656
2025-11-28 07:15:36,523 - INFO - Ram Peak Usage Bytes     : 3869483008.0000
2025-11-28 07:15:36,523 - INFO - Disk Read Bytes          : 0.0000
2025-11-28 07:15:36,523 - INFO - Disk Write Bytes         : 626688.0000
2025-11-28 07:15:36,523 - INFO - Vram Peak Usage Bytes    : 2840555052.0000
2025-11-28 07:15:36,523 - INFO - Gpu Power Watts Avg      : 331.3352
2025-11-28 07:15:36,523 - INFO - Gpu Power Watts Peak     : 339.5540
2025-11-28 07:15:36,523 - INFO - Gpu Temp Celsius Avg     : 61.9486
2025-11-28 07:15:36,523 - INFO - Gpu Temp Celsius Peak    : 64.0000
2025-11-28 07:15:36,523 - INFO - Gpu Utilization Percent Avg: 97.3600
2025-11-28 07:15:36,523 - INFO - Gpu Utilization Percent Peak: 100.0000
2025-11-28 07:15:36,523 - INFO - Gpu Mem Used Bytes Avg   : 16023486464.0000
2025-11-28 07:15:36,523 - INFO - Gpu Mem Used Bytes Peak  : 16023486464.0000
2025-11-28 07:15:36,524 - INFO - Gpu Vram Used Bytes      : 16023486464.0000
2025-11-28 07:15:36,524 - INFO - Accuracy                 : 0.2078
2025-11-28 07:15:36,524 - INFO - Precision                : 0.3376
2025-11-28 07:15:36,524 - INFO - Recall                   : 0.2078
2025-11-28 07:15:36,524 - INFO - F1 Score                 : 0.1932
2025-11-28 07:15:36,524 - INFO - ==================================================
2025-11-28 07:25:50,388 - INFO - Época 15 concluída. Loss média: 3.9053
2025-11-28 07:25:50,388 - INFO - Taxa de aprendizado ajustada para: 0.100000
2025-11-28 07:25:50,392 - INFO - Iniciando inferência com o modelo ResNet...
2025-11-28 07:26:08,198 - INFO - ==================================================
2025-11-28 07:26:08,198 - INFO - EXPERIMENT RESULTS
2025-11-28 07:26:08,199 - INFO - ==================================================
2025-11-28 07:26:08,199 - INFO - Elapsed Time Seconds     : 17.7682
2025-11-28 07:26:08,199 - INFO - Cpu Usage Percent        : 3.4219
2025-11-28 07:26:08,199 - INFO - Ram Peak Usage Bytes     : 3870904320.0000
2025-11-28 07:26:08,199 - INFO - Disk Read Bytes          : 0.0000
2025-11-28 07:26:08,199 - INFO - Disk Write Bytes         : 729088.0000
2025-11-28 07:26:08,199 - INFO - Vram Peak Usage Bytes    : 2840555052.0000
2025-11-28 07:26:08,199 - INFO - Gpu Power Watts Avg      : 329.9532
2025-11-28 07:26:08,199 - INFO - Gpu Power Watts Peak     : 339.2430
2025-11-28 07:26:08,199 - INFO - Gpu Temp Celsius Avg     : 61.8977
2025-11-28 07:26:08,199 - INFO - Gpu Temp Celsius Peak    : 64.0000
2025-11-28 07:26:08,199 - INFO - Gpu Utilization Percent Avg: 96.9375
2025-11-28 07:26:08,199 - INFO - Gpu Utilization Percent Peak: 100.0000
2025-11-28 07:26:08,199 - INFO - Gpu Mem Used Bytes Avg   : 16023486464.0000
2025-11-28 07:26:08,199 - INFO - Gpu Mem Used Bytes Peak  : 16023486464.0000
2025-11-28 07:26:08,199 - INFO - Gpu Vram Used Bytes      : 16023486464.0000
2025-11-28 07:26:08,199 - INFO - Accuracy                 : 0.2165
2025-11-28 07:26:08,199 - INFO - Precision                : 0.3417
2025-11-28 07:26:08,199 - INFO - Recall                   : 0.2165
2025-11-28 07:26:08,199 - INFO - F1 Score                 : 0.1996
2025-11-28 07:26:08,199 - INFO - ==================================================
2025-11-28 07:36:22,248 - INFO - Época 16 concluída. Loss média: 3.8911
2025-11-28 07:36:22,249 - INFO - Taxa de aprendizado ajustada para: 0.100000
2025-11-28 07:36:22,252 - INFO - Iniciando inferência com o modelo ResNet...
2025-11-28 07:36:39,978 - INFO - ==================================================
2025-11-28 07:36:39,978 - INFO - EXPERIMENT RESULTS
2025-11-28 07:36:39,978 - INFO - ==================================================
2025-11-28 07:36:39,979 - INFO - Elapsed Time Seconds     : 17.6888
2025-11-28 07:36:39,979 - INFO - Cpu Usage Percent        : 3.4062
2025-11-28 07:36:39,979 - INFO - Ram Peak Usage Bytes     : 3872702464.0000
2025-11-28 07:36:39,979 - INFO - Disk Read Bytes          : 0.0000
2025-11-28 07:36:39,979 - INFO - Disk Write Bytes         : 626688.0000
2025-11-28 07:36:39,979 - INFO - Vram Peak Usage Bytes    : 2840555052.0000
2025-11-28 07:36:39,979 - INFO - Gpu Power Watts Avg      : 327.9766
2025-11-28 07:36:39,979 - INFO - Gpu Power Watts Peak     : 337.0300
2025-11-28 07:36:39,979 - INFO - Gpu Temp Celsius Avg     : 61.5829
2025-11-28 07:36:39,979 - INFO - Gpu Temp Celsius Peak    : 63.0000
2025-11-28 07:36:39,979 - INFO - Gpu Utilization Percent Avg: 97.1371
2025-11-28 07:36:39,979 - INFO - Gpu Utilization Percent Peak: 100.0000
2025-11-28 07:36:39,979 - INFO - Gpu Mem Used Bytes Avg   : 16023486464.0000
2025-11-28 07:36:39,979 - INFO - Gpu Mem Used Bytes Peak  : 16023486464.0000
2025-11-28 07:36:39,979 - INFO - Gpu Vram Used Bytes      : 16023486464.0000
2025-11-28 07:36:39,979 - INFO - Accuracy                 : 0.1976
2025-11-28 07:36:39,979 - INFO - Precision                : 0.2846
2025-11-28 07:36:39,979 - INFO - Recall                   : 0.1976
2025-11-28 07:36:39,979 - INFO - F1 Score                 : 0.1763
2025-11-28 07:36:39,979 - INFO - ==================================================
2025-11-28 07:46:53,881 - INFO - Época 17 concluída. Loss média: 3.8780
2025-11-28 07:46:53,882 - INFO - Taxa de aprendizado ajustada para: 0.100000
2025-11-28 07:46:53,886 - INFO - Iniciando inferência com o modelo ResNet...
2025-11-28 07:47:11,507 - INFO - ==================================================
2025-11-28 07:47:11,507 - INFO - EXPERIMENT RESULTS
2025-11-28 07:47:11,507 - INFO - ==================================================
2025-11-28 07:47:11,507 - INFO - Elapsed Time Seconds     : 17.5962
2025-11-28 07:47:11,507 - INFO - Cpu Usage Percent        : 3.4156
2025-11-28 07:47:11,507 - INFO - Ram Peak Usage Bytes     : 3873214464.0000
2025-11-28 07:47:11,507 - INFO - Disk Read Bytes          : 0.0000
2025-11-28 07:47:11,507 - INFO - Disk Write Bytes         : 827392.0000
2025-11-28 07:47:11,507 - INFO - Vram Peak Usage Bytes    : 2840555052.0000
2025-11-28 07:47:11,507 - INFO - Gpu Power Watts Avg      : 327.1453
2025-11-28 07:47:11,507 - INFO - Gpu Power Watts Peak     : 335.5540
2025-11-28 07:47:11,507 - INFO - Gpu Temp Celsius Avg     : 61.6897
2025-11-28 07:47:11,507 - INFO - Gpu Temp Celsius Peak    : 63.0000
2025-11-28 07:47:11,507 - INFO - Gpu Utilization Percent Avg: 97.5517
2025-11-28 07:47:11,507 - INFO - Gpu Utilization Percent Peak: 100.0000
2025-11-28 07:47:11,507 - INFO - Gpu Mem Used Bytes Avg   : 16023486464.0000
2025-11-28 07:47:11,507 - INFO - Gpu Mem Used Bytes Peak  : 16023486464.0000
2025-11-28 07:47:11,507 - INFO - Gpu Vram Used Bytes      : 16023486464.0000
2025-11-28 07:47:11,507 - INFO - Accuracy                 : 0.2206
2025-11-28 07:47:11,507 - INFO - Precision                : 0.3597
2025-11-28 07:47:11,507 - INFO - Recall                   : 0.2206
2025-11-28 07:47:11,507 - INFO - F1 Score                 : 0.2091
2025-11-28 07:47:11,508 - INFO - ==================================================
2025-11-28 07:57:25,271 - INFO - Época 18 concluída. Loss média: 3.8716
2025-11-28 07:57:25,272 - INFO - Taxa de aprendizado ajustada para: 0.100000
2025-11-28 07:57:25,275 - INFO - Iniciando inferência com o modelo ResNet...
2025-11-28 07:57:43,068 - INFO - ==================================================
2025-11-28 07:57:43,068 - INFO - EXPERIMENT RESULTS
2025-11-28 07:57:43,068 - INFO - ==================================================
2025-11-28 07:57:43,068 - INFO - Elapsed Time Seconds     : 17.7551
2025-11-28 07:57:43,068 - INFO - Cpu Usage Percent        : 3.3937
2025-11-28 07:57:43,069 - INFO - Ram Peak Usage Bytes     : 3873812480.0000
2025-11-28 07:57:43,069 - INFO - Disk Read Bytes          : 0.0000
2025-11-28 07:57:43,069 - INFO - Disk Write Bytes         : 626688.0000
2025-11-28 07:57:43,069 - INFO - Vram Peak Usage Bytes    : 2840555052.0000
2025-11-28 07:57:43,069 - INFO - Gpu Power Watts Avg      : 323.8367
2025-11-28 07:57:43,069 - INFO - Gpu Power Watts Peak     : 334.2320
2025-11-28 07:57:43,069 - INFO - Gpu Temp Celsius Avg     : 61.2841
2025-11-28 07:57:43,069 - INFO - Gpu Temp Celsius Peak    : 63.0000
2025-11-28 07:57:43,069 - INFO - Gpu Utilization Percent Avg: 96.5909
2025-11-28 07:57:43,069 - INFO - Gpu Utilization Percent Peak: 100.0000
2025-11-28 07:57:43,069 - INFO - Gpu Mem Used Bytes Avg   : 16023486464.0000
2025-11-28 07:57:43,069 - INFO - Gpu Mem Used Bytes Peak  : 16023486464.0000
2025-11-28 07:57:43,069 - INFO - Gpu Vram Used Bytes      : 16023486464.0000
2025-11-28 07:57:43,069 - INFO - Accuracy                 : 0.2156
2025-11-28 07:57:43,069 - INFO - Precision                : 0.3218
2025-11-28 07:57:43,069 - INFO - Recall                   : 0.2156
2025-11-28 07:57:43,069 - INFO - F1 Score                 : 0.1980
2025-11-28 07:57:43,069 - INFO - ==================================================
2025-11-28 08:07:56,959 - INFO - Época 19 concluída. Loss média: 3.8631
2025-11-28 08:07:56,960 - INFO - Taxa de aprendizado ajustada para: 0.100000
2025-11-28 08:07:56,963 - INFO - Iniciando inferência com o modelo ResNet...
2025-11-28 08:08:14,632 - INFO - ==================================================
2025-11-28 08:08:14,632 - INFO - EXPERIMENT RESULTS
2025-11-28 08:08:14,632 - INFO - ==================================================
2025-11-28 08:08:14,632 - INFO - Elapsed Time Seconds     : 17.6305
2025-11-28 08:08:14,632 - INFO - Cpu Usage Percent        : 3.4094
2025-11-28 08:08:14,632 - INFO - Ram Peak Usage Bytes     : 3874119680.0000
2025-11-28 08:08:14,632 - INFO - Disk Read Bytes          : 0.0000
2025-11-28 08:08:14,632 - INFO - Disk Write Bytes         : 811008.0000
2025-11-28 08:08:14,632 - INFO - Vram Peak Usage Bytes    : 2840555052.0000
2025-11-28 08:08:14,632 - INFO - Gpu Power Watts Avg      : 324.5714
2025-11-28 08:08:14,632 - INFO - Gpu Power Watts Peak     : 332.4090
2025-11-28 08:08:14,632 - INFO - Gpu Temp Celsius Avg     : 61.4310
2025-11-28 08:08:14,632 - INFO - Gpu Temp Celsius Peak    : 63.0000
2025-11-28 08:08:14,632 - INFO - Gpu Utilization Percent Avg: 97.1724
2025-11-28 08:08:14,632 - INFO - Gpu Utilization Percent Peak: 100.0000
2025-11-28 08:08:14,633 - INFO - Gpu Mem Used Bytes Avg   : 16023486464.0000
2025-11-28 08:08:14,633 - INFO - Gpu Mem Used Bytes Peak  : 16023486464.0000
2025-11-28 08:08:14,633 - INFO - Gpu Vram Used Bytes      : 16023486464.0000
2025-11-28 08:08:14,633 - INFO - Accuracy                 : 0.1973
2025-11-28 08:08:14,633 - INFO - Precision                : 0.3140
2025-11-28 08:08:14,633 - INFO - Recall                   : 0.1973
2025-11-28 08:08:14,633 - INFO - F1 Score                 : 0.1841
2025-11-28 08:08:14,633 - INFO - ==================================================
2025-11-28 08:18:28,639 - INFO - Época 20 concluída. Loss média: 3.8537
2025-11-28 08:18:28,639 - INFO - Taxa de aprendizado ajustada para: 0.100000
2025-11-28 08:18:28,643 - INFO - Iniciando inferência com o modelo ResNet...
2025-11-28 08:18:46,304 - INFO - ==================================================
2025-11-28 08:18:46,304 - INFO - EXPERIMENT RESULTS
2025-11-28 08:18:46,304 - INFO - ==================================================
2025-11-28 08:18:46,304 - INFO - Elapsed Time Seconds     : 17.6242
2025-11-28 08:18:46,304 - INFO - Cpu Usage Percent        : 3.4531
2025-11-28 08:18:46,304 - INFO - Ram Peak Usage Bytes     : 3874922496.0000
2025-11-28 08:18:46,304 - INFO - Disk Read Bytes          : 0.0000
2025-11-28 08:18:46,304 - INFO - Disk Write Bytes         : 626688.0000
2025-11-28 08:18:46,304 - INFO - Vram Peak Usage Bytes    : 2840555052.0000
2025-11-28 08:18:46,304 - INFO - Gpu Power Watts Avg      : 322.3717
2025-11-28 08:18:46,304 - INFO - Gpu Power Watts Peak     : 330.0710
2025-11-28 08:18:46,304 - INFO - Gpu Temp Celsius Avg     : 61.4943
2025-11-28 08:18:46,305 - INFO - Gpu Temp Celsius Peak    : 63.0000
2025-11-28 08:18:46,305 - INFO - Gpu Utilization Percent Avg: 97.5115
2025-11-28 08:18:46,305 - INFO - Gpu Utilization Percent Peak: 100.0000
2025-11-28 08:18:46,305 - INFO - Gpu Mem Used Bytes Avg   : 16023486464.0000
2025-11-28 08:18:46,305 - INFO - Gpu Mem Used Bytes Peak  : 16023486464.0000
2025-11-28 08:18:46,305 - INFO - Gpu Vram Used Bytes      : 16023486464.0000
2025-11-28 08:18:46,305 - INFO - Accuracy                 : 0.2171
2025-11-28 08:18:46,305 - INFO - Precision                : 0.3310
2025-11-28 08:18:46,305 - INFO - Recall                   : 0.2171
2025-11-28 08:18:46,305 - INFO - F1 Score                 : 0.1975
2025-11-28 08:18:46,305 - INFO - ==================================================
2025-11-28 08:29:00,354 - INFO - Época 21 concluída. Loss média: 3.8454
2025-11-28 08:29:00,355 - INFO - Taxa de aprendizado ajustada para: 0.100000
2025-11-28 08:29:00,359 - INFO - Iniciando inferência com o modelo ResNet...
2025-11-28 08:29:18,078 - INFO - ==================================================
2025-11-28 08:29:18,078 - INFO - EXPERIMENT RESULTS
2025-11-28 08:29:18,078 - INFO - ==================================================
2025-11-28 08:29:18,078 - INFO - Elapsed Time Seconds     : 17.6818
2025-11-28 08:29:18,078 - INFO - Cpu Usage Percent        : 3.4000
2025-11-28 08:29:18,078 - INFO - Ram Peak Usage Bytes     : 3875737600.0000
2025-11-28 08:29:18,078 - INFO - Disk Read Bytes          : 0.0000
2025-11-28 08:29:18,078 - INFO - Disk Write Bytes         : 864256.0000
2025-11-28 08:29:18,078 - INFO - Vram Peak Usage Bytes    : 2840555052.0000
2025-11-28 08:29:18,078 - INFO - Gpu Power Watts Avg      : 318.8308
2025-11-28 08:29:18,078 - INFO - Gpu Power Watts Peak     : 327.3250
2025-11-28 08:29:18,078 - INFO - Gpu Temp Celsius Avg     : 61.1257
2025-11-28 08:29:18,078 - INFO - Gpu Temp Celsius Peak    : 63.0000
2025-11-28 08:29:18,078 - INFO - Gpu Utilization Percent Avg: 97.3714
2025-11-28 08:29:18,078 - INFO - Gpu Utilization Percent Peak: 100.0000
2025-11-28 08:29:18,078 - INFO - Gpu Mem Used Bytes Avg   : 16023486464.0000
2025-11-28 08:29:18,078 - INFO - Gpu Mem Used Bytes Peak  : 16023486464.0000
2025-11-28 08:29:18,079 - INFO - Gpu Vram Used Bytes      : 16023486464.0000
2025-11-28 08:29:18,079 - INFO - Accuracy                 : 0.2012
2025-11-28 08:29:18,079 - INFO - Precision                : 0.3134
2025-11-28 08:29:18,079 - INFO - Recall                   : 0.2012
2025-11-28 08:29:18,079 - INFO - F1 Score                 : 0.1794
2025-11-28 08:29:18,079 - INFO - ==================================================
2025-11-28 08:39:32,029 - INFO - Época 22 concluída. Loss média: 3.8430
2025-11-28 08:39:32,030 - INFO - Taxa de aprendizado ajustada para: 0.100000
2025-11-28 08:39:32,033 - INFO - Iniciando inferência com o modelo ResNet...
2025-11-28 08:39:49,845 - INFO - ==================================================
2025-11-28 08:39:49,845 - INFO - EXPERIMENT RESULTS
2025-11-28 08:39:49,845 - INFO - ==================================================
2025-11-28 08:39:49,845 - INFO - Elapsed Time Seconds     : 17.7866
2025-11-28 08:39:49,845 - INFO - Cpu Usage Percent        : 3.3813
2025-11-28 08:39:49,845 - INFO - Ram Peak Usage Bytes     : 3876184064.0000
2025-11-28 08:39:49,845 - INFO - Disk Read Bytes          : 0.0000
2025-11-28 08:39:49,845 - INFO - Disk Write Bytes         : 626688.0000
2025-11-28 08:39:49,845 - INFO - Vram Peak Usage Bytes    : 2840555052.0000
2025-11-28 08:39:49,845 - INFO - Gpu Power Watts Avg      : 316.0951
2025-11-28 08:39:49,845 - INFO - Gpu Power Watts Peak     : 325.7090
2025-11-28 08:39:49,845 - INFO - Gpu Temp Celsius Avg     : 60.8239
2025-11-28 08:39:49,845 - INFO - Gpu Temp Celsius Peak    : 63.0000
2025-11-28 08:39:49,845 - INFO - Gpu Utilization Percent Avg: 96.7045
2025-11-28 08:39:49,845 - INFO - Gpu Utilization Percent Peak: 100.0000
2025-11-28 08:39:49,845 - INFO - Gpu Mem Used Bytes Avg   : 16090595328.0000
2025-11-28 08:39:49,845 - INFO - Gpu Mem Used Bytes Peak  : 16090595328.0000
2025-11-28 08:39:49,845 - INFO - Gpu Vram Used Bytes      : 16090595328.0000
2025-11-28 08:39:49,845 - INFO - Accuracy                 : 0.2188
2025-11-28 08:39:49,845 - INFO - Precision                : 0.3353
2025-11-28 08:39:49,846 - INFO - Recall                   : 0.2188
2025-11-28 08:39:49,846 - INFO - F1 Score                 : 0.1969
2025-11-28 08:39:49,846 - INFO - ==================================================
2025-11-28 08:50:03,225 - INFO - Época 23 concluída. Loss média: 3.8364
2025-11-28 08:50:03,226 - INFO - Taxa de aprendizado ajustada para: 0.100000
2025-11-28 08:50:03,229 - INFO - Iniciando inferência com o modelo ResNet...
2025-11-28 08:50:21,031 - INFO - ==================================================
2025-11-28 08:50:21,031 - INFO - EXPERIMENT RESULTS
2025-11-28 08:50:21,031 - INFO - ==================================================
2025-11-28 08:50:21,031 - INFO - Elapsed Time Seconds     : 17.7637
2025-11-28 08:50:21,031 - INFO - Cpu Usage Percent        : 3.6344
2025-11-28 08:50:21,031 - INFO - Ram Peak Usage Bytes     : 3877912576.0000
2025-11-28 08:50:21,031 - INFO - Disk Read Bytes          : 0.0000
2025-11-28 08:50:21,031 - INFO - Disk Write Bytes         : 761856.0000
2025-11-28 08:50:21,032 - INFO - Vram Peak Usage Bytes    : 2840555052.0000
2025-11-28 08:50:21,032 - INFO - Gpu Power Watts Avg      : 316.0242
2025-11-28 08:50:21,032 - INFO - Gpu Power Watts Peak     : 325.0860
2025-11-28 08:50:21,032 - INFO - Gpu Temp Celsius Avg     : 61.2857
2025-11-28 08:50:21,032 - INFO - Gpu Temp Celsius Peak    : 63.0000
2025-11-28 08:50:21,032 - INFO - Gpu Utilization Percent Avg: 96.8857
2025-11-28 08:50:21,032 - INFO - Gpu Utilization Percent Peak: 100.0000
2025-11-28 08:50:21,032 - INFO - Gpu Mem Used Bytes Avg   : 16090595328.0000
2025-11-28 08:50:21,032 - INFO - Gpu Mem Used Bytes Peak  : 16090595328.0000
2025-11-28 08:50:21,032 - INFO - Gpu Vram Used Bytes      : 16090595328.0000
2025-11-28 08:50:21,032 - INFO - Accuracy                 : 0.2408
2025-11-28 08:50:21,032 - INFO - Precision                : 0.3434
2025-11-28 08:50:21,032 - INFO - Recall                   : 0.2408
2025-11-28 08:50:21,032 - INFO - F1 Score                 : 0.2291
2025-11-28 08:50:21,032 - INFO - ==================================================
2025-11-28 09:00:34,905 - INFO - Época 24 concluída. Loss média: 3.8342
2025-11-28 09:00:34,906 - INFO - Taxa de aprendizado ajustada para: 0.100000
2025-11-28 09:00:34,909 - INFO - Iniciando inferência com o modelo ResNet...
2025-11-28 09:00:52,645 - INFO - ==================================================
2025-11-28 09:00:52,645 - INFO - EXPERIMENT RESULTS
2025-11-28 09:00:52,645 - INFO - ==================================================
2025-11-28 09:00:52,645 - INFO - Elapsed Time Seconds     : 17.6970
2025-11-28 09:00:52,645 - INFO - Cpu Usage Percent        : 3.6594
2025-11-28 09:00:52,645 - INFO - Ram Peak Usage Bytes     : 3878236160.0000
2025-11-28 09:00:52,645 - INFO - Disk Read Bytes          : 0.0000
2025-11-28 09:00:52,645 - INFO - Disk Write Bytes         : 618496.0000
2025-11-28 09:00:52,645 - INFO - Vram Peak Usage Bytes    : 2840555052.0000
2025-11-28 09:00:52,645 - INFO - Gpu Power Watts Avg      : 315.6579
2025-11-28 09:00:52,645 - INFO - Gpu Power Watts Peak     : 324.0460
2025-11-28 09:00:52,645 - INFO - Gpu Temp Celsius Avg     : 60.8000
2025-11-28 09:00:52,645 - INFO - Gpu Temp Celsius Peak    : 63.0000
2025-11-28 09:00:52,645 - INFO - Gpu Utilization Percent Avg: 97.0629
2025-11-28 09:00:52,645 - INFO - Gpu Utilization Percent Peak: 100.0000
2025-11-28 09:00:52,645 - INFO - Gpu Mem Used Bytes Avg   : 16090595328.0000
2025-11-28 09:00:52,646 - INFO - Gpu Mem Used Bytes Peak  : 16090595328.0000
2025-11-28 09:00:52,646 - INFO - Gpu Vram Used Bytes      : 16090595328.0000
2025-11-28 09:00:52,646 - INFO - Accuracy                 : 0.2068
2025-11-28 09:00:52,646 - INFO - Precision                : 0.3088
2025-11-28 09:00:52,646 - INFO - Recall                   : 0.2068
2025-11-28 09:00:52,646 - INFO - F1 Score                 : 0.1857
2025-11-28 09:00:52,646 - INFO - ==================================================
2025-11-28 09:11:05,077 - INFO - Época 25 concluída. Loss média: 3.8294
2025-11-28 09:11:05,078 - INFO - Taxa de aprendizado ajustada para: 0.100000
2025-11-28 09:11:05,081 - INFO - Iniciando inferência com o modelo ResNet...
2025-11-28 09:11:22,935 - INFO - ==================================================
2025-11-28 09:11:22,935 - INFO - EXPERIMENT RESULTS
2025-11-28 09:11:22,935 - INFO - ==================================================
2025-11-28 09:11:22,935 - INFO - Elapsed Time Seconds     : 17.8156
2025-11-28 09:11:22,935 - INFO - Cpu Usage Percent        : 3.6281
2025-11-28 09:11:22,935 - INFO - Ram Peak Usage Bytes     : 3878678528.0000
2025-11-28 09:11:22,935 - INFO - Disk Read Bytes          : 0.0000
2025-11-28 09:11:22,936 - INFO - Disk Write Bytes         : 737280.0000
2025-11-28 09:11:22,936 - INFO - Vram Peak Usage Bytes    : 2840555052.0000
2025-11-28 09:11:22,936 - INFO - Gpu Power Watts Avg      : 313.5364
2025-11-28 09:11:22,936 - INFO - Gpu Power Watts Peak     : 323.2760
2025-11-28 09:11:22,936 - INFO - Gpu Temp Celsius Avg     : 60.7045
2025-11-28 09:11:22,936 - INFO - Gpu Temp Celsius Peak    : 63.0000
2025-11-28 09:11:22,936 - INFO - Gpu Utilization Percent Avg: 96.3750
2025-11-28 09:11:22,936 - INFO - Gpu Utilization Percent Peak: 100.0000
2025-11-28 09:11:22,936 - INFO - Gpu Mem Used Bytes Avg   : 16090595328.0000
2025-11-28 09:11:22,936 - INFO - Gpu Mem Used Bytes Peak  : 16090595328.0000
2025-11-28 09:11:22,936 - INFO - Gpu Vram Used Bytes      : 16090595328.0000
2025-11-28 09:11:22,936 - INFO - Accuracy                 : 0.2296
2025-11-28 09:11:22,936 - INFO - Precision                : 0.3453
2025-11-28 09:11:22,936 - INFO - Recall                   : 0.2296
2025-11-28 09:11:22,936 - INFO - F1 Score                 : 0.2027
2025-11-28 09:11:22,936 - INFO - ==================================================
2025-11-28 09:21:36,845 - INFO - Época 26 concluída. Loss média: 3.8248
2025-11-28 09:21:36,846 - INFO - Taxa de aprendizado ajustada para: 0.100000
2025-11-28 09:21:36,849 - INFO - Iniciando inferência com o modelo ResNet...
2025-11-28 09:21:54,511 - INFO - ==================================================
2025-11-28 09:21:54,512 - INFO - EXPERIMENT RESULTS
2025-11-28 09:21:54,512 - INFO - ==================================================
2025-11-28 09:21:54,512 - INFO - Elapsed Time Seconds     : 17.6249
2025-11-28 09:21:54,512 - INFO - Cpu Usage Percent        : 3.4438
2025-11-28 09:21:54,512 - INFO - Ram Peak Usage Bytes     : 3879124992.0000
2025-11-28 09:21:54,512 - INFO - Disk Read Bytes          : 0.0000
2025-11-28 09:21:54,512 - INFO - Disk Write Bytes         : 626688.0000
2025-11-28 09:21:54,512 - INFO - Vram Peak Usage Bytes    : 2840555052.0000
2025-11-28 09:21:54,512 - INFO - Gpu Power Watts Avg      : 314.0819
2025-11-28 09:21:54,512 - INFO - Gpu Power Watts Peak     : 321.7150
2025-11-28 09:21:54,512 - INFO - Gpu Temp Celsius Avg     : 60.9023
2025-11-28 09:21:54,512 - INFO - Gpu Temp Celsius Peak    : 63.0000
2025-11-28 09:21:54,512 - INFO - Gpu Utilization Percent Avg: 97.0287
2025-11-28 09:21:54,512 - INFO - Gpu Utilization Percent Peak: 100.0000
2025-11-28 09:21:54,512 - INFO - Gpu Mem Used Bytes Avg   : 16090595328.0000
2025-11-28 09:21:54,512 - INFO - Gpu Mem Used Bytes Peak  : 16090595328.0000
2025-11-28 09:21:54,512 - INFO - Gpu Vram Used Bytes      : 16090595328.0000
2025-11-28 09:21:54,512 - INFO - Accuracy                 : 0.2405
2025-11-28 09:21:54,512 - INFO - Precision                : 0.3730
2025-11-28 09:21:54,512 - INFO - Recall                   : 0.2405
2025-11-28 09:21:54,513 - INFO - F1 Score                 : 0.2211
2025-11-28 09:21:54,513 - INFO - ==================================================
2025-11-28 09:32:09,824 - INFO - Época 27 concluída. Loss média: 3.8243
2025-11-28 09:32:09,828 - INFO - Taxa de aprendizado ajustada para: 0.100000
2025-11-28 09:32:09,831 - INFO - Iniciando inferência com o modelo ResNet...
2025-11-28 09:32:27,544 - INFO - ==================================================
2025-11-28 09:32:27,544 - INFO - EXPERIMENT RESULTS
2025-11-28 09:32:27,544 - INFO - ==================================================
2025-11-28 09:32:27,544 - INFO - Elapsed Time Seconds     : 17.6747
2025-11-28 09:32:27,544 - INFO - Cpu Usage Percent        : 3.3969
2025-11-28 09:32:27,544 - INFO - Ram Peak Usage Bytes     : 3879534592.0000
2025-11-28 09:32:27,544 - INFO - Disk Read Bytes          : 0.0000
2025-11-28 09:32:27,544 - INFO - Disk Write Bytes         : 733184.0000
2025-11-28 09:32:27,544 - INFO - Vram Peak Usage Bytes    : 2840555052.0000
2025-11-28 09:32:27,544 - INFO - Gpu Power Watts Avg      : 313.8146
2025-11-28 09:32:27,544 - INFO - Gpu Power Watts Peak     : 321.9440
2025-11-28 09:32:27,544 - INFO - Gpu Temp Celsius Avg     : 60.6057
2025-11-28 09:32:27,544 - INFO - Gpu Temp Celsius Peak    : 63.0000
2025-11-28 09:32:27,544 - INFO - Gpu Utilization Percent Avg: 97.2171
2025-11-28 09:32:27,544 - INFO - Gpu Utilization Percent Peak: 100.0000
2025-11-28 09:32:27,544 - INFO - Gpu Mem Used Bytes Avg   : 16090595328.0000
2025-11-28 09:32:27,544 - INFO - Gpu Mem Used Bytes Peak  : 16090595328.0000
2025-11-28 09:32:27,544 - INFO - Gpu Vram Used Bytes      : 16090595328.0000
2025-11-28 09:32:27,545 - INFO - Accuracy                 : 0.2269
2025-11-28 09:32:27,545 - INFO - Precision                : 0.3397
2025-11-28 09:32:27,545 - INFO - Recall                   : 0.2269
2025-11-28 09:32:27,545 - INFO - F1 Score                 : 0.2097
2025-11-28 09:32:27,545 - INFO - ==================================================
2025-11-28 09:42:42,779 - INFO - Época 28 concluída. Loss média: 3.8243
2025-11-28 09:42:42,783 - INFO - Taxa de aprendizado ajustada para: 0.100000
2025-11-28 09:42:42,785 - INFO - Iniciando inferência com o modelo ResNet...
2025-11-28 09:43:00,315 - INFO - ==================================================
2025-11-28 09:43:00,315 - INFO - EXPERIMENT RESULTS
2025-11-28 09:43:00,315 - INFO - ==================================================
2025-11-28 09:43:00,315 - INFO - Elapsed Time Seconds     : 17.5043
2025-11-28 09:43:00,315 - INFO - Cpu Usage Percent        : 3.4375
2025-11-28 09:43:00,315 - INFO - Ram Peak Usage Bytes     : 3880120320.0000
2025-11-28 09:43:00,315 - INFO - Disk Read Bytes          : 0.0000
2025-11-28 09:43:00,315 - INFO - Disk Write Bytes         : 626688.0000
2025-11-28 09:43:00,315 - INFO - Vram Peak Usage Bytes    : 2840555052.0000
2025-11-28 09:43:00,315 - INFO - Gpu Power Watts Avg      : 314.6404
2025-11-28 09:43:00,315 - INFO - Gpu Power Watts Peak     : 320.7340
2025-11-28 09:43:00,315 - INFO - Gpu Temp Celsius Avg     : 61.1676
2025-11-28 09:43:00,315 - INFO - Gpu Temp Celsius Peak    : 63.0000
2025-11-28 09:43:00,315 - INFO - Gpu Utilization Percent Avg: 97.8208
2025-11-28 09:43:00,315 - INFO - Gpu Utilization Percent Peak: 100.0000
2025-11-28 09:43:00,315 - INFO - Gpu Mem Used Bytes Avg   : 16090595328.0000
2025-11-28 09:43:00,315 - INFO - Gpu Mem Used Bytes Peak  : 16090595328.0000
2025-11-28 09:43:00,315 - INFO - Gpu Vram Used Bytes      : 16090595328.0000
2025-11-28 09:43:00,315 - INFO - Accuracy                 : 0.1903
2025-11-28 09:43:00,315 - INFO - Precision                : 0.3205
2025-11-28 09:43:00,315 - INFO - Recall                   : 0.1903
2025-11-28 09:43:00,315 - INFO - F1 Score                 : 0.1704
2025-11-28 09:43:00,315 - INFO - ==================================================
2025-11-28 09:53:17,006 - INFO - Época 29 concluída. Loss média: 3.8177
2025-11-28 09:53:17,009 - INFO - Taxa de aprendizado ajustada para: 0.100000
2025-11-28 09:53:17,012 - INFO - Iniciando inferência com o modelo ResNet...
2025-11-28 09:53:34,625 - INFO - ==================================================
2025-11-28 09:53:34,625 - INFO - EXPERIMENT RESULTS
2025-11-28 09:53:34,625 - INFO - ==================================================
2025-11-28 09:53:34,625 - INFO - Elapsed Time Seconds     : 17.5757
2025-11-28 09:53:34,626 - INFO - Cpu Usage Percent        : 3.4281
2025-11-28 09:53:34,626 - INFO - Ram Peak Usage Bytes     : 3881222144.0000
2025-11-28 09:53:34,626 - INFO - Disk Read Bytes          : 0.0000
2025-11-28 09:53:34,626 - INFO - Disk Write Bytes         : 626688.0000
2025-11-28 09:53:34,626 - INFO - Vram Peak Usage Bytes    : 2840555052.0000
2025-11-28 09:53:34,626 - INFO - Gpu Power Watts Avg      : 312.0414
2025-11-28 09:53:34,626 - INFO - Gpu Power Watts Peak     : 319.7870
2025-11-28 09:53:34,626 - INFO - Gpu Temp Celsius Avg     : 60.7931
2025-11-28 09:53:34,626 - INFO - Gpu Temp Celsius Peak    : 63.0000
2025-11-28 09:53:34,626 - INFO - Gpu Utilization Percent Avg: 97.2299
2025-11-28 09:53:34,626 - INFO - Gpu Utilization Percent Peak: 100.0000
2025-11-28 09:53:34,626 - INFO - Gpu Mem Used Bytes Avg   : 16090595328.0000
2025-11-28 09:53:34,626 - INFO - Gpu Mem Used Bytes Peak  : 16090595328.0000
2025-11-28 09:53:34,626 - INFO - Gpu Vram Used Bytes      : 16090595328.0000
2025-11-28 09:53:34,626 - INFO - Accuracy                 : 0.2267
2025-11-28 09:53:34,626 - INFO - Precision                : 0.3391
2025-11-28 09:53:34,626 - INFO - Recall                   : 0.2267
2025-11-28 09:53:34,626 - INFO - F1 Score                 : 0.2077
2025-11-28 09:53:34,626 - INFO - ==================================================
2025-11-28 10:03:48,681 - INFO - Época 30 concluída. Loss média: 3.8154
2025-11-28 10:03:48,685 - INFO - Taxa de aprendizado ajustada para: 0.010000
2025-11-28 10:03:48,689 - INFO - Iniciando inferência com o modelo ResNet...
2025-11-28 10:04:06,525 - INFO - ==================================================
2025-11-28 10:04:06,525 - INFO - EXPERIMENT RESULTS
2025-11-28 10:04:06,525 - INFO - ==================================================
2025-11-28 10:04:06,525 - INFO - Elapsed Time Seconds     : 17.7979
2025-11-28 10:04:06,525 - INFO - Cpu Usage Percent        : 3.5844
2025-11-28 10:04:06,525 - INFO - Ram Peak Usage Bytes     : 3881680896.0000
2025-11-28 10:04:06,525 - INFO - Disk Read Bytes          : 0.0000
2025-11-28 10:04:06,525 - INFO - Disk Write Bytes         : 737280.0000
2025-11-28 10:04:06,526 - INFO - Vram Peak Usage Bytes    : 2840555052.0000
2025-11-28 10:04:06,526 - INFO - Gpu Power Watts Avg      : 308.9604
2025-11-28 10:04:06,526 - INFO - Gpu Power Watts Peak     : 319.8080
2025-11-28 10:04:06,526 - INFO - Gpu Temp Celsius Avg     : 60.5398
2025-11-28 10:04:06,526 - INFO - Gpu Temp Celsius Peak    : 63.0000
2025-11-28 10:04:06,526 - INFO - Gpu Utilization Percent Avg: 95.7386
2025-11-28 10:04:06,526 - INFO - Gpu Utilization Percent Peak: 100.0000
2025-11-28 10:04:06,526 - INFO - Gpu Mem Used Bytes Avg   : 16090595328.0000
2025-11-28 10:04:06,526 - INFO - Gpu Mem Used Bytes Peak  : 16090595328.0000
2025-11-28 10:04:06,526 - INFO - Gpu Vram Used Bytes      : 16090595328.0000
2025-11-28 10:04:06,526 - INFO - Accuracy                 : 0.2142
2025-11-28 10:04:06,526 - INFO - Precision                : 0.3429
2025-11-28 10:04:06,526 - INFO - Recall                   : 0.2142
2025-11-28 10:04:06,526 - INFO - F1 Score                 : 0.1995
2025-11-28 10:04:06,526 - INFO - ==================================================
2025-11-28 10:14:20,818 - INFO - Época 31 concluída. Loss média: 3.3832
2025-11-28 10:14:20,821 - INFO - Taxa de aprendizado ajustada para: 0.010000
2025-11-28 10:14:20,824 - INFO - Iniciando inferência com o modelo ResNet...
2025-11-28 10:14:38,553 - INFO - ==================================================
2025-11-28 10:14:38,553 - INFO - EXPERIMENT RESULTS
2025-11-28 10:14:38,553 - INFO - ==================================================
2025-11-28 10:14:38,553 - INFO - Elapsed Time Seconds     : 17.6917
2025-11-28 10:14:38,553 - INFO - Cpu Usage Percent        : 3.4000
2025-11-28 10:14:38,553 - INFO - Ram Peak Usage Bytes     : 3882156032.0000
2025-11-28 10:14:38,553 - INFO - Disk Read Bytes          : 0.0000
2025-11-28 10:14:38,553 - INFO - Disk Write Bytes         : 638976.0000
2025-11-28 10:14:38,554 - INFO - Vram Peak Usage Bytes    : 2840555052.0000
2025-11-28 10:14:38,554 - INFO - Gpu Power Watts Avg      : 312.2655
2025-11-28 10:14:38,554 - INFO - Gpu Power Watts Peak     : 320.4350
2025-11-28 10:14:38,554 - INFO - Gpu Temp Celsius Avg     : 60.7714
2025-11-28 10:14:38,554 - INFO - Gpu Temp Celsius Peak    : 63.0000
2025-11-28 10:14:38,554 - INFO - Gpu Utilization Percent Avg: 96.8800
2025-11-28 10:14:38,554 - INFO - Gpu Utilization Percent Peak: 100.0000
2025-11-28 10:14:38,554 - INFO - Gpu Mem Used Bytes Avg   : 16090595328.0000
2025-11-28 10:14:38,554 - INFO - Gpu Mem Used Bytes Peak  : 16090595328.0000
2025-11-28 10:14:38,554 - INFO - Gpu Vram Used Bytes      : 16090595328.0000
2025-11-28 10:14:38,554 - INFO - Accuracy                 : 0.4297
2025-11-28 10:14:38,554 - INFO - Precision                : 0.4323
2025-11-28 10:14:38,554 - INFO - Recall                   : 0.4297
2025-11-28 10:14:38,554 - INFO - F1 Score                 : 0.4153
2025-11-28 10:14:38,554 - INFO - ==================================================
2025-11-28 10:24:52,418 - INFO - Época 32 concluída. Loss média: 3.2666
2025-11-28 10:24:52,418 - INFO - Taxa de aprendizado ajustada para: 0.010000
2025-11-28 10:24:52,422 - INFO - Iniciando inferência com o modelo ResNet...
2025-11-28 10:25:10,139 - INFO - ==================================================
2025-11-28 10:25:10,139 - INFO - EXPERIMENT RESULTS
2025-11-28 10:25:10,139 - INFO - ==================================================
2025-11-28 10:25:10,139 - INFO - Elapsed Time Seconds     : 17.6792
2025-11-28 10:25:10,139 - INFO - Cpu Usage Percent        : 3.6281
2025-11-28 10:25:10,139 - INFO - Ram Peak Usage Bytes     : 3882602496.0000
2025-11-28 10:25:10,139 - INFO - Disk Read Bytes          : 0.0000
2025-11-28 10:25:10,139 - INFO - Disk Write Bytes         : 720896.0000
2025-11-28 10:25:10,139 - INFO - Vram Peak Usage Bytes    : 2840555052.0000
2025-11-28 10:25:10,139 - INFO - Gpu Power Watts Avg      : 310.6389
2025-11-28 10:25:10,139 - INFO - Gpu Power Watts Peak     : 319.4080
2025-11-28 10:25:10,139 - INFO - Gpu Temp Celsius Avg     : 60.4343
2025-11-28 10:25:10,139 - INFO - Gpu Temp Celsius Peak    : 62.0000
2025-11-28 10:25:10,139 - INFO - Gpu Utilization Percent Avg: 96.6400
2025-11-28 10:25:10,139 - INFO - Gpu Utilization Percent Peak: 100.0000
2025-11-28 10:25:10,140 - INFO - Gpu Mem Used Bytes Avg   : 16090595328.0000
2025-11-28 10:25:10,140 - INFO - Gpu Mem Used Bytes Peak  : 16090595328.0000
2025-11-28 10:25:10,140 - INFO - Gpu Vram Used Bytes      : 16090595328.0000
2025-11-28 10:25:10,140 - INFO - Accuracy                 : 0.4467
2025-11-28 10:25:10,140 - INFO - Precision                : 0.4430
2025-11-28 10:25:10,140 - INFO - Recall                   : 0.4467
2025-11-28 10:25:10,140 - INFO - F1 Score                 : 0.4298
2025-11-28 10:25:10,140 - INFO - ==================================================
2025-11-28 10:35:24,058 - INFO - Época 33 concluída. Loss média: 3.2125
2025-11-28 10:35:24,058 - INFO - Taxa de aprendizado ajustada para: 0.010000
2025-11-28 10:35:24,062 - INFO - Iniciando inferência com o modelo ResNet...
2025-11-28 10:35:41,908 - INFO - ==================================================
2025-11-28 10:35:41,908 - INFO - EXPERIMENT RESULTS
2025-11-28 10:35:41,908 - INFO - ==================================================
2025-11-28 10:35:41,908 - INFO - Elapsed Time Seconds     : 17.8083
2025-11-28 10:35:41,908 - INFO - Cpu Usage Percent        : 3.6250
2025-11-28 10:35:41,908 - INFO - Ram Peak Usage Bytes     : 3883249664.0000
2025-11-28 10:35:41,908 - INFO - Disk Read Bytes          : 0.0000
2025-11-28 10:35:41,908 - INFO - Disk Write Bytes         : 626688.0000
2025-11-28 10:35:41,908 - INFO - Vram Peak Usage Bytes    : 2840555052.0000
2025-11-28 10:35:41,908 - INFO - Gpu Power Watts Avg      : 309.1387
2025-11-28 10:35:41,908 - INFO - Gpu Power Watts Peak     : 318.9690
2025-11-28 10:35:41,908 - INFO - Gpu Temp Celsius Avg     : 60.9716
2025-11-28 10:35:41,908 - INFO - Gpu Temp Celsius Peak    : 63.0000
2025-11-28 10:35:41,908 - INFO - Gpu Utilization Percent Avg: 95.8636
2025-11-28 10:35:41,909 - INFO - Gpu Utilization Percent Peak: 100.0000
2025-11-28 10:35:41,909 - INFO - Gpu Mem Used Bytes Avg   : 16090595328.0000
2025-11-28 10:35:41,909 - INFO - Gpu Mem Used Bytes Peak  : 16090595328.0000
2025-11-28 10:35:41,909 - INFO - Gpu Vram Used Bytes      : 16090595328.0000
2025-11-28 10:35:41,909 - INFO - Accuracy                 : 0.4505
2025-11-28 10:35:41,909 - INFO - Precision                : 0.4594
2025-11-28 10:35:41,909 - INFO - Recall                   : 0.4505
2025-11-28 10:35:41,909 - INFO - F1 Score                 : 0.4391
2025-11-28 10:35:41,909 - INFO - ==================================================
2025-11-28 10:45:55,937 - INFO - Época 34 concluída. Loss média: 3.1938
2025-11-28 10:45:55,937 - INFO - Taxa de aprendizado ajustada para: 0.010000
2025-11-28 10:45:55,940 - INFO - Iniciando inferência com o modelo ResNet...
2025-11-28 10:46:13,666 - INFO - ==================================================
2025-11-28 10:46:13,666 - INFO - EXPERIMENT RESULTS
2025-11-28 10:46:13,666 - INFO - ==================================================
2025-11-28 10:46:13,666 - INFO - Elapsed Time Seconds     : 17.6871
2025-11-28 10:46:13,666 - INFO - Cpu Usage Percent        : 3.6469
2025-11-28 10:46:13,666 - INFO - Ram Peak Usage Bytes     : 3883433984.0000
2025-11-28 10:46:13,666 - INFO - Disk Read Bytes          : 0.0000
2025-11-28 10:46:13,666 - INFO - Disk Write Bytes         : 815104.0000
2025-11-28 10:46:13,666 - INFO - Vram Peak Usage Bytes    : 2840555052.0000
2025-11-28 10:46:13,666 - INFO - Gpu Power Watts Avg      : 310.3290
2025-11-28 10:46:13,666 - INFO - Gpu Power Watts Peak     : 319.1890
2025-11-28 10:46:13,666 - INFO - Gpu Temp Celsius Avg     : 60.9314
2025-11-28 10:46:13,666 - INFO - Gpu Temp Celsius Peak    : 63.0000
2025-11-28 10:46:13,666 - INFO - Gpu Utilization Percent Avg: 96.5086
2025-11-28 10:46:13,666 - INFO - Gpu Utilization Percent Peak: 100.0000
2025-11-28 10:46:13,666 - INFO - Gpu Mem Used Bytes Avg   : 16090595328.0000
2025-11-28 10:46:13,667 - INFO - Gpu Mem Used Bytes Peak  : 16090595328.0000
2025-11-28 10:46:13,667 - INFO - Gpu Vram Used Bytes      : 16090595328.0000
2025-11-28 10:46:13,667 - INFO - Accuracy                 : 0.4464
2025-11-28 10:46:13,667 - INFO - Precision                : 0.4719
2025-11-28 10:46:13,667 - INFO - Recall                   : 0.4464
2025-11-28 10:46:13,667 - INFO - F1 Score                 : 0.4329
2025-11-28 10:46:13,667 - INFO - ==================================================
2025-11-28 10:56:27,600 - INFO - Época 35 concluída. Loss média: 3.1717
2025-11-28 10:56:27,601 - INFO - Taxa de aprendizado ajustada para: 0.010000
2025-11-28 10:56:27,604 - INFO - Iniciando inferência com o modelo ResNet...
2025-11-28 10:56:45,517 - INFO - ==================================================
2025-11-28 10:56:45,518 - INFO - EXPERIMENT RESULTS
2025-11-28 10:56:45,518 - INFO - ==================================================
2025-11-28 10:56:45,518 - INFO - Elapsed Time Seconds     : 17.8756
2025-11-28 10:56:45,518 - INFO - Cpu Usage Percent        : 3.6156
2025-11-28 10:56:45,518 - INFO - Ram Peak Usage Bytes     : 3883847680.0000
2025-11-28 10:56:45,518 - INFO - Disk Read Bytes          : 0.0000
2025-11-28 10:56:45,518 - INFO - Disk Write Bytes         : 618496.0000
2025-11-28 10:56:45,518 - INFO - Vram Peak Usage Bytes    : 2840555052.0000
2025-11-28 10:56:45,518 - INFO - Gpu Power Watts Avg      : 309.0189
2025-11-28 10:56:45,518 - INFO - Gpu Power Watts Peak     : 318.7970
2025-11-28 10:56:45,518 - INFO - Gpu Temp Celsius Avg     : 60.5198
2025-11-28 10:56:45,518 - INFO - Gpu Temp Celsius Peak    : 63.0000
2025-11-28 10:56:45,518 - INFO - Gpu Utilization Percent Avg: 96.2486
2025-11-28 10:56:45,518 - INFO - Gpu Utilization Percent Peak: 100.0000
2025-11-28 10:56:45,518 - INFO - Gpu Mem Used Bytes Avg   : 16090595328.0000
2025-11-28 10:56:45,518 - INFO - Gpu Mem Used Bytes Peak  : 16090595328.0000
2025-11-28 10:56:45,518 - INFO - Gpu Vram Used Bytes      : 16090595328.0000
2025-11-28 10:56:45,518 - INFO - Accuracy                 : 0.4603
2025-11-28 10:56:45,518 - INFO - Precision                : 0.4801
2025-11-28 10:56:45,518 - INFO - Recall                   : 0.4603
2025-11-28 10:56:45,518 - INFO - F1 Score                 : 0.4506
2025-11-28 10:56:45,519 - INFO - ==================================================
2025-11-28 11:06:59,231 - INFO - Época 36 concluída. Loss média: 3.1519
2025-11-28 11:06:59,232 - INFO - Taxa de aprendizado ajustada para: 0.010000
2025-11-28 11:06:59,235 - INFO - Iniciando inferência com o modelo ResNet...
2025-11-28 11:07:17,004 - INFO - ==================================================
2025-11-28 11:07:17,004 - INFO - EXPERIMENT RESULTS
2025-11-28 11:07:17,004 - INFO - ==================================================
2025-11-28 11:07:17,004 - INFO - Elapsed Time Seconds     : 17.7303
2025-11-28 11:07:17,004 - INFO - Cpu Usage Percent        : 3.3937
2025-11-28 11:07:17,004 - INFO - Ram Peak Usage Bytes     : 3884273664.0000
2025-11-28 11:07:17,004 - INFO - Disk Read Bytes          : 0.0000
2025-11-28 11:07:17,004 - INFO - Disk Write Bytes         : 835584.0000
2025-11-28 11:07:17,004 - INFO - Vram Peak Usage Bytes    : 2840555052.0000
2025-11-28 11:07:17,004 - INFO - Gpu Power Watts Avg      : 310.9694
2025-11-28 11:07:17,004 - INFO - Gpu Power Watts Peak     : 319.7300
2025-11-28 11:07:17,004 - INFO - Gpu Temp Celsius Avg     : 60.7829
2025-11-28 11:07:17,005 - INFO - Gpu Temp Celsius Peak    : 63.0000
2025-11-28 11:07:17,005 - INFO - Gpu Utilization Percent Avg: 96.6571
2025-11-28 11:07:17,005 - INFO - Gpu Utilization Percent Peak: 100.0000
2025-11-28 11:07:17,005 - INFO - Gpu Mem Used Bytes Avg   : 16090595328.0000
2025-11-28 11:07:17,005 - INFO - Gpu Mem Used Bytes Peak  : 16090595328.0000
2025-11-28 11:07:17,005 - INFO - Gpu Vram Used Bytes      : 16090595328.0000
2025-11-28 11:07:17,005 - INFO - Accuracy                 : 0.4600
2025-11-28 11:07:17,005 - INFO - Precision                : 0.4850
2025-11-28 11:07:17,005 - INFO - Recall                   : 0.4600
2025-11-28 11:07:17,005 - INFO - F1 Score                 : 0.4483
2025-11-28 11:07:17,005 - INFO - ==================================================
2025-11-28 11:17:30,713 - INFO - Época 37 concluída. Loss média: 3.1423
2025-11-28 11:17:30,713 - INFO - Taxa de aprendizado ajustada para: 0.010000
2025-11-28 11:17:30,717 - INFO - Iniciando inferência com o modelo ResNet...
2025-11-28 11:17:48,578 - INFO - ==================================================
2025-11-28 11:17:48,579 - INFO - EXPERIMENT RESULTS
2025-11-28 11:17:48,579 - INFO - ==================================================
2025-11-28 11:17:48,579 - INFO - Elapsed Time Seconds     : 17.8231
2025-11-28 11:17:48,579 - INFO - Cpu Usage Percent        : 3.6187
2025-11-28 11:17:48,579 - INFO - Ram Peak Usage Bytes     : 3887898624.0000
2025-11-28 11:17:48,579 - INFO - Disk Read Bytes          : 0.0000
2025-11-28 11:17:48,579 - INFO - Disk Write Bytes         : 626688.0000
2025-11-28 11:17:48,579 - INFO - Vram Peak Usage Bytes    : 2840555052.0000
2025-11-28 11:17:48,579 - INFO - Gpu Power Watts Avg      : 308.8355
2025-11-28 11:17:48,579 - INFO - Gpu Power Watts Peak     : 318.7690
2025-11-28 11:17:48,579 - INFO - Gpu Temp Celsius Avg     : 60.4886
2025-11-28 11:17:48,579 - INFO - Gpu Temp Celsius Peak    : 63.0000
2025-11-28 11:17:48,579 - INFO - Gpu Utilization Percent Avg: 96.1761
2025-11-28 11:17:48,579 - INFO - Gpu Utilization Percent Peak: 100.0000
2025-11-28 11:17:48,579 - INFO - Gpu Mem Used Bytes Avg   : 16090595328.0000
2025-11-28 11:17:48,579 - INFO - Gpu Mem Used Bytes Peak  : 16090595328.0000
2025-11-28 11:17:48,579 - INFO - Gpu Vram Used Bytes      : 16090595328.0000
2025-11-28 11:17:48,579 - INFO - Accuracy                 : 0.4590
2025-11-28 11:17:48,579 - INFO - Precision                : 0.4849
2025-11-28 11:17:48,579 - INFO - Recall                   : 0.4590
2025-11-28 11:17:48,579 - INFO - F1 Score                 : 0.4498
2025-11-28 11:17:48,579 - INFO - ==================================================
2025-11-28 11:28:02,572 - INFO - Época 38 concluída. Loss média: 3.1244
2025-11-28 11:28:02,572 - INFO - Taxa de aprendizado ajustada para: 0.010000
2025-11-28 11:28:02,575 - INFO - Iniciando inferência com o modelo ResNet...
2025-11-28 11:28:20,221 - INFO - ==================================================
2025-11-28 11:28:20,222 - INFO - EXPERIMENT RESULTS
2025-11-28 11:28:20,222 - INFO - ==================================================
2025-11-28 11:28:20,222 - INFO - Elapsed Time Seconds     : 17.6083
2025-11-28 11:28:20,222 - INFO - Cpu Usage Percent        : 3.4125
2025-11-28 11:28:20,222 - INFO - Ram Peak Usage Bytes     : 3888644096.0000
2025-11-28 11:28:20,222 - INFO - Disk Read Bytes          : 0.0000
2025-11-28 11:28:20,222 - INFO - Disk Write Bytes         : 843776.0000
2025-11-28 11:28:20,222 - INFO - Vram Peak Usage Bytes    : 2840555052.0000
2025-11-28 11:28:20,222 - INFO - Gpu Power Watts Avg      : 311.7620
2025-11-28 11:28:20,222 - INFO - Gpu Power Watts Peak     : 319.2590
2025-11-28 11:28:20,222 - INFO - Gpu Temp Celsius Avg     : 61.0805
2025-11-28 11:28:20,222 - INFO - Gpu Temp Celsius Peak    : 63.0000
2025-11-28 11:28:20,222 - INFO - Gpu Utilization Percent Avg: 97.7529
2025-11-28 11:28:20,222 - INFO - Gpu Utilization Percent Peak: 100.0000
2025-11-28 11:28:20,222 - INFO - Gpu Mem Used Bytes Avg   : 16090595328.0000
2025-11-28 11:28:20,222 - INFO - Gpu Mem Used Bytes Peak  : 16090595328.0000
2025-11-28 11:28:20,222 - INFO - Gpu Vram Used Bytes      : 16090595328.0000
2025-11-28 11:28:20,222 - INFO - Accuracy                 : 0.4610
2025-11-28 11:28:20,222 - INFO - Precision                : 0.4885
2025-11-28 11:28:20,222 - INFO - Recall                   : 0.4610
2025-11-28 11:28:20,222 - INFO - F1 Score                 : 0.4481
2025-11-28 11:28:20,222 - INFO - ==================================================
2025-11-28 11:38:33,946 - INFO - Época 39 concluída. Loss média: 3.1102
2025-11-28 11:38:33,946 - INFO - Taxa de aprendizado ajustada para: 0.010000
2025-11-28 11:38:33,949 - INFO - Iniciando inferência com o modelo ResNet...
2025-11-28 11:38:51,825 - INFO - ==================================================
2025-11-28 11:38:51,825 - INFO - EXPERIMENT RESULTS
2025-11-28 11:38:51,825 - INFO - ==================================================
2025-11-28 11:38:51,825 - INFO - Elapsed Time Seconds     : 17.8376
2025-11-28 11:38:51,825 - INFO - Cpu Usage Percent        : 3.6344
2025-11-28 11:38:51,825 - INFO - Ram Peak Usage Bytes     : 3888910336.0000
2025-11-28 11:38:51,826 - INFO - Disk Read Bytes          : 0.0000
2025-11-28 11:38:51,826 - INFO - Disk Write Bytes         : 626688.0000
2025-11-28 11:38:51,826 - INFO - Vram Peak Usage Bytes    : 2840555052.0000
2025-11-28 11:38:51,826 - INFO - Gpu Power Watts Avg      : 309.7605
2025-11-28 11:38:51,826 - INFO - Gpu Power Watts Peak     : 318.8910
2025-11-28 11:38:51,826 - INFO - Gpu Temp Celsius Avg     : 61.0000
2025-11-28 11:38:51,826 - INFO - Gpu Temp Celsius Peak    : 63.0000
2025-11-28 11:38:51,826 - INFO - Gpu Utilization Percent Avg: 96.5227
2025-11-28 11:38:51,826 - INFO - Gpu Utilization Percent Peak: 100.0000
2025-11-28 11:38:51,826 - INFO - Gpu Mem Used Bytes Avg   : 16090595328.0000
2025-11-28 11:38:51,826 - INFO - Gpu Mem Used Bytes Peak  : 16090595328.0000
2025-11-28 11:38:51,826 - INFO - Gpu Vram Used Bytes      : 16090595328.0000
2025-11-28 11:38:51,826 - INFO - Accuracy                 : 0.4608
2025-11-28 11:38:51,826 - INFO - Precision                : 0.4840
2025-11-28 11:38:51,826 - INFO - Recall                   : 0.4608
2025-11-28 11:38:51,826 - INFO - F1 Score                 : 0.4498
2025-11-28 11:38:51,826 - INFO - ==================================================
2025-11-28 11:49:05,807 - INFO - Época 40 concluída. Loss média: 3.0996
2025-11-28 11:49:05,808 - INFO - Taxa de aprendizado ajustada para: 0.010000
2025-11-28 11:49:05,811 - INFO - Iniciando inferência com o modelo ResNet...
2025-11-28 11:49:23,533 - INFO - ==================================================
2025-11-28 11:49:23,533 - INFO - EXPERIMENT RESULTS
2025-11-28 11:49:23,533 - INFO - ==================================================
2025-11-28 11:49:23,533 - INFO - Elapsed Time Seconds     : 17.6966
2025-11-28 11:49:23,533 - INFO - Cpu Usage Percent        : 3.6125
2025-11-28 11:49:23,533 - INFO - Ram Peak Usage Bytes     : 3889422336.0000
2025-11-28 11:49:23,533 - INFO - Disk Read Bytes          : 0.0000
2025-11-28 11:49:23,533 - INFO - Disk Write Bytes         : 729088.0000
2025-11-28 11:49:23,533 - INFO - Vram Peak Usage Bytes    : 2840555052.0000
2025-11-28 11:49:23,533 - INFO - Gpu Power Watts Avg      : 310.9011
2025-11-28 11:49:23,533 - INFO - Gpu Power Watts Peak     : 319.0970
2025-11-28 11:49:23,533 - INFO - Gpu Temp Celsius Avg     : 60.8057
2025-11-28 11:49:23,533 - INFO - Gpu Temp Celsius Peak    : 63.0000
2025-11-28 11:49:23,533 - INFO - Gpu Utilization Percent Avg: 97.5314
2025-11-28 11:49:23,533 - INFO - Gpu Utilization Percent Peak: 100.0000
2025-11-28 11:49:23,533 - INFO - Gpu Mem Used Bytes Avg   : 16090595328.0000
2025-11-28 11:49:23,533 - INFO - Gpu Mem Used Bytes Peak  : 16090595328.0000
2025-11-28 11:49:23,533 - INFO - Gpu Vram Used Bytes      : 16090595328.0000
2025-11-28 11:49:23,533 - INFO - Accuracy                 : 0.4720
2025-11-28 11:49:23,533 - INFO - Precision                : 0.5058
2025-11-28 11:49:23,533 - INFO - Recall                   : 0.4720
2025-11-28 11:49:23,533 - INFO - F1 Score                 : 0.4630
2025-11-28 11:49:23,533 - INFO - ==================================================
2025-11-28 11:59:36,125 - INFO - Época 41 concluída. Loss média: 3.0915
2025-11-28 11:59:36,126 - INFO - Taxa de aprendizado ajustada para: 0.010000
2025-11-28 11:59:36,127 - INFO - Iniciando inferência com o modelo ResNet...
2025-11-28 11:59:53,860 - INFO - ==================================================
2025-11-28 11:59:53,861 - INFO - EXPERIMENT RESULTS
2025-11-28 11:59:53,861 - INFO - ==================================================
2025-11-28 11:59:53,861 - INFO - Elapsed Time Seconds     : 17.6962
2025-11-28 11:59:53,861 - INFO - Cpu Usage Percent        : 3.5938
2025-11-28 11:59:53,861 - INFO - Ram Peak Usage Bytes     : 3889979392.0000
2025-11-28 11:59:53,861 - INFO - Disk Read Bytes          : 0.0000
2025-11-28 11:59:53,861 - INFO - Disk Write Bytes         : 626688.0000
2025-11-28 11:59:53,861 - INFO - Vram Peak Usage Bytes    : 2840555052.0000
2025-11-28 11:59:53,861 - INFO - Gpu Power Watts Avg      : 310.3443
2025-11-28 11:59:53,861 - INFO - Gpu Power Watts Peak     : 318.9450
2025-11-28 11:59:53,861 - INFO - Gpu Temp Celsius Avg     : 61.0457
2025-11-28 11:59:53,861 - INFO - Gpu Temp Celsius Peak    : 63.0000
2025-11-28 11:59:53,861 - INFO - Gpu Utilization Percent Avg: 96.5886
2025-11-28 11:59:53,861 - INFO - Gpu Utilization Percent Peak: 100.0000
2025-11-28 11:59:53,861 - INFO - Gpu Mem Used Bytes Avg   : 16090595328.0000
2025-11-28 11:59:53,861 - INFO - Gpu Mem Used Bytes Peak  : 16090595328.0000
2025-11-28 11:59:53,861 - INFO - Gpu Vram Used Bytes      : 16090595328.0000
2025-11-28 11:59:53,861 - INFO - Accuracy                 : 0.4515
2025-11-28 11:59:53,861 - INFO - Precision                : 0.5024
2025-11-28 11:59:53,861 - INFO - Recall                   : 0.4515
2025-11-28 11:59:53,861 - INFO - F1 Score                 : 0.4465
2025-11-28 11:59:53,861 - INFO - ==================================================
2025-11-28 12:10:06,596 - INFO - Época 42 concluída. Loss média: 3.0825
2025-11-28 12:10:06,596 - INFO - Taxa de aprendizado ajustada para: 0.010000
2025-11-28 12:10:06,599 - INFO - Iniciando inferência com o modelo ResNet...
2025-11-28 12:10:24,215 - INFO - ==================================================
2025-11-28 12:10:24,215 - INFO - EXPERIMENT RESULTS
2025-11-28 12:10:24,215 - INFO - ==================================================
2025-11-28 12:10:24,215 - INFO - Elapsed Time Seconds     : 17.5905
2025-11-28 12:10:24,215 - INFO - Cpu Usage Percent        : 3.6531
2025-11-28 12:10:24,215 - INFO - Ram Peak Usage Bytes     : 3890331648.0000
2025-11-28 12:10:24,215 - INFO - Disk Read Bytes          : 0.0000
2025-11-28 12:10:24,215 - INFO - Disk Write Bytes         : 729088.0000
2025-11-28 12:10:24,215 - INFO - Vram Peak Usage Bytes    : 2840555052.0000
2025-11-28 12:10:24,215 - INFO - Gpu Power Watts Avg      : 311.3913
2025-11-28 12:10:24,215 - INFO - Gpu Power Watts Peak     : 318.3650
2025-11-28 12:10:24,215 - INFO - Gpu Temp Celsius Avg     : 61.0000
2025-11-28 12:10:24,215 - INFO - Gpu Temp Celsius Peak    : 63.0000
2025-11-28 12:10:24,215 - INFO - Gpu Utilization Percent Avg: 97.2586
2025-11-28 12:10:24,215 - INFO - Gpu Utilization Percent Peak: 100.0000
2025-11-28 12:10:24,215 - INFO - Gpu Mem Used Bytes Avg   : 16090595328.0000
2025-11-28 12:10:24,215 - INFO - Gpu Mem Used Bytes Peak  : 16090595328.0000
2025-11-28 12:10:24,215 - INFO - Gpu Vram Used Bytes      : 16090595328.0000
2025-11-28 12:10:24,215 - INFO - Accuracy                 : 0.4788
2025-11-28 12:10:24,215 - INFO - Precision                : 0.5054
2025-11-28 12:10:24,215 - INFO - Recall                   : 0.4788
2025-11-28 12:10:24,216 - INFO - F1 Score                 : 0.4695
2025-11-28 12:10:24,216 - INFO - ==================================================
2025-11-28 12:20:36,787 - INFO - Época 43 concluída. Loss média: 3.0666
2025-11-28 12:20:36,787 - INFO - Taxa de aprendizado ajustada para: 0.010000
2025-11-28 12:20:36,788 - INFO - Iniciando inferência com o modelo ResNet...
2025-11-28 12:20:54,384 - INFO - ==================================================
2025-11-28 12:20:54,384 - INFO - EXPERIMENT RESULTS
2025-11-28 12:20:54,384 - INFO - ==================================================
2025-11-28 12:20:54,384 - INFO - Elapsed Time Seconds     : 17.5580
2025-11-28 12:20:54,385 - INFO - Cpu Usage Percent        : 3.4062
2025-11-28 12:20:54,385 - INFO - Ram Peak Usage Bytes     : 3890724864.0000
2025-11-28 12:20:54,385 - INFO - Disk Read Bytes          : 0.0000
2025-11-28 12:20:54,385 - INFO - Disk Write Bytes         : 626688.0000
2025-11-28 12:20:54,385 - INFO - Vram Peak Usage Bytes    : 2840555052.0000
2025-11-28 12:20:54,385 - INFO - Gpu Power Watts Avg      : 311.1361
2025-11-28 12:20:54,385 - INFO - Gpu Power Watts Peak     : 318.3700
2025-11-28 12:20:54,385 - INFO - Gpu Temp Celsius Avg     : 60.8218
2025-11-28 12:20:54,385 - INFO - Gpu Temp Celsius Peak    : 63.0000
2025-11-28 12:20:54,385 - INFO - Gpu Utilization Percent Avg: 97.4425
2025-11-28 12:20:54,385 - INFO - Gpu Utilization Percent Peak: 100.0000
2025-11-28 12:20:54,385 - INFO - Gpu Mem Used Bytes Avg   : 16090595328.0000
2025-11-28 12:20:54,385 - INFO - Gpu Mem Used Bytes Peak  : 16090595328.0000
2025-11-28 12:20:54,385 - INFO - Gpu Vram Used Bytes      : 16090595328.0000
2025-11-28 12:20:54,385 - INFO - Accuracy                 : 0.4851
2025-11-28 12:20:54,385 - INFO - Precision                : 0.5149
2025-11-28 12:20:54,385 - INFO - Recall                   : 0.4851
2025-11-28 12:20:54,385 - INFO - F1 Score                 : 0.4781
2025-11-28 12:20:54,385 - INFO - ==================================================
2025-11-28 12:31:08,241 - INFO - Época 44 concluída. Loss média: 3.0545
2025-11-28 12:31:08,242 - INFO - Taxa de aprendizado ajustada para: 0.010000
2025-11-28 12:31:08,245 - INFO - Iniciando inferência com o modelo ResNet...
2025-11-28 12:31:26,090 - INFO - ==================================================
2025-11-28 12:31:26,090 - INFO - EXPERIMENT RESULTS
2025-11-28 12:31:26,090 - INFO - ==================================================
2025-11-28 12:31:26,090 - INFO - Elapsed Time Seconds     : 17.8073
2025-11-28 12:31:26,090 - INFO - Cpu Usage Percent        : 3.4500
2025-11-28 12:31:26,091 - INFO - Ram Peak Usage Bytes     : 3891159040.0000
2025-11-28 12:31:26,091 - INFO - Disk Read Bytes          : 0.0000
2025-11-28 12:31:26,091 - INFO - Disk Write Bytes         : 733184.0000
2025-11-28 12:31:26,091 - INFO - Vram Peak Usage Bytes    : 2840555052.0000
2025-11-28 12:31:26,091 - INFO - Gpu Power Watts Avg      : 309.3254
2025-11-28 12:31:26,091 - INFO - Gpu Power Watts Peak     : 318.7380
2025-11-28 12:31:26,091 - INFO - Gpu Temp Celsius Avg     : 60.6364
2025-11-28 12:31:26,091 - INFO - Gpu Temp Celsius Peak    : 63.0000
2025-11-28 12:31:26,091 - INFO - Gpu Utilization Percent Avg: 96.6250
2025-11-28 12:31:26,091 - INFO - Gpu Utilization Percent Peak: 100.0000
2025-11-28 12:31:26,091 - INFO - Gpu Mem Used Bytes Avg   : 16090595328.0000
2025-11-28 12:31:26,091 - INFO - Gpu Mem Used Bytes Peak  : 16090595328.0000
2025-11-28 12:31:26,091 - INFO - Gpu Vram Used Bytes      : 16090595328.0000
2025-11-28 12:31:26,091 - INFO - Accuracy                 : 0.4782
2025-11-28 12:31:26,091 - INFO - Precision                : 0.5139
2025-11-28 12:31:26,091 - INFO - Recall                   : 0.4782
2025-11-28 12:31:26,091 - INFO - F1 Score                 : 0.4679
2025-11-28 12:31:26,091 - INFO - ==================================================
2025-11-28 12:41:39,423 - INFO - Época 45 concluída. Loss média: 3.0491
2025-11-28 12:41:39,423 - INFO - Taxa de aprendizado ajustada para: 0.010000
2025-11-28 12:41:39,427 - INFO - Iniciando inferência com o modelo ResNet...
2025-11-28 12:41:57,041 - INFO - ==================================================
2025-11-28 12:41:57,041 - INFO - EXPERIMENT RESULTS
2025-11-28 12:41:57,041 - INFO - ==================================================
2025-11-28 12:41:57,041 - INFO - Elapsed Time Seconds     : 17.5887
2025-11-28 12:41:57,041 - INFO - Cpu Usage Percent        : 3.4125
2025-11-28 12:41:57,041 - INFO - Ram Peak Usage Bytes     : 3891560448.0000
2025-11-28 12:41:57,041 - INFO - Disk Read Bytes          : 0.0000
2025-11-28 12:41:57,041 - INFO - Disk Write Bytes         : 626688.0000
2025-11-28 12:41:57,041 - INFO - Vram Peak Usage Bytes    : 2840555052.0000
2025-11-28 12:41:57,041 - INFO - Gpu Power Watts Avg      : 310.9749
2025-11-28 12:41:57,041 - INFO - Gpu Power Watts Peak     : 318.3430
2025-11-28 12:41:57,041 - INFO - Gpu Temp Celsius Avg     : 60.6207
2025-11-28 12:41:57,041 - INFO - Gpu Temp Celsius Peak    : 63.0000
2025-11-28 12:41:57,041 - INFO - Gpu Utilization Percent Avg: 97.8793
2025-11-28 12:41:57,041 - INFO - Gpu Utilization Percent Peak: 100.0000
2025-11-28 12:41:57,041 - INFO - Gpu Mem Used Bytes Avg   : 16090595328.0000
2025-11-28 12:41:57,041 - INFO - Gpu Mem Used Bytes Peak  : 16090595328.0000
2025-11-28 12:41:57,041 - INFO - Gpu Vram Used Bytes      : 16090595328.0000
2025-11-28 12:41:57,041 - INFO - Accuracy                 : 0.4764
2025-11-28 12:41:57,041 - INFO - Precision                : 0.5170
2025-11-28 12:41:57,041 - INFO - Recall                   : 0.4764
2025-11-28 12:41:57,041 - INFO - F1 Score                 : 0.4682
2025-11-28 12:41:57,041 - INFO - ==================================================
2025-11-28 12:52:10,595 - INFO - Época 46 concluída. Loss média: 3.0347
2025-11-28 12:52:10,599 - INFO - Taxa de aprendizado ajustada para: 0.010000
2025-11-28 12:52:10,602 - INFO - Iniciando inferência com o modelo ResNet...
2025-11-28 12:52:28,382 - INFO - ==================================================
2025-11-28 12:52:28,382 - INFO - EXPERIMENT RESULTS
2025-11-28 12:52:28,382 - INFO - ==================================================
2025-11-28 12:52:28,382 - INFO - Elapsed Time Seconds     : 17.7409
2025-11-28 12:52:28,382 - INFO - Cpu Usage Percent        : 3.3844
2025-11-28 12:52:28,382 - INFO - Ram Peak Usage Bytes     : 3892064256.0000
2025-11-28 12:52:28,382 - INFO - Disk Read Bytes          : 0.0000
2025-11-28 12:52:28,382 - INFO - Disk Write Bytes         : 700416.0000
2025-11-28 12:52:28,382 - INFO - Vram Peak Usage Bytes    : 2840555052.0000
2025-11-28 12:52:28,382 - INFO - Gpu Power Watts Avg      : 309.4753
2025-11-28 12:52:28,382 - INFO - Gpu Power Watts Peak     : 318.3130
2025-11-28 12:52:28,382 - INFO - Gpu Temp Celsius Avg     : 60.7886
2025-11-28 12:52:28,382 - INFO - Gpu Temp Celsius Peak    : 63.0000
2025-11-28 12:52:28,382 - INFO - Gpu Utilization Percent Avg: 97.1486
2025-11-28 12:52:28,382 - INFO - Gpu Utilization Percent Peak: 100.0000
2025-11-28 12:52:28,382 - INFO - Gpu Mem Used Bytes Avg   : 16090595328.0000
2025-11-28 12:52:28,382 - INFO - Gpu Mem Used Bytes Peak  : 16090595328.0000
2025-11-28 12:52:28,382 - INFO - Gpu Vram Used Bytes      : 16090595328.0000
2025-11-28 12:52:28,382 - INFO - Accuracy                 : 0.4846
2025-11-28 12:52:28,383 - INFO - Precision                : 0.5168
2025-11-28 12:52:28,383 - INFO - Recall                   : 0.4846
2025-11-28 12:52:28,383 - INFO - F1 Score                 : 0.4759
2025-11-28 12:52:28,383 - INFO - ==================================================
2025-11-28 13:02:42,360 - INFO - Época 47 concluída. Loss média: 3.0185
2025-11-28 13:02:42,360 - INFO - Taxa de aprendizado ajustada para: 0.010000
2025-11-28 13:02:42,364 - INFO - Iniciando inferência com o modelo ResNet...
2025-11-28 13:03:00,083 - INFO - ==================================================
2025-11-28 13:03:00,083 - INFO - EXPERIMENT RESULTS
2025-11-28 13:03:00,083 - INFO - ==================================================
2025-11-28 13:03:00,083 - INFO - Elapsed Time Seconds     : 17.6820
2025-11-28 13:03:00,083 - INFO - Cpu Usage Percent        : 3.6562
2025-11-28 13:03:00,083 - INFO - Ram Peak Usage Bytes     : 3892379648.0000
2025-11-28 13:03:00,083 - INFO - Disk Read Bytes          : 0.0000
2025-11-28 13:03:00,083 - INFO - Disk Write Bytes         : 724992.0000
2025-11-28 13:03:00,083 - INFO - Vram Peak Usage Bytes    : 2840555052.0000
2025-11-28 13:03:00,083 - INFO - Gpu Power Watts Avg      : 308.6184
2025-11-28 13:03:00,083 - INFO - Gpu Power Watts Peak     : 317.4420
2025-11-28 13:03:00,083 - INFO - Gpu Temp Celsius Avg     : 60.9429
2025-11-28 13:03:00,083 - INFO - Gpu Temp Celsius Peak    : 63.0000
2025-11-28 13:03:00,083 - INFO - Gpu Utilization Percent Avg: 96.9486
2025-11-28 13:03:00,083 - INFO - Gpu Utilization Percent Peak: 100.0000
2025-11-28 13:03:00,083 - INFO - Gpu Mem Used Bytes Avg   : 16090595328.0000
2025-11-28 13:03:00,083 - INFO - Gpu Mem Used Bytes Peak  : 16090595328.0000
2025-11-28 13:03:00,083 - INFO - Gpu Vram Used Bytes      : 16090595328.0000
2025-11-28 13:03:00,083 - INFO - Accuracy                 : 0.4900
2025-11-28 13:03:00,083 - INFO - Precision                : 0.5272
2025-11-28 13:03:00,083 - INFO - Recall                   : 0.4900
2025-11-28 13:03:00,083 - INFO - F1 Score                 : 0.4824
2025-11-28 13:03:00,083 - INFO - ==================================================
2025-11-28 13:13:14,037 - INFO - Época 48 concluída. Loss média: 3.0066
2025-11-28 13:13:14,037 - INFO - Taxa de aprendizado ajustada para: 0.010000
2025-11-28 13:13:14,041 - INFO - Iniciando inferência com o modelo ResNet...
2025-11-28 13:13:31,870 - INFO - ==================================================
2025-11-28 13:13:31,871 - INFO - EXPERIMENT RESULTS
2025-11-28 13:13:31,871 - INFO - ==================================================
2025-11-28 13:13:31,871 - INFO - Elapsed Time Seconds     : 17.7921
2025-11-28 13:13:31,871 - INFO - Cpu Usage Percent        : 3.5875
2025-11-28 13:13:31,871 - INFO - Ram Peak Usage Bytes     : 3892797440.0000
2025-11-28 13:13:31,871 - INFO - Disk Read Bytes          : 0.0000
2025-11-28 13:13:31,871 - INFO - Disk Write Bytes         : 663552.0000
2025-11-28 13:13:31,871 - INFO - Vram Peak Usage Bytes    : 2840555052.0000
2025-11-28 13:13:31,871 - INFO - Gpu Power Watts Avg      : 306.6289
2025-11-28 13:13:31,871 - INFO - Gpu Power Watts Peak     : 316.8630
2025-11-28 13:13:31,871 - INFO - Gpu Temp Celsius Avg     : 60.8125
2025-11-28 13:13:31,871 - INFO - Gpu Temp Celsius Peak    : 63.0000
2025-11-28 13:13:31,871 - INFO - Gpu Utilization Percent Avg: 96.0455
2025-11-28 13:13:31,871 - INFO - Gpu Utilization Percent Peak: 100.0000
2025-11-28 13:13:31,871 - INFO - Gpu Mem Used Bytes Avg   : 16090595328.0000
2025-11-28 13:13:31,871 - INFO - Gpu Mem Used Bytes Peak  : 16090595328.0000
2025-11-28 13:13:31,871 - INFO - Gpu Vram Used Bytes      : 16090595328.0000
2025-11-28 13:13:31,871 - INFO - Accuracy                 : 0.4865
2025-11-28 13:13:31,871 - INFO - Precision                : 0.5314
2025-11-28 13:13:31,871 - INFO - Recall                   : 0.4865
2025-11-28 13:13:31,871 - INFO - F1 Score                 : 0.4792
2025-11-28 13:13:31,871 - INFO - ==================================================
2025-11-28 13:23:45,755 - INFO - Época 49 concluída. Loss média: 3.0035
2025-11-28 13:23:45,756 - INFO - Taxa de aprendizado ajustada para: 0.010000
2025-11-28 13:23:45,759 - INFO - Iniciando inferência com o modelo ResNet...
2025-11-28 13:24:03,461 - INFO - ==================================================
2025-11-28 13:24:03,461 - INFO - EXPERIMENT RESULTS
2025-11-28 13:24:03,461 - INFO - ==================================================
2025-11-28 13:24:03,461 - INFO - Elapsed Time Seconds     : 17.6762
2025-11-28 13:24:03,461 - INFO - Cpu Usage Percent        : 3.3937
2025-11-28 13:24:03,461 - INFO - Ram Peak Usage Bytes     : 3893194752.0000
2025-11-28 13:24:03,461 - INFO - Disk Read Bytes          : 0.0000
2025-11-28 13:24:03,461 - INFO - Disk Write Bytes         : 733184.0000
2025-11-28 13:24:03,461 - INFO - Vram Peak Usage Bytes    : 2840555052.0000
2025-11-28 13:24:03,461 - INFO - Gpu Power Watts Avg      : 307.6971
2025-11-28 13:24:03,461 - INFO - Gpu Power Watts Peak     : 316.2180
2025-11-28 13:24:03,461 - INFO - Gpu Temp Celsius Avg     : 60.6286
2025-11-28 13:24:03,461 - INFO - Gpu Temp Celsius Peak    : 63.0000
2025-11-28 13:24:03,461 - INFO - Gpu Utilization Percent Avg: 97.2571
2025-11-28 13:24:03,461 - INFO - Gpu Utilization Percent Peak: 100.0000
2025-11-28 13:24:03,461 - INFO - Gpu Mem Used Bytes Avg   : 16090595328.0000
2025-11-28 13:24:03,461 - INFO - Gpu Mem Used Bytes Peak  : 16090595328.0000
2025-11-28 13:24:03,461 - INFO - Gpu Vram Used Bytes      : 16090595328.0000
2025-11-28 13:24:03,461 - INFO - Accuracy                 : 0.4874
2025-11-28 13:24:03,461 - INFO - Precision                : 0.5263
2025-11-28 13:24:03,461 - INFO - Recall                   : 0.4874
2025-11-28 13:24:03,461 - INFO - F1 Score                 : 0.4760
2025-11-28 13:24:03,461 - INFO - ==================================================
2025-11-28 13:34:15,953 - INFO - Época 50 concluída. Loss média: 2.9947
2025-11-28 13:34:15,953 - INFO - Taxa de aprendizado ajustada para: 0.010000
2025-11-28 13:34:15,954 - INFO - Iniciando inferência com o modelo ResNet...
2025-11-28 13:34:33,557 - INFO - ==================================================
2025-11-28 13:34:33,557 - INFO - EXPERIMENT RESULTS
2025-11-28 13:34:33,557 - INFO - ==================================================
2025-11-28 13:34:33,557 - INFO - Elapsed Time Seconds     : 17.5653
2025-11-28 13:34:33,557 - INFO - Cpu Usage Percent        : 3.4031
2025-11-28 13:34:33,557 - INFO - Ram Peak Usage Bytes     : 3893604352.0000
2025-11-28 13:34:33,557 - INFO - Disk Read Bytes          : 0.0000
2025-11-28 13:34:33,558 - INFO - Disk Write Bytes         : 626688.0000
2025-11-28 13:34:33,558 - INFO - Vram Peak Usage Bytes    : 2840555052.0000
2025-11-28 13:34:33,558 - INFO - Gpu Power Watts Avg      : 310.2663
2025-11-28 13:34:33,558 - INFO - Gpu Power Watts Peak     : 317.1550
2025-11-28 13:34:33,558 - INFO - Gpu Temp Celsius Avg     : 61.1207
2025-11-28 13:34:33,558 - INFO - Gpu Temp Celsius Peak    : 63.0000
2025-11-28 13:34:33,558 - INFO - Gpu Utilization Percent Avg: 97.6207
2025-11-28 13:34:33,558 - INFO - Gpu Utilization Percent Peak: 100.0000
2025-11-28 13:34:33,558 - INFO - Gpu Mem Used Bytes Avg   : 16090595328.0000
2025-11-28 13:34:33,558 - INFO - Gpu Mem Used Bytes Peak  : 16090595328.0000
2025-11-28 13:34:33,558 - INFO - Gpu Vram Used Bytes      : 16090595328.0000
2025-11-28 13:34:33,558 - INFO - Accuracy                 : 0.4987
2025-11-28 13:34:33,558 - INFO - Precision                : 0.5238
2025-11-28 13:34:33,558 - INFO - Recall                   : 0.4987
2025-11-28 13:34:33,558 - INFO - F1 Score                 : 0.4922
2025-11-28 13:34:33,558 - INFO - ==================================================
2025-11-28 13:44:47,568 - INFO - Época 51 concluída. Loss média: 2.9835
2025-11-28 13:44:47,569 - INFO - Taxa de aprendizado ajustada para: 0.010000
2025-11-28 13:44:47,572 - INFO - Iniciando inferência com o modelo ResNet...
2025-11-28 13:45:05,207 - INFO - ==================================================
2025-11-28 13:45:05,208 - INFO - EXPERIMENT RESULTS
2025-11-28 13:45:05,208 - INFO - ==================================================
2025-11-28 13:45:05,208 - INFO - Elapsed Time Seconds     : 17.5979
2025-11-28 13:45:05,208 - INFO - Cpu Usage Percent        : 3.5187
2025-11-28 13:45:05,208 - INFO - Ram Peak Usage Bytes     : 3894140928.0000
2025-11-28 13:45:05,208 - INFO - Disk Read Bytes          : 0.0000
2025-11-28 13:45:05,208 - INFO - Disk Write Bytes         : 720896.0000
2025-11-28 13:45:05,208 - INFO - Vram Peak Usage Bytes    : 2840555052.0000
2025-11-28 13:45:05,208 - INFO - Gpu Power Watts Avg      : 309.8473
2025-11-28 13:45:05,208 - INFO - Gpu Power Watts Peak     : 317.4460
2025-11-28 13:45:05,208 - INFO - Gpu Temp Celsius Avg     : 60.7931
2025-11-28 13:45:05,208 - INFO - Gpu Temp Celsius Peak    : 63.0000
2025-11-28 13:45:05,208 - INFO - Gpu Utilization Percent Avg: 97.2644
2025-11-28 13:45:05,208 - INFO - Gpu Utilization Percent Peak: 100.0000
2025-11-28 13:45:05,208 - INFO - Gpu Mem Used Bytes Avg   : 16090595328.0000
2025-11-28 13:45:05,208 - INFO - Gpu Mem Used Bytes Peak  : 16090595328.0000
2025-11-28 13:45:05,208 - INFO - Gpu Vram Used Bytes      : 16090595328.0000
2025-11-28 13:45:05,208 - INFO - Accuracy                 : 0.4947
2025-11-28 13:45:05,208 - INFO - Precision                : 0.5215
2025-11-28 13:45:05,208 - INFO - Recall                   : 0.4947
2025-11-28 13:45:05,209 - INFO - F1 Score                 : 0.4856
2025-11-28 13:45:05,209 - INFO - ==================================================
2025-11-28 13:55:19,183 - INFO - Época 52 concluída. Loss média: 2.9748
2025-11-28 13:55:19,184 - INFO - Taxa de aprendizado ajustada para: 0.010000
2025-11-28 13:55:19,187 - INFO - Iniciando inferência com o modelo ResNet...
2025-11-28 13:55:36,921 - INFO - ==================================================
2025-11-28 13:55:36,921 - INFO - EXPERIMENT RESULTS
2025-11-28 13:55:36,921 - INFO - ==================================================
2025-11-28 13:55:36,921 - INFO - Elapsed Time Seconds     : 17.6964
2025-11-28 13:55:36,921 - INFO - Cpu Usage Percent        : 3.4125
2025-11-28 13:55:36,921 - INFO - Ram Peak Usage Bytes     : 3896578048.0000
2025-11-28 13:55:36,921 - INFO - Disk Read Bytes          : 0.0000
2025-11-28 13:55:36,921 - INFO - Disk Write Bytes         : 626688.0000
2025-11-28 13:55:36,922 - INFO - Vram Peak Usage Bytes    : 2840555052.0000
2025-11-28 13:55:36,922 - INFO - Gpu Power Watts Avg      : 309.5516
2025-11-28 13:55:36,922 - INFO - Gpu Power Watts Peak     : 317.5770
2025-11-28 13:55:36,922 - INFO - Gpu Temp Celsius Avg     : 60.9371
2025-11-28 13:55:36,922 - INFO - Gpu Temp Celsius Peak    : 63.0000
2025-11-28 13:55:36,922 - INFO - Gpu Utilization Percent Avg: 96.8343
2025-11-28 13:55:36,922 - INFO - Gpu Utilization Percent Peak: 100.0000
2025-11-28 13:55:36,922 - INFO - Gpu Mem Used Bytes Avg   : 16090595328.0000
2025-11-28 13:55:36,922 - INFO - Gpu Mem Used Bytes Peak  : 16090595328.0000
2025-11-28 13:55:36,922 - INFO - Gpu Vram Used Bytes      : 16090595328.0000
2025-11-28 13:55:36,922 - INFO - Accuracy                 : 0.4738
2025-11-28 13:55:36,922 - INFO - Precision                : 0.5334
2025-11-28 13:55:36,922 - INFO - Recall                   : 0.4738
2025-11-28 13:55:36,922 - INFO - F1 Score                 : 0.4698
2025-11-28 13:55:36,922 - INFO - ==================================================
2025-11-28 14:05:50,633 - INFO - Época 53 concluída. Loss média: 2.9702
2025-11-28 14:05:50,634 - INFO - Taxa de aprendizado ajustada para: 0.010000
2025-11-28 14:05:50,637 - INFO - Iniciando inferência com o modelo ResNet...
2025-11-28 14:06:08,355 - INFO - ==================================================
2025-11-28 14:06:08,355 - INFO - EXPERIMENT RESULTS
2025-11-28 14:06:08,355 - INFO - ==================================================
2025-11-28 14:06:08,355 - INFO - Elapsed Time Seconds     : 17.6808
2025-11-28 14:06:08,355 - INFO - Cpu Usage Percent        : 3.4000
2025-11-28 14:06:08,355 - INFO - Ram Peak Usage Bytes     : 3897040896.0000
2025-11-28 14:06:08,355 - INFO - Disk Read Bytes          : 0.0000
2025-11-28 14:06:08,355 - INFO - Disk Write Bytes         : 720896.0000
2025-11-28 14:06:08,355 - INFO - Vram Peak Usage Bytes    : 2840555052.0000
2025-11-28 14:06:08,356 - INFO - Gpu Power Watts Avg      : 309.0524
2025-11-28 14:06:08,356 - INFO - Gpu Power Watts Peak     : 317.2200
2025-11-28 14:06:08,356 - INFO - Gpu Temp Celsius Avg     : 60.6743
2025-11-28 14:06:08,356 - INFO - Gpu Temp Celsius Peak    : 63.0000
2025-11-28 14:06:08,356 - INFO - Gpu Utilization Percent Avg: 97.5086
2025-11-28 14:06:08,356 - INFO - Gpu Utilization Percent Peak: 100.0000
2025-11-28 14:06:08,356 - INFO - Gpu Mem Used Bytes Avg   : 16090595328.0000
2025-11-28 14:06:08,356 - INFO - Gpu Mem Used Bytes Peak  : 16090595328.0000
2025-11-28 14:06:08,356 - INFO - Gpu Vram Used Bytes      : 16090595328.0000
2025-11-28 14:06:08,356 - INFO - Accuracy                 : 0.4994
2025-11-28 14:06:08,356 - INFO - Precision                : 0.5382
2025-11-28 14:06:08,356 - INFO - Recall                   : 0.4994
2025-11-28 14:06:08,356 - INFO - F1 Score                 : 0.4926
2025-11-28 14:06:08,356 - INFO - ==================================================
2025-11-28 14:16:22,195 - INFO - Época 54 concluída. Loss média: 2.9597
2025-11-28 14:16:22,196 - INFO - Taxa de aprendizado ajustada para: 0.010000
2025-11-28 14:16:22,199 - INFO - Iniciando inferência com o modelo ResNet...
2025-11-28 14:16:39,829 - INFO - ==================================================
2025-11-28 14:16:39,829 - INFO - EXPERIMENT RESULTS
2025-11-28 14:16:39,829 - INFO - ==================================================
2025-11-28 14:16:39,829 - INFO - Elapsed Time Seconds     : 17.5925
2025-11-28 14:16:39,829 - INFO - Cpu Usage Percent        : 3.4250
2025-11-28 14:16:39,829 - INFO - Ram Peak Usage Bytes     : 3897487360.0000
2025-11-28 14:16:39,829 - INFO - Disk Read Bytes          : 0.0000
2025-11-28 14:16:39,829 - INFO - Disk Write Bytes         : 626688.0000
2025-11-28 14:16:39,829 - INFO - Vram Peak Usage Bytes    : 2840555052.0000
2025-11-28 14:16:39,829 - INFO - Gpu Power Watts Avg      : 309.7817
2025-11-28 14:16:39,829 - INFO - Gpu Power Watts Peak     : 317.8320
2025-11-28 14:16:39,830 - INFO - Gpu Temp Celsius Avg     : 61.0230
2025-11-28 14:16:39,830 - INFO - Gpu Temp Celsius Peak    : 63.0000
2025-11-28 14:16:39,830 - INFO - Gpu Utilization Percent Avg: 97.4023
2025-11-28 14:16:39,830 - INFO - Gpu Utilization Percent Peak: 100.0000
2025-11-28 14:16:39,830 - INFO - Gpu Mem Used Bytes Avg   : 16090595328.0000
2025-11-28 14:16:39,830 - INFO - Gpu Mem Used Bytes Peak  : 16090595328.0000
2025-11-28 14:16:39,830 - INFO - Gpu Vram Used Bytes      : 16090595328.0000
2025-11-28 14:16:39,830 - INFO - Accuracy                 : 0.5074
2025-11-28 14:16:39,830 - INFO - Precision                : 0.5418
2025-11-28 14:16:39,830 - INFO - Recall                   : 0.5074
2025-11-28 14:16:39,830 - INFO - F1 Score                 : 0.5001
2025-11-28 14:16:39,830 - INFO - ==================================================
2025-11-28 14:26:53,438 - INFO - Época 55 concluída. Loss média: 2.9490
2025-11-28 14:26:53,438 - INFO - Taxa de aprendizado ajustada para: 0.010000
2025-11-28 14:26:53,442 - INFO - Iniciando inferência com o modelo ResNet...
2025-11-28 14:27:11,160 - INFO - ==================================================
2025-11-28 14:27:11,160 - INFO - EXPERIMENT RESULTS
2025-11-28 14:27:11,160 - INFO - ==================================================
2025-11-28 14:27:11,160 - INFO - Elapsed Time Seconds     : 17.6807
2025-11-28 14:27:11,160 - INFO - Cpu Usage Percent        : 3.4031
2025-11-28 14:27:11,160 - INFO - Ram Peak Usage Bytes     : 3897942016.0000
2025-11-28 14:27:11,160 - INFO - Disk Read Bytes          : 0.0000
2025-11-28 14:27:11,160 - INFO - Disk Write Bytes         : 847872.0000
2025-11-28 14:27:11,160 - INFO - Vram Peak Usage Bytes    : 2840555052.0000
2025-11-28 14:27:11,160 - INFO - Gpu Power Watts Avg      : 308.5787
2025-11-28 14:27:11,160 - INFO - Gpu Power Watts Peak     : 316.7090
2025-11-28 14:27:11,160 - INFO - Gpu Temp Celsius Avg     : 60.8971
2025-11-28 14:27:11,160 - INFO - Gpu Temp Celsius Peak    : 63.0000
2025-11-28 14:27:11,160 - INFO - Gpu Utilization Percent Avg: 97.6057
2025-11-28 14:27:11,160 - INFO - Gpu Utilization Percent Peak: 100.0000
2025-11-28 14:27:11,161 - INFO - Gpu Mem Used Bytes Avg   : 16090595328.0000
2025-11-28 14:27:11,161 - INFO - Gpu Mem Used Bytes Peak  : 16090595328.0000
2025-11-28 14:27:11,161 - INFO - Gpu Vram Used Bytes      : 16090595328.0000
2025-11-28 14:27:11,161 - INFO - Accuracy                 : 0.4933
2025-11-28 14:27:11,161 - INFO - Precision                : 0.5345
2025-11-28 14:27:11,161 - INFO - Recall                   : 0.4933
2025-11-28 14:27:11,161 - INFO - F1 Score                 : 0.4855
2025-11-28 14:27:11,161 - INFO - ==================================================
2025-11-28 14:37:25,454 - INFO - Época 56 concluída. Loss média: 2.9407
2025-11-28 14:37:25,455 - INFO - Taxa de aprendizado ajustada para: 0.010000
2025-11-28 14:37:25,458 - INFO - Iniciando inferência com o modelo ResNet...
2025-11-28 14:37:43,182 - INFO - ==================================================
2025-11-28 14:37:43,182 - INFO - EXPERIMENT RESULTS
2025-11-28 14:37:43,182 - INFO - ==================================================
2025-11-28 14:37:43,182 - INFO - Elapsed Time Seconds     : 17.6859
2025-11-28 14:37:43,182 - INFO - Cpu Usage Percent        : 3.4062
2025-11-28 14:37:43,182 - INFO - Ram Peak Usage Bytes     : 3898576896.0000
2025-11-28 14:37:43,182 - INFO - Disk Read Bytes          : 0.0000
2025-11-28 14:37:43,182 - INFO - Disk Write Bytes         : 647168.0000
2025-11-28 14:37:43,182 - INFO - Vram Peak Usage Bytes    : 2840555052.0000
2025-11-28 14:37:43,182 - INFO - Gpu Power Watts Avg      : 310.0794
2025-11-28 14:37:43,182 - INFO - Gpu Power Watts Peak     : 317.1810
2025-11-28 14:37:43,182 - INFO - Gpu Temp Celsius Avg     : 60.7257
2025-11-28 14:37:43,182 - INFO - Gpu Temp Celsius Peak    : 63.0000
2025-11-28 14:37:43,182 - INFO - Gpu Utilization Percent Avg: 97.2971
2025-11-28 14:37:43,182 - INFO - Gpu Utilization Percent Peak: 100.0000
2025-11-28 14:37:43,183 - INFO - Gpu Mem Used Bytes Avg   : 16090595328.0000
2025-11-28 14:37:43,183 - INFO - Gpu Mem Used Bytes Peak  : 16090595328.0000
2025-11-28 14:37:43,183 - INFO - Gpu Vram Used Bytes      : 16090595328.0000
2025-11-28 14:37:43,183 - INFO - Accuracy                 : 0.4934
2025-11-28 14:37:43,183 - INFO - Precision                : 0.5418
2025-11-28 14:37:43,183 - INFO - Recall                   : 0.4934
2025-11-28 14:37:43,183 - INFO - F1 Score                 : 0.4881
2025-11-28 14:37:43,183 - INFO - ==================================================
2025-11-28 14:47:56,787 - INFO - Época 57 concluída. Loss média: 2.9344
2025-11-28 14:47:56,788 - INFO - Taxa de aprendizado ajustada para: 0.010000
2025-11-28 14:47:56,791 - INFO - Iniciando inferência com o modelo ResNet...
2025-11-28 14:48:14,524 - INFO - ==================================================
2025-11-28 14:48:14,524 - INFO - EXPERIMENT RESULTS
2025-11-28 14:48:14,525 - INFO - ==================================================
2025-11-28 14:48:14,525 - INFO - Elapsed Time Seconds     : 17.6950
2025-11-28 14:48:14,525 - INFO - Cpu Usage Percent        : 3.4000
2025-11-28 14:48:14,525 - INFO - Ram Peak Usage Bytes     : 3898863616.0000
2025-11-28 14:48:14,525 - INFO - Disk Read Bytes          : 0.0000
2025-11-28 14:48:14,525 - INFO - Disk Write Bytes         : 1015808.0000
2025-11-28 14:48:14,525 - INFO - Vram Peak Usage Bytes    : 2840555052.0000
2025-11-28 14:48:14,525 - INFO - Gpu Power Watts Avg      : 308.8516
2025-11-28 14:48:14,525 - INFO - Gpu Power Watts Peak     : 316.8740
2025-11-28 14:48:14,525 - INFO - Gpu Temp Celsius Avg     : 60.9657
2025-11-28 14:48:14,525 - INFO - Gpu Temp Celsius Peak    : 63.0000
2025-11-28 14:48:14,525 - INFO - Gpu Utilization Percent Avg: 96.8514
2025-11-28 14:48:14,525 - INFO - Gpu Utilization Percent Peak: 100.0000
2025-11-28 14:48:14,525 - INFO - Gpu Mem Used Bytes Avg   : 16090595328.0000
2025-11-28 14:48:14,525 - INFO - Gpu Mem Used Bytes Peak  : 16090595328.0000
2025-11-28 14:48:14,525 - INFO - Gpu Vram Used Bytes      : 16090595328.0000
2025-11-28 14:48:14,525 - INFO - Accuracy                 : 0.4958
2025-11-28 14:48:14,525 - INFO - Precision                : 0.5424
2025-11-28 14:48:14,525 - INFO - Recall                   : 0.4958
2025-11-28 14:48:14,525 - INFO - F1 Score                 : 0.4917
2025-11-28 14:48:14,525 - INFO - ==================================================
2025-11-28 14:58:27,183 - INFO - Época 58 concluída. Loss média: 2.9253
2025-11-28 14:58:27,184 - INFO - Taxa de aprendizado ajustada para: 0.010000
2025-11-28 14:58:27,185 - INFO - Iniciando inferência com o modelo ResNet...
2025-11-28 14:58:44,880 - INFO - ==================================================
2025-11-28 14:58:44,880 - INFO - EXPERIMENT RESULTS
2025-11-28 14:58:44,880 - INFO - ==================================================
2025-11-28 14:58:44,880 - INFO - Elapsed Time Seconds     : 17.6573
2025-11-28 14:58:44,881 - INFO - Cpu Usage Percent        : 3.6406
2025-11-28 14:58:44,881 - INFO - Ram Peak Usage Bytes     : 3899310080.0000
2025-11-28 14:58:44,881 - INFO - Disk Read Bytes          : 0.0000
2025-11-28 14:58:44,881 - INFO - Disk Write Bytes         : 626688.0000
2025-11-28 14:58:44,881 - INFO - Vram Peak Usage Bytes    : 2840555052.0000
2025-11-28 14:58:44,881 - INFO - Gpu Power Watts Avg      : 309.2521
2025-11-28 14:58:44,881 - INFO - Gpu Power Watts Peak     : 316.9550
2025-11-28 14:58:44,881 - INFO - Gpu Temp Celsius Avg     : 60.9314
2025-11-28 14:58:44,881 - INFO - Gpu Temp Celsius Peak    : 63.0000
2025-11-28 14:58:44,881 - INFO - Gpu Utilization Percent Avg: 97.1257
2025-11-28 14:58:44,881 - INFO - Gpu Utilization Percent Peak: 100.0000
2025-11-28 14:58:44,881 - INFO - Gpu Mem Used Bytes Avg   : 16090595328.0000
2025-11-28 14:58:44,881 - INFO - Gpu Mem Used Bytes Peak  : 16090595328.0000
2025-11-28 14:58:44,881 - INFO - Gpu Vram Used Bytes      : 16090595328.0000
2025-11-28 14:58:44,881 - INFO - Accuracy                 : 0.5071
2025-11-28 14:58:44,881 - INFO - Precision                : 0.5356
2025-11-28 14:58:44,881 - INFO - Recall                   : 0.5071
2025-11-28 14:58:44,881 - INFO - F1 Score                 : 0.5007
2025-11-28 14:58:44,881 - INFO - ==================================================
2025-11-28 15:08:57,445 - INFO - Época 59 concluída. Loss média: 2.9244
2025-11-28 15:08:57,445 - INFO - Taxa de aprendizado ajustada para: 0.010000
2025-11-28 15:08:57,448 - INFO - Iniciando inferência com o modelo ResNet...
2025-11-28 15:09:15,148 - INFO - ==================================================
2025-11-28 15:09:15,148 - INFO - EXPERIMENT RESULTS
2025-11-28 15:09:15,148 - INFO - ==================================================
2025-11-28 15:09:15,148 - INFO - Elapsed Time Seconds     : 17.6609
2025-11-28 15:09:15,148 - INFO - Cpu Usage Percent        : 3.6156
2025-11-28 15:09:15,148 - INFO - Ram Peak Usage Bytes     : 3902402560.0000
2025-11-28 15:09:15,148 - INFO - Disk Read Bytes          : 0.0000
2025-11-28 15:09:15,148 - INFO - Disk Write Bytes         : 827392.0000
2025-11-28 15:09:15,149 - INFO - Vram Peak Usage Bytes    : 2840555052.0000
2025-11-28 15:09:15,149 - INFO - Gpu Power Watts Avg      : 308.1905
2025-11-28 15:09:15,149 - INFO - Gpu Power Watts Peak     : 316.8240
2025-11-28 15:09:15,149 - INFO - Gpu Temp Celsius Avg     : 60.7143
2025-11-28 15:09:15,149 - INFO - Gpu Temp Celsius Peak    : 63.0000
2025-11-28 15:09:15,149 - INFO - Gpu Utilization Percent Avg: 96.6571
2025-11-28 15:09:15,149 - INFO - Gpu Utilization Percent Peak: 100.0000
2025-11-28 15:09:15,149 - INFO - Gpu Mem Used Bytes Avg   : 16090595328.0000
2025-11-28 15:09:15,149 - INFO - Gpu Mem Used Bytes Peak  : 16090595328.0000
2025-11-28 15:09:15,149 - INFO - Gpu Vram Used Bytes      : 16090595328.0000
2025-11-28 15:09:15,149 - INFO - Accuracy                 : 0.5057
2025-11-28 15:09:15,149 - INFO - Precision                : 0.5434
2025-11-28 15:09:15,149 - INFO - Recall                   : 0.5057
2025-11-28 15:09:15,149 - INFO - F1 Score                 : 0.4946
2025-11-28 15:09:15,149 - INFO - ==================================================
2025-11-28 15:19:29,168 - INFO - Época 60 concluída. Loss média: 2.9151
2025-11-28 15:19:29,168 - INFO - Taxa de aprendizado ajustada para: 0.001000
2025-11-28 15:19:29,172 - INFO - Iniciando inferência com o modelo ResNet...
2025-11-28 15:19:46,898 - INFO - ==================================================
2025-11-28 15:19:46,898 - INFO - EXPERIMENT RESULTS
2025-11-28 15:19:46,898 - INFO - ==================================================
2025-11-28 15:19:46,898 - INFO - Elapsed Time Seconds     : 17.6882
2025-11-28 15:19:46,898 - INFO - Cpu Usage Percent        : 3.3969
2025-11-28 15:19:46,898 - INFO - Ram Peak Usage Bytes     : 3902844928.0000
2025-11-28 15:19:46,898 - INFO - Disk Read Bytes          : 0.0000
2025-11-28 15:19:46,899 - INFO - Disk Write Bytes         : 626688.0000
2025-11-28 15:19:46,899 - INFO - Vram Peak Usage Bytes    : 2840555052.0000
2025-11-28 15:19:46,899 - INFO - Gpu Power Watts Avg      : 307.5613
2025-11-28 15:19:46,899 - INFO - Gpu Power Watts Peak     : 316.0040
2025-11-28 15:19:46,899 - INFO - Gpu Temp Celsius Avg     : 60.6800
2025-11-28 15:19:46,899 - INFO - Gpu Temp Celsius Peak    : 63.0000
2025-11-28 15:19:46,899 - INFO - Gpu Utilization Percent Avg: 97.0457
2025-11-28 15:19:46,899 - INFO - Gpu Utilization Percent Peak: 100.0000
2025-11-28 15:19:46,899 - INFO - Gpu Mem Used Bytes Avg   : 16090595328.0000
2025-11-28 15:19:46,899 - INFO - Gpu Mem Used Bytes Peak  : 16090595328.0000
2025-11-28 15:19:46,899 - INFO - Gpu Vram Used Bytes      : 16090595328.0000
2025-11-28 15:19:46,899 - INFO - Accuracy                 : 0.5096
2025-11-28 15:19:46,899 - INFO - Precision                : 0.5482
2025-11-28 15:19:46,899 - INFO - Recall                   : 0.5096
2025-11-28 15:19:46,899 - INFO - F1 Score                 : 0.5060
2025-11-28 15:19:46,899 - INFO - ==================================================
2025-11-28 15:30:00,627 - INFO - Época 61 concluída. Loss média: 2.6739
2025-11-28 15:30:00,627 - INFO - Taxa de aprendizado ajustada para: 0.001000
2025-11-28 15:30:00,631 - INFO - Iniciando inferência com o modelo ResNet...
2025-11-28 15:30:18,264 - INFO - ==================================================
2025-11-28 15:30:18,264 - INFO - EXPERIMENT RESULTS
2025-11-28 15:30:18,264 - INFO - ==================================================
2025-11-28 15:30:18,264 - INFO - Elapsed Time Seconds     : 17.5976
2025-11-28 15:30:18,264 - INFO - Cpu Usage Percent        : 3.6656
2025-11-28 15:30:18,265 - INFO - Ram Peak Usage Bytes     : 3903303680.0000
2025-11-28 15:30:18,265 - INFO - Disk Read Bytes          : 0.0000
2025-11-28 15:30:18,265 - INFO - Disk Write Bytes         : 827392.0000
2025-11-28 15:30:18,265 - INFO - Vram Peak Usage Bytes    : 2840555052.0000
2025-11-28 15:30:18,265 - INFO - Gpu Power Watts Avg      : 308.2964
2025-11-28 15:30:18,265 - INFO - Gpu Power Watts Peak     : 316.1610
2025-11-28 15:30:18,265 - INFO - Gpu Temp Celsius Avg     : 60.4253
2025-11-28 15:30:18,265 - INFO - Gpu Temp Celsius Peak    : 62.0000
2025-11-28 15:30:18,265 - INFO - Gpu Utilization Percent Avg: 96.9483
2025-11-28 15:30:18,265 - INFO - Gpu Utilization Percent Peak: 100.0000
2025-11-28 15:30:18,265 - INFO - Gpu Mem Used Bytes Avg   : 16090595328.0000
2025-11-28 15:30:18,265 - INFO - Gpu Mem Used Bytes Peak  : 16090595328.0000
2025-11-28 15:30:18,265 - INFO - Gpu Vram Used Bytes      : 16090595328.0000
2025-11-28 15:30:18,265 - INFO - Accuracy                 : 0.5913
2025-11-28 15:30:18,265 - INFO - Precision                : 0.5919
2025-11-28 15:30:18,265 - INFO - Recall                   : 0.5913
2025-11-28 15:30:18,265 - INFO - F1 Score                 : 0.5859
2025-11-28 15:30:18,265 - INFO - ==================================================
2025-11-28 15:40:31,907 - INFO - Época 62 concluída. Loss média: 2.6000
2025-11-28 15:40:31,908 - INFO - Taxa de aprendizado ajustada para: 0.001000
2025-11-28 15:40:31,911 - INFO - Iniciando inferência com o modelo ResNet...
2025-11-28 15:40:49,765 - INFO - ==================================================
2025-11-28 15:40:49,765 - INFO - EXPERIMENT RESULTS
2025-11-28 15:40:49,765 - INFO - ==================================================
2025-11-28 15:40:49,766 - INFO - Elapsed Time Seconds     : 17.8163
2025-11-28 15:40:49,766 - INFO - Cpu Usage Percent        : 3.5781
2025-11-28 15:40:49,766 - INFO - Ram Peak Usage Bytes     : 3903746048.0000
2025-11-28 15:40:49,766 - INFO - Disk Read Bytes          : 0.0000
2025-11-28 15:40:49,766 - INFO - Disk Write Bytes         : 684032.0000
2025-11-28 15:40:49,766 - INFO - Vram Peak Usage Bytes    : 2840555052.0000
2025-11-28 15:40:49,766 - INFO - Gpu Power Watts Avg      : 308.4032
2025-11-28 15:40:49,766 - INFO - Gpu Power Watts Peak     : 316.6070
2025-11-28 15:40:49,766 - INFO - Gpu Temp Celsius Avg     : 60.8125
2025-11-28 15:40:49,766 - INFO - Gpu Temp Celsius Peak    : 63.0000
2025-11-28 15:40:49,766 - INFO - Gpu Utilization Percent Avg: 96.5284
2025-11-28 15:40:49,766 - INFO - Gpu Utilization Percent Peak: 100.0000
2025-11-28 15:40:49,766 - INFO - Gpu Mem Used Bytes Avg   : 16090595328.0000
2025-11-28 15:40:49,766 - INFO - Gpu Mem Used Bytes Peak  : 16090595328.0000
2025-11-28 15:40:49,766 - INFO - Gpu Vram Used Bytes      : 16090595328.0000
2025-11-28 15:40:49,766 - INFO - Accuracy                 : 0.5915
2025-11-28 15:40:49,766 - INFO - Precision                : 0.5918
2025-11-28 15:40:49,766 - INFO - Recall                   : 0.5915
2025-11-28 15:40:49,766 - INFO - F1 Score                 : 0.5855
2025-11-28 15:40:49,766 - INFO - ==================================================
2025-11-28 15:51:03,503 - INFO - Época 63 concluída. Loss média: 2.5711
2025-11-28 15:51:03,504 - INFO - Taxa de aprendizado ajustada para: 0.001000
2025-11-28 15:51:03,507 - INFO - Iniciando inferência com o modelo ResNet...
2025-11-28 15:51:21,330 - INFO - ==================================================
2025-11-28 15:51:21,330 - INFO - EXPERIMENT RESULTS
2025-11-28 15:51:21,330 - INFO - ==================================================
2025-11-28 15:51:21,330 - INFO - Elapsed Time Seconds     : 17.7859
2025-11-28 15:51:21,330 - INFO - Cpu Usage Percent        : 3.6375
2025-11-28 15:51:21,331 - INFO - Ram Peak Usage Bytes     : 3904204800.0000
2025-11-28 15:51:21,331 - INFO - Disk Read Bytes          : 0.0000
2025-11-28 15:51:21,331 - INFO - Disk Write Bytes         : 729088.0000
2025-11-28 15:51:21,331 - INFO - Vram Peak Usage Bytes    : 2840555052.0000
2025-11-28 15:51:21,331 - INFO - Gpu Power Watts Avg      : 306.3188
2025-11-28 15:51:21,331 - INFO - Gpu Power Watts Peak     : 315.5950
2025-11-28 15:51:21,331 - INFO - Gpu Temp Celsius Avg     : 60.7386
2025-11-28 15:51:21,331 - INFO - Gpu Temp Celsius Peak    : 63.0000
2025-11-28 15:51:21,331 - INFO - Gpu Utilization Percent Avg: 96.5398
2025-11-28 15:51:21,331 - INFO - Gpu Utilization Percent Peak: 100.0000
2025-11-28 15:51:21,331 - INFO - Gpu Mem Used Bytes Avg   : 16090595328.0000
2025-11-28 15:51:21,331 - INFO - Gpu Mem Used Bytes Peak  : 16090595328.0000
2025-11-28 15:51:21,331 - INFO - Gpu Vram Used Bytes      : 16090595328.0000
2025-11-28 15:51:21,331 - INFO - Accuracy                 : 0.6013
2025-11-28 15:51:21,331 - INFO - Precision                : 0.5994
2025-11-28 15:51:21,331 - INFO - Recall                   : 0.6013
2025-11-28 15:51:21,331 - INFO - F1 Score                 : 0.5954
2025-11-28 15:51:21,331 - INFO - ==================================================
2025-11-28 16:01:34,918 - INFO - Época 64 concluída. Loss média: 2.5514
2025-11-28 16:01:34,919 - INFO - Taxa de aprendizado ajustada para: 0.001000
2025-11-28 16:01:34,922 - INFO - Iniciando inferência com o modelo ResNet...
2025-11-28 16:01:52,588 - INFO - ==================================================
2025-11-28 16:01:52,588 - INFO - EXPERIMENT RESULTS
2025-11-28 16:01:52,588 - INFO - ==================================================
2025-11-28 16:01:52,588 - INFO - Elapsed Time Seconds     : 17.6285
2025-11-28 16:01:52,588 - INFO - Cpu Usage Percent        : 3.4156
2025-11-28 16:01:52,588 - INFO - Ram Peak Usage Bytes     : 3904712704.0000
2025-11-28 16:01:52,588 - INFO - Disk Read Bytes          : 0.0000
2025-11-28 16:01:52,588 - INFO - Disk Write Bytes         : 626688.0000
2025-11-28 16:01:52,588 - INFO - Vram Peak Usage Bytes    : 2840555052.0000
2025-11-28 16:01:52,588 - INFO - Gpu Power Watts Avg      : 308.5436
2025-11-28 16:01:52,588 - INFO - Gpu Power Watts Peak     : 316.6070
2025-11-28 16:01:52,588 - INFO - Gpu Temp Celsius Avg     : 60.7816
2025-11-28 16:01:52,589 - INFO - Gpu Temp Celsius Peak    : 63.0000
2025-11-28 16:01:52,589 - INFO - Gpu Utilization Percent Avg: 97.2011
2025-11-28 16:01:52,589 - INFO - Gpu Utilization Percent Peak: 100.0000
2025-11-28 16:01:52,589 - INFO - Gpu Mem Used Bytes Avg   : 16090595328.0000
2025-11-28 16:01:52,589 - INFO - Gpu Mem Used Bytes Peak  : 16090595328.0000
2025-11-28 16:01:52,589 - INFO - Gpu Vram Used Bytes      : 16090595328.0000
2025-11-28 16:01:52,589 - INFO - Accuracy                 : 0.5996
2025-11-28 16:01:52,589 - INFO - Precision                : 0.6013
2025-11-28 16:01:52,589 - INFO - Recall                   : 0.5996
2025-11-28 16:01:52,589 - INFO - F1 Score                 : 0.5949
2025-11-28 16:01:52,589 - INFO - ==================================================
2025-11-28 16:12:06,626 - INFO - Época 65 concluída. Loss média: 2.5292
2025-11-28 16:12:06,627 - INFO - Taxa de aprendizado ajustada para: 0.001000
2025-11-28 16:12:06,630 - INFO - Iniciando inferência com o modelo ResNet...
2025-11-28 16:12:24,288 - INFO - ==================================================
2025-11-28 16:12:24,288 - INFO - EXPERIMENT RESULTS
2025-11-28 16:12:24,288 - INFO - ==================================================
2025-11-28 16:12:24,288 - INFO - Elapsed Time Seconds     : 17.6198
2025-11-28 16:12:24,288 - INFO - Cpu Usage Percent        : 3.4125
2025-11-28 16:12:24,288 - INFO - Ram Peak Usage Bytes     : 3905110016.0000
2025-11-28 16:12:24,288 - INFO - Disk Read Bytes          : 0.0000
2025-11-28 16:12:24,288 - INFO - Disk Write Bytes         : 774144.0000
2025-11-28 16:12:24,288 - INFO - Vram Peak Usage Bytes    : 2840555052.0000
2025-11-28 16:12:24,288 - INFO - Gpu Power Watts Avg      : 309.0338
2025-11-28 16:12:24,288 - INFO - Gpu Power Watts Peak     : 316.5820
2025-11-28 16:12:24,288 - INFO - Gpu Temp Celsius Avg     : 61.0632
2025-11-28 16:12:24,288 - INFO - Gpu Temp Celsius Peak    : 63.0000
2025-11-28 16:12:24,288 - INFO - Gpu Utilization Percent Avg: 97.2816
2025-11-28 16:12:24,288 - INFO - Gpu Utilization Percent Peak: 100.0000
2025-11-28 16:12:24,288 - INFO - Gpu Mem Used Bytes Avg   : 16090595328.0000
2025-11-28 16:12:24,288 - INFO - Gpu Mem Used Bytes Peak  : 16090595328.0000
2025-11-28 16:12:24,289 - INFO - Gpu Vram Used Bytes      : 16090595328.0000
2025-11-28 16:12:24,289 - INFO - Accuracy                 : 0.5999
2025-11-28 16:12:24,289 - INFO - Precision                : 0.5994
2025-11-28 16:12:24,289 - INFO - Recall                   : 0.5999
2025-11-28 16:12:24,289 - INFO - F1 Score                 : 0.5940
2025-11-28 16:12:24,289 - INFO - ==================================================
2025-11-28 16:22:38,187 - INFO - Época 66 concluída. Loss média: 2.5143
2025-11-28 16:22:38,188 - INFO - Taxa de aprendizado ajustada para: 0.001000
2025-11-28 16:22:38,191 - INFO - Iniciando inferência com o modelo ResNet...
2025-11-28 16:22:55,800 - INFO - ==================================================
2025-11-28 16:22:55,800 - INFO - EXPERIMENT RESULTS
2025-11-28 16:22:55,800 - INFO - ==================================================
2025-11-28 16:22:55,800 - INFO - Elapsed Time Seconds     : 17.5846
2025-11-28 16:22:55,800 - INFO - Cpu Usage Percent        : 3.5219
2025-11-28 16:22:55,800 - INFO - Ram Peak Usage Bytes     : 3905540096.0000
2025-11-28 16:22:55,800 - INFO - Disk Read Bytes          : 0.0000
2025-11-28 16:22:55,800 - INFO - Disk Write Bytes         : 630784.0000
2025-11-28 16:22:55,800 - INFO - Vram Peak Usage Bytes    : 2840555052.0000
2025-11-28 16:22:55,801 - INFO - Gpu Power Watts Avg      : 309.3122
2025-11-28 16:22:55,801 - INFO - Gpu Power Watts Peak     : 316.9770
2025-11-28 16:22:55,801 - INFO - Gpu Temp Celsius Avg     : 60.9885
2025-11-28 16:22:55,801 - INFO - Gpu Temp Celsius Peak    : 63.0000
2025-11-28 16:22:55,801 - INFO - Gpu Utilization Percent Avg: 97.3046
2025-11-28 16:22:55,801 - INFO - Gpu Utilization Percent Peak: 100.0000
2025-11-28 16:22:55,801 - INFO - Gpu Mem Used Bytes Avg   : 16090595328.0000
2025-11-28 16:22:55,801 - INFO - Gpu Mem Used Bytes Peak  : 16090595328.0000
2025-11-28 16:22:55,801 - INFO - Gpu Vram Used Bytes      : 16090595328.0000
2025-11-28 16:22:55,801 - INFO - Accuracy                 : 0.6041
2025-11-28 16:22:55,801 - INFO - Precision                : 0.6049
2025-11-28 16:22:55,801 - INFO - Recall                   : 0.6041
2025-11-28 16:22:55,801 - INFO - F1 Score                 : 0.5995
2025-11-28 16:22:55,801 - INFO - ==================================================
2025-11-28 16:33:09,498 - INFO - Época 67 concluída. Loss média: 2.5069
2025-11-28 16:33:09,499 - INFO - Taxa de aprendizado ajustada para: 0.001000
2025-11-28 16:33:09,503 - INFO - Iniciando inferência com o modelo ResNet...
2025-11-28 16:33:27,344 - INFO - ==================================================
2025-11-28 16:33:27,344 - INFO - EXPERIMENT RESULTS
2025-11-28 16:33:27,345 - INFO - ==================================================
2025-11-28 16:33:27,345 - INFO - Elapsed Time Seconds     : 17.8048
2025-11-28 16:33:27,345 - INFO - Cpu Usage Percent        : 3.5750
2025-11-28 16:33:27,345 - INFO - Ram Peak Usage Bytes     : 3905949696.0000
2025-11-28 16:33:27,345 - INFO - Disk Read Bytes          : 0.0000
2025-11-28 16:33:27,345 - INFO - Disk Write Bytes         : 741376.0000
2025-11-28 16:33:27,345 - INFO - Vram Peak Usage Bytes    : 2840555052.0000
2025-11-28 16:33:27,345 - INFO - Gpu Power Watts Avg      : 306.8723
2025-11-28 16:33:27,345 - INFO - Gpu Power Watts Peak     : 315.8400
2025-11-28 16:33:27,345 - INFO - Gpu Temp Celsius Avg     : 60.7216
2025-11-28 16:33:27,345 - INFO - Gpu Temp Celsius Peak    : 63.0000
2025-11-28 16:33:27,345 - INFO - Gpu Utilization Percent Avg: 96.5057
2025-11-28 16:33:27,345 - INFO - Gpu Utilization Percent Peak: 100.0000
2025-11-28 16:33:27,345 - INFO - Gpu Mem Used Bytes Avg   : 16090595328.0000
2025-11-28 16:33:27,345 - INFO - Gpu Mem Used Bytes Peak  : 16090595328.0000
2025-11-28 16:33:27,345 - INFO - Gpu Vram Used Bytes      : 16090595328.0000
2025-11-28 16:33:27,345 - INFO - Accuracy                 : 0.6067
2025-11-28 16:33:27,345 - INFO - Precision                : 0.6061
2025-11-28 16:33:27,345 - INFO - Recall                   : 0.6067
2025-11-28 16:33:27,345 - INFO - F1 Score                 : 0.6010
2025-11-28 16:33:27,345 - INFO - ==================================================
2025-11-28 16:43:40,913 - INFO - Época 68 concluída. Loss média: 2.4941
2025-11-28 16:43:40,914 - INFO - Taxa de aprendizado ajustada para: 0.001000
2025-11-28 16:43:40,917 - INFO - Iniciando inferência com o modelo ResNet...
2025-11-28 16:43:58,650 - INFO - ==================================================
2025-11-28 16:43:58,650 - INFO - EXPERIMENT RESULTS
2025-11-28 16:43:58,650 - INFO - ==================================================
2025-11-28 16:43:58,650 - INFO - Elapsed Time Seconds     : 17.6942
2025-11-28 16:43:58,650 - INFO - Cpu Usage Percent        : 3.3969
2025-11-28 16:43:58,650 - INFO - Ram Peak Usage Bytes     : 3906359296.0000
2025-11-28 16:43:58,650 - INFO - Disk Read Bytes          : 0.0000
2025-11-28 16:43:58,650 - INFO - Disk Write Bytes         : 626688.0000
2025-11-28 16:43:58,650 - INFO - Vram Peak Usage Bytes    : 2840555052.0000
2025-11-28 16:43:58,650 - INFO - Gpu Power Watts Avg      : 308.2451
2025-11-28 16:43:58,650 - INFO - Gpu Power Watts Peak     : 316.8520
2025-11-28 16:43:58,650 - INFO - Gpu Temp Celsius Avg     : 60.9943
2025-11-28 16:43:58,650 - INFO - Gpu Temp Celsius Peak    : 63.0000
2025-11-28 16:43:58,650 - INFO - Gpu Utilization Percent Avg: 97.3029
2025-11-28 16:43:58,650 - INFO - Gpu Utilization Percent Peak: 100.0000
2025-11-28 16:43:58,650 - INFO - Gpu Mem Used Bytes Avg   : 16090595328.0000
2025-11-28 16:43:58,651 - INFO - Gpu Mem Used Bytes Peak  : 16090595328.0000
2025-11-28 16:43:58,651 - INFO - Gpu Vram Used Bytes      : 16090595328.0000
2025-11-28 16:43:58,651 - INFO - Accuracy                 : 0.6036
2025-11-28 16:43:58,651 - INFO - Precision                : 0.6071
2025-11-28 16:43:58,651 - INFO - Recall                   : 0.6036
2025-11-28 16:43:58,651 - INFO - F1 Score                 : 0.5993
2025-11-28 16:43:58,651 - INFO - ==================================================
2025-11-28 16:54:11,613 - INFO - Época 69 concluída. Loss média: 2.4849
2025-11-28 16:54:11,614 - INFO - Taxa de aprendizado ajustada para: 0.001000
2025-11-28 16:54:11,617 - INFO - Iniciando inferência com o modelo ResNet...
2025-11-28 16:54:29,340 - INFO - ==================================================
2025-11-28 16:54:29,340 - INFO - EXPERIMENT RESULTS
2025-11-28 16:54:29,340 - INFO - ==================================================
2025-11-28 16:54:29,340 - INFO - Elapsed Time Seconds     : 17.6864
2025-11-28 16:54:29,340 - INFO - Cpu Usage Percent        : 3.4062
2025-11-28 16:54:29,340 - INFO - Ram Peak Usage Bytes     : 3906879488.0000
2025-11-28 16:54:29,340 - INFO - Disk Read Bytes          : 0.0000
2025-11-28 16:54:29,340 - INFO - Disk Write Bytes         : 1015808.0000
2025-11-28 16:54:29,341 - INFO - Vram Peak Usage Bytes    : 2840555052.0000
2025-11-28 16:54:29,341 - INFO - Gpu Power Watts Avg      : 308.7427
2025-11-28 16:54:29,341 - INFO - Gpu Power Watts Peak     : 315.4820
2025-11-28 16:54:29,341 - INFO - Gpu Temp Celsius Avg     : 60.6571
2025-11-28 16:54:29,341 - INFO - Gpu Temp Celsius Peak    : 62.0000
2025-11-28 16:54:29,341 - INFO - Gpu Utilization Percent Avg: 97.2286
2025-11-28 16:54:29,341 - INFO - Gpu Utilization Percent Peak: 100.0000
2025-11-28 16:54:29,341 - INFO - Gpu Mem Used Bytes Avg   : 16090595328.0000
2025-11-28 16:54:29,341 - INFO - Gpu Mem Used Bytes Peak  : 16090595328.0000
2025-11-28 16:54:29,341 - INFO - Gpu Vram Used Bytes      : 16090595328.0000
2025-11-28 16:54:29,341 - INFO - Accuracy                 : 0.6046
2025-11-28 16:54:29,341 - INFO - Precision                : 0.6045
2025-11-28 16:54:29,341 - INFO - Recall                   : 0.6046
2025-11-28 16:54:29,341 - INFO - F1 Score                 : 0.5996
2025-11-28 16:54:29,341 - INFO - ==================================================
2025-11-28 17:04:43,153 - INFO - Época 70 concluída. Loss média: 2.4716
2025-11-28 17:04:43,154 - INFO - Taxa de aprendizado ajustada para: 0.001000
2025-11-28 17:04:43,157 - INFO - Iniciando inferência com o modelo ResNet...
2025-11-28 17:05:00,992 - INFO - ==================================================
2025-11-28 17:05:00,992 - INFO - EXPERIMENT RESULTS
2025-11-28 17:05:00,992 - INFO - ==================================================
2025-11-28 17:05:00,992 - INFO - Elapsed Time Seconds     : 17.7973
2025-11-28 17:05:00,992 - INFO - Cpu Usage Percent        : 3.6313
2025-11-28 17:05:00,992 - INFO - Ram Peak Usage Bytes     : 3907162112.0000
2025-11-28 17:05:00,992 - INFO - Disk Read Bytes          : 0.0000
2025-11-28 17:05:00,992 - INFO - Disk Write Bytes         : 626688.0000
2025-11-28 17:05:00,992 - INFO - Vram Peak Usage Bytes    : 2840555052.0000
2025-11-28 17:05:00,992 - INFO - Gpu Power Watts Avg      : 307.5589
2025-11-28 17:05:00,992 - INFO - Gpu Power Watts Peak     : 317.1460
2025-11-28 17:05:00,992 - INFO - Gpu Temp Celsius Avg     : 60.9091
2025-11-28 17:05:00,992 - INFO - Gpu Temp Celsius Peak    : 63.0000
2025-11-28 17:05:00,993 - INFO - Gpu Utilization Percent Avg: 96.1591
2025-11-28 17:05:00,993 - INFO - Gpu Utilization Percent Peak: 100.0000
2025-11-28 17:05:00,993 - INFO - Gpu Mem Used Bytes Avg   : 16090595328.0000
2025-11-28 17:05:00,993 - INFO - Gpu Mem Used Bytes Peak  : 16090595328.0000
2025-11-28 17:05:00,993 - INFO - Gpu Vram Used Bytes      : 16090595328.0000
2025-11-28 17:05:00,993 - INFO - Accuracy                 : 0.6066
2025-11-28 17:05:00,993 - INFO - Precision                : 0.6098
2025-11-28 17:05:00,993 - INFO - Recall                   : 0.6066
2025-11-28 17:05:00,993 - INFO - F1 Score                 : 0.6020
2025-11-28 17:05:00,993 - INFO - ==================================================
2025-11-28 17:15:14,919 - INFO - Época 71 concluída. Loss média: 2.4627
2025-11-28 17:15:14,920 - INFO - Taxa de aprendizado ajustada para: 0.001000
2025-11-28 17:15:14,923 - INFO - Iniciando inferência com o modelo ResNet...
2025-11-28 17:15:32,681 - INFO - ==================================================
2025-11-28 17:15:32,681 - INFO - EXPERIMENT RESULTS
2025-11-28 17:15:32,681 - INFO - ==================================================
2025-11-28 17:15:32,681 - INFO - Elapsed Time Seconds     : 17.7217
2025-11-28 17:15:32,681 - INFO - Cpu Usage Percent        : 3.4969
2025-11-28 17:15:32,681 - INFO - Ram Peak Usage Bytes     : 3907555328.0000
2025-11-28 17:15:32,682 - INFO - Disk Read Bytes          : 0.0000
2025-11-28 17:15:32,682 - INFO - Disk Write Bytes         : 458752.0000
2025-11-28 17:15:32,682 - INFO - Vram Peak Usage Bytes    : 2840555052.0000
2025-11-28 17:15:32,682 - INFO - Gpu Power Watts Avg      : 307.3721
2025-11-28 17:15:32,682 - INFO - Gpu Power Watts Peak     : 316.0280
2025-11-28 17:15:32,682 - INFO - Gpu Temp Celsius Avg     : 60.9200
2025-11-28 17:15:32,682 - INFO - Gpu Temp Celsius Peak    : 63.0000
2025-11-28 17:15:32,682 - INFO - Gpu Utilization Percent Avg: 96.5829
2025-11-28 17:15:32,682 - INFO - Gpu Utilization Percent Peak: 100.0000
2025-11-28 17:15:32,682 - INFO - Gpu Mem Used Bytes Avg   : 16090595328.0000
2025-11-28 17:15:32,682 - INFO - Gpu Mem Used Bytes Peak  : 16090595328.0000
2025-11-28 17:15:32,682 - INFO - Gpu Vram Used Bytes      : 16090595328.0000
2025-11-28 17:15:32,682 - INFO - Accuracy                 : 0.6052
2025-11-28 17:15:32,682 - INFO - Precision                : 0.6081
2025-11-28 17:15:32,682 - INFO - Recall                   : 0.6052
2025-11-28 17:15:32,682 - INFO - F1 Score                 : 0.6018
2025-11-28 17:15:32,682 - INFO - ==================================================
2025-11-28 17:25:46,403 - INFO - Época 72 concluída. Loss média: 2.4542
2025-11-28 17:25:46,403 - INFO - Taxa de aprendizado ajustada para: 0.001000
2025-11-28 17:25:46,407 - INFO - Iniciando inferência com o modelo ResNet...
2025-11-28 17:26:04,069 - INFO - ==================================================
2025-11-28 17:26:04,069 - INFO - EXPERIMENT RESULTS
2025-11-28 17:26:04,069 - INFO - ==================================================
2025-11-28 17:26:04,069 - INFO - Elapsed Time Seconds     : 17.6243
2025-11-28 17:26:04,069 - INFO - Cpu Usage Percent        : 3.4594
2025-11-28 17:26:04,069 - INFO - Ram Peak Usage Bytes     : 3907964928.0000
2025-11-28 17:26:04,069 - INFO - Disk Read Bytes          : 0.0000
2025-11-28 17:26:04,069 - INFO - Disk Write Bytes         : 733184.0000
2025-11-28 17:26:04,069 - INFO - Vram Peak Usage Bytes    : 2840555052.0000
2025-11-28 17:26:04,069 - INFO - Gpu Power Watts Avg      : 308.5258
2025-11-28 17:26:04,070 - INFO - Gpu Power Watts Peak     : 316.1590
2025-11-28 17:26:04,070 - INFO - Gpu Temp Celsius Avg     : 60.7414
2025-11-28 17:26:04,070 - INFO - Gpu Temp Celsius Peak    : 63.0000
2025-11-28 17:26:04,070 - INFO - Gpu Utilization Percent Avg: 97.1034
2025-11-28 17:26:04,070 - INFO - Gpu Utilization Percent Peak: 100.0000
2025-11-28 17:26:04,070 - INFO - Gpu Mem Used Bytes Avg   : 16090595328.0000
2025-11-28 17:26:04,070 - INFO - Gpu Mem Used Bytes Peak  : 16090595328.0000
2025-11-28 17:26:04,070 - INFO - Gpu Vram Used Bytes      : 16090595328.0000
2025-11-28 17:26:04,070 - INFO - Accuracy                 : 0.6077
2025-11-28 17:26:04,070 - INFO - Precision                : 0.6093
2025-11-28 17:26:04,070 - INFO - Recall                   : 0.6077
2025-11-28 17:26:04,070 - INFO - F1 Score                 : 0.6028
2025-11-28 17:26:04,070 - INFO - ==================================================
2025-11-28 17:36:17,705 - INFO - Época 73 concluída. Loss média: 2.4451
2025-11-28 17:36:17,706 - INFO - Taxa de aprendizado ajustada para: 0.001000
2025-11-28 17:36:17,709 - INFO - Iniciando inferência com o modelo ResNet...
2025-11-28 17:36:35,534 - INFO - ==================================================
2025-11-28 17:36:35,534 - INFO - EXPERIMENT RESULTS
2025-11-28 17:36:35,534 - INFO - ==================================================
2025-11-28 17:36:35,534 - INFO - Elapsed Time Seconds     : 17.7877
2025-11-28 17:36:35,534 - INFO - Cpu Usage Percent        : 3.5812
2025-11-28 17:36:35,534 - INFO - Ram Peak Usage Bytes     : 3908362240.0000
2025-11-28 17:36:35,534 - INFO - Disk Read Bytes          : 0.0000
2025-11-28 17:36:35,534 - INFO - Disk Write Bytes         : 634880.0000
2025-11-28 17:36:35,534 - INFO - Vram Peak Usage Bytes    : 2840555052.0000
2025-11-28 17:36:35,534 - INFO - Gpu Power Watts Avg      : 307.4802
2025-11-28 17:36:35,534 - INFO - Gpu Power Watts Peak     : 316.3230
2025-11-28 17:36:35,534 - INFO - Gpu Temp Celsius Avg     : 60.7557
2025-11-28 17:36:35,535 - INFO - Gpu Temp Celsius Peak    : 63.0000
2025-11-28 17:36:35,535 - INFO - Gpu Utilization Percent Avg: 96.4773
2025-11-28 17:36:35,535 - INFO - Gpu Utilization Percent Peak: 100.0000
2025-11-28 17:36:35,535 - INFO - Gpu Mem Used Bytes Avg   : 16090595328.0000
2025-11-28 17:36:35,535 - INFO - Gpu Mem Used Bytes Peak  : 16090595328.0000
2025-11-28 17:36:35,535 - INFO - Gpu Vram Used Bytes      : 16090595328.0000
2025-11-28 17:36:35,535 - INFO - Accuracy                 : 0.6119
2025-11-28 17:36:35,535 - INFO - Precision                : 0.6150
2025-11-28 17:36:35,535 - INFO - Recall                   : 0.6119
2025-11-28 17:36:35,535 - INFO - F1 Score                 : 0.6078
2025-11-28 17:36:35,535 - INFO - ==================================================
2025-11-28 17:46:49,560 - INFO - Época 74 concluída. Loss média: 2.4338
2025-11-28 17:46:49,564 - INFO - Taxa de aprendizado ajustada para: 0.001000
2025-11-28 17:46:49,567 - INFO - Iniciando inferência com o modelo ResNet...
2025-11-28 17:47:07,313 - INFO - ==================================================
2025-11-28 17:47:07,313 - INFO - EXPERIMENT RESULTS
2025-11-28 17:47:07,314 - INFO - ==================================================
2025-11-28 17:47:07,314 - INFO - Elapsed Time Seconds     : 17.7085
2025-11-28 17:47:07,314 - INFO - Cpu Usage Percent        : 3.6469
2025-11-28 17:47:07,314 - INFO - Ram Peak Usage Bytes     : 3913170944.0000
2025-11-28 17:47:07,314 - INFO - Disk Read Bytes          : 0.0000
2025-11-28 17:47:07,314 - INFO - Disk Write Bytes         : 724992.0000
2025-11-28 17:47:07,314 - INFO - Vram Peak Usage Bytes    : 2840555052.0000
2025-11-28 17:47:07,314 - INFO - Gpu Power Watts Avg      : 308.7873
2025-11-28 17:47:07,314 - INFO - Gpu Power Watts Peak     : 317.3860
2025-11-28 17:47:07,314 - INFO - Gpu Temp Celsius Avg     : 60.8743
2025-11-28 17:47:07,314 - INFO - Gpu Temp Celsius Peak    : 63.0000
2025-11-28 17:47:07,314 - INFO - Gpu Utilization Percent Avg: 97.1257
2025-11-28 17:47:07,314 - INFO - Gpu Utilization Percent Peak: 100.0000
2025-11-28 17:47:07,314 - INFO - Gpu Mem Used Bytes Avg   : 16090595328.0000
2025-11-28 17:47:07,314 - INFO - Gpu Mem Used Bytes Peak  : 16090595328.0000
2025-11-28 17:47:07,314 - INFO - Gpu Vram Used Bytes      : 16090595328.0000
2025-11-28 17:47:07,314 - INFO - Accuracy                 : 0.6071
2025-11-28 17:47:07,314 - INFO - Precision                : 0.6094
2025-11-28 17:47:07,314 - INFO - Recall                   : 0.6071
2025-11-28 17:47:07,314 - INFO - F1 Score                 : 0.6035
2025-11-28 17:47:07,314 - INFO - ==================================================
2025-11-28 17:57:20,979 - INFO - Época 75 concluída. Loss média: 2.4283
2025-11-28 17:57:20,980 - INFO - Taxa de aprendizado ajustada para: 0.001000
2025-11-28 17:57:20,983 - INFO - Iniciando inferência com o modelo ResNet...
2025-11-28 17:57:38,709 - INFO - ==================================================
2025-11-28 17:57:38,709 - INFO - EXPERIMENT RESULTS
2025-11-28 17:57:38,709 - INFO - ==================================================
2025-11-28 17:57:38,709 - INFO - Elapsed Time Seconds     : 17.6901
2025-11-28 17:57:38,710 - INFO - Cpu Usage Percent        : 3.6656
2025-11-28 17:57:38,710 - INFO - Ram Peak Usage Bytes     : 3913613312.0000
2025-11-28 17:57:38,710 - INFO - Disk Read Bytes          : 0.0000
2025-11-28 17:57:38,710 - INFO - Disk Write Bytes         : 643072.0000
2025-11-28 17:57:38,710 - INFO - Vram Peak Usage Bytes    : 2840555052.0000
2025-11-28 17:57:38,710 - INFO - Gpu Power Watts Avg      : 307.5815
2025-11-28 17:57:38,710 - INFO - Gpu Power Watts Peak     : 316.1830
2025-11-28 17:57:38,710 - INFO - Gpu Temp Celsius Avg     : 60.7200
2025-11-28 17:57:38,710 - INFO - Gpu Temp Celsius Peak    : 63.0000
2025-11-28 17:57:38,710 - INFO - Gpu Utilization Percent Avg: 97.0457
2025-11-28 17:57:38,710 - INFO - Gpu Utilization Percent Peak: 100.0000
2025-11-28 17:57:38,710 - INFO - Gpu Mem Used Bytes Avg   : 16090595328.0000
2025-11-28 17:57:38,710 - INFO - Gpu Mem Used Bytes Peak  : 16090595328.0000
2025-11-28 17:57:38,710 - INFO - Gpu Vram Used Bytes      : 16090595328.0000
2025-11-28 17:57:38,710 - INFO - Accuracy                 : 0.6157
2025-11-28 17:57:38,710 - INFO - Precision                : 0.6178
2025-11-28 17:57:38,710 - INFO - Recall                   : 0.6157
2025-11-28 17:57:38,710 - INFO - F1 Score                 : 0.6125
2025-11-28 17:57:38,710 - INFO - ==================================================
2025-11-28 18:07:52,478 - INFO - Época 76 concluída. Loss média: 2.4188
2025-11-28 18:07:52,481 - INFO - Taxa de aprendizado ajustada para: 0.001000
2025-11-28 18:07:52,485 - INFO - Iniciando inferência com o modelo ResNet...
2025-11-28 18:08:10,246 - INFO - ==================================================
2025-11-28 18:08:10,246 - INFO - EXPERIMENT RESULTS
2025-11-28 18:08:10,246 - INFO - ==================================================
2025-11-28 18:08:10,246 - INFO - Elapsed Time Seconds     : 17.7240
2025-11-28 18:08:10,246 - INFO - Cpu Usage Percent        : 3.6375
2025-11-28 18:08:10,246 - INFO - Ram Peak Usage Bytes     : 3914080256.0000
2025-11-28 18:08:10,246 - INFO - Disk Read Bytes          : 0.0000
2025-11-28 18:08:10,246 - INFO - Disk Write Bytes         : 720896.0000
2025-11-28 18:08:10,246 - INFO - Vram Peak Usage Bytes    : 2840555052.0000
2025-11-28 18:08:10,246 - INFO - Gpu Power Watts Avg      : 307.5755
2025-11-28 18:08:10,246 - INFO - Gpu Power Watts Peak     : 316.3520
2025-11-28 18:08:10,246 - INFO - Gpu Temp Celsius Avg     : 60.7429
2025-11-28 18:08:10,246 - INFO - Gpu Temp Celsius Peak    : 63.0000
2025-11-28 18:08:10,246 - INFO - Gpu Utilization Percent Avg: 96.8229
2025-11-28 18:08:10,246 - INFO - Gpu Utilization Percent Peak: 100.0000
2025-11-28 18:08:10,246 - INFO - Gpu Mem Used Bytes Avg   : 16090595328.0000
2025-11-28 18:08:10,247 - INFO - Gpu Mem Used Bytes Peak  : 16090595328.0000
2025-11-28 18:08:10,247 - INFO - Gpu Vram Used Bytes      : 16090595328.0000
2025-11-28 18:08:10,247 - INFO - Accuracy                 : 0.6083
2025-11-28 18:08:10,247 - INFO - Precision                : 0.6137
2025-11-28 18:08:10,247 - INFO - Recall                   : 0.6083
2025-11-28 18:08:10,247 - INFO - F1 Score                 : 0.6046
2025-11-28 18:08:10,247 - INFO - ==================================================
2025-11-28 18:18:24,048 - INFO - Época 77 concluída. Loss média: 2.4158
2025-11-28 18:18:24,048 - INFO - Taxa de aprendizado ajustada para: 0.001000
2025-11-28 18:18:24,052 - INFO - Iniciando inferência com o modelo ResNet...
2025-11-28 18:18:41,790 - INFO - ==================================================
2025-11-28 18:18:41,790 - INFO - EXPERIMENT RESULTS
2025-11-28 18:18:41,790 - INFO - ==================================================
2025-11-28 18:18:41,790 - INFO - Elapsed Time Seconds     : 17.7006
2025-11-28 18:18:41,790 - INFO - Cpu Usage Percent        : 3.4500
2025-11-28 18:18:41,790 - INFO - Ram Peak Usage Bytes     : 3914551296.0000
2025-11-28 18:18:41,790 - INFO - Disk Read Bytes          : 0.0000
2025-11-28 18:18:41,790 - INFO - Disk Write Bytes         : 626688.0000
2025-11-28 18:18:41,790 - INFO - Vram Peak Usage Bytes    : 2840555052.0000
2025-11-28 18:18:41,790 - INFO - Gpu Power Watts Avg      : 308.0322
2025-11-28 18:18:41,790 - INFO - Gpu Power Watts Peak     : 316.5050
2025-11-28 18:18:41,790 - INFO - Gpu Temp Celsius Avg     : 60.6400
2025-11-28 18:18:41,790 - INFO - Gpu Temp Celsius Peak    : 63.0000
2025-11-28 18:18:41,790 - INFO - Gpu Utilization Percent Avg: 96.9257
2025-11-28 18:18:41,790 - INFO - Gpu Utilization Percent Peak: 100.0000
2025-11-28 18:18:41,790 - INFO - Gpu Mem Used Bytes Avg   : 16090595328.0000
2025-11-28 18:18:41,790 - INFO - Gpu Mem Used Bytes Peak  : 16090595328.0000
2025-11-28 18:18:41,790 - INFO - Gpu Vram Used Bytes      : 16090595328.0000
2025-11-28 18:18:41,790 - INFO - Accuracy                 : 0.6098
2025-11-28 18:18:41,790 - INFO - Precision                : 0.6135
2025-11-28 18:18:41,791 - INFO - Recall                   : 0.6098
2025-11-28 18:18:41,791 - INFO - F1 Score                 : 0.6061
2025-11-28 18:18:41,791 - INFO - ==================================================
2025-11-28 18:28:55,541 - INFO - Época 78 concluída. Loss média: 2.4060
2025-11-28 18:28:55,541 - INFO - Taxa de aprendizado ajustada para: 0.001000
2025-11-28 18:28:55,544 - INFO - Iniciando inferência com o modelo ResNet...
2025-11-28 18:29:13,294 - INFO - ==================================================
2025-11-28 18:29:13,294 - INFO - EXPERIMENT RESULTS
2025-11-28 18:29:13,294 - INFO - ==================================================
2025-11-28 18:29:13,294 - INFO - Elapsed Time Seconds     : 17.7115
2025-11-28 18:29:13,294 - INFO - Cpu Usage Percent        : 3.3937
2025-11-28 18:29:13,294 - INFO - Ram Peak Usage Bytes     : 3914985472.0000
2025-11-28 18:29:13,294 - INFO - Disk Read Bytes          : 0.0000
2025-11-28 18:29:13,294 - INFO - Disk Write Bytes         : 733184.0000
2025-11-28 18:29:13,294 - INFO - Vram Peak Usage Bytes    : 2840555052.0000
2025-11-28 18:29:13,294 - INFO - Gpu Power Watts Avg      : 307.7172
2025-11-28 18:29:13,294 - INFO - Gpu Power Watts Peak     : 315.9290
2025-11-28 18:29:13,294 - INFO - Gpu Temp Celsius Avg     : 60.7086
2025-11-28 18:29:13,295 - INFO - Gpu Temp Celsius Peak    : 63.0000
2025-11-28 18:29:13,295 - INFO - Gpu Utilization Percent Avg: 97.2057
2025-11-28 18:29:13,295 - INFO - Gpu Utilization Percent Peak: 100.0000
2025-11-28 18:29:13,295 - INFO - Gpu Mem Used Bytes Avg   : 16090595328.0000
2025-11-28 18:29:13,295 - INFO - Gpu Mem Used Bytes Peak  : 16090595328.0000
2025-11-28 18:29:13,295 - INFO - Gpu Vram Used Bytes      : 16090595328.0000
2025-11-28 18:29:13,295 - INFO - Accuracy                 : 0.6147
2025-11-28 18:29:13,295 - INFO - Precision                : 0.6170
2025-11-28 18:29:13,295 - INFO - Recall                   : 0.6147
2025-11-28 18:29:13,295 - INFO - F1 Score                 : 0.6106
2025-11-28 18:29:13,295 - INFO - ==================================================
2025-11-28 18:39:27,045 - INFO - Época 79 concluída. Loss média: 2.3968
2025-11-28 18:39:27,046 - INFO - Taxa de aprendizado ajustada para: 0.001000
2025-11-28 18:39:27,049 - INFO - Iniciando inferência com o modelo ResNet...
2025-11-28 18:39:44,818 - INFO - ==================================================
2025-11-28 18:39:44,818 - INFO - EXPERIMENT RESULTS
2025-11-28 18:39:44,818 - INFO - ==================================================
2025-11-28 18:39:44,818 - INFO - Elapsed Time Seconds     : 17.7448
2025-11-28 18:39:44,818 - INFO - Cpu Usage Percent        : 3.6500
2025-11-28 18:39:44,818 - INFO - Ram Peak Usage Bytes     : 3915427840.0000
2025-11-28 18:39:44,818 - INFO - Disk Read Bytes          : 0.0000
2025-11-28 18:39:44,818 - INFO - Disk Write Bytes         : 626688.0000
2025-11-28 18:39:44,818 - INFO - Vram Peak Usage Bytes    : 2840555052.0000
2025-11-28 18:39:44,818 - INFO - Gpu Power Watts Avg      : 306.7482
2025-11-28 18:39:44,818 - INFO - Gpu Power Watts Peak     : 316.0180
2025-11-28 18:39:44,818 - INFO - Gpu Temp Celsius Avg     : 60.8286
2025-11-28 18:39:44,818 - INFO - Gpu Temp Celsius Peak    : 63.0000
2025-11-28 18:39:44,818 - INFO - Gpu Utilization Percent Avg: 96.7029
2025-11-28 18:39:44,819 - INFO - Gpu Utilization Percent Peak: 100.0000
2025-11-28 18:39:44,819 - INFO - Gpu Mem Used Bytes Avg   : 16090595328.0000
2025-11-28 18:39:44,819 - INFO - Gpu Mem Used Bytes Peak  : 16090595328.0000
2025-11-28 18:39:44,819 - INFO - Gpu Vram Used Bytes      : 16090595328.0000
2025-11-28 18:39:44,819 - INFO - Accuracy                 : 0.6106
2025-11-28 18:39:44,819 - INFO - Precision                : 0.6146
2025-11-28 18:39:44,819 - INFO - Recall                   : 0.6106
2025-11-28 18:39:44,819 - INFO - F1 Score                 : 0.6069
2025-11-28 18:39:44,819 - INFO - ==================================================
2025-11-28 18:49:58,535 - INFO - Época 80 concluída. Loss média: 2.3847
2025-11-28 18:49:58,535 - INFO - Taxa de aprendizado ajustada para: 0.001000
2025-11-28 18:49:58,539 - INFO - Iniciando inferência com o modelo ResNet...
2025-11-28 18:50:16,270 - INFO - ==================================================
2025-11-28 18:50:16,270 - INFO - EXPERIMENT RESULTS
2025-11-28 18:50:16,270 - INFO - ==================================================
2025-11-28 18:50:16,270 - INFO - Elapsed Time Seconds     : 17.6940
2025-11-28 18:50:16,270 - INFO - Cpu Usage Percent        : 3.6187
2025-11-28 18:50:16,270 - INFO - Ram Peak Usage Bytes     : 3915886592.0000
2025-11-28 18:50:16,270 - INFO - Disk Read Bytes          : 0.0000
2025-11-28 18:50:16,271 - INFO - Disk Write Bytes         : 729088.0000
2025-11-28 18:50:16,271 - INFO - Vram Peak Usage Bytes    : 2840555052.0000
2025-11-28 18:50:16,271 - INFO - Gpu Power Watts Avg      : 308.3980
2025-11-28 18:50:16,271 - INFO - Gpu Power Watts Peak     : 316.0460
2025-11-28 18:50:16,271 - INFO - Gpu Temp Celsius Avg     : 60.6629
2025-11-28 18:50:16,271 - INFO - Gpu Temp Celsius Peak    : 63.0000
2025-11-28 18:50:16,271 - INFO - Gpu Utilization Percent Avg: 97.1714
2025-11-28 18:50:16,271 - INFO - Gpu Utilization Percent Peak: 100.0000
2025-11-28 18:50:16,271 - INFO - Gpu Mem Used Bytes Avg   : 16090595328.0000
2025-11-28 18:50:16,271 - INFO - Gpu Mem Used Bytes Peak  : 16090595328.0000
2025-11-28 18:50:16,271 - INFO - Gpu Vram Used Bytes      : 16090595328.0000
2025-11-28 18:50:16,271 - INFO - Accuracy                 : 0.6153
2025-11-28 18:50:16,271 - INFO - Precision                : 0.6173
2025-11-28 18:50:16,271 - INFO - Recall                   : 0.6153
2025-11-28 18:50:16,271 - INFO - F1 Score                 : 0.6111
2025-11-28 18:50:16,271 - INFO - ==================================================
2025-11-28 19:00:30,316 - INFO - Época 81 concluída. Loss média: 2.3782
2025-11-28 19:00:30,319 - INFO - Taxa de aprendizado ajustada para: 0.001000
2025-11-28 19:00:30,323 - INFO - Iniciando inferência com o modelo ResNet...
2025-11-28 19:00:48,059 - INFO - ==================================================
2025-11-28 19:00:48,060 - INFO - EXPERIMENT RESULTS
2025-11-28 19:00:48,060 - INFO - ==================================================
2025-11-28 19:00:48,060 - INFO - Elapsed Time Seconds     : 17.6992
2025-11-28 19:00:48,060 - INFO - Cpu Usage Percent        : 3.5250
2025-11-28 19:00:48,060 - INFO - Ram Peak Usage Bytes     : 3916328960.0000
2025-11-28 19:00:48,060 - INFO - Disk Read Bytes          : 0.0000
2025-11-28 19:00:48,060 - INFO - Disk Write Bytes         : 626688.0000
2025-11-28 19:00:48,060 - INFO - Vram Peak Usage Bytes    : 2840555052.0000
2025-11-28 19:00:48,060 - INFO - Gpu Power Watts Avg      : 307.7993
2025-11-28 19:00:48,060 - INFO - Gpu Power Watts Peak     : 316.6180
2025-11-28 19:00:48,060 - INFO - Gpu Temp Celsius Avg     : 60.8743
2025-11-28 19:00:48,060 - INFO - Gpu Temp Celsius Peak    : 63.0000
2025-11-28 19:00:48,060 - INFO - Gpu Utilization Percent Avg: 96.7029
2025-11-28 19:00:48,060 - INFO - Gpu Utilization Percent Peak: 100.0000
2025-11-28 19:00:48,060 - INFO - Gpu Mem Used Bytes Avg   : 16090595328.0000
2025-11-28 19:00:48,060 - INFO - Gpu Mem Used Bytes Peak  : 16090595328.0000
2025-11-28 19:00:48,060 - INFO - Gpu Vram Used Bytes      : 16090595328.0000
2025-11-28 19:00:48,060 - INFO - Accuracy                 : 0.6129
2025-11-28 19:00:48,060 - INFO - Precision                : 0.6171
2025-11-28 19:00:48,060 - INFO - Recall                   : 0.6129
2025-11-28 19:00:48,061 - INFO - F1 Score                 : 0.6099
2025-11-28 19:00:48,061 - INFO - ==================================================
2025-11-28 19:11:02,019 - INFO - Época 82 concluída. Loss média: 2.3753
2025-11-28 19:11:02,019 - INFO - Taxa de aprendizado ajustada para: 0.001000
2025-11-28 19:11:02,023 - INFO - Iniciando inferência com o modelo ResNet...
2025-11-28 19:11:19,763 - INFO - ==================================================
2025-11-28 19:11:19,763 - INFO - EXPERIMENT RESULTS
2025-11-28 19:11:19,763 - INFO - ==================================================
2025-11-28 19:11:19,763 - INFO - Elapsed Time Seconds     : 17.7033
2025-11-28 19:11:19,763 - INFO - Cpu Usage Percent        : 3.4031
2025-11-28 19:11:19,763 - INFO - Ram Peak Usage Bytes     : 3916906496.0000
2025-11-28 19:11:19,763 - INFO - Disk Read Bytes          : 0.0000
2025-11-28 19:11:19,763 - INFO - Disk Write Bytes         : 835584.0000
2025-11-28 19:11:19,763 - INFO - Vram Peak Usage Bytes    : 2840555052.0000
2025-11-28 19:11:19,763 - INFO - Gpu Power Watts Avg      : 307.8571
2025-11-28 19:11:19,763 - INFO - Gpu Power Watts Peak     : 316.2880
2025-11-28 19:11:19,763 - INFO - Gpu Temp Celsius Avg     : 60.7943
2025-11-28 19:11:19,764 - INFO - Gpu Temp Celsius Peak    : 63.0000
2025-11-28 19:11:19,764 - INFO - Gpu Utilization Percent Avg: 97.3086
2025-11-28 19:11:19,764 - INFO - Gpu Utilization Percent Peak: 100.0000
2025-11-28 19:11:19,764 - INFO - Gpu Mem Used Bytes Avg   : 16090595328.0000
2025-11-28 19:11:19,764 - INFO - Gpu Mem Used Bytes Peak  : 16090595328.0000
2025-11-28 19:11:19,764 - INFO - Gpu Vram Used Bytes      : 16090595328.0000
2025-11-28 19:11:19,764 - INFO - Accuracy                 : 0.6141
2025-11-28 19:11:19,764 - INFO - Precision                : 0.6209
2025-11-28 19:11:19,764 - INFO - Recall                   : 0.6141
2025-11-28 19:11:19,764 - INFO - F1 Score                 : 0.6110
2025-11-28 19:11:19,764 - INFO - ==================================================
2025-11-28 19:21:33,018 - INFO - Época 83 concluída. Loss média: 2.3719
2025-11-28 19:21:33,019 - INFO - Taxa de aprendizado ajustada para: 0.001000
2025-11-28 19:21:33,022 - INFO - Iniciando inferência com o modelo ResNet...
2025-11-28 19:21:50,667 - INFO - ==================================================
2025-11-28 19:21:50,667 - INFO - EXPERIMENT RESULTS
2025-11-28 19:21:50,667 - INFO - ==================================================
2025-11-28 19:21:50,667 - INFO - Elapsed Time Seconds     : 17.6069
2025-11-28 19:21:50,667 - INFO - Cpu Usage Percent        : 3.4000
2025-11-28 19:21:50,667 - INFO - Ram Peak Usage Bytes     : 3917258752.0000
2025-11-28 19:21:50,667 - INFO - Disk Read Bytes          : 0.0000
2025-11-28 19:21:50,667 - INFO - Disk Write Bytes         : 626688.0000
2025-11-28 19:21:50,667 - INFO - Vram Peak Usage Bytes    : 2840555052.0000
2025-11-28 19:21:50,667 - INFO - Gpu Power Watts Avg      : 309.1316
2025-11-28 19:21:50,667 - INFO - Gpu Power Watts Peak     : 317.0020
2025-11-28 19:21:50,667 - INFO - Gpu Temp Celsius Avg     : 60.7989
2025-11-28 19:21:50,667 - INFO - Gpu Temp Celsius Peak    : 63.0000
2025-11-28 19:21:50,667 - INFO - Gpu Utilization Percent Avg: 97.0402
2025-11-28 19:21:50,667 - INFO - Gpu Utilization Percent Peak: 100.0000
2025-11-28 19:21:50,667 - INFO - Gpu Mem Used Bytes Avg   : 16090595328.0000
2025-11-28 19:21:50,667 - INFO - Gpu Mem Used Bytes Peak  : 16090595328.0000
2025-11-28 19:21:50,667 - INFO - Gpu Vram Used Bytes      : 16090595328.0000
2025-11-28 19:21:50,667 - INFO - Accuracy                 : 0.6111
2025-11-28 19:21:50,667 - INFO - Precision                : 0.6164
2025-11-28 19:21:50,667 - INFO - Recall                   : 0.6111
2025-11-28 19:21:50,668 - INFO - F1 Score                 : 0.6076
2025-11-28 19:21:50,668 - INFO - ==================================================
2025-11-28 19:32:04,440 - INFO - Época 84 concluída. Loss média: 2.3633
2025-11-28 19:32:04,441 - INFO - Taxa de aprendizado ajustada para: 0.001000
2025-11-28 19:32:04,444 - INFO - Iniciando inferência com o modelo ResNet...
2025-11-28 19:32:22,262 - INFO - ==================================================
2025-11-28 19:32:22,262 - INFO - EXPERIMENT RESULTS
2025-11-28 19:32:22,262 - INFO - ==================================================
2025-11-28 19:32:22,262 - INFO - Elapsed Time Seconds     : 17.7806
2025-11-28 19:32:22,262 - INFO - Cpu Usage Percent        : 3.3781
2025-11-28 19:32:22,262 - INFO - Ram Peak Usage Bytes     : 3921469440.0000
2025-11-28 19:32:22,263 - INFO - Disk Read Bytes          : 0.0000
2025-11-28 19:32:22,263 - INFO - Disk Write Bytes         : 802816.0000
2025-11-28 19:32:22,263 - INFO - Vram Peak Usage Bytes    : 2840555052.0000
2025-11-28 19:32:22,263 - INFO - Gpu Power Watts Avg      : 308.4420
2025-11-28 19:32:22,263 - INFO - Gpu Power Watts Peak     : 317.5910
2025-11-28 19:32:22,263 - INFO - Gpu Temp Celsius Avg     : 60.8068
2025-11-28 19:32:22,263 - INFO - Gpu Temp Celsius Peak    : 63.0000
2025-11-28 19:32:22,263 - INFO - Gpu Utilization Percent Avg: 97.0057
2025-11-28 19:32:22,263 - INFO - Gpu Utilization Percent Peak: 100.0000
2025-11-28 19:32:22,263 - INFO - Gpu Mem Used Bytes Avg   : 16090595328.0000
2025-11-28 19:32:22,263 - INFO - Gpu Mem Used Bytes Peak  : 16090595328.0000
2025-11-28 19:32:22,263 - INFO - Gpu Vram Used Bytes      : 16090595328.0000
2025-11-28 19:32:22,263 - INFO - Accuracy                 : 0.6138
2025-11-28 19:32:22,263 - INFO - Precision                : 0.6174
2025-11-28 19:32:22,263 - INFO - Recall                   : 0.6138
2025-11-28 19:32:22,263 - INFO - F1 Score                 : 0.6104
2025-11-28 19:32:22,263 - INFO - ==================================================
2025-11-28 19:42:36,132 - INFO - Época 85 concluída. Loss média: 2.3575
2025-11-28 19:42:36,132 - INFO - Taxa de aprendizado ajustada para: 0.001000
2025-11-28 19:42:36,136 - INFO - Iniciando inferência com o modelo ResNet...
2025-11-28 19:42:53,959 - INFO - ==================================================
2025-11-28 19:42:53,960 - INFO - EXPERIMENT RESULTS
2025-11-28 19:42:53,960 - INFO - ==================================================
2025-11-28 19:42:53,960 - INFO - Elapsed Time Seconds     : 17.7863
2025-11-28 19:42:53,960 - INFO - Cpu Usage Percent        : 3.3875
2025-11-28 19:42:53,960 - INFO - Ram Peak Usage Bytes     : 3921928192.0000
2025-11-28 19:42:53,960 - INFO - Disk Read Bytes          : 0.0000
2025-11-28 19:42:53,960 - INFO - Disk Write Bytes         : 626688.0000
2025-11-28 19:42:53,960 - INFO - Vram Peak Usage Bytes    : 2840555052.0000
2025-11-28 19:42:53,960 - INFO - Gpu Power Watts Avg      : 306.8342
2025-11-28 19:42:53,960 - INFO - Gpu Power Watts Peak     : 316.6710
2025-11-28 19:42:53,960 - INFO - Gpu Temp Celsius Avg     : 60.4489
2025-11-28 19:42:53,960 - INFO - Gpu Temp Celsius Peak    : 63.0000
2025-11-28 19:42:53,960 - INFO - Gpu Utilization Percent Avg: 96.3693
2025-11-28 19:42:53,960 - INFO - Gpu Utilization Percent Peak: 100.0000
2025-11-28 19:42:53,960 - INFO - Gpu Mem Used Bytes Avg   : 16090595328.0000
2025-11-28 19:42:53,960 - INFO - Gpu Mem Used Bytes Peak  : 16090595328.0000
2025-11-28 19:42:53,960 - INFO - Gpu Vram Used Bytes      : 16090595328.0000
2025-11-28 19:42:53,960 - INFO - Accuracy                 : 0.6092
2025-11-28 19:42:53,960 - INFO - Precision                : 0.6122
2025-11-28 19:42:53,960 - INFO - Recall                   : 0.6092
2025-11-28 19:42:53,960 - INFO - F1 Score                 : 0.6043
2025-11-28 19:42:53,960 - INFO - ==================================================
2025-11-28 19:53:07,965 - INFO - Época 86 concluída. Loss média: 2.3497
2025-11-28 19:53:07,966 - INFO - Taxa de aprendizado ajustada para: 0.001000
2025-11-28 19:53:07,969 - INFO - Iniciando inferência com o modelo ResNet...
2025-11-28 19:53:25,718 - INFO - ==================================================
2025-11-28 19:53:25,718 - INFO - EXPERIMENT RESULTS
2025-11-28 19:53:25,718 - INFO - ==================================================
2025-11-28 19:53:25,718 - INFO - Elapsed Time Seconds     : 17.7118
2025-11-28 19:53:25,718 - INFO - Cpu Usage Percent        : 3.4031
2025-11-28 19:53:25,718 - INFO - Ram Peak Usage Bytes     : 3922374656.0000
2025-11-28 19:53:25,718 - INFO - Disk Read Bytes          : 0.0000
2025-11-28 19:53:25,718 - INFO - Disk Write Bytes         : 761856.0000
2025-11-28 19:53:25,719 - INFO - Vram Peak Usage Bytes    : 2840555052.0000
2025-11-28 19:53:25,719 - INFO - Gpu Power Watts Avg      : 307.9532
2025-11-28 19:53:25,719 - INFO - Gpu Power Watts Peak     : 316.2760
2025-11-28 19:53:25,719 - INFO - Gpu Temp Celsius Avg     : 60.7543
2025-11-28 19:53:25,719 - INFO - Gpu Temp Celsius Peak    : 63.0000
2025-11-28 19:53:25,719 - INFO - Gpu Utilization Percent Avg: 96.9543
2025-11-28 19:53:25,719 - INFO - Gpu Utilization Percent Peak: 100.0000
2025-11-28 19:53:25,719 - INFO - Gpu Mem Used Bytes Avg   : 16090595328.0000
2025-11-28 19:53:25,719 - INFO - Gpu Mem Used Bytes Peak  : 16090595328.0000
2025-11-28 19:53:25,719 - INFO - Gpu Vram Used Bytes      : 16090595328.0000
2025-11-28 19:53:25,719 - INFO - Accuracy                 : 0.6114
2025-11-28 19:53:25,719 - INFO - Precision                : 0.6173
2025-11-28 19:53:25,719 - INFO - Recall                   : 0.6114
2025-11-28 19:53:25,719 - INFO - F1 Score                 : 0.6079
2025-11-28 19:53:25,719 - INFO - ==================================================
2025-11-28 20:03:39,523 - INFO - Época 87 concluída. Loss média: 2.3415
2025-11-28 20:03:39,526 - INFO - Taxa de aprendizado ajustada para: 0.001000
2025-11-28 20:03:39,529 - INFO - Iniciando inferência com o modelo ResNet...
2025-11-28 20:03:57,367 - INFO - ==================================================
2025-11-28 20:03:57,367 - INFO - EXPERIMENT RESULTS
2025-11-28 20:03:57,367 - INFO - ==================================================
2025-11-28 20:03:57,368 - INFO - Elapsed Time Seconds     : 17.8001
2025-11-28 20:03:57,368 - INFO - Cpu Usage Percent        : 3.3875
2025-11-28 20:03:57,368 - INFO - Ram Peak Usage Bytes     : 3922837504.0000
2025-11-28 20:03:57,368 - INFO - Disk Read Bytes          : 0.0000
2025-11-28 20:03:57,368 - INFO - Disk Write Bytes         : 630784.0000
2025-11-28 20:03:57,368 - INFO - Vram Peak Usage Bytes    : 2840555052.0000
2025-11-28 20:03:57,368 - INFO - Gpu Power Watts Avg      : 307.6118
2025-11-28 20:03:57,368 - INFO - Gpu Power Watts Peak     : 317.2480
2025-11-28 20:03:57,368 - INFO - Gpu Temp Celsius Avg     : 60.8636
2025-11-28 20:03:57,368 - INFO - Gpu Temp Celsius Peak    : 63.0000
2025-11-28 20:03:57,368 - INFO - Gpu Utilization Percent Avg: 96.4148
2025-11-28 20:03:57,368 - INFO - Gpu Utilization Percent Peak: 100.0000
2025-11-28 20:03:57,368 - INFO - Gpu Mem Used Bytes Avg   : 16090595328.0000
2025-11-28 20:03:57,368 - INFO - Gpu Mem Used Bytes Peak  : 16090595328.0000
2025-11-28 20:03:57,368 - INFO - Gpu Vram Used Bytes      : 16090595328.0000
2025-11-28 20:03:57,368 - INFO - Accuracy                 : 0.6140
2025-11-28 20:03:57,368 - INFO - Precision                : 0.6191
2025-11-28 20:03:57,368 - INFO - Recall                   : 0.6140
2025-11-28 20:03:57,368 - INFO - F1 Score                 : 0.6108
2025-11-28 20:03:57,368 - INFO - ==================================================
2025-11-28 20:14:11,883 - INFO - Época 88 concluída. Loss média: 2.3408
2025-11-28 20:14:11,885 - INFO - Taxa de aprendizado ajustada para: 0.001000
2025-11-28 20:14:11,888 - INFO - Iniciando inferência com o modelo ResNet...
2025-11-28 20:14:29,725 - INFO - ==================================================
2025-11-28 20:14:29,725 - INFO - EXPERIMENT RESULTS
2025-11-28 20:14:29,725 - INFO - ==================================================
2025-11-28 20:14:29,725 - INFO - Elapsed Time Seconds     : 17.8126
2025-11-28 20:14:29,725 - INFO - Cpu Usage Percent        : 3.3750
2025-11-28 20:14:29,725 - INFO - Ram Peak Usage Bytes     : 3923279872.0000
2025-11-28 20:14:29,725 - INFO - Disk Read Bytes          : 0.0000
2025-11-28 20:14:29,725 - INFO - Disk Write Bytes         : 774144.0000
2025-11-28 20:14:29,725 - INFO - Vram Peak Usage Bytes    : 2840555052.0000
2025-11-28 20:14:29,725 - INFO - Gpu Power Watts Avg      : 307.9718
2025-11-28 20:14:29,725 - INFO - Gpu Power Watts Peak     : 317.2540
2025-11-28 20:14:29,725 - INFO - Gpu Temp Celsius Avg     : 60.6989
2025-11-28 20:14:29,725 - INFO - Gpu Temp Celsius Peak    : 63.0000
2025-11-28 20:14:29,725 - INFO - Gpu Utilization Percent Avg: 96.5170
2025-11-28 20:14:29,725 - INFO - Gpu Utilization Percent Peak: 100.0000
2025-11-28 20:14:29,725 - INFO - Gpu Mem Used Bytes Avg   : 16090595328.0000
2025-11-28 20:14:29,725 - INFO - Gpu Mem Used Bytes Peak  : 16090595328.0000
2025-11-28 20:14:29,725 - INFO - Gpu Vram Used Bytes      : 16090595328.0000
2025-11-28 20:14:29,725 - INFO - Accuracy                 : 0.6114
2025-11-28 20:14:29,725 - INFO - Precision                : 0.6206
2025-11-28 20:14:29,725 - INFO - Recall                   : 0.6114
2025-11-28 20:14:29,725 - INFO - F1 Score                 : 0.6093
2025-11-28 20:14:29,725 - INFO - ==================================================
2025-11-28 20:24:43,656 - INFO - Época 89 concluída. Loss média: 2.3310
2025-11-28 20:24:43,659 - INFO - Taxa de aprendizado ajustada para: 0.001000
2025-11-28 20:24:43,662 - INFO - Iniciando inferência com o modelo ResNet...
2025-11-28 20:25:01,326 - INFO - ==================================================
2025-11-28 20:25:01,326 - INFO - EXPERIMENT RESULTS
2025-11-28 20:25:01,326 - INFO - ==================================================
2025-11-28 20:25:01,326 - INFO - Elapsed Time Seconds     : 17.6266
2025-11-28 20:25:01,326 - INFO - Cpu Usage Percent        : 3.4125
2025-11-28 20:25:01,326 - INFO - Ram Peak Usage Bytes     : 3923742720.0000
2025-11-28 20:25:01,326 - INFO - Disk Read Bytes          : 0.0000
2025-11-28 20:25:01,326 - INFO - Disk Write Bytes         : 626688.0000
2025-11-28 20:25:01,326 - INFO - Vram Peak Usage Bytes    : 2840555052.0000
2025-11-28 20:25:01,326 - INFO - Gpu Power Watts Avg      : 309.6960
2025-11-28 20:25:01,326 - INFO - Gpu Power Watts Peak     : 317.2200
2025-11-28 20:25:01,326 - INFO - Gpu Temp Celsius Avg     : 60.7931
2025-11-28 20:25:01,326 - INFO - Gpu Temp Celsius Peak    : 63.0000
2025-11-28 20:25:01,326 - INFO - Gpu Utilization Percent Avg: 97.2126
2025-11-28 20:25:01,326 - INFO - Gpu Utilization Percent Peak: 100.0000
2025-11-28 20:25:01,326 - INFO - Gpu Mem Used Bytes Avg   : 16090595328.0000
2025-11-28 20:25:01,326 - INFO - Gpu Mem Used Bytes Peak  : 16090595328.0000
2025-11-28 20:25:01,326 - INFO - Gpu Vram Used Bytes      : 16090595328.0000
2025-11-28 20:25:01,326 - INFO - Accuracy                 : 0.6129
2025-11-28 20:25:01,326 - INFO - Precision                : 0.6192
2025-11-28 20:25:01,326 - INFO - Recall                   : 0.6129
2025-11-28 20:25:01,327 - INFO - F1 Score                 : 0.6097
2025-11-28 20:25:01,327 - INFO - ==================================================
2025-11-28 20:35:14,127 - INFO - Época 90 concluída. Loss média: 2.3265
2025-11-28 20:35:14,130 - INFO - Taxa de aprendizado ajustada para: 0.000100
2025-11-28 20:35:14,131 - INFO - Iniciando inferência com o modelo ResNet...
2025-11-28 20:35:31,739 - INFO - ==================================================
2025-11-28 20:35:31,739 - INFO - EXPERIMENT RESULTS
2025-11-28 20:35:31,739 - INFO - ==================================================
2025-11-28 20:35:31,739 - INFO - Elapsed Time Seconds     : 17.5826
2025-11-28 20:35:31,739 - INFO - Cpu Usage Percent        : 3.4031
2025-11-28 20:35:31,739 - INFO - Ram Peak Usage Bytes     : 3924213760.0000
2025-11-28 20:35:31,739 - INFO - Disk Read Bytes          : 0.0000
2025-11-28 20:35:31,739 - INFO - Disk Write Bytes         : 733184.0000
2025-11-28 20:35:31,739 - INFO - Vram Peak Usage Bytes    : 2840555052.0000
2025-11-28 20:35:31,739 - INFO - Gpu Power Watts Avg      : 311.1478
2025-11-28 20:35:31,739 - INFO - Gpu Power Watts Peak     : 317.7510
2025-11-28 20:35:31,739 - INFO - Gpu Temp Celsius Avg     : 60.8161
2025-11-28 20:35:31,739 - INFO - Gpu Temp Celsius Peak    : 63.0000
2025-11-28 20:35:31,739 - INFO - Gpu Utilization Percent Avg: 98.0000
2025-11-28 20:35:31,739 - INFO - Gpu Utilization Percent Peak: 100.0000
2025-11-28 20:35:31,739 - INFO - Gpu Mem Used Bytes Avg   : 16090595328.0000
2025-11-28 20:35:31,739 - INFO - Gpu Mem Used Bytes Peak  : 16090595328.0000
2025-11-28 20:35:31,739 - INFO - Gpu Vram Used Bytes      : 16090595328.0000
2025-11-28 20:35:31,739 - INFO - Accuracy                 : 0.6118
2025-11-28 20:35:31,739 - INFO - Precision                : 0.6177
2025-11-28 20:35:31,739 - INFO - Recall                   : 0.6118
2025-11-28 20:35:31,739 - INFO - F1 Score                 : 0.6089
2025-11-28 20:35:31,739 - INFO - ==================================================
2025-11-28 20:45:45,823 - INFO - Época 91 concluída. Loss média: 2.2460
2025-11-28 20:45:45,824 - INFO - Taxa de aprendizado ajustada para: 0.000100
2025-11-28 20:45:45,827 - INFO - Iniciando inferência com o modelo ResNet...
2025-11-28 20:46:03,555 - INFO - ==================================================
2025-11-28 20:46:03,555 - INFO - EXPERIMENT RESULTS
2025-11-28 20:46:03,555 - INFO - ==================================================
2025-11-28 20:46:03,555 - INFO - Elapsed Time Seconds     : 17.6910
2025-11-28 20:46:03,555 - INFO - Cpu Usage Percent        : 3.4062
2025-11-28 20:46:03,555 - INFO - Ram Peak Usage Bytes     : 3924652032.0000
2025-11-28 20:46:03,555 - INFO - Disk Read Bytes          : 0.0000
2025-11-28 20:46:03,555 - INFO - Disk Write Bytes         : 663552.0000
2025-11-28 20:46:03,555 - INFO - Vram Peak Usage Bytes    : 2840555052.0000
2025-11-28 20:46:03,555 - INFO - Gpu Power Watts Avg      : 307.1603
2025-11-28 20:46:03,555 - INFO - Gpu Power Watts Peak     : 316.0540
2025-11-28 20:46:03,555 - INFO - Gpu Temp Celsius Avg     : 60.3486
2025-11-28 20:46:03,555 - INFO - Gpu Temp Celsius Peak    : 62.0000
2025-11-28 20:46:03,556 - INFO - Gpu Utilization Percent Avg: 96.8400
2025-11-28 20:46:03,556 - INFO - Gpu Utilization Percent Peak: 100.0000
2025-11-28 20:46:03,556 - INFO - Gpu Mem Used Bytes Avg   : 16090595328.0000
2025-11-28 20:46:03,556 - INFO - Gpu Mem Used Bytes Peak  : 16090595328.0000
2025-11-28 20:46:03,556 - INFO - Gpu Vram Used Bytes      : 16090595328.0000
2025-11-28 20:46:03,556 - INFO - Accuracy                 : 0.6256
2025-11-28 20:46:03,556 - INFO - Precision                : 0.6261
2025-11-28 20:46:03,556 - INFO - Recall                   : 0.6256
2025-11-28 20:46:03,556 - INFO - F1 Score                 : 0.6226
2025-11-28 20:46:03,556 - INFO - ==================================================
2025-11-28 20:56:16,466 - INFO - Época 92 concluída. Loss média: 2.2226
2025-11-28 20:56:16,469 - INFO - Taxa de aprendizado ajustada para: 0.000100
2025-11-28 20:56:16,471 - INFO - Iniciando inferência com o modelo ResNet...
2025-11-28 20:56:34,401 - INFO - ==================================================
2025-11-28 20:56:34,401 - INFO - EXPERIMENT RESULTS
2025-11-28 20:56:34,401 - INFO - ==================================================
2025-11-28 20:56:34,401 - INFO - Elapsed Time Seconds     : 17.8933
2025-11-28 20:56:34,401 - INFO - Cpu Usage Percent        : 3.3375
2025-11-28 20:56:34,401 - INFO - Ram Peak Usage Bytes     : 3925094400.0000
2025-11-28 20:56:34,401 - INFO - Disk Read Bytes          : 0.0000
2025-11-28 20:56:34,401 - INFO - Disk Write Bytes         : 790528.0000
2025-11-28 20:56:34,401 - INFO - Vram Peak Usage Bytes    : 2840555052.0000
2025-11-28 20:56:34,401 - INFO - Gpu Power Watts Avg      : 309.1403
2025-11-28 20:56:34,402 - INFO - Gpu Power Watts Peak     : 317.3290
2025-11-28 20:56:34,402 - INFO - Gpu Temp Celsius Avg     : 60.7627
2025-11-28 20:56:34,402 - INFO - Gpu Temp Celsius Peak    : 63.0000
2025-11-28 20:56:34,402 - INFO - Gpu Utilization Percent Avg: 96.1808
2025-11-28 20:56:34,402 - INFO - Gpu Utilization Percent Peak: 100.0000
2025-11-28 20:56:34,402 - INFO - Gpu Mem Used Bytes Avg   : 16090595328.0000
2025-11-28 20:56:34,402 - INFO - Gpu Mem Used Bytes Peak  : 16090595328.0000
2025-11-28 20:56:34,402 - INFO - Gpu Vram Used Bytes      : 16090595328.0000
2025-11-28 20:56:34,402 - INFO - Accuracy                 : 0.6253
2025-11-28 20:56:34,402 - INFO - Precision                : 0.6261
2025-11-28 20:56:34,402 - INFO - Recall                   : 0.6253
2025-11-28 20:56:34,402 - INFO - F1 Score                 : 0.6220
2025-11-28 20:56:34,402 - INFO - ==================================================
2025-11-28 21:06:48,183 - INFO - Época 93 concluída. Loss média: 2.2142
2025-11-28 21:06:48,184 - INFO - Taxa de aprendizado ajustada para: 0.000100
2025-11-28 21:06:48,187 - INFO - Iniciando inferência com o modelo ResNet...
2025-11-28 21:07:05,943 - INFO - ==================================================
2025-11-28 21:07:05,943 - INFO - EXPERIMENT RESULTS
2025-11-28 21:07:05,943 - INFO - ==================================================
2025-11-28 21:07:05,943 - INFO - Elapsed Time Seconds     : 17.7189
2025-11-28 21:07:05,944 - INFO - Cpu Usage Percent        : 3.4000
2025-11-28 21:07:05,944 - INFO - Ram Peak Usage Bytes     : 3925553152.0000
2025-11-28 21:07:05,944 - INFO - Disk Read Bytes          : 0.0000
2025-11-28 21:07:05,944 - INFO - Disk Write Bytes         : 724992.0000
2025-11-28 21:07:05,944 - INFO - Vram Peak Usage Bytes    : 2840555052.0000
2025-11-28 21:07:05,944 - INFO - Gpu Power Watts Avg      : 308.3524
2025-11-28 21:07:05,944 - INFO - Gpu Power Watts Peak     : 316.9520
2025-11-28 21:07:05,944 - INFO - Gpu Temp Celsius Avg     : 60.7371
2025-11-28 21:07:05,944 - INFO - Gpu Temp Celsius Peak    : 63.0000
2025-11-28 21:07:05,944 - INFO - Gpu Utilization Percent Avg: 96.7429
2025-11-28 21:07:05,944 - INFO - Gpu Utilization Percent Peak: 100.0000
2025-11-28 21:07:05,944 - INFO - Gpu Mem Used Bytes Avg   : 16090595328.0000
2025-11-28 21:07:05,944 - INFO - Gpu Mem Used Bytes Peak  : 16090595328.0000
2025-11-28 21:07:05,944 - INFO - Gpu Vram Used Bytes      : 16090595328.0000
2025-11-28 21:07:05,944 - INFO - Accuracy                 : 0.6242
2025-11-28 21:07:05,944 - INFO - Precision                : 0.6254
2025-11-28 21:07:05,944 - INFO - Recall                   : 0.6242
2025-11-28 21:07:05,944 - INFO - F1 Score                 : 0.6209
2025-11-28 21:07:05,944 - INFO - ==================================================
2025-11-28 21:17:19,625 - INFO - Época 94 concluída. Loss média: 2.2025
2025-11-28 21:17:19,626 - INFO - Taxa de aprendizado ajustada para: 0.000100
2025-11-28 21:17:19,629 - INFO - Iniciando inferência com o modelo ResNet...
2025-11-28 21:17:37,478 - INFO - ==================================================
2025-11-28 21:17:37,478 - INFO - EXPERIMENT RESULTS
2025-11-28 21:17:37,478 - INFO - ==================================================
2025-11-28 21:17:37,478 - INFO - Elapsed Time Seconds     : 17.8116
2025-11-28 21:17:37,478 - INFO - Cpu Usage Percent        : 3.5969
2025-11-28 21:17:37,478 - INFO - Ram Peak Usage Bytes     : 3925979136.0000
2025-11-28 21:17:37,478 - INFO - Disk Read Bytes          : 0.0000
2025-11-28 21:17:37,478 - INFO - Disk Write Bytes         : 643072.0000
2025-11-28 21:17:37,478 - INFO - Vram Peak Usage Bytes    : 2840555052.0000
2025-11-28 21:17:37,479 - INFO - Gpu Power Watts Avg      : 306.3929
2025-11-28 21:17:37,479 - INFO - Gpu Power Watts Peak     : 316.6830
2025-11-28 21:17:37,479 - INFO - Gpu Temp Celsius Avg     : 60.5114
2025-11-28 21:17:37,479 - INFO - Gpu Temp Celsius Peak    : 63.0000
2025-11-28 21:17:37,479 - INFO - Gpu Utilization Percent Avg: 96.1080
2025-11-28 21:17:37,479 - INFO - Gpu Utilization Percent Peak: 100.0000
2025-11-28 21:17:37,479 - INFO - Gpu Mem Used Bytes Avg   : 16090595328.0000
2025-11-28 21:17:37,479 - INFO - Gpu Mem Used Bytes Peak  : 16090595328.0000
2025-11-28 21:17:37,479 - INFO - Gpu Vram Used Bytes      : 16090595328.0000
2025-11-28 21:17:37,479 - INFO - Accuracy                 : 0.6253
2025-11-28 21:17:37,479 - INFO - Precision                : 0.6267
2025-11-28 21:17:37,479 - INFO - Recall                   : 0.6253
2025-11-28 21:17:37,479 - INFO - F1 Score                 : 0.6221
2025-11-28 21:17:37,479 - INFO - ==================================================
2025-11-28 21:27:51,332 - INFO - Época 95 concluída. Loss média: 2.2034
2025-11-28 21:27:51,332 - INFO - Taxa de aprendizado ajustada para: 0.000100
2025-11-28 21:27:51,335 - INFO - Iniciando inferência com o modelo ResNet...
2025-11-28 21:28:09,175 - INFO - ==================================================
2025-11-28 21:28:09,175 - INFO - EXPERIMENT RESULTS
2025-11-28 21:28:09,175 - INFO - ==================================================
2025-11-28 21:28:09,175 - INFO - Elapsed Time Seconds     : 17.8024
2025-11-28 21:28:09,175 - INFO - Cpu Usage Percent        : 3.3875
2025-11-28 21:28:09,175 - INFO - Ram Peak Usage Bytes     : 3926482944.0000
2025-11-28 21:28:09,175 - INFO - Disk Read Bytes          : 0.0000
2025-11-28 21:28:09,175 - INFO - Disk Write Bytes         : 720896.0000
2025-11-28 21:28:09,175 - INFO - Vram Peak Usage Bytes    : 2840555052.0000
2025-11-28 21:28:09,176 - INFO - Gpu Power Watts Avg      : 307.0809
2025-11-28 21:28:09,176 - INFO - Gpu Power Watts Peak     : 317.0130
2025-11-28 21:28:09,176 - INFO - Gpu Temp Celsius Avg     : 60.8125
2025-11-28 21:28:09,176 - INFO - Gpu Temp Celsius Peak    : 63.0000
2025-11-28 21:28:09,176 - INFO - Gpu Utilization Percent Avg: 96.7330
2025-11-28 21:28:09,176 - INFO - Gpu Utilization Percent Peak: 100.0000
2025-11-28 21:28:09,176 - INFO - Gpu Mem Used Bytes Avg   : 16090595328.0000
2025-11-28 21:28:09,176 - INFO - Gpu Mem Used Bytes Peak  : 16090595328.0000
2025-11-28 21:28:09,176 - INFO - Gpu Vram Used Bytes      : 16090595328.0000
2025-11-28 21:28:09,176 - INFO - Accuracy                 : 0.6248
2025-11-28 21:28:09,176 - INFO - Precision                : 0.6265
2025-11-28 21:28:09,176 - INFO - Recall                   : 0.6248
2025-11-28 21:28:09,176 - INFO - F1 Score                 : 0.6220
2025-11-28 21:28:09,176 - INFO - ==================================================
2025-11-28 21:38:22,867 - INFO - Época 96 concluída. Loss média: 2.1990
2025-11-28 21:38:22,867 - INFO - Taxa de aprendizado ajustada para: 0.000100
2025-11-28 21:38:22,871 - INFO - Iniciando inferência com o modelo ResNet...
2025-11-28 21:38:40,546 - INFO - ==================================================
2025-11-28 21:38:40,546 - INFO - EXPERIMENT RESULTS
2025-11-28 21:38:40,546 - INFO - ==================================================
2025-11-28 21:38:40,547 - INFO - Elapsed Time Seconds     : 17.6391
2025-11-28 21:38:40,547 - INFO - Cpu Usage Percent        : 3.4031
2025-11-28 21:38:40,547 - INFO - Ram Peak Usage Bytes     : 3926794240.0000
2025-11-28 21:38:40,547 - INFO - Disk Read Bytes          : 0.0000
2025-11-28 21:38:40,547 - INFO - Disk Write Bytes         : 626688.0000
2025-11-28 21:38:40,547 - INFO - Vram Peak Usage Bytes    : 2840555052.0000
2025-11-28 21:38:40,547 - INFO - Gpu Power Watts Avg      : 308.6546
2025-11-28 21:38:40,547 - INFO - Gpu Power Watts Peak     : 316.7030
2025-11-28 21:38:40,547 - INFO - Gpu Temp Celsius Avg     : 60.8966
2025-11-28 21:38:40,547 - INFO - Gpu Temp Celsius Peak    : 63.0000
2025-11-28 21:38:40,547 - INFO - Gpu Utilization Percent Avg: 97.0690
2025-11-28 21:38:40,547 - INFO - Gpu Utilization Percent Peak: 100.0000
2025-11-28 21:38:40,547 - INFO - Gpu Mem Used Bytes Avg   : 16090595328.0000
2025-11-28 21:38:40,547 - INFO - Gpu Mem Used Bytes Peak  : 16090595328.0000
2025-11-28 21:38:40,547 - INFO - Gpu Vram Used Bytes      : 16090595328.0000
2025-11-28 21:38:40,547 - INFO - Accuracy                 : 0.6232
2025-11-28 21:38:40,547 - INFO - Precision                : 0.6242
2025-11-28 21:38:40,547 - INFO - Recall                   : 0.6232
2025-11-28 21:38:40,547 - INFO - F1 Score                 : 0.6200
2025-11-28 21:38:40,547 - INFO - ==================================================
2025-11-28 21:48:54,380 - INFO - Época 97 concluída. Loss média: 2.1904
2025-11-28 21:48:54,381 - INFO - Taxa de aprendizado ajustada para: 0.000100
2025-11-28 21:48:54,384 - INFO - Iniciando inferência com o modelo ResNet...
2025-11-28 21:49:12,071 - INFO - ==================================================
2025-11-28 21:49:12,071 - INFO - EXPERIMENT RESULTS
2025-11-28 21:49:12,071 - INFO - ==================================================
2025-11-28 21:49:12,071 - INFO - Elapsed Time Seconds     : 17.6514
2025-11-28 21:49:12,071 - INFO - Cpu Usage Percent        : 3.4094
2025-11-28 21:49:12,071 - INFO - Ram Peak Usage Bytes     : 3927203840.0000
2025-11-28 21:49:12,072 - INFO - Disk Read Bytes          : 0.0000
2025-11-28 21:49:12,072 - INFO - Disk Write Bytes         : 729088.0000
2025-11-28 21:49:12,072 - INFO - Vram Peak Usage Bytes    : 2840555052.0000
2025-11-28 21:49:12,072 - INFO - Gpu Power Watts Avg      : 309.4716
2025-11-28 21:49:12,072 - INFO - Gpu Power Watts Peak     : 317.1180
2025-11-28 21:49:12,072 - INFO - Gpu Temp Celsius Avg     : 60.9138
2025-11-28 21:49:12,072 - INFO - Gpu Temp Celsius Peak    : 63.0000
2025-11-28 21:49:12,072 - INFO - Gpu Utilization Percent Avg: 97.2299
2025-11-28 21:49:12,072 - INFO - Gpu Utilization Percent Peak: 100.0000
2025-11-28 21:49:12,072 - INFO - Gpu Mem Used Bytes Avg   : 16090595328.0000
2025-11-28 21:49:12,072 - INFO - Gpu Mem Used Bytes Peak  : 16090595328.0000
2025-11-28 21:49:12,072 - INFO - Gpu Vram Used Bytes      : 16090595328.0000
2025-11-28 21:49:12,072 - INFO - Accuracy                 : 0.6249
2025-11-28 21:49:12,072 - INFO - Precision                : 0.6269
2025-11-28 21:49:12,072 - INFO - Recall                   : 0.6249
2025-11-28 21:49:12,072 - INFO - F1 Score                 : 0.6222
2025-11-28 21:49:12,072 - INFO - ==================================================
2025-11-28 21:59:26,297 - INFO - Época 98 concluída. Loss média: 2.1835
2025-11-28 21:59:26,298 - INFO - Taxa de aprendizado ajustada para: 0.000100
2025-11-28 21:59:26,301 - INFO - Iniciando inferência com o modelo ResNet...
2025-11-28 21:59:44,215 - INFO - ==================================================
2025-11-28 21:59:44,215 - INFO - EXPERIMENT RESULTS
2025-11-28 21:59:44,215 - INFO - ==================================================
2025-11-28 21:59:44,215 - INFO - Elapsed Time Seconds     : 17.8766
2025-11-28 21:59:44,216 - INFO - Cpu Usage Percent        : 3.3781
2025-11-28 21:59:44,216 - INFO - Ram Peak Usage Bytes     : 3927601152.0000
2025-11-28 21:59:44,216 - INFO - Disk Read Bytes          : 0.0000
2025-11-28 21:59:44,216 - INFO - Disk Write Bytes         : 1081344.0000
2025-11-28 21:59:44,216 - INFO - Vram Peak Usage Bytes    : 2840555052.0000
2025-11-28 21:59:44,216 - INFO - Gpu Power Watts Avg      : 307.8046
2025-11-28 21:59:44,216 - INFO - Gpu Power Watts Peak     : 317.5280
2025-11-28 21:59:44,216 - INFO - Gpu Temp Celsius Avg     : 61.0398
2025-11-28 21:59:44,216 - INFO - Gpu Temp Celsius Peak    : 63.0000
2025-11-28 21:59:44,216 - INFO - Gpu Utilization Percent Avg: 96.4716
2025-11-28 21:59:44,216 - INFO - Gpu Utilization Percent Peak: 100.0000
2025-11-28 21:59:44,216 - INFO - Gpu Mem Used Bytes Avg   : 16090595328.0000
2025-11-28 21:59:44,216 - INFO - Gpu Mem Used Bytes Peak  : 16090595328.0000
2025-11-28 21:59:44,216 - INFO - Gpu Vram Used Bytes      : 16090595328.0000
2025-11-28 21:59:44,216 - INFO - Accuracy                 : 0.6239
2025-11-28 21:59:44,216 - INFO - Precision                : 0.6248
2025-11-28 21:59:44,216 - INFO - Recall                   : 0.6239
2025-11-28 21:59:44,216 - INFO - F1 Score                 : 0.6207
2025-11-28 21:59:44,216 - INFO - ==================================================
2025-11-28 22:09:57,940 - INFO - Época 99 concluída. Loss média: 2.1859
2025-11-28 22:09:57,940 - INFO - Taxa de aprendizado ajustada para: 0.000100
2025-11-28 22:09:57,944 - INFO - Iniciando inferência com o modelo ResNet...
2025-11-28 22:10:15,700 - INFO - ==================================================
2025-11-28 22:10:15,701 - INFO - EXPERIMENT RESULTS
2025-11-28 22:10:15,701 - INFO - ==================================================
2025-11-28 22:10:15,701 - INFO - Elapsed Time Seconds     : 17.7198
2025-11-28 22:10:15,701 - INFO - Cpu Usage Percent        : 3.4125
2025-11-28 22:10:15,701 - INFO - Ram Peak Usage Bytes     : 3928010752.0000
2025-11-28 22:10:15,701 - INFO - Disk Read Bytes          : 0.0000
2025-11-28 22:10:15,701 - INFO - Disk Write Bytes         : 778240.0000
2025-11-28 22:10:15,701 - INFO - Vram Peak Usage Bytes    : 2840555052.0000
2025-11-28 22:10:15,701 - INFO - Gpu Power Watts Avg      : 308.5660
2025-11-28 22:10:15,701 - INFO - Gpu Power Watts Peak     : 317.3510
2025-11-28 22:10:15,701 - INFO - Gpu Temp Celsius Avg     : 60.9543
2025-11-28 22:10:15,701 - INFO - Gpu Temp Celsius Peak    : 63.0000
2025-11-28 22:10:15,701 - INFO - Gpu Utilization Percent Avg: 96.6743
2025-11-28 22:10:15,701 - INFO - Gpu Utilization Percent Peak: 100.0000
2025-11-28 22:10:15,701 - INFO - Gpu Mem Used Bytes Avg   : 16090595328.0000
2025-11-28 22:10:15,701 - INFO - Gpu Mem Used Bytes Peak  : 16090595328.0000
2025-11-28 22:10:15,701 - INFO - Gpu Vram Used Bytes      : 16090595328.0000
2025-11-28 22:10:15,701 - INFO - Accuracy                 : 0.6248
2025-11-28 22:10:15,701 - INFO - Precision                : 0.6271
2025-11-28 22:10:15,702 - INFO - Recall                   : 0.6248
2025-11-28 22:10:15,702 - INFO - F1 Score                 : 0.6223
2025-11-28 22:10:15,702 - INFO - ==================================================
2025-11-28 22:20:28,411 - INFO - Época 100 concluída. Loss média: 2.1847
2025-11-28 22:20:28,411 - INFO - Taxa de aprendizado ajustada para: 0.000100
2025-11-28 22:20:28,413 - INFO - Iniciando inferência com o modelo ResNet...
2025-11-28 22:20:46,133 - INFO - ==================================================
2025-11-28 22:20:46,133 - INFO - EXPERIMENT RESULTS
2025-11-28 22:20:46,134 - INFO - ==================================================
2025-11-28 22:20:46,134 - INFO - Elapsed Time Seconds     : 17.6963
2025-11-28 22:20:46,134 - INFO - Cpu Usage Percent        : 3.5812
2025-11-28 22:20:46,134 - INFO - Ram Peak Usage Bytes     : 3928420352.0000
2025-11-28 22:20:46,134 - INFO - Disk Read Bytes          : 0.0000
2025-11-28 22:20:46,134 - INFO - Disk Write Bytes         : 626688.0000
2025-11-28 22:20:46,134 - INFO - Vram Peak Usage Bytes    : 2840555052.0000
2025-11-28 22:20:46,134 - INFO - Gpu Power Watts Avg      : 308.3202
2025-11-28 22:20:46,134 - INFO - Gpu Power Watts Peak     : 317.1860
2025-11-28 22:20:46,134 - INFO - Gpu Temp Celsius Avg     : 61.0914
2025-11-28 22:20:46,134 - INFO - Gpu Temp Celsius Peak    : 63.0000
2025-11-28 22:20:46,134 - INFO - Gpu Utilization Percent Avg: 96.9829
2025-11-28 22:20:46,134 - INFO - Gpu Utilization Percent Peak: 100.0000
2025-11-28 22:20:46,134 - INFO - Gpu Mem Used Bytes Avg   : 16090595328.0000
2025-11-28 22:20:46,134 - INFO - Gpu Mem Used Bytes Peak  : 16090595328.0000
2025-11-28 22:20:46,134 - INFO - Gpu Vram Used Bytes      : 16090595328.0000
2025-11-28 22:20:46,134 - INFO - Accuracy                 : 0.6267
2025-11-28 22:20:46,134 - INFO - Precision                : 0.6286
2025-11-28 22:20:46,134 - INFO - Recall                   : 0.6267
2025-11-28 22:20:46,134 - INFO - F1 Score                 : 0.6241
2025-11-28 22:20:46,134 - INFO - ==================================================
2025-11-28 22:20:46,186 - INFO - Métricas de performance do treinamento:
2025-11-28 22:20:46,186 - INFO - ==================================================
2025-11-28 22:20:46,186 - INFO - EXPERIMENT RESULTS
2025-11-28 22:20:46,186 - INFO - ==================================================
2025-11-28 22:20:46,186 - INFO - Elapsed Time Seconds     : 63155.2482
2025-11-28 22:20:46,186 - INFO - Cpu Usage Percent        : 3.2625
2025-11-28 22:20:46,186 - INFO - Ram Peak Usage Bytes     : 3928334336.0000
2025-11-28 22:20:46,186 - INFO - Disk Read Bytes          : 221184.0000
2025-11-28 22:20:46,186 - INFO - Disk Write Bytes         : 1417576448.0000
2025-11-28 22:20:46,186 - INFO - Vram Peak Usage Bytes    : 2840555052.0000
2025-11-28 22:20:46,186 - INFO - Gpu Power Watts Avg      : 292.6661
2025-11-28 22:20:46,186 - INFO - Gpu Power Watts Peak     : 353.6490
2025-11-28 22:20:46,186 - INFO - Gpu Temp Celsius Avg     : 59.9512
2025-11-28 22:20:46,186 - INFO - Gpu Temp Celsius Peak    : 65.0000
2025-11-28 22:20:46,186 - INFO - Gpu Utilization Percent Avg: 99.3073
2025-11-28 22:20:46,186 - INFO - Gpu Utilization Percent Peak: 100.0000
2025-11-28 22:20:46,186 - INFO - Gpu Mem Used Bytes Avg   : 16036701597.8099
2025-11-28 22:20:46,186 - INFO - Gpu Mem Used Bytes Peak  : 16090595328.0000
2025-11-28 22:20:46,186 - INFO - Gpu Vram Used Bytes      : 16090595328.0000
2025-11-28 22:20:46,186 - INFO - ==================================================
2025-11-28 22:20:47,168 - INFO - Modelo salvo em: trained_models/resnet34_final.pth
2025-11-28 22:20:47,199 - INFO - Pipeline de treinamento concluído. Modelo salvo em: trained_models/resnet34_final.pth
2025-11-28 22:20:47,199 - INFO - Iniciando pipeline de inferência para avaliação final no conjunto de validação...
2025-11-28 22:20:47,472 - INFO - Iniciando inferência com o modelo ResNet...
2025-11-28 22:21:05,191 - INFO - ==================================================
2025-11-28 22:21:05,191 - INFO - EXPERIMENT RESULTS
2025-11-28 22:21:05,191 - INFO - ==================================================
2025-11-28 22:21:05,191 - INFO - Elapsed Time Seconds     : 17.6949
2025-11-28 22:21:05,191 - INFO - Cpu Usage Percent        : 3.5656
2025-11-28 22:21:05,191 - INFO - Ram Peak Usage Bytes     : 3955499008.0000
2025-11-28 22:21:05,191 - INFO - Disk Read Bytes          : 0.0000
2025-11-28 22:21:05,191 - INFO - Disk Write Bytes         : 745472.0000
2025-11-28 22:21:05,191 - INFO - Vram Peak Usage Bytes    : 2650237664.0000
2025-11-28 22:21:05,191 - INFO - Gpu Power Watts Avg      : 304.1474
2025-11-28 22:21:05,191 - INFO - Gpu Power Watts Peak     : 317.3820
2025-11-28 22:21:05,191 - INFO - Gpu Temp Celsius Avg     : 61.0286
2025-11-28 22:21:05,191 - INFO - Gpu Temp Celsius Peak    : 63.0000
2025-11-28 22:21:05,191 - INFO - Gpu Utilization Percent Avg: 97.2114
2025-11-28 22:21:05,191 - INFO - Gpu Utilization Percent Peak: 100.0000
2025-11-28 22:21:05,191 - INFO - Gpu Mem Used Bytes Avg   : 16090595328.0000
2025-11-28 22:21:05,191 - INFO - Gpu Mem Used Bytes Peak  : 16090595328.0000
2025-11-28 22:21:05,191 - INFO - Gpu Vram Used Bytes      : 16090595328.0000
2025-11-28 22:21:05,191 - INFO - Accuracy                 : 0.6267
2025-11-28 22:21:05,191 - INFO - Precision                : 0.6286
2025-11-28 22:21:05,191 - INFO - Recall                   : 0.6267
2025-11-28 22:21:05,191 - INFO - F1 Score                 : 0.6241
2025-11-28 22:21:05,191 - INFO - ==================================================
2025-11-28 22:21:05,192 - INFO - Projeto executado com sucesso!
