2025-11-24 21:46:36,792 - INFO - ==================================================
2025-11-24 21:46:36,792 - INFO - EXPERIMENT CONFIGURATION
2025-11-24 21:46:36,792 - INFO - ==================================================
2025-11-24 21:46:36,792 - INFO - Model Name          : resnet34
2025-11-24 21:46:36,792 - INFO - Config File         : configs/resnet34_config.yaml
2025-11-24 21:46:36,792 - INFO - Train Data          : /scratch/ehdmenezes//tiny-imagenet-200/train
2025-11-24 21:46:36,792 - INFO - Validation Data     : /scratch/ehdmenezes//tiny-imagenet-200/val
2025-11-24 21:46:36,792 - INFO - model_params        : {'num_classes': 200}
2025-11-24 21:46:36,792 - INFO - train_params        : {'epochs': 100, 'batch_size': 64, 'learning_rate': 0.1}
2025-11-24 21:46:36,792 - INFO - inference_params    : {'batch_size': 64}
2025-11-24 21:46:36,792 - INFO - scheduler_params    : {'type': 'StepLR', 'step_size': 30, 'gamma': 0.1}
2025-11-24 21:46:36,792 - INFO - ==================================================
2025-11-24 21:46:36,822 - INFO - Semente aleatória para esta execução foi fixada em: 52
2025-11-24 21:46:36,822 - INFO - Configuração de treinamento: {'model_params': {'num_classes': 200}, 'train_params': {'epochs': 100, 'batch_size': 64, 'learning_rate': 0.1}, 'inference_params': {'batch_size': 64}, 'scheduler_params': {'type': 'StepLR', 'step_size': 30, 'gamma': 0.1}}
2025-11-24 21:46:37,191 - INFO - Usando otimizador SGD com momento e weight decay.
2025-11-24 21:46:37,191 - INFO - Usando StepLR scheduler com step_size=30 e gamma=0.1.
2025-11-24 21:46:37,191 - INFO - AMP (Automatic Mixed Precision) ativado.
2025-11-24 21:46:37,191 - INFO - Iniciando treinamento do modelo resnet34 no dispositivo cuda.
2025-11-24 21:56:36,917 - INFO - Época 1 concluída. Loss média: 5.0588
2025-11-24 21:56:36,919 - INFO - Taxa de aprendizado ajustada para: 0.100000
2025-11-24 21:56:36,921 - INFO - Iniciando inferência com o modelo ResNet...
2025-11-24 21:56:54,286 - INFO - ==================================================
2025-11-24 21:56:54,288 - INFO - EXPERIMENT RESULTS
2025-11-24 21:56:54,288 - INFO - ==================================================
2025-11-24 21:56:54,288 - INFO - Elapsed Time Seconds     : 17.3425
2025-11-24 21:56:54,288 - INFO - Cpu Usage Percent        : 3.4875
2025-11-24 21:56:54,288 - INFO - Ram Peak Usage Bytes     : 3937824768.0000
2025-11-24 21:56:54,288 - INFO - Disk Read Bytes          : 524288.0000
2025-11-24 21:56:54,288 - INFO - Disk Write Bytes         : 14147584.0000
2025-11-24 21:56:54,288 - INFO - Vram Peak Usage Bytes    : 2840555052.0000
2025-11-24 21:56:54,288 - INFO - Gpu Power Watts Avg      : 353.8961
2025-11-24 21:56:54,288 - INFO - Gpu Power Watts Peak     : 363.8090
2025-11-24 21:56:54,288 - INFO - Gpu Temp Celsius Avg     : 65.6453
2025-11-24 21:56:54,288 - INFO - Gpu Temp Celsius Peak    : 67.0000
2025-11-24 21:56:54,288 - INFO - Gpu Utilization Percent Avg: 97.7267
2025-11-24 21:56:54,288 - INFO - Gpu Utilization Percent Peak: 100.0000
2025-11-24 21:56:54,288 - INFO - Gpu Mem Used Bytes Avg   : 15618748320.7442
2025-11-24 21:56:54,288 - INFO - Gpu Mem Used Bytes Peak  : 15620833280.0000
2025-11-24 21:56:54,288 - INFO - Gpu Vram Used Bytes      : 15620833280.0000
2025-11-24 21:56:54,288 - INFO - Accuracy                 : 0.0503
2025-11-24 21:56:54,288 - INFO - Precision                : 0.0440
2025-11-24 21:56:54,288 - INFO - Recall                   : 0.0503
2025-11-24 21:56:54,288 - INFO - F1 Score                 : 0.0287
2025-11-24 21:56:54,288 - INFO - ==================================================
2025-11-24 22:06:53,344 - INFO - Época 2 concluída. Loss média: 4.8021
2025-11-24 22:06:53,345 - INFO - Taxa de aprendizado ajustada para: 0.100000
2025-11-24 22:06:53,348 - INFO - Iniciando inferência com o modelo ResNet...
2025-11-24 22:07:10,621 - INFO - ==================================================
2025-11-24 22:07:10,621 - INFO - EXPERIMENT RESULTS
2025-11-24 22:07:10,621 - INFO - ==================================================
2025-11-24 22:07:10,622 - INFO - Elapsed Time Seconds     : 17.2513
2025-11-24 22:07:10,622 - INFO - Cpu Usage Percent        : 3.5063
2025-11-24 22:07:10,622 - INFO - Ram Peak Usage Bytes     : 3940708352.0000
2025-11-24 22:07:10,622 - INFO - Disk Read Bytes          : 0.0000
2025-11-24 22:07:10,622 - INFO - Disk Write Bytes         : 925696.0000
2025-11-24 22:07:10,622 - INFO - Vram Peak Usage Bytes    : 2840555052.0000
2025-11-24 22:07:10,622 - INFO - Gpu Power Watts Avg      : 355.3667
2025-11-24 22:07:10,622 - INFO - Gpu Power Watts Peak     : 364.7880
2025-11-24 22:07:10,622 - INFO - Gpu Temp Celsius Avg     : 65.4854
2025-11-24 22:07:10,622 - INFO - Gpu Temp Celsius Peak    : 67.0000
2025-11-24 22:07:10,622 - INFO - Gpu Utilization Percent Avg: 97.8129
2025-11-24 22:07:10,622 - INFO - Gpu Utilization Percent Peak: 100.0000
2025-11-24 22:07:10,622 - INFO - Gpu Mem Used Bytes Avg   : 15620833280.0000
2025-11-24 22:07:10,622 - INFO - Gpu Mem Used Bytes Peak  : 15620833280.0000
2025-11-24 22:07:10,622 - INFO - Gpu Vram Used Bytes      : 15620833280.0000
2025-11-24 22:07:10,622 - INFO - Accuracy                 : 0.0878
2025-11-24 22:07:10,622 - INFO - Precision                : 0.0732
2025-11-24 22:07:10,622 - INFO - Recall                   : 0.0878
2025-11-24 22:07:10,622 - INFO - F1 Score                 : 0.0611
2025-11-24 22:07:10,622 - INFO - ==================================================
2025-11-24 22:17:09,860 - INFO - Época 3 concluída. Loss média: 4.5725
2025-11-24 22:17:09,861 - INFO - Taxa de aprendizado ajustada para: 0.100000
2025-11-24 22:17:09,864 - INFO - Iniciando inferência com o modelo ResNet...
2025-11-24 22:17:27,143 - INFO - ==================================================
2025-11-24 22:17:27,143 - INFO - EXPERIMENT RESULTS
2025-11-24 22:17:27,143 - INFO - ==================================================
2025-11-24 22:17:27,143 - INFO - Elapsed Time Seconds     : 17.2572
2025-11-24 22:17:27,143 - INFO - Cpu Usage Percent        : 3.5063
2025-11-24 22:17:27,143 - INFO - Ram Peak Usage Bytes     : 3941187584.0000
2025-11-24 22:17:27,143 - INFO - Disk Read Bytes          : 0.0000
2025-11-24 22:17:27,143 - INFO - Disk Write Bytes         : 856064.0000
2025-11-24 22:17:27,143 - INFO - Vram Peak Usage Bytes    : 2840555052.0000
2025-11-24 22:17:27,143 - INFO - Gpu Power Watts Avg      : 356.2774
2025-11-24 22:17:27,143 - INFO - Gpu Power Watts Peak     : 365.6460
2025-11-24 22:17:27,143 - INFO - Gpu Temp Celsius Avg     : 66.1930
2025-11-24 22:17:27,143 - INFO - Gpu Temp Celsius Peak    : 68.0000
2025-11-24 22:17:27,143 - INFO - Gpu Utilization Percent Avg: 97.8480
2025-11-24 22:17:27,143 - INFO - Gpu Utilization Percent Peak: 100.0000
2025-11-24 22:17:27,144 - INFO - Gpu Mem Used Bytes Avg   : 15620833280.0000
2025-11-24 22:17:27,144 - INFO - Gpu Mem Used Bytes Peak  : 15620833280.0000
2025-11-24 22:17:27,144 - INFO - Gpu Vram Used Bytes      : 15620833280.0000
2025-11-24 22:17:27,144 - INFO - Accuracy                 : 0.0965
2025-11-24 22:17:27,144 - INFO - Precision                : 0.1133
2025-11-24 22:17:27,144 - INFO - Recall                   : 0.0965
2025-11-24 22:17:27,144 - INFO - F1 Score                 : 0.0690
2025-11-24 22:17:27,144 - INFO - ==================================================
2025-11-24 22:27:26,637 - INFO - Época 4 concluída. Loss média: 4.3977
2025-11-24 22:27:26,639 - INFO - Taxa de aprendizado ajustada para: 0.100000
2025-11-24 22:27:26,641 - INFO - Iniciando inferência com o modelo ResNet...
2025-11-24 22:27:43,807 - INFO - ==================================================
2025-11-24 22:27:43,807 - INFO - EXPERIMENT RESULTS
2025-11-24 22:27:43,807 - INFO - ==================================================
2025-11-24 22:27:43,807 - INFO - Elapsed Time Seconds     : 17.1431
2025-11-24 22:27:43,807 - INFO - Cpu Usage Percent        : 3.3375
2025-11-24 22:27:43,807 - INFO - Ram Peak Usage Bytes     : 3941879808.0000
2025-11-24 22:27:43,807 - INFO - Disk Read Bytes          : 0.0000
2025-11-24 22:27:43,807 - INFO - Disk Write Bytes         : 872448.0000
2025-11-24 22:27:43,807 - INFO - Vram Peak Usage Bytes    : 2840555052.0000
2025-11-24 22:27:43,807 - INFO - Gpu Power Watts Avg      : 354.5265
2025-11-24 22:27:43,807 - INFO - Gpu Power Watts Peak     : 362.9530
2025-11-24 22:27:43,807 - INFO - Gpu Temp Celsius Avg     : 65.4059
2025-11-24 22:27:43,807 - INFO - Gpu Temp Celsius Peak    : 67.0000
2025-11-24 22:27:43,807 - INFO - Gpu Utilization Percent Avg: 98.1294
2025-11-24 22:27:43,807 - INFO - Gpu Utilization Percent Peak: 100.0000
2025-11-24 22:27:43,807 - INFO - Gpu Mem Used Bytes Avg   : 15620833280.0000
2025-11-24 22:27:43,807 - INFO - Gpu Mem Used Bytes Peak  : 15620833280.0000
2025-11-24 22:27:43,807 - INFO - Gpu Vram Used Bytes      : 15620833280.0000
2025-11-24 22:27:43,808 - INFO - Accuracy                 : 0.1363
2025-11-24 22:27:43,808 - INFO - Precision                : 0.1681
2025-11-24 22:27:43,808 - INFO - Recall                   : 0.1363
2025-11-24 22:27:43,808 - INFO - F1 Score                 : 0.1094
2025-11-24 22:27:43,808 - INFO - ==================================================
2025-11-24 22:37:42,562 - INFO - Época 5 concluída. Loss média: 4.2871
2025-11-24 22:37:42,563 - INFO - Taxa de aprendizado ajustada para: 0.100000
2025-11-24 22:37:42,565 - INFO - Iniciando inferência com o modelo ResNet...
2025-11-24 22:37:59,827 - INFO - ==================================================
2025-11-24 22:37:59,827 - INFO - EXPERIMENT RESULTS
2025-11-24 22:37:59,827 - INFO - ==================================================
2025-11-24 22:37:59,827 - INFO - Elapsed Time Seconds     : 17.2395
2025-11-24 22:37:59,827 - INFO - Cpu Usage Percent        : 3.3281
2025-11-24 22:37:59,827 - INFO - Ram Peak Usage Bytes     : 3943268352.0000
2025-11-24 22:37:59,827 - INFO - Disk Read Bytes          : 0.0000
2025-11-24 22:37:59,827 - INFO - Disk Write Bytes         : 1110016.0000
2025-11-24 22:37:59,827 - INFO - Vram Peak Usage Bytes    : 2840555052.0000
2025-11-24 22:37:59,827 - INFO - Gpu Power Watts Avg      : 347.8394
2025-11-24 22:37:59,827 - INFO - Gpu Power Watts Peak     : 357.7950
2025-11-24 22:37:59,827 - INFO - Gpu Temp Celsius Avg     : 65.3392
2025-11-24 22:37:59,827 - INFO - Gpu Temp Celsius Peak    : 67.0000
2025-11-24 22:37:59,827 - INFO - Gpu Utilization Percent Avg: 97.8480
2025-11-24 22:37:59,827 - INFO - Gpu Utilization Percent Peak: 100.0000
2025-11-24 22:37:59,827 - INFO - Gpu Mem Used Bytes Avg   : 15755051008.0000
2025-11-24 22:37:59,827 - INFO - Gpu Mem Used Bytes Peak  : 15755051008.0000
2025-11-24 22:37:59,827 - INFO - Gpu Vram Used Bytes      : 15755051008.0000
2025-11-24 22:37:59,827 - INFO - Accuracy                 : 0.1522
2025-11-24 22:37:59,827 - INFO - Precision                : 0.2131
2025-11-24 22:37:59,827 - INFO - Recall                   : 0.1522
2025-11-24 22:37:59,827 - INFO - F1 Score                 : 0.1247
2025-11-24 22:37:59,827 - INFO - ==================================================
2025-11-24 22:47:58,731 - INFO - Época 6 concluída. Loss média: 4.1909
2025-11-24 22:47:58,733 - INFO - Taxa de aprendizado ajustada para: 0.100000
2025-11-24 22:47:58,736 - INFO - Iniciando inferência com o modelo ResNet...
2025-11-24 22:48:16,102 - INFO - ==================================================
2025-11-24 22:48:16,102 - INFO - EXPERIMENT RESULTS
2025-11-24 22:48:16,102 - INFO - ==================================================
2025-11-24 22:48:16,102 - INFO - Elapsed Time Seconds     : 17.3435
2025-11-24 22:48:16,102 - INFO - Cpu Usage Percent        : 3.4844
2025-11-24 22:48:16,102 - INFO - Ram Peak Usage Bytes     : 3943546880.0000
2025-11-24 22:48:16,102 - INFO - Disk Read Bytes          : 0.0000
2025-11-24 22:48:16,102 - INFO - Disk Write Bytes         : 1019904.0000
2025-11-24 22:48:16,102 - INFO - Vram Peak Usage Bytes    : 2840555052.0000
2025-11-24 22:48:16,102 - INFO - Gpu Power Watts Avg      : 347.6545
2025-11-24 22:48:16,102 - INFO - Gpu Power Watts Peak     : 359.3370
2025-11-24 22:48:16,102 - INFO - Gpu Temp Celsius Avg     : 65.5988
2025-11-24 22:48:16,102 - INFO - Gpu Temp Celsius Peak    : 67.0000
2025-11-24 22:48:16,102 - INFO - Gpu Utilization Percent Avg: 97.8256
2025-11-24 22:48:16,102 - INFO - Gpu Utilization Percent Peak: 100.0000
2025-11-24 22:48:16,102 - INFO - Gpu Mem Used Bytes Avg   : 15755051008.0000
2025-11-24 22:48:16,102 - INFO - Gpu Mem Used Bytes Peak  : 15755051008.0000
2025-11-24 22:48:16,102 - INFO - Gpu Vram Used Bytes      : 15755051008.0000
2025-11-24 22:48:16,102 - INFO - Accuracy                 : 0.1774
2025-11-24 22:48:16,102 - INFO - Precision                : 0.2472
2025-11-24 22:48:16,102 - INFO - Recall                   : 0.1774
2025-11-24 22:48:16,102 - INFO - F1 Score                 : 0.1483
2025-11-24 22:48:16,102 - INFO - ==================================================
2025-11-24 22:58:15,104 - INFO - Época 7 concluída. Loss média: 4.1199
2025-11-24 22:58:15,107 - INFO - Taxa de aprendizado ajustada para: 0.100000
2025-11-24 22:58:15,109 - INFO - Iniciando inferência com o modelo ResNet...
2025-11-24 22:58:32,288 - INFO - ==================================================
2025-11-24 22:58:32,288 - INFO - EXPERIMENT RESULTS
2025-11-24 22:58:32,288 - INFO - ==================================================
2025-11-24 22:58:32,288 - INFO - Elapsed Time Seconds     : 17.1561
2025-11-24 22:58:32,288 - INFO - Cpu Usage Percent        : 3.3375
2025-11-24 22:58:32,288 - INFO - Ram Peak Usage Bytes     : 3944165376.0000
2025-11-24 22:58:32,288 - INFO - Disk Read Bytes          : 0.0000
2025-11-24 22:58:32,288 - INFO - Disk Write Bytes         : 1126400.0000
2025-11-24 22:58:32,288 - INFO - Vram Peak Usage Bytes    : 2840555052.0000
2025-11-24 22:58:32,288 - INFO - Gpu Power Watts Avg      : 347.9642
2025-11-24 22:58:32,288 - INFO - Gpu Power Watts Peak     : 358.9480
2025-11-24 22:58:32,288 - INFO - Gpu Temp Celsius Avg     : 65.1353
2025-11-24 22:58:32,288 - INFO - Gpu Temp Celsius Peak    : 67.0000
2025-11-24 22:58:32,288 - INFO - Gpu Utilization Percent Avg: 98.1412
2025-11-24 22:58:32,288 - INFO - Gpu Utilization Percent Peak: 100.0000
2025-11-24 22:58:32,288 - INFO - Gpu Mem Used Bytes Avg   : 15755051008.0000
2025-11-24 22:58:32,288 - INFO - Gpu Mem Used Bytes Peak  : 15755051008.0000
2025-11-24 22:58:32,288 - INFO - Gpu Vram Used Bytes      : 15755051008.0000
2025-11-24 22:58:32,288 - INFO - Accuracy                 : 0.1590
2025-11-24 22:58:32,288 - INFO - Precision                : 0.2504
2025-11-24 22:58:32,288 - INFO - Recall                   : 0.1590
2025-11-24 22:58:32,288 - INFO - F1 Score                 : 0.1411
2025-11-24 22:58:32,288 - INFO - ==================================================
2025-11-24 23:08:31,300 - INFO - Época 8 concluída. Loss média: 4.0669
2025-11-24 23:08:31,301 - INFO - Taxa de aprendizado ajustada para: 0.100000
2025-11-24 23:08:31,303 - INFO - Iniciando inferência com o modelo ResNet...
2025-11-24 23:08:48,779 - INFO - ==================================================
2025-11-24 23:08:48,779 - INFO - EXPERIMENT RESULTS
2025-11-24 23:08:48,779 - INFO - ==================================================
2025-11-24 23:08:48,779 - INFO - Elapsed Time Seconds     : 17.4530
2025-11-24 23:08:48,779 - INFO - Cpu Usage Percent        : 3.4594
2025-11-24 23:08:48,779 - INFO - Ram Peak Usage Bytes     : 3944976384.0000
2025-11-24 23:08:48,779 - INFO - Disk Read Bytes          : 0.0000
2025-11-24 23:08:48,779 - INFO - Disk Write Bytes         : 679936.0000
2025-11-24 23:08:48,779 - INFO - Vram Peak Usage Bytes    : 2840555052.0000
2025-11-24 23:08:48,779 - INFO - Gpu Power Watts Avg      : 350.3293
2025-11-24 23:08:48,779 - INFO - Gpu Power Watts Peak     : 359.2810
2025-11-24 23:08:48,779 - INFO - Gpu Temp Celsius Avg     : 65.4682
2025-11-24 23:08:48,779 - INFO - Gpu Temp Celsius Peak    : 67.0000
2025-11-24 23:08:48,779 - INFO - Gpu Utilization Percent Avg: 97.6012
2025-11-24 23:08:48,779 - INFO - Gpu Utilization Percent Peak: 100.0000
2025-11-24 23:08:48,779 - INFO - Gpu Mem Used Bytes Avg   : 15755051008.0000
2025-11-24 23:08:48,779 - INFO - Gpu Mem Used Bytes Peak  : 15755051008.0000
2025-11-24 23:08:48,779 - INFO - Gpu Vram Used Bytes      : 15755051008.0000
2025-11-24 23:08:48,779 - INFO - Accuracy                 : 0.1887
2025-11-24 23:08:48,779 - INFO - Precision                : 0.2618
2025-11-24 23:08:48,779 - INFO - Recall                   : 0.1887
2025-11-24 23:08:48,779 - INFO - F1 Score                 : 0.1649
2025-11-24 23:08:48,779 - INFO - ==================================================
2025-11-24 23:18:47,400 - INFO - Época 9 concluída. Loss média: 4.0243
2025-11-24 23:18:47,400 - INFO - Taxa de aprendizado ajustada para: 0.100000
2025-11-24 23:18:47,403 - INFO - Iniciando inferência com o modelo ResNet...
2025-11-24 23:19:04,588 - INFO - ==================================================
2025-11-24 23:19:04,588 - INFO - EXPERIMENT RESULTS
2025-11-24 23:19:04,588 - INFO - ==================================================
2025-11-24 23:19:04,588 - INFO - Elapsed Time Seconds     : 17.1623
2025-11-24 23:19:04,588 - INFO - Cpu Usage Percent        : 3.3375
2025-11-24 23:19:04,588 - INFO - Ram Peak Usage Bytes     : 3945447424.0000
2025-11-24 23:19:04,588 - INFO - Disk Read Bytes          : 0.0000
2025-11-24 23:19:04,588 - INFO - Disk Write Bytes         : 856064.0000
2025-11-24 23:19:04,588 - INFO - Vram Peak Usage Bytes    : 2840555052.0000
2025-11-24 23:19:04,588 - INFO - Gpu Power Watts Avg      : 347.8219
2025-11-24 23:19:04,588 - INFO - Gpu Power Watts Peak     : 358.1320
2025-11-24 23:19:04,588 - INFO - Gpu Temp Celsius Avg     : 65.2588
2025-11-24 23:19:04,588 - INFO - Gpu Temp Celsius Peak    : 67.0000
2025-11-24 23:19:04,588 - INFO - Gpu Utilization Percent Avg: 98.1412
2025-11-24 23:19:04,588 - INFO - Gpu Utilization Percent Peak: 100.0000
2025-11-24 23:19:04,588 - INFO - Gpu Mem Used Bytes Avg   : 15822159872.0000
2025-11-24 23:19:04,588 - INFO - Gpu Mem Used Bytes Peak  : 15822159872.0000
2025-11-24 23:19:04,588 - INFO - Gpu Vram Used Bytes      : 15822159872.0000
2025-11-24 23:19:04,588 - INFO - Accuracy                 : 0.1759
2025-11-24 23:19:04,588 - INFO - Precision                : 0.2649
2025-11-24 23:19:04,588 - INFO - Recall                   : 0.1759
2025-11-24 23:19:04,588 - INFO - F1 Score                 : 0.1552
2025-11-24 23:19:04,588 - INFO - ==================================================
2025-11-24 23:29:03,444 - INFO - Época 10 concluída. Loss média: 3.9922
2025-11-24 23:29:03,444 - INFO - Taxa de aprendizado ajustada para: 0.100000
2025-11-24 23:29:03,446 - INFO - Iniciando inferência com o modelo ResNet...
2025-11-24 23:29:20,707 - INFO - ==================================================
2025-11-24 23:29:20,707 - INFO - EXPERIMENT RESULTS
2025-11-24 23:29:20,707 - INFO - ==================================================
2025-11-24 23:29:20,707 - INFO - Elapsed Time Seconds     : 17.2378
2025-11-24 23:29:20,707 - INFO - Cpu Usage Percent        : 3.3250
2025-11-24 23:29:20,707 - INFO - Ram Peak Usage Bytes     : 3945943040.0000
2025-11-24 23:29:20,707 - INFO - Disk Read Bytes          : 0.0000
2025-11-24 23:29:20,707 - INFO - Disk Write Bytes         : 909312.0000
2025-11-24 23:29:20,707 - INFO - Vram Peak Usage Bytes    : 2840555052.0000
2025-11-24 23:29:20,707 - INFO - Gpu Power Watts Avg      : 349.7821
2025-11-24 23:29:20,707 - INFO - Gpu Power Watts Peak     : 358.2810
2025-11-24 23:29:20,707 - INFO - Gpu Temp Celsius Avg     : 65.5965
2025-11-24 23:29:20,707 - INFO - Gpu Temp Celsius Peak    : 67.0000
2025-11-24 23:29:20,707 - INFO - Gpu Utilization Percent Avg: 98.1520
2025-11-24 23:29:20,707 - INFO - Gpu Utilization Percent Peak: 100.0000
2025-11-24 23:29:20,707 - INFO - Gpu Mem Used Bytes Avg   : 15822159872.0000
2025-11-24 23:29:20,707 - INFO - Gpu Mem Used Bytes Peak  : 15822159872.0000
2025-11-24 23:29:20,707 - INFO - Gpu Vram Used Bytes      : 15822159872.0000
2025-11-24 23:29:20,707 - INFO - Accuracy                 : 0.2125
2025-11-24 23:29:20,707 - INFO - Precision                : 0.3008
2025-11-24 23:29:20,707 - INFO - Recall                   : 0.2125
2025-11-24 23:29:20,707 - INFO - F1 Score                 : 0.1896
2025-11-24 23:29:20,707 - INFO - ==================================================
2025-11-24 23:39:19,020 - INFO - Época 11 concluída. Loss média: 3.9608
2025-11-24 23:39:19,020 - INFO - Taxa de aprendizado ajustada para: 0.100000
2025-11-24 23:39:19,021 - INFO - Iniciando inferência com o modelo ResNet...
2025-11-24 23:39:36,177 - INFO - ==================================================
2025-11-24 23:39:36,178 - INFO - EXPERIMENT RESULTS
2025-11-24 23:39:36,178 - INFO - ==================================================
2025-11-24 23:39:36,178 - INFO - Elapsed Time Seconds     : 17.1334
2025-11-24 23:39:36,178 - INFO - Cpu Usage Percent        : 3.3344
2025-11-24 23:39:36,178 - INFO - Ram Peak Usage Bytes     : 3947196416.0000
2025-11-24 23:39:36,178 - INFO - Disk Read Bytes          : 0.0000
2025-11-24 23:39:36,178 - INFO - Disk Write Bytes         : 675840.0000
2025-11-24 23:39:36,178 - INFO - Vram Peak Usage Bytes    : 2840555052.0000
2025-11-24 23:39:36,178 - INFO - Gpu Power Watts Avg      : 345.7816
2025-11-24 23:39:36,178 - INFO - Gpu Power Watts Peak     : 352.2340
2025-11-24 23:39:36,178 - INFO - Gpu Temp Celsius Avg     : 65.0824
2025-11-24 23:39:36,178 - INFO - Gpu Temp Celsius Peak    : 67.0000
2025-11-24 23:39:36,178 - INFO - Gpu Utilization Percent Avg: 98.5294
2025-11-24 23:39:36,178 - INFO - Gpu Utilization Percent Peak: 100.0000
2025-11-24 23:39:36,178 - INFO - Gpu Mem Used Bytes Avg   : 15822159872.0000
2025-11-24 23:39:36,178 - INFO - Gpu Mem Used Bytes Peak  : 15822159872.0000
2025-11-24 23:39:36,178 - INFO - Gpu Vram Used Bytes      : 15822159872.0000
2025-11-24 23:39:36,178 - INFO - Accuracy                 : 0.2098
2025-11-24 23:39:36,178 - INFO - Precision                : 0.2912
2025-11-24 23:39:36,178 - INFO - Recall                   : 0.2098
2025-11-24 23:39:36,178 - INFO - F1 Score                 : 0.1810
2025-11-24 23:39:36,178 - INFO - ==================================================
2025-11-24 23:49:34,624 - INFO - Época 12 concluída. Loss média: 3.9402
2025-11-24 23:49:34,625 - INFO - Taxa de aprendizado ajustada para: 0.100000
2025-11-24 23:49:34,627 - INFO - Iniciando inferência com o modelo ResNet...
2025-11-24 23:49:51,893 - INFO - ==================================================
2025-11-24 23:49:51,894 - INFO - EXPERIMENT RESULTS
2025-11-24 23:49:51,894 - INFO - ==================================================
2025-11-24 23:49:51,894 - INFO - Elapsed Time Seconds     : 17.2436
2025-11-24 23:49:51,894 - INFO - Cpu Usage Percent        : 3.3750
2025-11-24 23:49:51,894 - INFO - Ram Peak Usage Bytes     : 3948056576.0000
2025-11-24 23:49:51,894 - INFO - Disk Read Bytes          : 0.0000
2025-11-24 23:49:51,894 - INFO - Disk Write Bytes         : 671744.0000
2025-11-24 23:49:51,894 - INFO - Vram Peak Usage Bytes    : 2840555052.0000
2025-11-24 23:49:51,894 - INFO - Gpu Power Watts Avg      : 346.4047
2025-11-24 23:49:51,894 - INFO - Gpu Power Watts Peak     : 355.6240
2025-11-24 23:49:51,894 - INFO - Gpu Temp Celsius Avg     : 64.9532
2025-11-24 23:49:51,894 - INFO - Gpu Temp Celsius Peak    : 67.0000
2025-11-24 23:49:51,894 - INFO - Gpu Utilization Percent Avg: 97.4912
2025-11-24 23:49:51,894 - INFO - Gpu Utilization Percent Peak: 100.0000
2025-11-24 23:49:51,894 - INFO - Gpu Mem Used Bytes Avg   : 15855714304.0000
2025-11-24 23:49:51,894 - INFO - Gpu Mem Used Bytes Peak  : 15855714304.0000
2025-11-24 23:49:51,894 - INFO - Gpu Vram Used Bytes      : 15855714304.0000
2025-11-24 23:49:51,894 - INFO - Accuracy                 : 0.2070
2025-11-24 23:49:51,894 - INFO - Precision                : 0.3194
2025-11-24 23:49:51,894 - INFO - Recall                   : 0.2070
2025-11-24 23:49:51,894 - INFO - F1 Score                 : 0.1803
2025-11-24 23:49:51,894 - INFO - ==================================================
2025-11-24 23:59:50,596 - INFO - Época 13 concluída. Loss média: 3.9241
2025-11-24 23:59:50,597 - INFO - Taxa de aprendizado ajustada para: 0.100000
2025-11-24 23:59:50,599 - INFO - Iniciando inferência com o modelo ResNet...
2025-11-25 00:00:07,946 - INFO - ==================================================
2025-11-25 00:00:07,946 - INFO - EXPERIMENT RESULTS
2025-11-25 00:00:07,946 - INFO - ==================================================
2025-11-25 00:00:07,946 - INFO - Elapsed Time Seconds     : 17.3243
2025-11-25 00:00:07,946 - INFO - Cpu Usage Percent        : 3.3031
2025-11-25 00:00:07,946 - INFO - Ram Peak Usage Bytes     : 3949035520.0000
2025-11-25 00:00:07,946 - INFO - Disk Read Bytes          : 0.0000
2025-11-25 00:00:07,946 - INFO - Disk Write Bytes         : 954368.0000
2025-11-25 00:00:07,946 - INFO - Vram Peak Usage Bytes    : 2840555052.0000
2025-11-25 00:00:07,946 - INFO - Gpu Power Watts Avg      : 345.2182
2025-11-25 00:00:07,946 - INFO - Gpu Power Watts Peak     : 354.8990
2025-11-25 00:00:07,946 - INFO - Gpu Temp Celsius Avg     : 65.4651
2025-11-25 00:00:07,946 - INFO - Gpu Temp Celsius Peak    : 67.0000
2025-11-25 00:00:07,946 - INFO - Gpu Utilization Percent Avg: 97.4419
2025-11-25 00:00:07,946 - INFO - Gpu Utilization Percent Peak: 100.0000
2025-11-25 00:00:07,946 - INFO - Gpu Mem Used Bytes Avg   : 15855714304.0000
2025-11-25 00:00:07,947 - INFO - Gpu Mem Used Bytes Peak  : 15855714304.0000
2025-11-25 00:00:07,947 - INFO - Gpu Vram Used Bytes      : 15855714304.0000
2025-11-25 00:00:07,947 - INFO - Accuracy                 : 0.2101
2025-11-25 00:00:07,947 - INFO - Precision                : 0.3048
2025-11-25 00:00:07,947 - INFO - Recall                   : 0.2101
2025-11-25 00:00:07,947 - INFO - F1 Score                 : 0.1869
2025-11-25 00:00:07,947 - INFO - ==================================================
2025-11-25 00:10:10,491 - INFO - Época 14 concluída. Loss média: 3.9025
2025-11-25 00:10:10,492 - INFO - Taxa de aprendizado ajustada para: 0.100000
2025-11-25 00:10:10,494 - INFO - Iniciando inferência com o modelo ResNet...
2025-11-25 00:10:27,790 - INFO - ==================================================
2025-11-25 00:10:27,790 - INFO - EXPERIMENT RESULTS
2025-11-25 00:10:27,790 - INFO - ==================================================
2025-11-25 00:10:27,791 - INFO - Elapsed Time Seconds     : 17.2736
2025-11-25 00:10:27,791 - INFO - Cpu Usage Percent        : 3.4906
2025-11-25 00:10:27,791 - INFO - Ram Peak Usage Bytes     : 3949072384.0000
2025-11-25 00:10:27,791 - INFO - Disk Read Bytes          : 0.0000
2025-11-25 00:10:27,791 - INFO - Disk Write Bytes         : 1056768.0000
2025-11-25 00:10:27,791 - INFO - Vram Peak Usage Bytes    : 2840555052.0000
2025-11-25 00:10:27,791 - INFO - Gpu Power Watts Avg      : 344.0452
2025-11-25 00:10:27,791 - INFO - Gpu Power Watts Peak     : 353.5510
2025-11-25 00:10:27,791 - INFO - Gpu Temp Celsius Avg     : 64.7251
2025-11-25 00:10:27,791 - INFO - Gpu Temp Celsius Peak    : 66.0000
2025-11-25 00:10:27,791 - INFO - Gpu Utilization Percent Avg: 97.6608
2025-11-25 00:10:27,791 - INFO - Gpu Utilization Percent Peak: 100.0000
2025-11-25 00:10:27,791 - INFO - Gpu Mem Used Bytes Avg   : 16023486464.0000
2025-11-25 00:10:27,791 - INFO - Gpu Mem Used Bytes Peak  : 16023486464.0000
2025-11-25 00:10:27,791 - INFO - Gpu Vram Used Bytes      : 16023486464.0000
2025-11-25 00:10:27,791 - INFO - Accuracy                 : 0.2254
2025-11-25 00:10:27,791 - INFO - Precision                : 0.3188
2025-11-25 00:10:27,791 - INFO - Recall                   : 0.2254
2025-11-25 00:10:27,791 - INFO - F1 Score                 : 0.1954
2025-11-25 00:10:27,791 - INFO - ==================================================
2025-11-25 00:20:27,145 - INFO - Época 15 concluída. Loss média: 3.8894
2025-11-25 00:20:27,145 - INFO - Taxa de aprendizado ajustada para: 0.100000
2025-11-25 00:20:27,148 - INFO - Iniciando inferência com o modelo ResNet...
2025-11-25 00:20:44,625 - INFO - ==================================================
2025-11-25 00:20:44,625 - INFO - EXPERIMENT RESULTS
2025-11-25 00:20:44,625 - INFO - ==================================================
2025-11-25 00:20:44,625 - INFO - Elapsed Time Seconds     : 17.4539
2025-11-25 00:20:44,625 - INFO - Cpu Usage Percent        : 3.4656
2025-11-25 00:20:44,625 - INFO - Ram Peak Usage Bytes     : 3950190592.0000
2025-11-25 00:20:44,625 - INFO - Disk Read Bytes          : 0.0000
2025-11-25 00:20:44,625 - INFO - Disk Write Bytes         : 1216512.0000
2025-11-25 00:20:44,625 - INFO - Vram Peak Usage Bytes    : 2840555052.0000
2025-11-25 00:20:44,625 - INFO - Gpu Power Watts Avg      : 336.7111
2025-11-25 00:20:44,625 - INFO - Gpu Power Watts Peak     : 350.0180
2025-11-25 00:20:44,625 - INFO - Gpu Temp Celsius Avg     : 64.4682
2025-11-25 00:20:44,625 - INFO - Gpu Temp Celsius Peak    : 66.0000
2025-11-25 00:20:44,625 - INFO - Gpu Utilization Percent Avg: 96.9942
2025-11-25 00:20:44,625 - INFO - Gpu Utilization Percent Peak: 100.0000
2025-11-25 00:20:44,625 - INFO - Gpu Mem Used Bytes Avg   : 16023486464.0000
2025-11-25 00:20:44,625 - INFO - Gpu Mem Used Bytes Peak  : 16023486464.0000
2025-11-25 00:20:44,625 - INFO - Gpu Vram Used Bytes      : 16023486464.0000
2025-11-25 00:20:44,625 - INFO - Accuracy                 : 0.2362
2025-11-25 00:20:44,625 - INFO - Precision                : 0.3269
2025-11-25 00:20:44,625 - INFO - Recall                   : 0.2362
2025-11-25 00:20:44,625 - INFO - F1 Score                 : 0.2176
2025-11-25 00:20:44,625 - INFO - ==================================================
2025-11-25 00:30:42,696 - INFO - Época 16 concluída. Loss média: 3.8741
2025-11-25 00:30:42,697 - INFO - Taxa de aprendizado ajustada para: 0.100000
2025-11-25 00:30:42,699 - INFO - Iniciando inferência com o modelo ResNet...
2025-11-25 00:30:59,969 - INFO - ==================================================
2025-11-25 00:30:59,969 - INFO - EXPERIMENT RESULTS
2025-11-25 00:30:59,969 - INFO - ==================================================
2025-11-25 00:30:59,970 - INFO - Elapsed Time Seconds     : 17.2465
2025-11-25 00:30:59,970 - INFO - Cpu Usage Percent        : 3.3125
2025-11-25 00:30:59,970 - INFO - Ram Peak Usage Bytes     : 3950985216.0000
2025-11-25 00:30:59,970 - INFO - Disk Read Bytes          : 0.0000
2025-11-25 00:30:59,970 - INFO - Disk Write Bytes         : 937984.0000
2025-11-25 00:30:59,970 - INFO - Vram Peak Usage Bytes    : 2840555052.0000
2025-11-25 00:30:59,970 - INFO - Gpu Power Watts Avg      : 340.5635
2025-11-25 00:30:59,970 - INFO - Gpu Power Watts Peak     : 351.1000
2025-11-25 00:30:59,970 - INFO - Gpu Temp Celsius Avg     : 65.0468
2025-11-25 00:30:59,970 - INFO - Gpu Temp Celsius Peak    : 67.0000
2025-11-25 00:30:59,970 - INFO - Gpu Utilization Percent Avg: 97.8129
2025-11-25 00:30:59,970 - INFO - Gpu Utilization Percent Peak: 100.0000
2025-11-25 00:30:59,970 - INFO - Gpu Mem Used Bytes Avg   : 16023486464.0000
2025-11-25 00:30:59,970 - INFO - Gpu Mem Used Bytes Peak  : 16023486464.0000
2025-11-25 00:30:59,970 - INFO - Gpu Vram Used Bytes      : 16023486464.0000
2025-11-25 00:30:59,970 - INFO - Accuracy                 : 0.2391
2025-11-25 00:30:59,970 - INFO - Precision                : 0.3277
2025-11-25 00:30:59,970 - INFO - Recall                   : 0.2391
2025-11-25 00:30:59,970 - INFO - F1 Score                 : 0.2151
2025-11-25 00:30:59,970 - INFO - ==================================================
2025-11-25 00:40:58,262 - INFO - Época 17 concluída. Loss média: 3.8667
2025-11-25 00:40:58,262 - INFO - Taxa de aprendizado ajustada para: 0.100000
2025-11-25 00:40:58,263 - INFO - Iniciando inferência com o modelo ResNet...
2025-11-25 00:41:15,416 - INFO - ==================================================
2025-11-25 00:41:15,416 - INFO - EXPERIMENT RESULTS
2025-11-25 00:41:15,416 - INFO - ==================================================
2025-11-25 00:41:15,416 - INFO - Elapsed Time Seconds     : 17.1298
2025-11-25 00:41:15,416 - INFO - Cpu Usage Percent        : 3.4937
2025-11-25 00:41:15,416 - INFO - Ram Peak Usage Bytes     : 3952705536.0000
2025-11-25 00:41:15,416 - INFO - Disk Read Bytes          : 0.0000
2025-11-25 00:41:15,416 - INFO - Disk Write Bytes         : 786432.0000
2025-11-25 00:41:15,416 - INFO - Vram Peak Usage Bytes    : 2840555052.0000
2025-11-25 00:41:15,416 - INFO - Gpu Power Watts Avg      : 340.9160
2025-11-25 00:41:15,416 - INFO - Gpu Power Watts Peak     : 348.6790
2025-11-25 00:41:15,416 - INFO - Gpu Temp Celsius Avg     : 64.8412
2025-11-25 00:41:15,416 - INFO - Gpu Temp Celsius Peak    : 67.0000
2025-11-25 00:41:15,416 - INFO - Gpu Utilization Percent Avg: 98.2059
2025-11-25 00:41:15,416 - INFO - Gpu Utilization Percent Peak: 100.0000
2025-11-25 00:41:15,416 - INFO - Gpu Mem Used Bytes Avg   : 16023486464.0000
2025-11-25 00:41:15,416 - INFO - Gpu Mem Used Bytes Peak  : 16023486464.0000
2025-11-25 00:41:15,416 - INFO - Gpu Vram Used Bytes      : 16023486464.0000
2025-11-25 00:41:15,416 - INFO - Accuracy                 : 0.2108
2025-11-25 00:41:15,416 - INFO - Precision                : 0.3098
2025-11-25 00:41:15,416 - INFO - Recall                   : 0.2108
2025-11-25 00:41:15,416 - INFO - F1 Score                 : 0.1934
2025-11-25 00:41:15,417 - INFO - ==================================================
2025-11-25 00:51:13,952 - INFO - Época 18 concluída. Loss média: 3.8572
2025-11-25 00:51:13,952 - INFO - Taxa de aprendizado ajustada para: 0.100000
2025-11-25 00:51:13,954 - INFO - Iniciando inferência com o modelo ResNet...
2025-11-25 00:51:31,149 - INFO - ==================================================
2025-11-25 00:51:31,149 - INFO - EXPERIMENT RESULTS
2025-11-25 00:51:31,150 - INFO - ==================================================
2025-11-25 00:51:31,150 - INFO - Elapsed Time Seconds     : 17.1720
2025-11-25 00:51:31,150 - INFO - Cpu Usage Percent        : 3.3312
2025-11-25 00:51:31,150 - INFO - Ram Peak Usage Bytes     : 3953201152.0000
2025-11-25 00:51:31,150 - INFO - Disk Read Bytes          : 0.0000
2025-11-25 00:51:31,150 - INFO - Disk Write Bytes         : 839680.0000
2025-11-25 00:51:31,150 - INFO - Vram Peak Usage Bytes    : 2840555052.0000
2025-11-25 00:51:31,150 - INFO - Gpu Power Watts Avg      : 338.4223
2025-11-25 00:51:31,150 - INFO - Gpu Power Watts Peak     : 347.0010
2025-11-25 00:51:31,150 - INFO - Gpu Temp Celsius Avg     : 64.8353
2025-11-25 00:51:31,150 - INFO - Gpu Temp Celsius Peak    : 66.0000
2025-11-25 00:51:31,150 - INFO - Gpu Utilization Percent Avg: 98.0118
2025-11-25 00:51:31,150 - INFO - Gpu Utilization Percent Peak: 100.0000
2025-11-25 00:51:31,150 - INFO - Gpu Mem Used Bytes Avg   : 16023486464.0000
2025-11-25 00:51:31,150 - INFO - Gpu Mem Used Bytes Peak  : 16023486464.0000
2025-11-25 00:51:31,150 - INFO - Gpu Vram Used Bytes      : 16023486464.0000
2025-11-25 00:51:31,150 - INFO - Accuracy                 : 0.2350
2025-11-25 00:51:31,150 - INFO - Precision                : 0.3315
2025-11-25 00:51:31,150 - INFO - Recall                   : 0.2350
2025-11-25 00:51:31,150 - INFO - F1 Score                 : 0.2151
2025-11-25 00:51:31,150 - INFO - ==================================================
2025-11-25 01:01:29,913 - INFO - Época 19 concluída. Loss média: 3.8521
2025-11-25 01:01:29,914 - INFO - Taxa de aprendizado ajustada para: 0.100000
2025-11-25 01:01:29,916 - INFO - Iniciando inferência com o modelo ResNet...
2025-11-25 01:01:47,068 - INFO - ==================================================
2025-11-25 01:01:47,068 - INFO - EXPERIMENT RESULTS
2025-11-25 01:01:47,068 - INFO - ==================================================
2025-11-25 01:01:47,068 - INFO - Elapsed Time Seconds     : 17.1289
2025-11-25 01:01:47,068 - INFO - Cpu Usage Percent        : 3.3344
2025-11-25 01:01:47,068 - INFO - Ram Peak Usage Bytes     : 3953885184.0000
2025-11-25 01:01:47,068 - INFO - Disk Read Bytes          : 0.0000
2025-11-25 01:01:47,068 - INFO - Disk Write Bytes         : 933888.0000
2025-11-25 01:01:47,068 - INFO - Vram Peak Usage Bytes    : 2840555052.0000
2025-11-25 01:01:47,068 - INFO - Gpu Power Watts Avg      : 338.0055
2025-11-25 01:01:47,068 - INFO - Gpu Power Watts Peak     : 345.2160
2025-11-25 01:01:47,068 - INFO - Gpu Temp Celsius Avg     : 64.8412
2025-11-25 01:01:47,068 - INFO - Gpu Temp Celsius Peak    : 67.0000
2025-11-25 01:01:47,068 - INFO - Gpu Utilization Percent Avg: 98.4824
2025-11-25 01:01:47,068 - INFO - Gpu Utilization Percent Peak: 100.0000
2025-11-25 01:01:47,068 - INFO - Gpu Mem Used Bytes Avg   : 16023486464.0000
2025-11-25 01:01:47,068 - INFO - Gpu Mem Used Bytes Peak  : 16023486464.0000
2025-11-25 01:01:47,068 - INFO - Gpu Vram Used Bytes      : 16023486464.0000
2025-11-25 01:01:47,068 - INFO - Accuracy                 : 0.2134
2025-11-25 01:01:47,068 - INFO - Precision                : 0.3512
2025-11-25 01:01:47,068 - INFO - Recall                   : 0.2134
2025-11-25 01:01:47,068 - INFO - F1 Score                 : 0.2014
2025-11-25 01:01:47,068 - INFO - ==================================================
2025-11-25 01:11:45,991 - INFO - Época 20 concluída. Loss média: 3.8449
2025-11-25 01:11:45,992 - INFO - Taxa de aprendizado ajustada para: 0.100000
2025-11-25 01:11:45,994 - INFO - Iniciando inferência com o modelo ResNet...
2025-11-25 01:12:03,168 - INFO - ==================================================
2025-11-25 01:12:03,169 - INFO - EXPERIMENT RESULTS
2025-11-25 01:12:03,169 - INFO - ==================================================
2025-11-25 01:12:03,169 - INFO - Elapsed Time Seconds     : 17.1509
2025-11-25 01:12:03,169 - INFO - Cpu Usage Percent        : 3.3281
2025-11-25 01:12:03,169 - INFO - Ram Peak Usage Bytes     : 3954044928.0000
2025-11-25 01:12:03,169 - INFO - Disk Read Bytes          : 0.0000
2025-11-25 01:12:03,169 - INFO - Disk Write Bytes         : 1069056.0000
2025-11-25 01:12:03,169 - INFO - Vram Peak Usage Bytes    : 2840555052.0000
2025-11-25 01:12:03,169 - INFO - Gpu Power Watts Avg      : 335.9966
2025-11-25 01:12:03,169 - INFO - Gpu Power Watts Peak     : 343.7870
2025-11-25 01:12:03,169 - INFO - Gpu Temp Celsius Avg     : 64.3882
2025-11-25 01:12:03,169 - INFO - Gpu Temp Celsius Peak    : 66.0000
2025-11-25 01:12:03,169 - INFO - Gpu Utilization Percent Avg: 98.2471
2025-11-25 01:12:03,169 - INFO - Gpu Utilization Percent Peak: 100.0000
2025-11-25 01:12:03,169 - INFO - Gpu Mem Used Bytes Avg   : 16023486464.0000
2025-11-25 01:12:03,169 - INFO - Gpu Mem Used Bytes Peak  : 16023486464.0000
2025-11-25 01:12:03,169 - INFO - Gpu Vram Used Bytes      : 16023486464.0000
2025-11-25 01:12:03,169 - INFO - Accuracy                 : 0.2367
2025-11-25 01:12:03,169 - INFO - Precision                : 0.3549
2025-11-25 01:12:03,169 - INFO - Recall                   : 0.2367
2025-11-25 01:12:03,169 - INFO - F1 Score                 : 0.2179
2025-11-25 01:12:03,169 - INFO - ==================================================
2025-11-25 01:22:00,875 - INFO - Época 21 concluída. Loss média: 3.8436
2025-11-25 01:22:00,875 - INFO - Taxa de aprendizado ajustada para: 0.100000
2025-11-25 01:22:00,878 - INFO - Iniciando inferência com o modelo ResNet...
2025-11-25 01:22:18,049 - INFO - ==================================================
2025-11-25 01:22:18,049 - INFO - EXPERIMENT RESULTS
2025-11-25 01:22:18,049 - INFO - ==================================================
2025-11-25 01:22:18,049 - INFO - Elapsed Time Seconds     : 17.1479
2025-11-25 01:22:18,049 - INFO - Cpu Usage Percent        : 3.3312
2025-11-25 01:22:18,049 - INFO - Ram Peak Usage Bytes     : 3955154944.0000
2025-11-25 01:22:18,049 - INFO - Disk Read Bytes          : 0.0000
2025-11-25 01:22:18,049 - INFO - Disk Write Bytes         : 1060864.0000
2025-11-25 01:22:18,049 - INFO - Vram Peak Usage Bytes    : 2840555052.0000
2025-11-25 01:22:18,049 - INFO - Gpu Power Watts Avg      : 333.9040
2025-11-25 01:22:18,049 - INFO - Gpu Power Watts Peak     : 341.9390
2025-11-25 01:22:18,049 - INFO - Gpu Temp Celsius Avg     : 64.5941
2025-11-25 01:22:18,049 - INFO - Gpu Temp Celsius Peak    : 66.0000
2025-11-25 01:22:18,049 - INFO - Gpu Utilization Percent Avg: 98.3706
2025-11-25 01:22:18,049 - INFO - Gpu Utilization Percent Peak: 100.0000
2025-11-25 01:22:18,049 - INFO - Gpu Mem Used Bytes Avg   : 16023486464.0000
2025-11-25 01:22:18,049 - INFO - Gpu Mem Used Bytes Peak  : 16023486464.0000
2025-11-25 01:22:18,049 - INFO - Gpu Vram Used Bytes      : 16023486464.0000
2025-11-25 01:22:18,049 - INFO - Accuracy                 : 0.2347
2025-11-25 01:22:18,049 - INFO - Precision                : 0.3138
2025-11-25 01:22:18,049 - INFO - Recall                   : 0.2347
2025-11-25 01:22:18,049 - INFO - F1 Score                 : 0.2074
2025-11-25 01:22:18,049 - INFO - ==================================================
2025-11-25 01:32:16,865 - INFO - Época 22 concluída. Loss média: 3.8299
2025-11-25 01:32:16,865 - INFO - Taxa de aprendizado ajustada para: 0.100000
2025-11-25 01:32:16,868 - INFO - Iniciando inferência com o modelo ResNet...
2025-11-25 01:32:34,123 - INFO - ==================================================
2025-11-25 01:32:34,123 - INFO - EXPERIMENT RESULTS
2025-11-25 01:32:34,123 - INFO - ==================================================
2025-11-25 01:32:34,123 - INFO - Elapsed Time Seconds     : 17.2321
2025-11-25 01:32:34,123 - INFO - Cpu Usage Percent        : 3.5031
2025-11-25 01:32:34,123 - INFO - Ram Peak Usage Bytes     : 3955671040.0000
2025-11-25 01:32:34,123 - INFO - Disk Read Bytes          : 0.0000
2025-11-25 01:32:34,123 - INFO - Disk Write Bytes         : 1056768.0000
2025-11-25 01:32:34,123 - INFO - Vram Peak Usage Bytes    : 2840555052.0000
2025-11-25 01:32:34,123 - INFO - Gpu Power Watts Avg      : 330.4353
2025-11-25 01:32:34,123 - INFO - Gpu Power Watts Peak     : 339.8920
2025-11-25 01:32:34,123 - INFO - Gpu Temp Celsius Avg     : 63.7953
2025-11-25 01:32:34,123 - INFO - Gpu Temp Celsius Peak    : 66.0000
2025-11-25 01:32:34,123 - INFO - Gpu Utilization Percent Avg: 98.0000
2025-11-25 01:32:34,123 - INFO - Gpu Utilization Percent Peak: 100.0000
2025-11-25 01:32:34,123 - INFO - Gpu Mem Used Bytes Avg   : 16090595328.0000
2025-11-25 01:32:34,123 - INFO - Gpu Mem Used Bytes Peak  : 16090595328.0000
2025-11-25 01:32:34,123 - INFO - Gpu Vram Used Bytes      : 16090595328.0000
2025-11-25 01:32:34,123 - INFO - Accuracy                 : 0.2414
2025-11-25 01:32:34,123 - INFO - Precision                : 0.3629
2025-11-25 01:32:34,123 - INFO - Recall                   : 0.2414
2025-11-25 01:32:34,124 - INFO - F1 Score                 : 0.2232
2025-11-25 01:32:34,124 - INFO - ==================================================
2025-11-25 01:42:32,325 - INFO - Época 23 concluída. Loss média: 3.8186
2025-11-25 01:42:32,326 - INFO - Taxa de aprendizado ajustada para: 0.100000
2025-11-25 01:42:32,328 - INFO - Iniciando inferência com o modelo ResNet...
2025-11-25 01:42:49,503 - INFO - ==================================================
2025-11-25 01:42:49,503 - INFO - EXPERIMENT RESULTS
2025-11-25 01:42:49,503 - INFO - ==================================================
2025-11-25 01:42:49,503 - INFO - Elapsed Time Seconds     : 17.1511
2025-11-25 01:42:49,503 - INFO - Cpu Usage Percent        : 3.3312
2025-11-25 01:42:49,503 - INFO - Ram Peak Usage Bytes     : 3956101120.0000
2025-11-25 01:42:49,503 - INFO - Disk Read Bytes          : 0.0000
2025-11-25 01:42:49,503 - INFO - Disk Write Bytes         : 905216.0000
2025-11-25 01:42:49,503 - INFO - Vram Peak Usage Bytes    : 2840555052.0000
2025-11-25 01:42:49,503 - INFO - Gpu Power Watts Avg      : 327.3933
2025-11-25 01:42:49,503 - INFO - Gpu Power Watts Peak     : 335.3910
2025-11-25 01:42:49,503 - INFO - Gpu Temp Celsius Avg     : 64.1000
2025-11-25 01:42:49,503 - INFO - Gpu Temp Celsius Peak    : 66.0000
2025-11-25 01:42:49,503 - INFO - Gpu Utilization Percent Avg: 98.2588
2025-11-25 01:42:49,503 - INFO - Gpu Utilization Percent Peak: 100.0000
2025-11-25 01:42:49,503 - INFO - Gpu Mem Used Bytes Avg   : 16090595328.0000
2025-11-25 01:42:49,503 - INFO - Gpu Mem Used Bytes Peak  : 16090595328.0000
2025-11-25 01:42:49,503 - INFO - Gpu Vram Used Bytes      : 16090595328.0000
2025-11-25 01:42:49,503 - INFO - Accuracy                 : 0.2061
2025-11-25 01:42:49,503 - INFO - Precision                : 0.3249
2025-11-25 01:42:49,503 - INFO - Recall                   : 0.2061
2025-11-25 01:42:49,503 - INFO - F1 Score                 : 0.1809
2025-11-25 01:42:49,503 - INFO - ==================================================
2025-11-25 01:52:47,765 - INFO - Época 24 concluída. Loss média: 3.8251
2025-11-25 01:52:47,765 - INFO - Taxa de aprendizado ajustada para: 0.100000
2025-11-25 01:52:47,767 - INFO - Iniciando inferência com o modelo ResNet...
2025-11-25 01:53:05,249 - INFO - ==================================================
2025-11-25 01:53:05,249 - INFO - EXPERIMENT RESULTS
2025-11-25 01:53:05,249 - INFO - ==================================================
2025-11-25 01:53:05,249 - INFO - Elapsed Time Seconds     : 17.4580
2025-11-25 01:53:05,249 - INFO - Cpu Usage Percent        : 3.4625
2025-11-25 01:53:05,249 - INFO - Ram Peak Usage Bytes     : 3958030336.0000
2025-11-25 01:53:05,249 - INFO - Disk Read Bytes          : 0.0000
2025-11-25 01:53:05,249 - INFO - Disk Write Bytes         : 1073152.0000
2025-11-25 01:53:05,249 - INFO - Vram Peak Usage Bytes    : 2840555052.0000
2025-11-25 01:53:05,249 - INFO - Gpu Power Watts Avg      : 326.1251
2025-11-25 01:53:05,249 - INFO - Gpu Power Watts Peak     : 337.8150
2025-11-25 01:53:05,249 - INFO - Gpu Temp Celsius Avg     : 63.5434
2025-11-25 01:53:05,249 - INFO - Gpu Temp Celsius Peak    : 66.0000
2025-11-25 01:53:05,249 - INFO - Gpu Utilization Percent Avg: 96.8208
2025-11-25 01:53:05,249 - INFO - Gpu Utilization Percent Peak: 100.0000
2025-11-25 01:53:05,249 - INFO - Gpu Mem Used Bytes Avg   : 16090595328.0000
2025-11-25 01:53:05,249 - INFO - Gpu Mem Used Bytes Peak  : 16090595328.0000
2025-11-25 01:53:05,249 - INFO - Gpu Vram Used Bytes      : 16090595328.0000
2025-11-25 01:53:05,249 - INFO - Accuracy                 : 0.2429
2025-11-25 01:53:05,249 - INFO - Precision                : 0.3234
2025-11-25 01:53:05,249 - INFO - Recall                   : 0.2429
2025-11-25 01:53:05,249 - INFO - F1 Score                 : 0.2201
2025-11-25 01:53:05,249 - INFO - ==================================================
2025-11-25 02:03:03,687 - INFO - Época 25 concluída. Loss média: 3.8180
2025-11-25 02:03:03,687 - INFO - Taxa de aprendizado ajustada para: 0.100000
2025-11-25 02:03:03,690 - INFO - Iniciando inferência com o modelo ResNet...
2025-11-25 02:03:20,980 - INFO - ==================================================
2025-11-25 02:03:20,980 - INFO - EXPERIMENT RESULTS
2025-11-25 02:03:20,980 - INFO - ==================================================
2025-11-25 02:03:20,980 - INFO - Elapsed Time Seconds     : 17.2675
2025-11-25 02:03:20,980 - INFO - Cpu Usage Percent        : 3.5000
2025-11-25 02:03:20,980 - INFO - Ram Peak Usage Bytes     : 3958132736.0000
2025-11-25 02:03:20,980 - INFO - Disk Read Bytes          : 0.0000
2025-11-25 02:03:20,980 - INFO - Disk Write Bytes         : 966656.0000
2025-11-25 02:03:20,980 - INFO - Vram Peak Usage Bytes    : 2840555052.0000
2025-11-25 02:03:20,980 - INFO - Gpu Power Watts Avg      : 327.4651
2025-11-25 02:03:20,980 - INFO - Gpu Power Watts Peak     : 336.0350
2025-11-25 02:03:20,980 - INFO - Gpu Temp Celsius Avg     : 64.0175
2025-11-25 02:03:20,981 - INFO - Gpu Temp Celsius Peak    : 66.0000
2025-11-25 02:03:20,981 - INFO - Gpu Utilization Percent Avg: 97.9064
2025-11-25 02:03:20,981 - INFO - Gpu Utilization Percent Peak: 100.0000
2025-11-25 02:03:20,981 - INFO - Gpu Mem Used Bytes Avg   : 16090595328.0000
2025-11-25 02:03:20,981 - INFO - Gpu Mem Used Bytes Peak  : 16090595328.0000
2025-11-25 02:03:20,981 - INFO - Gpu Vram Used Bytes      : 16090595328.0000
2025-11-25 02:03:20,981 - INFO - Accuracy                 : 0.2138
2025-11-25 02:03:20,981 - INFO - Precision                : 0.3439
2025-11-25 02:03:20,981 - INFO - Recall                   : 0.2138
2025-11-25 02:03:20,981 - INFO - F1 Score                 : 0.1944
2025-11-25 02:03:20,981 - INFO - ==================================================
2025-11-25 02:13:19,175 - INFO - Época 26 concluída. Loss média: 3.8131
2025-11-25 02:13:19,176 - INFO - Taxa de aprendizado ajustada para: 0.100000
2025-11-25 02:13:19,178 - INFO - Iniciando inferência com o modelo ResNet...
2025-11-25 02:13:36,559 - INFO - ==================================================
2025-11-25 02:13:36,559 - INFO - EXPERIMENT RESULTS
2025-11-25 02:13:36,559 - INFO - ==================================================
2025-11-25 02:13:36,559 - INFO - Elapsed Time Seconds     : 17.3579
2025-11-25 02:13:36,559 - INFO - Cpu Usage Percent        : 3.4406
2025-11-25 02:13:36,559 - INFO - Ram Peak Usage Bytes     : 3958591488.0000
2025-11-25 02:13:36,559 - INFO - Disk Read Bytes          : 0.0000
2025-11-25 02:13:36,560 - INFO - Disk Write Bytes         : 917504.0000
2025-11-25 02:13:36,560 - INFO - Vram Peak Usage Bytes    : 2840555052.0000
2025-11-25 02:13:36,560 - INFO - Gpu Power Watts Avg      : 324.2170
2025-11-25 02:13:36,560 - INFO - Gpu Power Watts Peak     : 335.2500
2025-11-25 02:13:36,560 - INFO - Gpu Temp Celsius Avg     : 63.6395
2025-11-25 02:13:36,560 - INFO - Gpu Temp Celsius Peak    : 66.0000
2025-11-25 02:13:36,560 - INFO - Gpu Utilization Percent Avg: 97.0349
2025-11-25 02:13:36,560 - INFO - Gpu Utilization Percent Peak: 100.0000
2025-11-25 02:13:36,560 - INFO - Gpu Mem Used Bytes Avg   : 16090595328.0000
2025-11-25 02:13:36,560 - INFO - Gpu Mem Used Bytes Peak  : 16090595328.0000
2025-11-25 02:13:36,560 - INFO - Gpu Vram Used Bytes      : 16090595328.0000
2025-11-25 02:13:36,560 - INFO - Accuracy                 : 0.2439
2025-11-25 02:13:36,560 - INFO - Precision                : 0.3492
2025-11-25 02:13:36,560 - INFO - Recall                   : 0.2439
2025-11-25 02:13:36,560 - INFO - F1 Score                 : 0.2265
2025-11-25 02:13:36,560 - INFO - ==================================================
2025-11-25 02:23:34,867 - INFO - Época 27 concluída. Loss média: 3.8099
2025-11-25 02:23:34,868 - INFO - Taxa de aprendizado ajustada para: 0.100000
2025-11-25 02:23:34,870 - INFO - Iniciando inferência com o modelo ResNet...
2025-11-25 02:23:52,162 - INFO - ==================================================
2025-11-25 02:23:52,162 - INFO - EXPERIMENT RESULTS
2025-11-25 02:23:52,162 - INFO - ==================================================
2025-11-25 02:23:52,162 - INFO - Elapsed Time Seconds     : 17.2684
2025-11-25 02:23:52,162 - INFO - Cpu Usage Percent        : 3.3156
2025-11-25 02:23:52,162 - INFO - Ram Peak Usage Bytes     : 3959173120.0000
2025-11-25 02:23:52,162 - INFO - Disk Read Bytes          : 0.0000
2025-11-25 02:23:52,162 - INFO - Disk Write Bytes         : 970752.0000
2025-11-25 02:23:52,162 - INFO - Vram Peak Usage Bytes    : 2840555052.0000
2025-11-25 02:23:52,162 - INFO - Gpu Power Watts Avg      : 322.8458
2025-11-25 02:23:52,162 - INFO - Gpu Power Watts Peak     : 332.5650
2025-11-25 02:23:52,162 - INFO - Gpu Temp Celsius Avg     : 63.3860
2025-11-25 02:23:52,162 - INFO - Gpu Temp Celsius Peak    : 65.0000
2025-11-25 02:23:52,162 - INFO - Gpu Utilization Percent Avg: 97.9649
2025-11-25 02:23:52,162 - INFO - Gpu Utilization Percent Peak: 100.0000
2025-11-25 02:23:52,162 - INFO - Gpu Mem Used Bytes Avg   : 16090595328.0000
2025-11-25 02:23:52,162 - INFO - Gpu Mem Used Bytes Peak  : 16090595328.0000
2025-11-25 02:23:52,162 - INFO - Gpu Vram Used Bytes      : 16090595328.0000
2025-11-25 02:23:52,162 - INFO - Accuracy                 : 0.2160
2025-11-25 02:23:52,162 - INFO - Precision                : 0.3428
2025-11-25 02:23:52,162 - INFO - Recall                   : 0.2160
2025-11-25 02:23:52,162 - INFO - F1 Score                 : 0.2029
2025-11-25 02:23:52,162 - INFO - ==================================================
2025-11-25 02:33:50,620 - INFO - Época 28 concluída. Loss média: 3.8060
2025-11-25 02:33:50,620 - INFO - Taxa de aprendizado ajustada para: 0.100000
2025-11-25 02:33:50,623 - INFO - Iniciando inferência com o modelo ResNet...
2025-11-25 02:34:07,919 - INFO - ==================================================
2025-11-25 02:34:07,919 - INFO - EXPERIMENT RESULTS
2025-11-25 02:34:07,919 - INFO - ==================================================
2025-11-25 02:34:07,919 - INFO - Elapsed Time Seconds     : 17.2733
2025-11-25 02:34:07,919 - INFO - Cpu Usage Percent        : 3.4781
2025-11-25 02:34:07,919 - INFO - Ram Peak Usage Bytes     : 3959406592.0000
2025-11-25 02:34:07,919 - INFO - Disk Read Bytes          : 0.0000
2025-11-25 02:34:07,919 - INFO - Disk Write Bytes         : 1036288.0000
2025-11-25 02:34:07,920 - INFO - Vram Peak Usage Bytes    : 2840555052.0000
2025-11-25 02:34:07,920 - INFO - Gpu Power Watts Avg      : 326.2053
2025-11-25 02:34:07,920 - INFO - Gpu Power Watts Peak     : 334.2450
2025-11-25 02:34:07,920 - INFO - Gpu Temp Celsius Avg     : 64.0409
2025-11-25 02:34:07,920 - INFO - Gpu Temp Celsius Peak    : 66.0000
2025-11-25 02:34:07,920 - INFO - Gpu Utilization Percent Avg: 97.3509
2025-11-25 02:34:07,920 - INFO - Gpu Utilization Percent Peak: 100.0000
2025-11-25 02:34:07,920 - INFO - Gpu Mem Used Bytes Avg   : 16090595328.0000
2025-11-25 02:34:07,920 - INFO - Gpu Mem Used Bytes Peak  : 16090595328.0000
2025-11-25 02:34:07,920 - INFO - Gpu Vram Used Bytes      : 16090595328.0000
2025-11-25 02:34:07,920 - INFO - Accuracy                 : 0.2473
2025-11-25 02:34:07,920 - INFO - Precision                : 0.3616
2025-11-25 02:34:07,920 - INFO - Recall                   : 0.2473
2025-11-25 02:34:07,920 - INFO - F1 Score                 : 0.2297
2025-11-25 02:34:07,920 - INFO - ==================================================
2025-11-25 02:44:06,243 - INFO - Época 29 concluída. Loss média: 3.8037
2025-11-25 02:44:06,244 - INFO - Taxa de aprendizado ajustada para: 0.100000
2025-11-25 02:44:06,246 - INFO - Iniciando inferência com o modelo ResNet...
2025-11-25 02:44:23,391 - INFO - ==================================================
2025-11-25 02:44:23,391 - INFO - EXPERIMENT RESULTS
2025-11-25 02:44:23,391 - INFO - ==================================================
2025-11-25 02:44:23,391 - INFO - Elapsed Time Seconds     : 17.1216
2025-11-25 02:44:23,391 - INFO - Cpu Usage Percent        : 3.3375
2025-11-25 02:44:23,391 - INFO - Ram Peak Usage Bytes     : 3959803904.0000
2025-11-25 02:44:23,391 - INFO - Disk Read Bytes          : 0.0000
2025-11-25 02:44:23,391 - INFO - Disk Write Bytes         : 917504.0000
2025-11-25 02:44:23,391 - INFO - Vram Peak Usage Bytes    : 2840555052.0000
2025-11-25 02:44:23,391 - INFO - Gpu Power Watts Avg      : 326.2788
2025-11-25 02:44:23,391 - INFO - Gpu Power Watts Peak     : 333.5520
2025-11-25 02:44:23,391 - INFO - Gpu Temp Celsius Avg     : 63.7412
2025-11-25 02:44:23,391 - INFO - Gpu Temp Celsius Peak    : 66.0000
2025-11-25 02:44:23,391 - INFO - Gpu Utilization Percent Avg: 98.3294
2025-11-25 02:44:23,391 - INFO - Gpu Utilization Percent Peak: 100.0000
2025-11-25 02:44:23,391 - INFO - Gpu Mem Used Bytes Avg   : 16090595328.0000
2025-11-25 02:44:23,391 - INFO - Gpu Mem Used Bytes Peak  : 16090595328.0000
2025-11-25 02:44:23,391 - INFO - Gpu Vram Used Bytes      : 16090595328.0000
2025-11-25 02:44:23,391 - INFO - Accuracy                 : 0.2410
2025-11-25 02:44:23,391 - INFO - Precision                : 0.3513
2025-11-25 02:44:23,392 - INFO - Recall                   : 0.2410
2025-11-25 02:44:23,392 - INFO - F1 Score                 : 0.2299
2025-11-25 02:44:23,392 - INFO - ==================================================
2025-11-25 02:54:22,234 - INFO - Época 30 concluída. Loss média: 3.8028
2025-11-25 02:54:22,234 - INFO - Taxa de aprendizado ajustada para: 0.010000
2025-11-25 02:54:22,236 - INFO - Iniciando inferência com o modelo ResNet...
2025-11-25 02:54:39,523 - INFO - ==================================================
2025-11-25 02:54:39,523 - INFO - EXPERIMENT RESULTS
2025-11-25 02:54:39,523 - INFO - ==================================================
2025-11-25 02:54:39,523 - INFO - Elapsed Time Seconds     : 17.2628
2025-11-25 02:54:39,523 - INFO - Cpu Usage Percent        : 3.3125
2025-11-25 02:54:39,523 - INFO - Ram Peak Usage Bytes     : 3961061376.0000
2025-11-25 02:54:39,523 - INFO - Disk Read Bytes          : 0.0000
2025-11-25 02:54:39,523 - INFO - Disk Write Bytes         : 929792.0000
2025-11-25 02:54:39,523 - INFO - Vram Peak Usage Bytes    : 2840555052.0000
2025-11-25 02:54:39,523 - INFO - Gpu Power Watts Avg      : 320.0359
2025-11-25 02:54:39,523 - INFO - Gpu Power Watts Peak     : 330.7460
2025-11-25 02:54:39,523 - INFO - Gpu Temp Celsius Avg     : 63.2924
2025-11-25 02:54:39,523 - INFO - Gpu Temp Celsius Peak    : 65.0000
2025-11-25 02:54:39,523 - INFO - Gpu Utilization Percent Avg: 97.6725
2025-11-25 02:54:39,523 - INFO - Gpu Utilization Percent Peak: 100.0000
2025-11-25 02:54:39,523 - INFO - Gpu Mem Used Bytes Avg   : 16090595328.0000
2025-11-25 02:54:39,523 - INFO - Gpu Mem Used Bytes Peak  : 16090595328.0000
2025-11-25 02:54:39,523 - INFO - Gpu Vram Used Bytes      : 16090595328.0000
2025-11-25 02:54:39,523 - INFO - Accuracy                 : 0.2700
2025-11-25 02:54:39,523 - INFO - Precision                : 0.3613
2025-11-25 02:54:39,523 - INFO - Recall                   : 0.2700
2025-11-25 02:54:39,523 - INFO - F1 Score                 : 0.2445
2025-11-25 02:54:39,523 - INFO - ==================================================
2025-11-25 03:04:38,094 - INFO - Época 31 concluída. Loss média: 3.3633
2025-11-25 03:04:38,095 - INFO - Taxa de aprendizado ajustada para: 0.010000
2025-11-25 03:04:38,097 - INFO - Iniciando inferência com o modelo ResNet...
2025-11-25 03:04:55,385 - INFO - ==================================================
2025-11-25 03:04:55,385 - INFO - EXPERIMENT RESULTS
2025-11-25 03:04:55,385 - INFO - ==================================================
2025-11-25 03:04:55,385 - INFO - Elapsed Time Seconds     : 17.2645
2025-11-25 03:04:55,385 - INFO - Cpu Usage Percent        : 3.4937
2025-11-25 03:04:55,385 - INFO - Ram Peak Usage Bytes     : 3961507840.0000
2025-11-25 03:04:55,385 - INFO - Disk Read Bytes          : 0.0000
2025-11-25 03:04:55,385 - INFO - Disk Write Bytes         : 909312.0000
2025-11-25 03:04:55,385 - INFO - Vram Peak Usage Bytes    : 2840555052.0000
2025-11-25 03:04:55,385 - INFO - Gpu Power Watts Avg      : 321.2552
2025-11-25 03:04:55,385 - INFO - Gpu Power Watts Peak     : 332.2320
2025-11-25 03:04:55,385 - INFO - Gpu Temp Celsius Avg     : 63.5322
2025-11-25 03:04:55,385 - INFO - Gpu Temp Celsius Peak    : 66.0000
2025-11-25 03:04:55,385 - INFO - Gpu Utilization Percent Avg: 97.5906
2025-11-25 03:04:55,385 - INFO - Gpu Utilization Percent Peak: 100.0000
2025-11-25 03:04:55,385 - INFO - Gpu Mem Used Bytes Avg   : 16090595328.0000
2025-11-25 03:04:55,385 - INFO - Gpu Mem Used Bytes Peak  : 16090595328.0000
2025-11-25 03:04:55,385 - INFO - Gpu Vram Used Bytes      : 16090595328.0000
2025-11-25 03:04:55,385 - INFO - Accuracy                 : 0.4410
2025-11-25 03:04:55,385 - INFO - Precision                : 0.4392
2025-11-25 03:04:55,385 - INFO - Recall                   : 0.4410
2025-11-25 03:04:55,385 - INFO - F1 Score                 : 0.4253
2025-11-25 03:04:55,385 - INFO - ==================================================
2025-11-25 03:14:54,106 - INFO - Época 32 concluída. Loss média: 3.2459
2025-11-25 03:14:54,106 - INFO - Taxa de aprendizado ajustada para: 0.010000
2025-11-25 03:14:54,109 - INFO - Iniciando inferência com o modelo ResNet...
2025-11-25 03:15:11,478 - INFO - ==================================================
2025-11-25 03:15:11,478 - INFO - EXPERIMENT RESULTS
2025-11-25 03:15:11,478 - INFO - ==================================================
2025-11-25 03:15:11,478 - INFO - Elapsed Time Seconds     : 17.3465
2025-11-25 03:15:11,479 - INFO - Cpu Usage Percent        : 3.4875
2025-11-25 03:15:11,479 - INFO - Ram Peak Usage Bytes     : 3962191872.0000
2025-11-25 03:15:11,479 - INFO - Disk Read Bytes          : 0.0000
2025-11-25 03:15:11,479 - INFO - Disk Write Bytes         : 999424.0000
2025-11-25 03:15:11,479 - INFO - Vram Peak Usage Bytes    : 2840555052.0000
2025-11-25 03:15:11,479 - INFO - Gpu Power Watts Avg      : 319.9146
2025-11-25 03:15:11,479 - INFO - Gpu Power Watts Peak     : 330.7190
2025-11-25 03:15:11,479 - INFO - Gpu Temp Celsius Avg     : 63.1163
2025-11-25 03:15:11,479 - INFO - Gpu Temp Celsius Peak    : 65.0000
2025-11-25 03:15:11,479 - INFO - Gpu Utilization Percent Avg: 97.8605
2025-11-25 03:15:11,479 - INFO - Gpu Utilization Percent Peak: 100.0000
2025-11-25 03:15:11,479 - INFO - Gpu Mem Used Bytes Avg   : 16090595328.0000
2025-11-25 03:15:11,479 - INFO - Gpu Mem Used Bytes Peak  : 16090595328.0000
2025-11-25 03:15:11,479 - INFO - Gpu Vram Used Bytes      : 16090595328.0000
2025-11-25 03:15:11,479 - INFO - Accuracy                 : 0.4531
2025-11-25 03:15:11,479 - INFO - Precision                : 0.4649
2025-11-25 03:15:11,479 - INFO - Recall                   : 0.4531
2025-11-25 03:15:11,479 - INFO - F1 Score                 : 0.4426
2025-11-25 03:15:11,479 - INFO - ==================================================
2025-11-25 03:25:10,337 - INFO - Época 33 concluída. Loss média: 3.1913
2025-11-25 03:25:10,337 - INFO - Taxa de aprendizado ajustada para: 0.010000
2025-11-25 03:25:10,340 - INFO - Iniciando inferência com o modelo ResNet...
2025-11-25 03:25:27,630 - INFO - ==================================================
2025-11-25 03:25:27,630 - INFO - EXPERIMENT RESULTS
2025-11-25 03:25:27,630 - INFO - ==================================================
2025-11-25 03:25:27,630 - INFO - Elapsed Time Seconds     : 17.2671
2025-11-25 03:25:27,630 - INFO - Cpu Usage Percent        : 3.4750
2025-11-25 03:25:27,630 - INFO - Ram Peak Usage Bytes     : 3962396672.0000
2025-11-25 03:25:27,630 - INFO - Disk Read Bytes          : 0.0000
2025-11-25 03:25:27,630 - INFO - Disk Write Bytes         : 983040.0000
2025-11-25 03:25:27,630 - INFO - Vram Peak Usage Bytes    : 2840555052.0000
2025-11-25 03:25:27,630 - INFO - Gpu Power Watts Avg      : 323.4363
2025-11-25 03:25:27,630 - INFO - Gpu Power Watts Peak     : 332.2290
2025-11-25 03:25:27,630 - INFO - Gpu Temp Celsius Avg     : 63.9415
2025-11-25 03:25:27,630 - INFO - Gpu Temp Celsius Peak    : 66.0000
2025-11-25 03:25:27,630 - INFO - Gpu Utilization Percent Avg: 97.5263
2025-11-25 03:25:27,630 - INFO - Gpu Utilization Percent Peak: 100.0000
2025-11-25 03:25:27,630 - INFO - Gpu Mem Used Bytes Avg   : 16090595328.0000
2025-11-25 03:25:27,630 - INFO - Gpu Mem Used Bytes Peak  : 16090595328.0000
2025-11-25 03:25:27,630 - INFO - Gpu Vram Used Bytes      : 16090595328.0000
2025-11-25 03:25:27,630 - INFO - Accuracy                 : 0.4546
2025-11-25 03:25:27,631 - INFO - Precision                : 0.4681
2025-11-25 03:25:27,631 - INFO - Recall                   : 0.4546
2025-11-25 03:25:27,631 - INFO - F1 Score                 : 0.4416
2025-11-25 03:25:27,631 - INFO - ==================================================
2025-11-25 03:35:25,997 - INFO - Época 34 concluída. Loss média: 3.1690
2025-11-25 03:35:25,998 - INFO - Taxa de aprendizado ajustada para: 0.010000
2025-11-25 03:35:26,000 - INFO - Iniciando inferência com o modelo ResNet...
2025-11-25 03:35:43,266 - INFO - ==================================================
2025-11-25 03:35:43,266 - INFO - EXPERIMENT RESULTS
2025-11-25 03:35:43,266 - INFO - ==================================================
2025-11-25 03:35:43,266 - INFO - Elapsed Time Seconds     : 17.2429
2025-11-25 03:35:43,266 - INFO - Cpu Usage Percent        : 3.3125
2025-11-25 03:35:43,266 - INFO - Ram Peak Usage Bytes     : 3962789888.0000
2025-11-25 03:35:43,266 - INFO - Disk Read Bytes          : 0.0000
2025-11-25 03:35:43,266 - INFO - Disk Write Bytes         : 1052672.0000
2025-11-25 03:35:43,266 - INFO - Vram Peak Usage Bytes    : 2840555052.0000
2025-11-25 03:35:43,266 - INFO - Gpu Power Watts Avg      : 323.2507
2025-11-25 03:35:43,266 - INFO - Gpu Power Watts Peak     : 332.5590
2025-11-25 03:35:43,266 - INFO - Gpu Temp Celsius Avg     : 63.6140
2025-11-25 03:35:43,266 - INFO - Gpu Temp Celsius Peak    : 66.0000
2025-11-25 03:35:43,266 - INFO - Gpu Utilization Percent Avg: 97.7427
2025-11-25 03:35:43,266 - INFO - Gpu Utilization Percent Peak: 100.0000
2025-11-25 03:35:43,267 - INFO - Gpu Mem Used Bytes Avg   : 16090595328.0000
2025-11-25 03:35:43,267 - INFO - Gpu Mem Used Bytes Peak  : 16090595328.0000
2025-11-25 03:35:43,267 - INFO - Gpu Vram Used Bytes      : 16090595328.0000
2025-11-25 03:35:43,267 - INFO - Accuracy                 : 0.4639
2025-11-25 03:35:43,267 - INFO - Precision                : 0.4817
2025-11-25 03:35:43,267 - INFO - Recall                   : 0.4639
2025-11-25 03:35:43,267 - INFO - F1 Score                 : 0.4509
2025-11-25 03:35:43,267 - INFO - ==================================================
2025-11-25 03:45:41,350 - INFO - Época 35 concluída. Loss média: 3.1474
2025-11-25 03:45:41,350 - INFO - Taxa de aprendizado ajustada para: 0.010000
2025-11-25 03:45:41,352 - INFO - Iniciando inferência com o modelo ResNet...
2025-11-25 03:45:58,619 - INFO - ==================================================
2025-11-25 03:45:58,620 - INFO - EXPERIMENT RESULTS
2025-11-25 03:45:58,620 - INFO - ==================================================
2025-11-25 03:45:58,620 - INFO - Elapsed Time Seconds     : 17.2438
2025-11-25 03:45:58,620 - INFO - Cpu Usage Percent        : 3.3156
2025-11-25 03:45:58,620 - INFO - Ram Peak Usage Bytes     : 3963297792.0000
2025-11-25 03:45:58,620 - INFO - Disk Read Bytes          : 0.0000
2025-11-25 03:45:58,620 - INFO - Disk Write Bytes         : 897024.0000
2025-11-25 03:45:58,620 - INFO - Vram Peak Usage Bytes    : 2840555052.0000
2025-11-25 03:45:58,620 - INFO - Gpu Power Watts Avg      : 320.6924
2025-11-25 03:45:58,620 - INFO - Gpu Power Watts Peak     : 331.3090
2025-11-25 03:45:58,620 - INFO - Gpu Temp Celsius Avg     : 63.1871
2025-11-25 03:45:58,620 - INFO - Gpu Temp Celsius Peak    : 65.0000
2025-11-25 03:45:58,620 - INFO - Gpu Utilization Percent Avg: 97.6023
2025-11-25 03:45:58,620 - INFO - Gpu Utilization Percent Peak: 100.0000
2025-11-25 03:45:58,620 - INFO - Gpu Mem Used Bytes Avg   : 16090595328.0000
2025-11-25 03:45:58,620 - INFO - Gpu Mem Used Bytes Peak  : 16090595328.0000
2025-11-25 03:45:58,620 - INFO - Gpu Vram Used Bytes      : 16090595328.0000
2025-11-25 03:45:58,620 - INFO - Accuracy                 : 0.4695
2025-11-25 03:45:58,620 - INFO - Precision                : 0.4871
2025-11-25 03:45:58,620 - INFO - Recall                   : 0.4695
2025-11-25 03:45:58,620 - INFO - F1 Score                 : 0.4565
2025-11-25 03:45:58,620 - INFO - ==================================================
2025-11-25 03:55:57,375 - INFO - Época 36 concluída. Loss média: 3.1315
2025-11-25 03:55:57,376 - INFO - Taxa de aprendizado ajustada para: 0.010000
2025-11-25 03:55:57,378 - INFO - Iniciando inferência com o modelo ResNet...
2025-11-25 03:56:14,630 - INFO - ==================================================
2025-11-25 03:56:14,630 - INFO - EXPERIMENT RESULTS
2025-11-25 03:56:14,630 - INFO - ==================================================
2025-11-25 03:56:14,630 - INFO - Elapsed Time Seconds     : 17.2286
2025-11-25 03:56:14,630 - INFO - Cpu Usage Percent        : 3.3219
2025-11-25 03:56:14,630 - INFO - Ram Peak Usage Bytes     : 3963580416.0000
2025-11-25 03:56:14,630 - INFO - Disk Read Bytes          : 0.0000
2025-11-25 03:56:14,630 - INFO - Disk Write Bytes         : 1110016.0000
2025-11-25 03:56:14,630 - INFO - Vram Peak Usage Bytes    : 2840555052.0000
2025-11-25 03:56:14,630 - INFO - Gpu Power Watts Avg      : 323.1589
2025-11-25 03:56:14,630 - INFO - Gpu Power Watts Peak     : 332.2130
2025-11-25 03:56:14,630 - INFO - Gpu Temp Celsius Avg     : 63.8596
2025-11-25 03:56:14,630 - INFO - Gpu Temp Celsius Peak    : 66.0000
2025-11-25 03:56:14,630 - INFO - Gpu Utilization Percent Avg: 98.0702
2025-11-25 03:56:14,631 - INFO - Gpu Utilization Percent Peak: 100.0000
2025-11-25 03:56:14,631 - INFO - Gpu Mem Used Bytes Avg   : 16090595328.0000
2025-11-25 03:56:14,631 - INFO - Gpu Mem Used Bytes Peak  : 16090595328.0000
2025-11-25 03:56:14,631 - INFO - Gpu Vram Used Bytes      : 16090595328.0000
2025-11-25 03:56:14,631 - INFO - Accuracy                 : 0.4591
2025-11-25 03:56:14,631 - INFO - Precision                : 0.4900
2025-11-25 03:56:14,631 - INFO - Recall                   : 0.4591
2025-11-25 03:56:14,631 - INFO - F1 Score                 : 0.4502
2025-11-25 03:56:14,631 - INFO - ==================================================
2025-11-25 04:06:12,793 - INFO - Época 37 concluída. Loss média: 3.1165
2025-11-25 04:06:12,794 - INFO - Taxa de aprendizado ajustada para: 0.010000
2025-11-25 04:06:12,796 - INFO - Iniciando inferência com o modelo ResNet...
2025-11-25 04:06:30,064 - INFO - ==================================================
2025-11-25 04:06:30,064 - INFO - EXPERIMENT RESULTS
2025-11-25 04:06:30,064 - INFO - ==================================================
2025-11-25 04:06:30,064 - INFO - Elapsed Time Seconds     : 17.2451
2025-11-25 04:06:30,065 - INFO - Cpu Usage Percent        : 3.3125
2025-11-25 04:06:30,065 - INFO - Ram Peak Usage Bytes     : 3963973632.0000
2025-11-25 04:06:30,065 - INFO - Disk Read Bytes          : 0.0000
2025-11-25 04:06:30,065 - INFO - Disk Write Bytes         : 815104.0000
2025-11-25 04:06:30,065 - INFO - Vram Peak Usage Bytes    : 2840555052.0000
2025-11-25 04:06:30,065 - INFO - Gpu Power Watts Avg      : 324.5783
2025-11-25 04:06:30,065 - INFO - Gpu Power Watts Peak     : 332.5290
2025-11-25 04:06:30,065 - INFO - Gpu Temp Celsius Avg     : 63.8246
2025-11-25 04:06:30,065 - INFO - Gpu Temp Celsius Peak    : 66.0000
2025-11-25 04:06:30,065 - INFO - Gpu Utilization Percent Avg: 98.1053
2025-11-25 04:06:30,065 - INFO - Gpu Utilization Percent Peak: 100.0000
2025-11-25 04:06:30,065 - INFO - Gpu Mem Used Bytes Avg   : 16090595328.0000
2025-11-25 04:06:30,065 - INFO - Gpu Mem Used Bytes Peak  : 16090595328.0000
2025-11-25 04:06:30,065 - INFO - Gpu Vram Used Bytes      : 16090595328.0000
2025-11-25 04:06:30,065 - INFO - Accuracy                 : 0.4738
2025-11-25 04:06:30,065 - INFO - Precision                : 0.4945
2025-11-25 04:06:30,065 - INFO - Recall                   : 0.4738
2025-11-25 04:06:30,065 - INFO - F1 Score                 : 0.4631
2025-11-25 04:06:30,065 - INFO - ==================================================
2025-11-25 04:16:28,176 - INFO - Época 38 concluída. Loss média: 3.1055
2025-11-25 04:16:28,176 - INFO - Taxa de aprendizado ajustada para: 0.010000
2025-11-25 04:16:28,178 - INFO - Iniciando inferência com o modelo ResNet...
2025-11-25 04:16:45,436 - INFO - ==================================================
2025-11-25 04:16:45,436 - INFO - EXPERIMENT RESULTS
2025-11-25 04:16:45,436 - INFO - ==================================================
2025-11-25 04:16:45,436 - INFO - Elapsed Time Seconds     : 17.2344
2025-11-25 04:16:45,436 - INFO - Cpu Usage Percent        : 3.3188
2025-11-25 04:16:45,436 - INFO - Ram Peak Usage Bytes     : 3967623168.0000
2025-11-25 04:16:45,436 - INFO - Disk Read Bytes          : 0.0000
2025-11-25 04:16:45,436 - INFO - Disk Write Bytes         : 892928.0000
2025-11-25 04:16:45,436 - INFO - Vram Peak Usage Bytes    : 2840555052.0000
2025-11-25 04:16:45,436 - INFO - Gpu Power Watts Avg      : 324.3208
2025-11-25 04:16:45,436 - INFO - Gpu Power Watts Peak     : 332.4450
2025-11-25 04:16:45,436 - INFO - Gpu Temp Celsius Avg     : 63.5965
2025-11-25 04:16:45,436 - INFO - Gpu Temp Celsius Peak    : 66.0000
2025-11-25 04:16:45,436 - INFO - Gpu Utilization Percent Avg: 98.0468
2025-11-25 04:16:45,436 - INFO - Gpu Utilization Percent Peak: 100.0000
2025-11-25 04:16:45,436 - INFO - Gpu Mem Used Bytes Avg   : 16090595328.0000
2025-11-25 04:16:45,436 - INFO - Gpu Mem Used Bytes Peak  : 16090595328.0000
2025-11-25 04:16:45,436 - INFO - Gpu Vram Used Bytes      : 16090595328.0000
2025-11-25 04:16:45,436 - INFO - Accuracy                 : 0.4807
2025-11-25 04:16:45,436 - INFO - Precision                : 0.5066
2025-11-25 04:16:45,436 - INFO - Recall                   : 0.4807
2025-11-25 04:16:45,436 - INFO - F1 Score                 : 0.4726
2025-11-25 04:16:45,436 - INFO - ==================================================
2025-11-25 04:26:43,712 - INFO - Época 39 concluída. Loss média: 3.0870
2025-11-25 04:26:43,712 - INFO - Taxa de aprendizado ajustada para: 0.010000
2025-11-25 04:26:43,715 - INFO - Iniciando inferência com o modelo ResNet...
2025-11-25 04:27:00,909 - INFO - ==================================================
2025-11-25 04:27:00,909 - INFO - EXPERIMENT RESULTS
2025-11-25 04:27:00,909 - INFO - ==================================================
2025-11-25 04:27:00,909 - INFO - Elapsed Time Seconds     : 17.1707
2025-11-25 04:27:00,909 - INFO - Cpu Usage Percent        : 3.3281
2025-11-25 04:27:00,909 - INFO - Ram Peak Usage Bytes     : 3968118784.0000
2025-11-25 04:27:00,909 - INFO - Disk Read Bytes          : 0.0000
2025-11-25 04:27:00,909 - INFO - Disk Write Bytes         : 1028096.0000
2025-11-25 04:27:00,909 - INFO - Vram Peak Usage Bytes    : 2840555052.0000
2025-11-25 04:27:00,909 - INFO - Gpu Power Watts Avg      : 324.4828
2025-11-25 04:27:00,909 - INFO - Gpu Power Watts Peak     : 332.7490
2025-11-25 04:27:00,909 - INFO - Gpu Temp Celsius Avg     : 63.7000
2025-11-25 04:27:00,909 - INFO - Gpu Temp Celsius Peak    : 66.0000
2025-11-25 04:27:00,909 - INFO - Gpu Utilization Percent Avg: 98.1176
2025-11-25 04:27:00,909 - INFO - Gpu Utilization Percent Peak: 100.0000
2025-11-25 04:27:00,909 - INFO - Gpu Mem Used Bytes Avg   : 16090595328.0000
2025-11-25 04:27:00,909 - INFO - Gpu Mem Used Bytes Peak  : 16090595328.0000
2025-11-25 04:27:00,909 - INFO - Gpu Vram Used Bytes      : 16090595328.0000
2025-11-25 04:27:00,909 - INFO - Accuracy                 : 0.4655
2025-11-25 04:27:00,909 - INFO - Precision                : 0.5000
2025-11-25 04:27:00,909 - INFO - Recall                   : 0.4655
2025-11-25 04:27:00,909 - INFO - F1 Score                 : 0.4576
2025-11-25 04:27:00,909 - INFO - ==================================================
2025-11-25 04:36:59,028 - INFO - Época 40 concluída. Loss média: 3.0769
2025-11-25 04:36:59,028 - INFO - Taxa de aprendizado ajustada para: 0.010000
2025-11-25 04:36:59,030 - INFO - Iniciando inferência com o modelo ResNet...
2025-11-25 04:37:16,306 - INFO - ==================================================
2025-11-25 04:37:16,307 - INFO - EXPERIMENT RESULTS
2025-11-25 04:37:16,307 - INFO - ==================================================
2025-11-25 04:37:16,307 - INFO - Elapsed Time Seconds     : 17.2523
2025-11-25 04:37:16,307 - INFO - Cpu Usage Percent        : 3.4781
2025-11-25 04:37:16,307 - INFO - Ram Peak Usage Bytes     : 3968819200.0000
2025-11-25 04:37:16,307 - INFO - Disk Read Bytes          : 0.0000
2025-11-25 04:37:16,307 - INFO - Disk Write Bytes         : 962560.0000
2025-11-25 04:37:16,307 - INFO - Vram Peak Usage Bytes    : 2840555052.0000
2025-11-25 04:37:16,307 - INFO - Gpu Power Watts Avg      : 322.1480
2025-11-25 04:37:16,307 - INFO - Gpu Power Watts Peak     : 331.0360
2025-11-25 04:37:16,307 - INFO - Gpu Temp Celsius Avg     : 63.5146
2025-11-25 04:37:16,307 - INFO - Gpu Temp Celsius Peak    : 66.0000
2025-11-25 04:37:16,307 - INFO - Gpu Utilization Percent Avg: 97.6023
2025-11-25 04:37:16,307 - INFO - Gpu Utilization Percent Peak: 100.0000
2025-11-25 04:37:16,307 - INFO - Gpu Mem Used Bytes Avg   : 16090595328.0000
2025-11-25 04:37:16,307 - INFO - Gpu Mem Used Bytes Peak  : 16090595328.0000
2025-11-25 04:37:16,307 - INFO - Gpu Vram Used Bytes      : 16090595328.0000
2025-11-25 04:37:16,307 - INFO - Accuracy                 : 0.4685
2025-11-25 04:37:16,307 - INFO - Precision                : 0.5032
2025-11-25 04:37:16,307 - INFO - Recall                   : 0.4685
2025-11-25 04:37:16,307 - INFO - F1 Score                 : 0.4606
2025-11-25 04:37:16,307 - INFO - ==================================================
2025-11-25 04:47:13,849 - INFO - Época 41 concluída. Loss média: 3.0651
2025-11-25 04:47:13,849 - INFO - Taxa de aprendizado ajustada para: 0.010000
2025-11-25 04:47:13,852 - INFO - Iniciando inferência com o modelo ResNet...
2025-11-25 04:47:31,042 - INFO - ==================================================
2025-11-25 04:47:31,042 - INFO - EXPERIMENT RESULTS
2025-11-25 04:47:31,042 - INFO - ==================================================
2025-11-25 04:47:31,042 - INFO - Elapsed Time Seconds     : 17.1672
2025-11-25 04:47:31,042 - INFO - Cpu Usage Percent        : 3.4406
2025-11-25 04:47:31,042 - INFO - Ram Peak Usage Bytes     : 3969101824.0000
2025-11-25 04:47:31,042 - INFO - Disk Read Bytes          : 0.0000
2025-11-25 04:47:31,042 - INFO - Disk Write Bytes         : 843776.0000
2025-11-25 04:47:31,042 - INFO - Vram Peak Usage Bytes    : 2840555052.0000
2025-11-25 04:47:31,042 - INFO - Gpu Power Watts Avg      : 323.8725
2025-11-25 04:47:31,042 - INFO - Gpu Power Watts Peak     : 332.2810
2025-11-25 04:47:31,042 - INFO - Gpu Temp Celsius Avg     : 63.9353
2025-11-25 04:47:31,042 - INFO - Gpu Temp Celsius Peak    : 66.0000
2025-11-25 04:47:31,042 - INFO - Gpu Utilization Percent Avg: 97.8176
2025-11-25 04:47:31,042 - INFO - Gpu Utilization Percent Peak: 100.0000
2025-11-25 04:47:31,042 - INFO - Gpu Mem Used Bytes Avg   : 16090595328.0000
2025-11-25 04:47:31,042 - INFO - Gpu Mem Used Bytes Peak  : 16090595328.0000
2025-11-25 04:47:31,042 - INFO - Gpu Vram Used Bytes      : 16090595328.0000
2025-11-25 04:47:31,042 - INFO - Accuracy                 : 0.4813
2025-11-25 04:47:31,042 - INFO - Precision                : 0.5212
2025-11-25 04:47:31,042 - INFO - Recall                   : 0.4813
2025-11-25 04:47:31,043 - INFO - F1 Score                 : 0.4713
2025-11-25 04:47:31,043 - INFO - ==================================================
2025-11-25 04:57:29,511 - INFO - Época 42 concluída. Loss média: 3.0559
2025-11-25 04:57:29,512 - INFO - Taxa de aprendizado ajustada para: 0.010000
2025-11-25 04:57:29,514 - INFO - Iniciando inferência com o modelo ResNet...
2025-11-25 04:57:46,690 - INFO - ==================================================
2025-11-25 04:57:46,690 - INFO - EXPERIMENT RESULTS
2025-11-25 04:57:46,690 - INFO - ==================================================
2025-11-25 04:57:46,690 - INFO - Elapsed Time Seconds     : 17.1526
2025-11-25 04:57:46,690 - INFO - Cpu Usage Percent        : 3.5156
2025-11-25 04:57:46,690 - INFO - Ram Peak Usage Bytes     : 3969597440.0000
2025-11-25 04:57:46,690 - INFO - Disk Read Bytes          : 0.0000
2025-11-25 04:57:46,690 - INFO - Disk Write Bytes         : 917504.0000
2025-11-25 04:57:46,690 - INFO - Vram Peak Usage Bytes    : 2840555052.0000
2025-11-25 04:57:46,690 - INFO - Gpu Power Watts Avg      : 323.7314
2025-11-25 04:57:46,690 - INFO - Gpu Power Watts Peak     : 331.3720
2025-11-25 04:57:46,690 - INFO - Gpu Temp Celsius Avg     : 63.5647
2025-11-25 04:57:46,690 - INFO - Gpu Temp Celsius Peak    : 66.0000
2025-11-25 04:57:46,690 - INFO - Gpu Utilization Percent Avg: 98.2235
2025-11-25 04:57:46,690 - INFO - Gpu Utilization Percent Peak: 100.0000
2025-11-25 04:57:46,690 - INFO - Gpu Mem Used Bytes Avg   : 16090595328.0000
2025-11-25 04:57:46,690 - INFO - Gpu Mem Used Bytes Peak  : 16090595328.0000
2025-11-25 04:57:46,690 - INFO - Gpu Vram Used Bytes      : 16090595328.0000
2025-11-25 04:57:46,691 - INFO - Accuracy                 : 0.4719
2025-11-25 04:57:46,691 - INFO - Precision                : 0.5187
2025-11-25 04:57:46,691 - INFO - Recall                   : 0.4719
2025-11-25 04:57:46,691 - INFO - F1 Score                 : 0.4640
2025-11-25 04:57:46,691 - INFO - ==================================================
2025-11-25 05:07:45,150 - INFO - Época 43 concluída. Loss média: 3.0424
2025-11-25 05:07:45,150 - INFO - Taxa de aprendizado ajustada para: 0.010000
2025-11-25 05:07:45,153 - INFO - Iniciando inferência com o modelo ResNet...
2025-11-25 05:08:02,319 - INFO - ==================================================
2025-11-25 05:08:02,319 - INFO - EXPERIMENT RESULTS
2025-11-25 05:08:02,319 - INFO - ==================================================
2025-11-25 05:08:02,320 - INFO - Elapsed Time Seconds     : 17.1436
2025-11-25 05:08:02,320 - INFO - Cpu Usage Percent        : 3.5156
2025-11-25 05:08:02,320 - INFO - Ram Peak Usage Bytes     : 3970023424.0000
2025-11-25 05:08:02,320 - INFO - Disk Read Bytes          : 0.0000
2025-11-25 05:08:02,320 - INFO - Disk Write Bytes         : 1044480.0000
2025-11-25 05:08:02,320 - INFO - Vram Peak Usage Bytes    : 2840555052.0000
2025-11-25 05:08:02,320 - INFO - Gpu Power Watts Avg      : 323.8035
2025-11-25 05:08:02,320 - INFO - Gpu Power Watts Peak     : 330.3420
2025-11-25 05:08:02,320 - INFO - Gpu Temp Celsius Avg     : 63.3647
2025-11-25 05:08:02,320 - INFO - Gpu Temp Celsius Peak    : 65.0000
2025-11-25 05:08:02,320 - INFO - Gpu Utilization Percent Avg: 98.4000
2025-11-25 05:08:02,320 - INFO - Gpu Utilization Percent Peak: 100.0000
2025-11-25 05:08:02,320 - INFO - Gpu Mem Used Bytes Avg   : 16090595328.0000
2025-11-25 05:08:02,320 - INFO - Gpu Mem Used Bytes Peak  : 16090595328.0000
2025-11-25 05:08:02,320 - INFO - Gpu Vram Used Bytes      : 16090595328.0000
2025-11-25 05:08:02,320 - INFO - Accuracy                 : 0.4849
2025-11-25 05:08:02,320 - INFO - Precision                : 0.5233
2025-11-25 05:08:02,320 - INFO - Recall                   : 0.4849
2025-11-25 05:08:02,320 - INFO - F1 Score                 : 0.4816
2025-11-25 05:08:02,320 - INFO - ==================================================
2025-11-25 05:18:00,497 - INFO - Época 44 concluída. Loss média: 3.0283
2025-11-25 05:18:00,497 - INFO - Taxa de aprendizado ajustada para: 0.010000
2025-11-25 05:18:00,500 - INFO - Iniciando inferência com o modelo ResNet...
2025-11-25 05:18:17,674 - INFO - ==================================================
2025-11-25 05:18:17,674 - INFO - EXPERIMENT RESULTS
2025-11-25 05:18:17,674 - INFO - ==================================================
2025-11-25 05:18:17,674 - INFO - Elapsed Time Seconds     : 17.1506
2025-11-25 05:18:17,674 - INFO - Cpu Usage Percent        : 3.3375
2025-11-25 05:18:17,674 - INFO - Ram Peak Usage Bytes     : 3970392064.0000
2025-11-25 05:18:17,674 - INFO - Disk Read Bytes          : 0.0000
2025-11-25 05:18:17,674 - INFO - Disk Write Bytes         : 1056768.0000
2025-11-25 05:18:17,674 - INFO - Vram Peak Usage Bytes    : 2840555052.0000
2025-11-25 05:18:17,674 - INFO - Gpu Power Watts Avg      : 321.1091
2025-11-25 05:18:17,674 - INFO - Gpu Power Watts Peak     : 330.6200
2025-11-25 05:18:17,674 - INFO - Gpu Temp Celsius Avg     : 63.6882
2025-11-25 05:18:17,674 - INFO - Gpu Temp Celsius Peak    : 66.0000
2025-11-25 05:18:17,674 - INFO - Gpu Utilization Percent Avg: 98.3059
2025-11-25 05:18:17,674 - INFO - Gpu Utilization Percent Peak: 100.0000
2025-11-25 05:18:17,674 - INFO - Gpu Mem Used Bytes Avg   : 16090595328.0000
2025-11-25 05:18:17,674 - INFO - Gpu Mem Used Bytes Peak  : 16090595328.0000
2025-11-25 05:18:17,674 - INFO - Gpu Vram Used Bytes      : 16090595328.0000
2025-11-25 05:18:17,674 - INFO - Accuracy                 : 0.4801
2025-11-25 05:18:17,674 - INFO - Precision                : 0.5215
2025-11-25 05:18:17,674 - INFO - Recall                   : 0.4801
2025-11-25 05:18:17,674 - INFO - F1 Score                 : 0.4739
2025-11-25 05:18:17,674 - INFO - ==================================================
2025-11-25 05:28:15,924 - INFO - Época 45 concluída. Loss média: 3.0176
2025-11-25 05:28:15,924 - INFO - Taxa de aprendizado ajustada para: 0.010000
2025-11-25 05:28:15,926 - INFO - Iniciando inferência com o modelo ResNet...
2025-11-25 05:28:33,211 - INFO - ==================================================
2025-11-25 05:28:33,211 - INFO - EXPERIMENT RESULTS
2025-11-25 05:28:33,211 - INFO - ==================================================
2025-11-25 05:28:33,211 - INFO - Elapsed Time Seconds     : 17.2616
2025-11-25 05:28:33,211 - INFO - Cpu Usage Percent        : 3.4781
2025-11-25 05:28:33,211 - INFO - Ram Peak Usage Bytes     : 3970801664.0000
2025-11-25 05:28:33,211 - INFO - Disk Read Bytes          : 0.0000
2025-11-25 05:28:33,211 - INFO - Disk Write Bytes         : 946176.0000
2025-11-25 05:28:33,211 - INFO - Vram Peak Usage Bytes    : 2840555052.0000
2025-11-25 05:28:33,211 - INFO - Gpu Power Watts Avg      : 318.0299
2025-11-25 05:28:33,211 - INFO - Gpu Power Watts Peak     : 327.8060
2025-11-25 05:28:33,211 - INFO - Gpu Temp Celsius Avg     : 63.0819
2025-11-25 05:28:33,211 - INFO - Gpu Temp Celsius Peak    : 65.0000
2025-11-25 05:28:33,211 - INFO - Gpu Utilization Percent Avg: 97.7135
2025-11-25 05:28:33,211 - INFO - Gpu Utilization Percent Peak: 100.0000
2025-11-25 05:28:33,211 - INFO - Gpu Mem Used Bytes Avg   : 16090595328.0000
2025-11-25 05:28:33,211 - INFO - Gpu Mem Used Bytes Peak  : 16090595328.0000
2025-11-25 05:28:33,211 - INFO - Gpu Vram Used Bytes      : 16090595328.0000
2025-11-25 05:28:33,211 - INFO - Accuracy                 : 0.4859
2025-11-25 05:28:33,212 - INFO - Precision                : 0.5305
2025-11-25 05:28:33,212 - INFO - Recall                   : 0.4859
2025-11-25 05:28:33,212 - INFO - F1 Score                 : 0.4798
2025-11-25 05:28:33,212 - INFO - ==================================================
2025-11-25 05:38:31,634 - INFO - Época 46 concluída. Loss média: 3.0073
2025-11-25 05:38:31,635 - INFO - Taxa de aprendizado ajustada para: 0.010000
2025-11-25 05:38:31,637 - INFO - Iniciando inferência com o modelo ResNet...
2025-11-25 05:38:48,904 - INFO - ==================================================
2025-11-25 05:38:48,904 - INFO - EXPERIMENT RESULTS
2025-11-25 05:38:48,904 - INFO - ==================================================
2025-11-25 05:38:48,904 - INFO - Elapsed Time Seconds     : 17.2436
2025-11-25 05:38:48,904 - INFO - Cpu Usage Percent        : 3.3094
2025-11-25 05:38:48,904 - INFO - Ram Peak Usage Bytes     : 3971198976.0000
2025-11-25 05:38:48,904 - INFO - Disk Read Bytes          : 0.0000
2025-11-25 05:38:48,904 - INFO - Disk Write Bytes         : 847872.0000
2025-11-25 05:38:48,904 - INFO - Vram Peak Usage Bytes    : 2840555052.0000
2025-11-25 05:38:48,904 - INFO - Gpu Power Watts Avg      : 322.6021
2025-11-25 05:38:48,904 - INFO - Gpu Power Watts Peak     : 331.1720
2025-11-25 05:38:48,904 - INFO - Gpu Temp Celsius Avg     : 63.5380
2025-11-25 05:38:48,904 - INFO - Gpu Temp Celsius Peak    : 66.0000
2025-11-25 05:38:48,904 - INFO - Gpu Utilization Percent Avg: 98.0819
2025-11-25 05:38:48,904 - INFO - Gpu Utilization Percent Peak: 100.0000
2025-11-25 05:38:48,904 - INFO - Gpu Mem Used Bytes Avg   : 16090595328.0000
2025-11-25 05:38:48,904 - INFO - Gpu Mem Used Bytes Peak  : 16090595328.0000
2025-11-25 05:38:48,904 - INFO - Gpu Vram Used Bytes      : 16090595328.0000
2025-11-25 05:38:48,904 - INFO - Accuracy                 : 0.4893
2025-11-25 05:38:48,904 - INFO - Precision                : 0.5279
2025-11-25 05:38:48,904 - INFO - Recall                   : 0.4893
2025-11-25 05:38:48,904 - INFO - F1 Score                 : 0.4858
2025-11-25 05:38:48,905 - INFO - ==================================================
2025-11-25 05:48:46,340 - INFO - Época 47 concluída. Loss média: 2.9912
2025-11-25 05:48:46,341 - INFO - Taxa de aprendizado ajustada para: 0.010000
2025-11-25 05:48:46,343 - INFO - Iniciando inferência com o modelo ResNet...
2025-11-25 05:49:03,620 - INFO - ==================================================
2025-11-25 05:49:03,620 - INFO - EXPERIMENT RESULTS
2025-11-25 05:49:03,620 - INFO - ==================================================
2025-11-25 05:49:03,620 - INFO - Elapsed Time Seconds     : 17.2536
2025-11-25 05:49:03,620 - INFO - Cpu Usage Percent        : 3.4969
2025-11-25 05:49:03,620 - INFO - Ram Peak Usage Bytes     : 3971600384.0000
2025-11-25 05:49:03,620 - INFO - Disk Read Bytes          : 0.0000
2025-11-25 05:49:03,620 - INFO - Disk Write Bytes         : 1318912.0000
2025-11-25 05:49:03,620 - INFO - Vram Peak Usage Bytes    : 2840555052.0000
2025-11-25 05:49:03,620 - INFO - Gpu Power Watts Avg      : 322.6696
2025-11-25 05:49:03,620 - INFO - Gpu Power Watts Peak     : 331.5400
2025-11-25 05:49:03,620 - INFO - Gpu Temp Celsius Avg     : 63.4854
2025-11-25 05:49:03,620 - INFO - Gpu Temp Celsius Peak    : 66.0000
2025-11-25 05:49:03,620 - INFO - Gpu Utilization Percent Avg: 97.5906
2025-11-25 05:49:03,620 - INFO - Gpu Utilization Percent Peak: 100.0000
2025-11-25 05:49:03,620 - INFO - Gpu Mem Used Bytes Avg   : 16090595328.0000
2025-11-25 05:49:03,620 - INFO - Gpu Mem Used Bytes Peak  : 16090595328.0000
2025-11-25 05:49:03,620 - INFO - Gpu Vram Used Bytes      : 16090595328.0000
2025-11-25 05:49:03,620 - INFO - Accuracy                 : 0.5062
2025-11-25 05:49:03,620 - INFO - Precision                : 0.5333
2025-11-25 05:49:03,620 - INFO - Recall                   : 0.5062
2025-11-25 05:49:03,620 - INFO - F1 Score                 : 0.4984
2025-11-25 05:49:03,620 - INFO - ==================================================
2025-11-25 05:59:01,016 - INFO - Época 48 concluída. Loss média: 2.9852
2025-11-25 05:59:01,016 - INFO - Taxa de aprendizado ajustada para: 0.010000
2025-11-25 05:59:01,018 - INFO - Iniciando inferência com o modelo ResNet...
2025-11-25 05:59:18,177 - INFO - ==================================================
2025-11-25 05:59:18,177 - INFO - EXPERIMENT RESULTS
2025-11-25 05:59:18,177 - INFO - ==================================================
2025-11-25 05:59:18,177 - INFO - Elapsed Time Seconds     : 17.1356
2025-11-25 05:59:18,177 - INFO - Cpu Usage Percent        : 3.3344
2025-11-25 05:59:18,177 - INFO - Ram Peak Usage Bytes     : 3972104192.0000
2025-11-25 05:59:18,177 - INFO - Disk Read Bytes          : 0.0000
2025-11-25 05:59:18,177 - INFO - Disk Write Bytes         : 692224.0000
2025-11-25 05:59:18,177 - INFO - Vram Peak Usage Bytes    : 2840555052.0000
2025-11-25 05:59:18,177 - INFO - Gpu Power Watts Avg      : 323.2275
2025-11-25 05:59:18,177 - INFO - Gpu Power Watts Peak     : 330.4860
2025-11-25 05:59:18,177 - INFO - Gpu Temp Celsius Avg     : 63.4000
2025-11-25 05:59:18,177 - INFO - Gpu Temp Celsius Peak    : 65.0000
2025-11-25 05:59:18,177 - INFO - Gpu Utilization Percent Avg: 98.3294
2025-11-25 05:59:18,177 - INFO - Gpu Utilization Percent Peak: 100.0000
2025-11-25 05:59:18,177 - INFO - Gpu Mem Used Bytes Avg   : 16090595328.0000
2025-11-25 05:59:18,177 - INFO - Gpu Mem Used Bytes Peak  : 16090595328.0000
2025-11-25 05:59:18,177 - INFO - Gpu Vram Used Bytes      : 16090595328.0000
2025-11-25 05:59:18,177 - INFO - Accuracy                 : 0.5029
2025-11-25 05:59:18,177 - INFO - Precision                : 0.5418
2025-11-25 05:59:18,177 - INFO - Recall                   : 0.5029
2025-11-25 05:59:18,177 - INFO - F1 Score                 : 0.4979
2025-11-25 05:59:18,178 - INFO - ==================================================
2025-11-25 06:09:16,383 - INFO - Época 49 concluída. Loss média: 2.9709
2025-11-25 06:09:16,383 - INFO - Taxa de aprendizado ajustada para: 0.010000
2025-11-25 06:09:16,386 - INFO - Iniciando inferência com o modelo ResNet...
2025-11-25 06:09:33,664 - INFO - ==================================================
2025-11-25 06:09:33,664 - INFO - EXPERIMENT RESULTS
2025-11-25 06:09:33,664 - INFO - ==================================================
2025-11-25 06:09:33,664 - INFO - Elapsed Time Seconds     : 17.2550
2025-11-25 06:09:33,664 - INFO - Cpu Usage Percent        : 3.4969
2025-11-25 06:09:33,664 - INFO - Ram Peak Usage Bytes     : 3972370432.0000
2025-11-25 06:09:33,664 - INFO - Disk Read Bytes          : 0.0000
2025-11-25 06:09:33,664 - INFO - Disk Write Bytes         : 851968.0000
2025-11-25 06:09:33,664 - INFO - Vram Peak Usage Bytes    : 2840555052.0000
2025-11-25 06:09:33,664 - INFO - Gpu Power Watts Avg      : 319.8899
2025-11-25 06:09:33,664 - INFO - Gpu Power Watts Peak     : 329.6400
2025-11-25 06:09:33,664 - INFO - Gpu Temp Celsius Avg     : 63.4678
2025-11-25 06:09:33,664 - INFO - Gpu Temp Celsius Peak    : 65.0000
2025-11-25 06:09:33,664 - INFO - Gpu Utilization Percent Avg: 97.9357
2025-11-25 06:09:33,664 - INFO - Gpu Utilization Percent Peak: 100.0000
2025-11-25 06:09:33,664 - INFO - Gpu Mem Used Bytes Avg   : 16090595328.0000
2025-11-25 06:09:33,664 - INFO - Gpu Mem Used Bytes Peak  : 16090595328.0000
2025-11-25 06:09:33,664 - INFO - Gpu Vram Used Bytes      : 16090595328.0000
2025-11-25 06:09:33,664 - INFO - Accuracy                 : 0.5078
2025-11-25 06:09:33,664 - INFO - Precision                : 0.5491
2025-11-25 06:09:33,664 - INFO - Recall                   : 0.5078
2025-11-25 06:09:33,664 - INFO - F1 Score                 : 0.5019
2025-11-25 06:09:33,664 - INFO - ==================================================
2025-11-25 06:19:32,430 - INFO - Época 50 concluída. Loss média: 2.9668
2025-11-25 06:19:32,431 - INFO - Taxa de aprendizado ajustada para: 0.010000
2025-11-25 06:19:32,433 - INFO - Iniciando inferência com o modelo ResNet...
2025-11-25 06:19:49,623 - INFO - ==================================================
2025-11-25 06:19:49,623 - INFO - EXPERIMENT RESULTS
2025-11-25 06:19:49,623 - INFO - ==================================================
2025-11-25 06:19:49,623 - INFO - Elapsed Time Seconds     : 17.1673
2025-11-25 06:19:49,623 - INFO - Cpu Usage Percent        : 3.3312
2025-11-25 06:19:49,623 - INFO - Ram Peak Usage Bytes     : 3972767744.0000
2025-11-25 06:19:49,623 - INFO - Disk Read Bytes          : 0.0000
2025-11-25 06:19:49,623 - INFO - Disk Write Bytes         : 610304.0000
2025-11-25 06:19:49,623 - INFO - Vram Peak Usage Bytes    : 2840555052.0000
2025-11-25 06:19:49,624 - INFO - Gpu Power Watts Avg      : 322.6745
2025-11-25 06:19:49,624 - INFO - Gpu Power Watts Peak     : 330.1820
2025-11-25 06:19:49,624 - INFO - Gpu Temp Celsius Avg     : 63.5824
2025-11-25 06:19:49,624 - INFO - Gpu Temp Celsius Peak    : 66.0000
2025-11-25 06:19:49,624 - INFO - Gpu Utilization Percent Avg: 98.2471
2025-11-25 06:19:49,624 - INFO - Gpu Utilization Percent Peak: 100.0000
2025-11-25 06:19:49,624 - INFO - Gpu Mem Used Bytes Avg   : 16090595328.0000
2025-11-25 06:19:49,624 - INFO - Gpu Mem Used Bytes Peak  : 16090595328.0000
2025-11-25 06:19:49,624 - INFO - Gpu Vram Used Bytes      : 16090595328.0000
2025-11-25 06:19:49,624 - INFO - Accuracy                 : 0.5002
2025-11-25 06:19:49,624 - INFO - Precision                : 0.5454
2025-11-25 06:19:49,624 - INFO - Recall                   : 0.5002
2025-11-25 06:19:49,624 - INFO - F1 Score                 : 0.4957
2025-11-25 06:19:49,624 - INFO - ==================================================
2025-11-25 06:29:47,047 - INFO - Época 51 concluída. Loss média: 2.9556
2025-11-25 06:29:47,048 - INFO - Taxa de aprendizado ajustada para: 0.010000
2025-11-25 06:29:47,049 - INFO - Iniciando inferência com o modelo ResNet...
2025-11-25 06:30:04,288 - INFO - ==================================================
2025-11-25 06:30:04,289 - INFO - EXPERIMENT RESULTS
2025-11-25 06:30:04,289 - INFO - ==================================================
2025-11-25 06:30:04,289 - INFO - Elapsed Time Seconds     : 17.2169
2025-11-25 06:30:04,289 - INFO - Cpu Usage Percent        : 3.4969
2025-11-25 06:30:04,289 - INFO - Ram Peak Usage Bytes     : 3973169152.0000
2025-11-25 06:30:04,289 - INFO - Disk Read Bytes          : 0.0000
2025-11-25 06:30:04,289 - INFO - Disk Write Bytes         : 1097728.0000
2025-11-25 06:30:04,289 - INFO - Vram Peak Usage Bytes    : 2840555052.0000
2025-11-25 06:30:04,289 - INFO - Gpu Power Watts Avg      : 321.7319
2025-11-25 06:30:04,289 - INFO - Gpu Power Watts Peak     : 330.0740
2025-11-25 06:30:04,289 - INFO - Gpu Temp Celsius Avg     : 63.2515
2025-11-25 06:30:04,289 - INFO - Gpu Temp Celsius Peak    : 65.0000
2025-11-25 06:30:04,289 - INFO - Gpu Utilization Percent Avg: 97.6725
2025-11-25 06:30:04,289 - INFO - Gpu Utilization Percent Peak: 100.0000
2025-11-25 06:30:04,289 - INFO - Gpu Mem Used Bytes Avg   : 16090595328.0000
2025-11-25 06:30:04,289 - INFO - Gpu Mem Used Bytes Peak  : 16090595328.0000
2025-11-25 06:30:04,289 - INFO - Gpu Vram Used Bytes      : 16090595328.0000
2025-11-25 06:30:04,289 - INFO - Accuracy                 : 0.4971
2025-11-25 06:30:04,289 - INFO - Precision                : 0.5614
2025-11-25 06:30:04,289 - INFO - Recall                   : 0.4971
2025-11-25 06:30:04,289 - INFO - F1 Score                 : 0.4974
2025-11-25 06:30:04,289 - INFO - ==================================================
2025-11-25 06:40:02,353 - INFO - Época 52 concluída. Loss média: 2.9447
2025-11-25 06:40:02,354 - INFO - Taxa de aprendizado ajustada para: 0.010000
2025-11-25 06:40:02,356 - INFO - Iniciando inferência com o modelo ResNet...
2025-11-25 06:40:19,517 - INFO - ==================================================
2025-11-25 06:40:19,518 - INFO - EXPERIMENT RESULTS
2025-11-25 06:40:19,518 - INFO - ==================================================
2025-11-25 06:40:19,518 - INFO - Elapsed Time Seconds     : 17.1385
2025-11-25 06:40:19,518 - INFO - Cpu Usage Percent        : 3.3375
2025-11-25 06:40:19,518 - INFO - Ram Peak Usage Bytes     : 3973562368.0000
2025-11-25 06:40:19,518 - INFO - Disk Read Bytes          : 0.0000
2025-11-25 06:40:19,518 - INFO - Disk Write Bytes         : 1073152.0000
2025-11-25 06:40:19,518 - INFO - Vram Peak Usage Bytes    : 2840555052.0000
2025-11-25 06:40:19,518 - INFO - Gpu Power Watts Avg      : 320.4767
2025-11-25 06:40:19,518 - INFO - Gpu Power Watts Peak     : 330.0260
2025-11-25 06:40:19,518 - INFO - Gpu Temp Celsius Avg     : 63.7294
2025-11-25 06:40:19,518 - INFO - Gpu Temp Celsius Peak    : 66.0000
2025-11-25 06:40:19,518 - INFO - Gpu Utilization Percent Avg: 98.3529
2025-11-25 06:40:19,518 - INFO - Gpu Utilization Percent Peak: 100.0000
2025-11-25 06:40:19,518 - INFO - Gpu Mem Used Bytes Avg   : 16090595328.0000
2025-11-25 06:40:19,518 - INFO - Gpu Mem Used Bytes Peak  : 16090595328.0000
2025-11-25 06:40:19,518 - INFO - Gpu Vram Used Bytes      : 16090595328.0000
2025-11-25 06:40:19,518 - INFO - Accuracy                 : 0.4998
2025-11-25 06:40:19,518 - INFO - Precision                : 0.5448
2025-11-25 06:40:19,518 - INFO - Recall                   : 0.4998
2025-11-25 06:40:19,518 - INFO - F1 Score                 : 0.4924
2025-11-25 06:40:19,518 - INFO - ==================================================
2025-11-25 06:50:17,634 - INFO - Época 53 concluída. Loss média: 2.9356
2025-11-25 06:50:17,635 - INFO - Taxa de aprendizado ajustada para: 0.010000
2025-11-25 06:50:17,637 - INFO - Iniciando inferência com o modelo ResNet...
2025-11-25 06:50:35,033 - INFO - ==================================================
2025-11-25 06:50:35,033 - INFO - EXPERIMENT RESULTS
2025-11-25 06:50:35,033 - INFO - ==================================================
2025-11-25 06:50:35,033 - INFO - Elapsed Time Seconds     : 17.3727
2025-11-25 06:50:35,033 - INFO - Cpu Usage Percent        : 3.4719
2025-11-25 06:50:35,033 - INFO - Ram Peak Usage Bytes     : 3974156288.0000
2025-11-25 06:50:35,033 - INFO - Disk Read Bytes          : 0.0000
2025-11-25 06:50:35,033 - INFO - Disk Write Bytes         : 995328.0000
2025-11-25 06:50:35,033 - INFO - Vram Peak Usage Bytes    : 2840555052.0000
2025-11-25 06:50:35,033 - INFO - Gpu Power Watts Avg      : 319.4702
2025-11-25 06:50:35,033 - INFO - Gpu Power Watts Peak     : 329.4630
2025-11-25 06:50:35,033 - INFO - Gpu Temp Celsius Avg     : 63.1395
2025-11-25 06:50:35,033 - INFO - Gpu Temp Celsius Peak    : 65.0000
2025-11-25 06:50:35,033 - INFO - Gpu Utilization Percent Avg: 97.2326
2025-11-25 06:50:35,033 - INFO - Gpu Utilization Percent Peak: 100.0000
2025-11-25 06:50:35,033 - INFO - Gpu Mem Used Bytes Avg   : 16090595328.0000
2025-11-25 06:50:35,033 - INFO - Gpu Mem Used Bytes Peak  : 16090595328.0000
2025-11-25 06:50:35,033 - INFO - Gpu Vram Used Bytes      : 16090595328.0000
2025-11-25 06:50:35,033 - INFO - Accuracy                 : 0.5109
2025-11-25 06:50:35,033 - INFO - Precision                : 0.5532
2025-11-25 06:50:35,034 - INFO - Recall                   : 0.5109
2025-11-25 06:50:35,034 - INFO - F1 Score                 : 0.5081
2025-11-25 06:50:35,034 - INFO - ==================================================
2025-11-25 07:00:33,225 - INFO - Época 54 concluída. Loss média: 2.9279
2025-11-25 07:00:33,226 - INFO - Taxa de aprendizado ajustada para: 0.010000
2025-11-25 07:00:33,228 - INFO - Iniciando inferência com o modelo ResNet...
2025-11-25 07:00:50,514 - INFO - ==================================================
2025-11-25 07:00:50,515 - INFO - EXPERIMENT RESULTS
2025-11-25 07:00:50,515 - INFO - ==================================================
2025-11-25 07:00:50,515 - INFO - Elapsed Time Seconds     : 17.2632
2025-11-25 07:00:50,515 - INFO - Cpu Usage Percent        : 3.4344
2025-11-25 07:00:50,515 - INFO - Ram Peak Usage Bytes     : 3976552448.0000
2025-11-25 07:00:50,515 - INFO - Disk Read Bytes          : 0.0000
2025-11-25 07:00:50,515 - INFO - Disk Write Bytes         : 667648.0000
2025-11-25 07:00:50,515 - INFO - Vram Peak Usage Bytes    : 2840555052.0000
2025-11-25 07:00:50,515 - INFO - Gpu Power Watts Avg      : 319.1775
2025-11-25 07:00:50,515 - INFO - Gpu Power Watts Peak     : 328.4560
2025-11-25 07:00:50,515 - INFO - Gpu Temp Celsius Avg     : 63.4327
2025-11-25 07:00:50,515 - INFO - Gpu Temp Celsius Peak    : 65.0000
2025-11-25 07:00:50,515 - INFO - Gpu Utilization Percent Avg: 98.0409
2025-11-25 07:00:50,515 - INFO - Gpu Utilization Percent Peak: 100.0000
2025-11-25 07:00:50,515 - INFO - Gpu Mem Used Bytes Avg   : 16090595328.0000
2025-11-25 07:00:50,515 - INFO - Gpu Mem Used Bytes Peak  : 16090595328.0000
2025-11-25 07:00:50,515 - INFO - Gpu Vram Used Bytes      : 16090595328.0000
2025-11-25 07:00:50,515 - INFO - Accuracy                 : 0.5198
2025-11-25 07:00:50,515 - INFO - Precision                : 0.5575
2025-11-25 07:00:50,515 - INFO - Recall                   : 0.5198
2025-11-25 07:00:50,515 - INFO - F1 Score                 : 0.5165
2025-11-25 07:00:50,515 - INFO - ==================================================
2025-11-25 07:10:48,702 - INFO - Época 55 concluída. Loss média: 2.9236
2025-11-25 07:10:48,702 - INFO - Taxa de aprendizado ajustada para: 0.010000
2025-11-25 07:10:48,705 - INFO - Iniciando inferência com o modelo ResNet...
2025-11-25 07:11:06,096 - INFO - ==================================================
2025-11-25 07:11:06,096 - INFO - EXPERIMENT RESULTS
2025-11-25 07:11:06,096 - INFO - ==================================================
2025-11-25 07:11:06,096 - INFO - Elapsed Time Seconds     : 17.3682
2025-11-25 07:11:06,096 - INFO - Cpu Usage Percent        : 3.4750
2025-11-25 07:11:06,096 - INFO - Ram Peak Usage Bytes     : 3976994816.0000
2025-11-25 07:11:06,096 - INFO - Disk Read Bytes          : 0.0000
2025-11-25 07:11:06,096 - INFO - Disk Write Bytes         : 1204224.0000
2025-11-25 07:11:06,096 - INFO - Vram Peak Usage Bytes    : 2840555052.0000
2025-11-25 07:11:06,096 - INFO - Gpu Power Watts Avg      : 318.7437
2025-11-25 07:11:06,096 - INFO - Gpu Power Watts Peak     : 329.5340
2025-11-25 07:11:06,096 - INFO - Gpu Temp Celsius Avg     : 63.0465
2025-11-25 07:11:06,096 - INFO - Gpu Temp Celsius Peak    : 65.0000
2025-11-25 07:11:06,096 - INFO - Gpu Utilization Percent Avg: 97.0930
2025-11-25 07:11:06,096 - INFO - Gpu Utilization Percent Peak: 100.0000
2025-11-25 07:11:06,096 - INFO - Gpu Mem Used Bytes Avg   : 16090595328.0000
2025-11-25 07:11:06,096 - INFO - Gpu Mem Used Bytes Peak  : 16090595328.0000
2025-11-25 07:11:06,096 - INFO - Gpu Vram Used Bytes      : 16090595328.0000
2025-11-25 07:11:06,096 - INFO - Accuracy                 : 0.5153
2025-11-25 07:11:06,096 - INFO - Precision                : 0.5521
2025-11-25 07:11:06,097 - INFO - Recall                   : 0.5153
2025-11-25 07:11:06,097 - INFO - F1 Score                 : 0.5149
2025-11-25 07:11:06,097 - INFO - ==================================================
2025-11-25 07:21:04,270 - INFO - Época 56 concluída. Loss média: 2.9142
2025-11-25 07:21:04,271 - INFO - Taxa de aprendizado ajustada para: 0.010000
2025-11-25 07:21:04,273 - INFO - Iniciando inferência com o modelo ResNet...
2025-11-25 07:21:21,565 - INFO - ==================================================
2025-11-25 07:21:21,565 - INFO - EXPERIMENT RESULTS
2025-11-25 07:21:21,565 - INFO - ==================================================
2025-11-25 07:21:21,565 - INFO - Elapsed Time Seconds     : 17.2693
2025-11-25 07:21:21,565 - INFO - Cpu Usage Percent        : 3.3219
2025-11-25 07:21:21,565 - INFO - Ram Peak Usage Bytes     : 3977502720.0000
2025-11-25 07:21:21,565 - INFO - Disk Read Bytes          : 0.0000
2025-11-25 07:21:21,565 - INFO - Disk Write Bytes         : 1073152.0000
2025-11-25 07:21:21,565 - INFO - Vram Peak Usage Bytes    : 2840555052.0000
2025-11-25 07:21:21,565 - INFO - Gpu Power Watts Avg      : 319.7263
2025-11-25 07:21:21,565 - INFO - Gpu Power Watts Peak     : 329.1800
2025-11-25 07:21:21,565 - INFO - Gpu Temp Celsius Avg     : 63.1930
2025-11-25 07:21:21,565 - INFO - Gpu Temp Celsius Peak    : 65.0000
2025-11-25 07:21:21,566 - INFO - Gpu Utilization Percent Avg: 98.0585
2025-11-25 07:21:21,566 - INFO - Gpu Utilization Percent Peak: 100.0000
2025-11-25 07:21:21,566 - INFO - Gpu Mem Used Bytes Avg   : 16090595328.0000
2025-11-25 07:21:21,566 - INFO - Gpu Mem Used Bytes Peak  : 16090595328.0000
2025-11-25 07:21:21,566 - INFO - Gpu Vram Used Bytes      : 16090595328.0000
2025-11-25 07:21:21,566 - INFO - Accuracy                 : 0.5126
2025-11-25 07:21:21,566 - INFO - Precision                : 0.5499
2025-11-25 07:21:21,566 - INFO - Recall                   : 0.5126
2025-11-25 07:21:21,566 - INFO - F1 Score                 : 0.5071
2025-11-25 07:21:21,566 - INFO - ==================================================
2025-11-25 07:31:20,041 - INFO - Época 57 concluída. Loss média: 2.9072
2025-11-25 07:31:20,042 - INFO - Taxa de aprendizado ajustada para: 0.010000
2025-11-25 07:31:20,044 - INFO - Iniciando inferência com o modelo ResNet...
2025-11-25 07:31:37,212 - INFO - ==================================================
2025-11-25 07:31:37,213 - INFO - EXPERIMENT RESULTS
2025-11-25 07:31:37,213 - INFO - ==================================================
2025-11-25 07:31:37,213 - INFO - Elapsed Time Seconds     : 17.1449
2025-11-25 07:31:37,213 - INFO - Cpu Usage Percent        : 3.3312
2025-11-25 07:31:37,213 - INFO - Ram Peak Usage Bytes     : 3977900032.0000
2025-11-25 07:31:37,213 - INFO - Disk Read Bytes          : 0.0000
2025-11-25 07:31:37,213 - INFO - Disk Write Bytes         : 1073152.0000
2025-11-25 07:31:37,213 - INFO - Vram Peak Usage Bytes    : 2840555052.0000
2025-11-25 07:31:37,213 - INFO - Gpu Power Watts Avg      : 322.8454
2025-11-25 07:31:37,213 - INFO - Gpu Power Watts Peak     : 330.2970
2025-11-25 07:31:37,213 - INFO - Gpu Temp Celsius Avg     : 63.9000
2025-11-25 07:31:37,213 - INFO - Gpu Temp Celsius Peak    : 66.0000
2025-11-25 07:31:37,213 - INFO - Gpu Utilization Percent Avg: 98.1529
2025-11-25 07:31:37,213 - INFO - Gpu Utilization Percent Peak: 100.0000
2025-11-25 07:31:37,213 - INFO - Gpu Mem Used Bytes Avg   : 16090595328.0000
2025-11-25 07:31:37,213 - INFO - Gpu Mem Used Bytes Peak  : 16090595328.0000
2025-11-25 07:31:37,213 - INFO - Gpu Vram Used Bytes      : 16090595328.0000
2025-11-25 07:31:37,213 - INFO - Accuracy                 : 0.5083
2025-11-25 07:31:37,213 - INFO - Precision                : 0.5593
2025-11-25 07:31:37,213 - INFO - Recall                   : 0.5083
2025-11-25 07:31:37,213 - INFO - F1 Score                 : 0.5066
2025-11-25 07:31:37,213 - INFO - ==================================================
2025-11-25 07:41:35,459 - INFO - Época 58 concluída. Loss média: 2.8998
2025-11-25 07:41:35,460 - INFO - Taxa de aprendizado ajustada para: 0.010000
2025-11-25 07:41:35,462 - INFO - Iniciando inferência com o modelo ResNet...
2025-11-25 07:41:52,659 - INFO - ==================================================
2025-11-25 07:41:52,659 - INFO - EXPERIMENT RESULTS
2025-11-25 07:41:52,659 - INFO - ==================================================
2025-11-25 07:41:52,659 - INFO - Elapsed Time Seconds     : 17.1732
2025-11-25 07:41:52,659 - INFO - Cpu Usage Percent        : 3.5250
2025-11-25 07:41:52,659 - INFO - Ram Peak Usage Bytes     : 3978338304.0000
2025-11-25 07:41:52,659 - INFO - Disk Read Bytes          : 0.0000
2025-11-25 07:41:52,659 - INFO - Disk Write Bytes         : 909312.0000
2025-11-25 07:41:52,659 - INFO - Vram Peak Usage Bytes    : 2840555052.0000
2025-11-25 07:41:52,659 - INFO - Gpu Power Watts Avg      : 321.9631
2025-11-25 07:41:52,659 - INFO - Gpu Power Watts Peak     : 329.1480
2025-11-25 07:41:52,659 - INFO - Gpu Temp Celsius Avg     : 63.2118
2025-11-25 07:41:52,659 - INFO - Gpu Temp Celsius Peak    : 65.0000
2025-11-25 07:41:52,659 - INFO - Gpu Utilization Percent Avg: 98.4176
2025-11-25 07:41:52,659 - INFO - Gpu Utilization Percent Peak: 100.0000
2025-11-25 07:41:52,659 - INFO - Gpu Mem Used Bytes Avg   : 16090595328.0000
2025-11-25 07:41:52,659 - INFO - Gpu Mem Used Bytes Peak  : 16090595328.0000
2025-11-25 07:41:52,659 - INFO - Gpu Vram Used Bytes      : 16090595328.0000
2025-11-25 07:41:52,659 - INFO - Accuracy                 : 0.5098
2025-11-25 07:41:52,659 - INFO - Precision                : 0.5582
2025-11-25 07:41:52,659 - INFO - Recall                   : 0.5098
2025-11-25 07:41:52,659 - INFO - F1 Score                 : 0.5029
2025-11-25 07:41:52,659 - INFO - ==================================================
2025-11-25 07:51:51,179 - INFO - Época 59 concluída. Loss média: 2.8941
2025-11-25 07:51:51,179 - INFO - Taxa de aprendizado ajustada para: 0.010000
2025-11-25 07:51:51,181 - INFO - Iniciando inferência com o modelo ResNet...
2025-11-25 07:52:08,451 - INFO - ==================================================
2025-11-25 07:52:08,451 - INFO - EXPERIMENT RESULTS
2025-11-25 07:52:08,451 - INFO - ==================================================
2025-11-25 07:52:08,451 - INFO - Elapsed Time Seconds     : 17.2463
2025-11-25 07:52:08,451 - INFO - Cpu Usage Percent        : 3.3219
2025-11-25 07:52:08,451 - INFO - Ram Peak Usage Bytes     : 3978788864.0000
2025-11-25 07:52:08,451 - INFO - Disk Read Bytes          : 0.0000
2025-11-25 07:52:08,451 - INFO - Disk Write Bytes         : 970752.0000
2025-11-25 07:52:08,451 - INFO - Vram Peak Usage Bytes    : 2840555052.0000
2025-11-25 07:52:08,451 - INFO - Gpu Power Watts Avg      : 319.3691
2025-11-25 07:52:08,451 - INFO - Gpu Power Watts Peak     : 328.0560
2025-11-25 07:52:08,451 - INFO - Gpu Temp Celsius Avg     : 63.3509
2025-11-25 07:52:08,451 - INFO - Gpu Temp Celsius Peak    : 65.0000
2025-11-25 07:52:08,451 - INFO - Gpu Utilization Percent Avg: 98.2105
2025-11-25 07:52:08,451 - INFO - Gpu Utilization Percent Peak: 100.0000
2025-11-25 07:52:08,451 - INFO - Gpu Mem Used Bytes Avg   : 16090595328.0000
2025-11-25 07:52:08,451 - INFO - Gpu Mem Used Bytes Peak  : 16090595328.0000
2025-11-25 07:52:08,451 - INFO - Gpu Vram Used Bytes      : 16090595328.0000
2025-11-25 07:52:08,451 - INFO - Accuracy                 : 0.5218
2025-11-25 07:52:08,451 - INFO - Precision                : 0.5586
2025-11-25 07:52:08,451 - INFO - Recall                   : 0.5218
2025-11-25 07:52:08,451 - INFO - F1 Score                 : 0.5158
2025-11-25 07:52:08,451 - INFO - ==================================================
2025-11-25 08:02:06,749 - INFO - Época 60 concluída. Loss média: 2.8842
2025-11-25 08:02:06,749 - INFO - Taxa de aprendizado ajustada para: 0.001000
2025-11-25 08:02:06,752 - INFO - Iniciando inferência com o modelo ResNet...
2025-11-25 08:02:24,144 - INFO - ==================================================
2025-11-25 08:02:24,144 - INFO - EXPERIMENT RESULTS
2025-11-25 08:02:24,144 - INFO - ==================================================
2025-11-25 08:02:24,144 - INFO - Elapsed Time Seconds     : 17.3690
2025-11-25 08:02:24,144 - INFO - Cpu Usage Percent        : 3.4625
2025-11-25 08:02:24,144 - INFO - Ram Peak Usage Bytes     : 3981864960.0000
2025-11-25 08:02:24,144 - INFO - Disk Read Bytes          : 0.0000
2025-11-25 08:02:24,144 - INFO - Disk Write Bytes         : 1011712.0000
2025-11-25 08:02:24,144 - INFO - Vram Peak Usage Bytes    : 2840555052.0000
2025-11-25 08:02:24,144 - INFO - Gpu Power Watts Avg      : 318.9844
2025-11-25 08:02:24,144 - INFO - Gpu Power Watts Peak     : 330.3100
2025-11-25 08:02:24,144 - INFO - Gpu Temp Celsius Avg     : 63.5756
2025-11-25 08:02:24,144 - INFO - Gpu Temp Celsius Peak    : 66.0000
2025-11-25 08:02:24,145 - INFO - Gpu Utilization Percent Avg: 96.7093
2025-11-25 08:02:24,145 - INFO - Gpu Utilization Percent Peak: 100.0000
2025-11-25 08:02:24,145 - INFO - Gpu Mem Used Bytes Avg   : 16090595328.0000
2025-11-25 08:02:24,145 - INFO - Gpu Mem Used Bytes Peak  : 16090595328.0000
2025-11-25 08:02:24,145 - INFO - Gpu Vram Used Bytes      : 16090595328.0000
2025-11-25 08:02:24,145 - INFO - Accuracy                 : 0.5195
2025-11-25 08:02:24,145 - INFO - Precision                : 0.5606
2025-11-25 08:02:24,145 - INFO - Recall                   : 0.5195
2025-11-25 08:02:24,145 - INFO - F1 Score                 : 0.5154
2025-11-25 08:02:24,145 - INFO - ==================================================
2025-11-25 08:12:22,401 - INFO - Época 61 concluída. Loss média: 2.6259
2025-11-25 08:12:22,401 - INFO - Taxa de aprendizado ajustada para: 0.001000
2025-11-25 08:12:22,403 - INFO - Iniciando inferência com o modelo ResNet...
2025-11-25 08:12:39,674 - INFO - ==================================================
2025-11-25 08:12:39,674 - INFO - EXPERIMENT RESULTS
2025-11-25 08:12:39,674 - INFO - ==================================================
2025-11-25 08:12:39,674 - INFO - Elapsed Time Seconds     : 17.2480
2025-11-25 08:12:39,674 - INFO - Cpu Usage Percent        : 3.3250
2025-11-25 08:12:39,674 - INFO - Ram Peak Usage Bytes     : 3982483456.0000
2025-11-25 08:12:39,674 - INFO - Disk Read Bytes          : 0.0000
2025-11-25 08:12:39,674 - INFO - Disk Write Bytes         : 831488.0000
2025-11-25 08:12:39,674 - INFO - Vram Peak Usage Bytes    : 2840555052.0000
2025-11-25 08:12:39,675 - INFO - Gpu Power Watts Avg      : 320.1008
2025-11-25 08:12:39,675 - INFO - Gpu Power Watts Peak     : 329.2380
2025-11-25 08:12:39,675 - INFO - Gpu Temp Celsius Avg     : 63.3801
2025-11-25 08:12:39,675 - INFO - Gpu Temp Celsius Peak    : 66.0000
2025-11-25 08:12:39,675 - INFO - Gpu Utilization Percent Avg: 97.3743
2025-11-25 08:12:39,675 - INFO - Gpu Utilization Percent Peak: 100.0000
2025-11-25 08:12:39,675 - INFO - Gpu Mem Used Bytes Avg   : 16090595328.0000
2025-11-25 08:12:39,675 - INFO - Gpu Mem Used Bytes Peak  : 16090595328.0000
2025-11-25 08:12:39,675 - INFO - Gpu Vram Used Bytes      : 16090595328.0000
2025-11-25 08:12:39,675 - INFO - Accuracy                 : 0.5978
2025-11-25 08:12:39,675 - INFO - Precision                : 0.6014
2025-11-25 08:12:39,675 - INFO - Recall                   : 0.5978
2025-11-25 08:12:39,675 - INFO - F1 Score                 : 0.5930
2025-11-25 08:12:39,675 - INFO - ==================================================
2025-11-25 08:22:37,140 - INFO - Época 62 concluída. Loss média: 2.5540
2025-11-25 08:22:37,140 - INFO - Taxa de aprendizado ajustada para: 0.001000
2025-11-25 08:22:37,141 - INFO - Iniciando inferência com o modelo ResNet...
2025-11-25 08:22:54,303 - INFO - ==================================================
2025-11-25 08:22:54,303 - INFO - EXPERIMENT RESULTS
2025-11-25 08:22:54,303 - INFO - ==================================================
2025-11-25 08:22:54,303 - INFO - Elapsed Time Seconds     : 17.1398
2025-11-25 08:22:54,303 - INFO - Cpu Usage Percent        : 3.3250
2025-11-25 08:22:54,303 - INFO - Ram Peak Usage Bytes     : 3982733312.0000
2025-11-25 08:22:54,303 - INFO - Disk Read Bytes          : 0.0000
2025-11-25 08:22:54,304 - INFO - Disk Write Bytes         : 884736.0000
2025-11-25 08:22:54,304 - INFO - Vram Peak Usage Bytes    : 2840555052.0000
2025-11-25 08:22:54,304 - INFO - Gpu Power Watts Avg      : 322.8821
2025-11-25 08:22:54,304 - INFO - Gpu Power Watts Peak     : 328.9410
2025-11-25 08:22:54,304 - INFO - Gpu Temp Celsius Avg     : 63.5176
2025-11-25 08:22:54,304 - INFO - Gpu Temp Celsius Peak    : 65.0000
2025-11-25 08:22:54,304 - INFO - Gpu Utilization Percent Avg: 98.6824
2025-11-25 08:22:54,304 - INFO - Gpu Utilization Percent Peak: 100.0000
2025-11-25 08:22:54,304 - INFO - Gpu Mem Used Bytes Avg   : 16090595328.0000
2025-11-25 08:22:54,304 - INFO - Gpu Mem Used Bytes Peak  : 16090595328.0000
2025-11-25 08:22:54,304 - INFO - Gpu Vram Used Bytes      : 16090595328.0000
2025-11-25 08:22:54,304 - INFO - Accuracy                 : 0.6069
2025-11-25 08:22:54,304 - INFO - Precision                : 0.6103
2025-11-25 08:22:54,304 - INFO - Recall                   : 0.6069
2025-11-25 08:22:54,304 - INFO - F1 Score                 : 0.6028
2025-11-25 08:22:54,304 - INFO - ==================================================
2025-11-25 08:32:52,604 - INFO - Época 63 concluída. Loss média: 2.5230
2025-11-25 08:32:52,604 - INFO - Taxa de aprendizado ajustada para: 0.001000
2025-11-25 08:32:52,606 - INFO - Iniciando inferência com o modelo ResNet...
2025-11-25 08:33:09,808 - INFO - ==================================================
2025-11-25 08:33:09,808 - INFO - EXPERIMENT RESULTS
2025-11-25 08:33:09,808 - INFO - ==================================================
2025-11-25 08:33:09,808 - INFO - Elapsed Time Seconds     : 17.1779
2025-11-25 08:33:09,808 - INFO - Cpu Usage Percent        : 3.3469
2025-11-25 08:33:09,808 - INFO - Ram Peak Usage Bytes     : 3983175680.0000
2025-11-25 08:33:09,808 - INFO - Disk Read Bytes          : 0.0000
2025-11-25 08:33:09,808 - INFO - Disk Write Bytes         : 598016.0000
2025-11-25 08:33:09,808 - INFO - Vram Peak Usage Bytes    : 2840555052.0000
2025-11-25 08:33:09,808 - INFO - Gpu Power Watts Avg      : 321.0512
2025-11-25 08:33:09,808 - INFO - Gpu Power Watts Peak     : 328.6050
2025-11-25 08:33:09,808 - INFO - Gpu Temp Celsius Avg     : 63.2882
2025-11-25 08:33:09,808 - INFO - Gpu Temp Celsius Peak    : 65.0000
2025-11-25 08:33:09,808 - INFO - Gpu Utilization Percent Avg: 98.0235
2025-11-25 08:33:09,808 - INFO - Gpu Utilization Percent Peak: 100.0000
2025-11-25 08:33:09,808 - INFO - Gpu Mem Used Bytes Avg   : 16090595328.0000
2025-11-25 08:33:09,808 - INFO - Gpu Mem Used Bytes Peak  : 16090595328.0000
2025-11-25 08:33:09,808 - INFO - Gpu Vram Used Bytes      : 16090595328.0000
2025-11-25 08:33:09,808 - INFO - Accuracy                 : 0.6104
2025-11-25 08:33:09,808 - INFO - Precision                : 0.6112
2025-11-25 08:33:09,808 - INFO - Recall                   : 0.6104
2025-11-25 08:33:09,808 - INFO - F1 Score                 : 0.6055
2025-11-25 08:33:09,808 - INFO - ==================================================
2025-11-25 08:43:08,152 - INFO - Época 64 concluída. Loss média: 2.5098
2025-11-25 08:43:08,153 - INFO - Taxa de aprendizado ajustada para: 0.001000
2025-11-25 08:43:08,155 - INFO - Iniciando inferência com o modelo ResNet...
2025-11-25 08:43:25,356 - INFO - ==================================================
2025-11-25 08:43:25,356 - INFO - EXPERIMENT RESULTS
2025-11-25 08:43:25,356 - INFO - ==================================================
2025-11-25 08:43:25,356 - INFO - Elapsed Time Seconds     : 17.1773
2025-11-25 08:43:25,356 - INFO - Cpu Usage Percent        : 3.3344
2025-11-25 08:43:25,356 - INFO - Ram Peak Usage Bytes     : 3983679488.0000
2025-11-25 08:43:25,356 - INFO - Disk Read Bytes          : 0.0000
2025-11-25 08:43:25,356 - INFO - Disk Write Bytes         : 598016.0000
2025-11-25 08:43:25,356 - INFO - Vram Peak Usage Bytes    : 2840555052.0000
2025-11-25 08:43:25,356 - INFO - Gpu Power Watts Avg      : 319.8672
2025-11-25 08:43:25,356 - INFO - Gpu Power Watts Peak     : 329.6240
2025-11-25 08:43:25,356 - INFO - Gpu Temp Celsius Avg     : 63.4765
2025-11-25 08:43:25,356 - INFO - Gpu Temp Celsius Peak    : 65.0000
2025-11-25 08:43:25,356 - INFO - Gpu Utilization Percent Avg: 98.2118
2025-11-25 08:43:25,356 - INFO - Gpu Utilization Percent Peak: 100.0000
2025-11-25 08:43:25,357 - INFO - Gpu Mem Used Bytes Avg   : 16090595328.0000
2025-11-25 08:43:25,357 - INFO - Gpu Mem Used Bytes Peak  : 16090595328.0000
2025-11-25 08:43:25,357 - INFO - Gpu Vram Used Bytes      : 16090595328.0000
2025-11-25 08:43:25,357 - INFO - Accuracy                 : 0.6090
2025-11-25 08:43:25,357 - INFO - Precision                : 0.6121
2025-11-25 08:43:25,357 - INFO - Recall                   : 0.6090
2025-11-25 08:43:25,357 - INFO - F1 Score                 : 0.6054
2025-11-25 08:43:25,357 - INFO - ==================================================
2025-11-25 08:53:23,556 - INFO - Época 65 concluída. Loss média: 2.4838
2025-11-25 08:53:23,557 - INFO - Taxa de aprendizado ajustada para: 0.001000
2025-11-25 08:53:23,559 - INFO - Iniciando inferência com o modelo ResNet...
2025-11-25 08:53:40,833 - INFO - ==================================================
2025-11-25 08:53:40,833 - INFO - EXPERIMENT RESULTS
2025-11-25 08:53:40,833 - INFO - ==================================================
2025-11-25 08:53:40,833 - INFO - Elapsed Time Seconds     : 17.2508
2025-11-25 08:53:40,833 - INFO - Cpu Usage Percent        : 3.5063
2025-11-25 08:53:40,833 - INFO - Ram Peak Usage Bytes     : 3984060416.0000
2025-11-25 08:53:40,833 - INFO - Disk Read Bytes          : 0.0000
2025-11-25 08:53:40,833 - INFO - Disk Write Bytes         : 1077248.0000
2025-11-25 08:53:40,833 - INFO - Vram Peak Usage Bytes    : 2840555052.0000
2025-11-25 08:53:40,833 - INFO - Gpu Power Watts Avg      : 318.1002
2025-11-25 08:53:40,833 - INFO - Gpu Power Watts Peak     : 328.6730
2025-11-25 08:53:40,833 - INFO - Gpu Temp Celsius Avg     : 63.2105
2025-11-25 08:53:40,833 - INFO - Gpu Temp Celsius Peak    : 65.0000
2025-11-25 08:53:40,833 - INFO - Gpu Utilization Percent Avg: 97.9123
2025-11-25 08:53:40,833 - INFO - Gpu Utilization Percent Peak: 100.0000
2025-11-25 08:53:40,833 - INFO - Gpu Mem Used Bytes Avg   : 16090595328.0000
2025-11-25 08:53:40,833 - INFO - Gpu Mem Used Bytes Peak  : 16090595328.0000
2025-11-25 08:53:40,833 - INFO - Gpu Vram Used Bytes      : 16090595328.0000
2025-11-25 08:53:40,833 - INFO - Accuracy                 : 0.6138
2025-11-25 08:53:40,833 - INFO - Precision                : 0.6178
2025-11-25 08:53:40,833 - INFO - Recall                   : 0.6138
2025-11-25 08:53:40,833 - INFO - F1 Score                 : 0.6101
2025-11-25 08:53:40,833 - INFO - ==================================================
2025-11-25 09:03:39,146 - INFO - Época 66 concluída. Loss média: 2.4700
2025-11-25 09:03:39,147 - INFO - Taxa de aprendizado ajustada para: 0.001000
2025-11-25 09:03:39,149 - INFO - Iniciando inferência com o modelo ResNet...
2025-11-25 09:03:56,329 - INFO - ==================================================
2025-11-25 09:03:56,329 - INFO - EXPERIMENT RESULTS
2025-11-25 09:03:56,329 - INFO - ==================================================
2025-11-25 09:03:56,329 - INFO - Elapsed Time Seconds     : 17.1572
2025-11-25 09:03:56,329 - INFO - Cpu Usage Percent        : 3.3312
2025-11-25 09:03:56,329 - INFO - Ram Peak Usage Bytes     : 3984502784.0000
2025-11-25 09:03:56,329 - INFO - Disk Read Bytes          : 0.0000
2025-11-25 09:03:56,329 - INFO - Disk Write Bytes         : 618496.0000
2025-11-25 09:03:56,329 - INFO - Vram Peak Usage Bytes    : 2840555052.0000
2025-11-25 09:03:56,329 - INFO - Gpu Power Watts Avg      : 322.6988
2025-11-25 09:03:56,329 - INFO - Gpu Power Watts Peak     : 330.1300
2025-11-25 09:03:56,329 - INFO - Gpu Temp Celsius Avg     : 63.4765
2025-11-25 09:03:56,329 - INFO - Gpu Temp Celsius Peak    : 66.0000
2025-11-25 09:03:56,329 - INFO - Gpu Utilization Percent Avg: 98.5941
2025-11-25 09:03:56,329 - INFO - Gpu Utilization Percent Peak: 100.0000
2025-11-25 09:03:56,329 - INFO - Gpu Mem Used Bytes Avg   : 16090595328.0000
2025-11-25 09:03:56,329 - INFO - Gpu Mem Used Bytes Peak  : 16090595328.0000
2025-11-25 09:03:56,329 - INFO - Gpu Vram Used Bytes      : 16090595328.0000
2025-11-25 09:03:56,329 - INFO - Accuracy                 : 0.6157
2025-11-25 09:03:56,329 - INFO - Precision                : 0.6173
2025-11-25 09:03:56,329 - INFO - Recall                   : 0.6157
2025-11-25 09:03:56,329 - INFO - F1 Score                 : 0.6109
2025-11-25 09:03:56,329 - INFO - ==================================================
2025-11-25 09:13:54,631 - INFO - Época 67 concluída. Loss média: 2.4537
2025-11-25 09:13:54,632 - INFO - Taxa de aprendizado ajustada para: 0.001000
2025-11-25 09:13:54,634 - INFO - Iniciando inferência com o modelo ResNet...
2025-11-25 09:14:11,800 - INFO - ==================================================
2025-11-25 09:14:11,800 - INFO - EXPERIMENT RESULTS
2025-11-25 09:14:11,800 - INFO - ==================================================
2025-11-25 09:14:11,800 - INFO - Elapsed Time Seconds     : 17.1429
2025-11-25 09:14:11,800 - INFO - Cpu Usage Percent        : 3.3312
2025-11-25 09:14:11,800 - INFO - Ram Peak Usage Bytes     : 3984941056.0000
2025-11-25 09:14:11,800 - INFO - Disk Read Bytes          : 0.0000
2025-11-25 09:14:11,800 - INFO - Disk Write Bytes         : 634880.0000
2025-11-25 09:14:11,800 - INFO - Vram Peak Usage Bytes    : 2840555052.0000
2025-11-25 09:14:11,800 - INFO - Gpu Power Watts Avg      : 321.5357
2025-11-25 09:14:11,800 - INFO - Gpu Power Watts Peak     : 329.0950
2025-11-25 09:14:11,800 - INFO - Gpu Temp Celsius Avg     : 63.0824
2025-11-25 09:14:11,800 - INFO - Gpu Temp Celsius Peak    : 65.0000
2025-11-25 09:14:11,800 - INFO - Gpu Utilization Percent Avg: 98.2471
2025-11-25 09:14:11,800 - INFO - Gpu Utilization Percent Peak: 100.0000
2025-11-25 09:14:11,800 - INFO - Gpu Mem Used Bytes Avg   : 16090595328.0000
2025-11-25 09:14:11,800 - INFO - Gpu Mem Used Bytes Peak  : 16090595328.0000
2025-11-25 09:14:11,800 - INFO - Gpu Vram Used Bytes      : 16090595328.0000
2025-11-25 09:14:11,800 - INFO - Accuracy                 : 0.6191
2025-11-25 09:14:11,800 - INFO - Precision                : 0.6221
2025-11-25 09:14:11,800 - INFO - Recall                   : 0.6191
2025-11-25 09:14:11,800 - INFO - F1 Score                 : 0.6148
2025-11-25 09:14:11,800 - INFO - ==================================================
2025-11-25 09:24:09,785 - INFO - Época 68 concluída. Loss média: 2.4377
2025-11-25 09:24:09,786 - INFO - Taxa de aprendizado ajustada para: 0.001000
2025-11-25 09:24:09,788 - INFO - Iniciando inferência com o modelo ResNet...
2025-11-25 09:24:27,045 - INFO - ==================================================
2025-11-25 09:24:27,045 - INFO - EXPERIMENT RESULTS
2025-11-25 09:24:27,046 - INFO - ==================================================
2025-11-25 09:24:27,046 - INFO - Elapsed Time Seconds     : 17.2344
2025-11-25 09:24:27,046 - INFO - Cpu Usage Percent        : 3.3219
2025-11-25 09:24:27,046 - INFO - Ram Peak Usage Bytes     : 3985354752.0000
2025-11-25 09:24:27,046 - INFO - Disk Read Bytes          : 0.0000
2025-11-25 09:24:27,046 - INFO - Disk Write Bytes         : 602112.0000
2025-11-25 09:24:27,046 - INFO - Vram Peak Usage Bytes    : 2840555052.0000
2025-11-25 09:24:27,046 - INFO - Gpu Power Watts Avg      : 319.4667
2025-11-25 09:24:27,046 - INFO - Gpu Power Watts Peak     : 328.6770
2025-11-25 09:24:27,046 - INFO - Gpu Temp Celsius Avg     : 63.3099
2025-11-25 09:24:27,046 - INFO - Gpu Temp Celsius Peak    : 65.0000
2025-11-25 09:24:27,046 - INFO - Gpu Utilization Percent Avg: 98.0409
2025-11-25 09:24:27,046 - INFO - Gpu Utilization Percent Peak: 100.0000
2025-11-25 09:24:27,046 - INFO - Gpu Mem Used Bytes Avg   : 16090595328.0000
2025-11-25 09:24:27,046 - INFO - Gpu Mem Used Bytes Peak  : 16090595328.0000
2025-11-25 09:24:27,046 - INFO - Gpu Vram Used Bytes      : 16090595328.0000
2025-11-25 09:24:27,046 - INFO - Accuracy                 : 0.6206
2025-11-25 09:24:27,046 - INFO - Precision                : 0.6216
2025-11-25 09:24:27,046 - INFO - Recall                   : 0.6206
2025-11-25 09:24:27,046 - INFO - F1 Score                 : 0.6164
2025-11-25 09:24:27,046 - INFO - ==================================================
2025-11-25 09:34:25,136 - INFO - Época 69 concluída. Loss média: 2.4308
2025-11-25 09:34:25,136 - INFO - Taxa de aprendizado ajustada para: 0.001000
2025-11-25 09:34:25,139 - INFO - Iniciando inferência com o modelo ResNet...
2025-11-25 09:34:42,412 - INFO - ==================================================
2025-11-25 09:34:42,412 - INFO - EXPERIMENT RESULTS
2025-11-25 09:34:42,412 - INFO - ==================================================
2025-11-25 09:34:42,412 - INFO - Elapsed Time Seconds     : 17.2506
2025-11-25 09:34:42,412 - INFO - Cpu Usage Percent        : 3.4062
2025-11-25 09:34:42,412 - INFO - Ram Peak Usage Bytes     : 3985747968.0000
2025-11-25 09:34:42,412 - INFO - Disk Read Bytes          : 0.0000
2025-11-25 09:34:42,412 - INFO - Disk Write Bytes         : 1032192.0000
2025-11-25 09:34:42,412 - INFO - Vram Peak Usage Bytes    : 2840555052.0000
2025-11-25 09:34:42,412 - INFO - Gpu Power Watts Avg      : 320.9331
2025-11-25 09:34:42,412 - INFO - Gpu Power Watts Peak     : 329.8340
2025-11-25 09:34:42,412 - INFO - Gpu Temp Celsius Avg     : 63.3860
2025-11-25 09:34:42,412 - INFO - Gpu Temp Celsius Peak    : 65.0000
2025-11-25 09:34:42,412 - INFO - Gpu Utilization Percent Avg: 97.7661
2025-11-25 09:34:42,412 - INFO - Gpu Utilization Percent Peak: 100.0000
2025-11-25 09:34:42,412 - INFO - Gpu Mem Used Bytes Avg   : 16090595328.0000
2025-11-25 09:34:42,413 - INFO - Gpu Mem Used Bytes Peak  : 16090595328.0000
2025-11-25 09:34:42,413 - INFO - Gpu Vram Used Bytes      : 16090595328.0000
2025-11-25 09:34:42,413 - INFO - Accuracy                 : 0.6178
2025-11-25 09:34:42,413 - INFO - Precision                : 0.6217
2025-11-25 09:34:42,413 - INFO - Recall                   : 0.6178
2025-11-25 09:34:42,413 - INFO - F1 Score                 : 0.6145
2025-11-25 09:34:42,413 - INFO - ==================================================
2025-11-25 09:44:40,523 - INFO - Época 70 concluída. Loss média: 2.4238
2025-11-25 09:44:40,523 - INFO - Taxa de aprendizado ajustada para: 0.001000
2025-11-25 09:44:40,525 - INFO - Iniciando inferência com o modelo ResNet...
2025-11-25 09:44:57,784 - INFO - ==================================================
2025-11-25 09:44:57,784 - INFO - EXPERIMENT RESULTS
2025-11-25 09:44:57,784 - INFO - ==================================================
2025-11-25 09:44:57,785 - INFO - Elapsed Time Seconds     : 17.2360
2025-11-25 09:44:57,785 - INFO - Cpu Usage Percent        : 3.5125
2025-11-25 09:44:57,785 - INFO - Ram Peak Usage Bytes     : 3986141184.0000
2025-11-25 09:44:57,785 - INFO - Disk Read Bytes          : 0.0000
2025-11-25 09:44:57,785 - INFO - Disk Write Bytes         : 847872.0000
2025-11-25 09:44:57,785 - INFO - Vram Peak Usage Bytes    : 2840555052.0000
2025-11-25 09:44:57,785 - INFO - Gpu Power Watts Avg      : 321.2149
2025-11-25 09:44:57,785 - INFO - Gpu Power Watts Peak     : 328.4270
2025-11-25 09:44:57,785 - INFO - Gpu Temp Celsius Avg     : 63.4152
2025-11-25 09:44:57,785 - INFO - Gpu Temp Celsius Peak    : 65.0000
2025-11-25 09:44:57,785 - INFO - Gpu Utilization Percent Avg: 98.1988
2025-11-25 09:44:57,785 - INFO - Gpu Utilization Percent Peak: 100.0000
2025-11-25 09:44:57,785 - INFO - Gpu Mem Used Bytes Avg   : 16090595328.0000
2025-11-25 09:44:57,785 - INFO - Gpu Mem Used Bytes Peak  : 16090595328.0000
2025-11-25 09:44:57,785 - INFO - Gpu Vram Used Bytes      : 16090595328.0000
2025-11-25 09:44:57,785 - INFO - Accuracy                 : 0.6193
2025-11-25 09:44:57,785 - INFO - Precision                : 0.6211
2025-11-25 09:44:57,785 - INFO - Recall                   : 0.6193
2025-11-25 09:44:57,785 - INFO - F1 Score                 : 0.6146
2025-11-25 09:44:57,785 - INFO - ==================================================
2025-11-25 09:54:55,984 - INFO - Época 71 concluída. Loss média: 2.4080
2025-11-25 09:54:55,985 - INFO - Taxa de aprendizado ajustada para: 0.001000
2025-11-25 09:54:55,987 - INFO - Iniciando inferência com o modelo ResNet...
2025-11-25 09:55:13,169 - INFO - ==================================================
2025-11-25 09:55:13,169 - INFO - EXPERIMENT RESULTS
2025-11-25 09:55:13,169 - INFO - ==================================================
2025-11-25 09:55:13,170 - INFO - Elapsed Time Seconds     : 17.1596
2025-11-25 09:55:13,170 - INFO - Cpu Usage Percent        : 3.4969
2025-11-25 09:55:13,170 - INFO - Ram Peak Usage Bytes     : 3986534400.0000
2025-11-25 09:55:13,170 - INFO - Disk Read Bytes          : 0.0000
2025-11-25 09:55:13,170 - INFO - Disk Write Bytes         : 589824.0000
2025-11-25 09:55:13,170 - INFO - Vram Peak Usage Bytes    : 2840555052.0000
2025-11-25 09:55:13,170 - INFO - Gpu Power Watts Avg      : 319.3052
2025-11-25 09:55:13,170 - INFO - Gpu Power Watts Peak     : 327.8790
2025-11-25 09:55:13,170 - INFO - Gpu Temp Celsius Avg     : 63.3647
2025-11-25 09:55:13,170 - INFO - Gpu Temp Celsius Peak    : 65.0000
2025-11-25 09:55:13,170 - INFO - Gpu Utilization Percent Avg: 98.1176
2025-11-25 09:55:13,170 - INFO - Gpu Utilization Percent Peak: 100.0000
2025-11-25 09:55:13,170 - INFO - Gpu Mem Used Bytes Avg   : 16090595328.0000
2025-11-25 09:55:13,170 - INFO - Gpu Mem Used Bytes Peak  : 16090595328.0000
2025-11-25 09:55:13,170 - INFO - Gpu Vram Used Bytes      : 16090595328.0000
2025-11-25 09:55:13,170 - INFO - Accuracy                 : 0.6216
2025-11-25 09:55:13,170 - INFO - Precision                : 0.6255
2025-11-25 09:55:13,170 - INFO - Recall                   : 0.6216
2025-11-25 09:55:13,170 - INFO - F1 Score                 : 0.6187
2025-11-25 09:55:13,170 - INFO - ==================================================
2025-11-25 10:05:11,301 - INFO - Época 72 concluída. Loss média: 2.3989
2025-11-25 10:05:11,301 - INFO - Taxa de aprendizado ajustada para: 0.001000
2025-11-25 10:05:11,304 - INFO - Iniciando inferência com o modelo ResNet...
2025-11-25 10:05:28,498 - INFO - ==================================================
2025-11-25 10:05:28,498 - INFO - EXPERIMENT RESULTS
2025-11-25 10:05:28,498 - INFO - ==================================================
2025-11-25 10:05:28,498 - INFO - Elapsed Time Seconds     : 17.1715
2025-11-25 10:05:28,498 - INFO - Cpu Usage Percent        : 3.3312
2025-11-25 10:05:28,498 - INFO - Ram Peak Usage Bytes     : 3986980864.0000
2025-11-25 10:05:28,498 - INFO - Disk Read Bytes          : 0.0000
2025-11-25 10:05:28,498 - INFO - Disk Write Bytes         : 802816.0000
2025-11-25 10:05:28,498 - INFO - Vram Peak Usage Bytes    : 2840555052.0000
2025-11-25 10:05:28,498 - INFO - Gpu Power Watts Avg      : 322.5654
2025-11-25 10:05:28,498 - INFO - Gpu Power Watts Peak     : 329.8030
2025-11-25 10:05:28,498 - INFO - Gpu Temp Celsius Avg     : 63.6176
2025-11-25 10:05:28,498 - INFO - Gpu Temp Celsius Peak    : 66.0000
2025-11-25 10:05:28,498 - INFO - Gpu Utilization Percent Avg: 98.6765
2025-11-25 10:05:28,498 - INFO - Gpu Utilization Percent Peak: 100.0000
2025-11-25 10:05:28,498 - INFO - Gpu Mem Used Bytes Avg   : 16090595328.0000
2025-11-25 10:05:28,498 - INFO - Gpu Mem Used Bytes Peak  : 16090595328.0000
2025-11-25 10:05:28,498 - INFO - Gpu Vram Used Bytes      : 16090595328.0000
2025-11-25 10:05:28,498 - INFO - Accuracy                 : 0.6237
2025-11-25 10:05:28,498 - INFO - Precision                : 0.6282
2025-11-25 10:05:28,498 - INFO - Recall                   : 0.6237
2025-11-25 10:05:28,498 - INFO - F1 Score                 : 0.6206
2025-11-25 10:05:28,498 - INFO - ==================================================
2025-11-25 10:15:26,702 - INFO - Época 73 concluída. Loss média: 2.3904
2025-11-25 10:15:26,702 - INFO - Taxa de aprendizado ajustada para: 0.001000
2025-11-25 10:15:26,704 - INFO - Iniciando inferência com o modelo ResNet...
2025-11-25 10:15:43,967 - INFO - ==================================================
2025-11-25 10:15:43,967 - INFO - EXPERIMENT RESULTS
2025-11-25 10:15:43,967 - INFO - ==================================================
2025-11-25 10:15:43,967 - INFO - Elapsed Time Seconds     : 17.2482
2025-11-25 10:15:43,967 - INFO - Cpu Usage Percent        : 3.3188
2025-11-25 10:15:43,967 - INFO - Ram Peak Usage Bytes     : 3987308544.0000
2025-11-25 10:15:43,967 - INFO - Disk Read Bytes          : 0.0000
2025-11-25 10:15:43,967 - INFO - Disk Write Bytes         : 704512.0000
2025-11-25 10:15:43,967 - INFO - Vram Peak Usage Bytes    : 2840555052.0000
2025-11-25 10:15:43,967 - INFO - Gpu Power Watts Avg      : 321.0772
2025-11-25 10:15:43,967 - INFO - Gpu Power Watts Peak     : 330.0760
2025-11-25 10:15:43,967 - INFO - Gpu Temp Celsius Avg     : 63.9474
2025-11-25 10:15:43,967 - INFO - Gpu Temp Celsius Peak    : 66.0000
2025-11-25 10:15:43,968 - INFO - Gpu Utilization Percent Avg: 97.8830
2025-11-25 10:15:43,968 - INFO - Gpu Utilization Percent Peak: 100.0000
2025-11-25 10:15:43,968 - INFO - Gpu Mem Used Bytes Avg   : 16090595328.0000
2025-11-25 10:15:43,968 - INFO - Gpu Mem Used Bytes Peak  : 16090595328.0000
2025-11-25 10:15:43,968 - INFO - Gpu Vram Used Bytes      : 16090595328.0000
2025-11-25 10:15:43,968 - INFO - Accuracy                 : 0.6217
2025-11-25 10:15:43,968 - INFO - Precision                : 0.6276
2025-11-25 10:15:43,968 - INFO - Recall                   : 0.6217
2025-11-25 10:15:43,968 - INFO - F1 Score                 : 0.6182
2025-11-25 10:15:43,968 - INFO - ==================================================
2025-11-25 10:25:42,032 - INFO - Época 74 concluída. Loss média: 2.3843
2025-11-25 10:25:42,032 - INFO - Taxa de aprendizado ajustada para: 0.001000
2025-11-25 10:25:42,034 - INFO - Iniciando inferência com o modelo ResNet...
2025-11-25 10:25:59,204 - INFO - ==================================================
2025-11-25 10:25:59,204 - INFO - EXPERIMENT RESULTS
2025-11-25 10:25:59,204 - INFO - ==================================================
2025-11-25 10:25:59,204 - INFO - Elapsed Time Seconds     : 17.1467
2025-11-25 10:25:59,204 - INFO - Cpu Usage Percent        : 3.3312
2025-11-25 10:25:59,204 - INFO - Ram Peak Usage Bytes     : 3987718144.0000
2025-11-25 10:25:59,204 - INFO - Disk Read Bytes          : 0.0000
2025-11-25 10:25:59,204 - INFO - Disk Write Bytes         : 884736.0000
2025-11-25 10:25:59,204 - INFO - Vram Peak Usage Bytes    : 2840555052.0000
2025-11-25 10:25:59,204 - INFO - Gpu Power Watts Avg      : 322.2192
2025-11-25 10:25:59,204 - INFO - Gpu Power Watts Peak     : 328.9750
2025-11-25 10:25:59,204 - INFO - Gpu Temp Celsius Avg     : 63.4000
2025-11-25 10:25:59,204 - INFO - Gpu Temp Celsius Peak    : 65.0000
2025-11-25 10:25:59,204 - INFO - Gpu Utilization Percent Avg: 98.5824
2025-11-25 10:25:59,204 - INFO - Gpu Utilization Percent Peak: 100.0000
2025-11-25 10:25:59,204 - INFO - Gpu Mem Used Bytes Avg   : 16090595328.0000
2025-11-25 10:25:59,204 - INFO - Gpu Mem Used Bytes Peak  : 16090595328.0000
2025-11-25 10:25:59,204 - INFO - Gpu Vram Used Bytes      : 16090595328.0000
2025-11-25 10:25:59,204 - INFO - Accuracy                 : 0.6238
2025-11-25 10:25:59,204 - INFO - Precision                : 0.6300
2025-11-25 10:25:59,204 - INFO - Recall                   : 0.6238
2025-11-25 10:25:59,204 - INFO - F1 Score                 : 0.6211
2025-11-25 10:25:59,204 - INFO - ==================================================
2025-11-25 10:35:57,381 - INFO - Época 75 concluída. Loss média: 2.3716
2025-11-25 10:35:57,382 - INFO - Taxa de aprendizado ajustada para: 0.001000
2025-11-25 10:35:57,384 - INFO - Iniciando inferência com o modelo ResNet...
2025-11-25 10:36:14,644 - INFO - ==================================================
2025-11-25 10:36:14,644 - INFO - EXPERIMENT RESULTS
2025-11-25 10:36:14,644 - INFO - ==================================================
2025-11-25 10:36:14,644 - INFO - Elapsed Time Seconds     : 17.2366
2025-11-25 10:36:14,644 - INFO - Cpu Usage Percent        : 3.5031
2025-11-25 10:36:14,644 - INFO - Ram Peak Usage Bytes     : 3988217856.0000
2025-11-25 10:36:14,644 - INFO - Disk Read Bytes          : 0.0000
2025-11-25 10:36:14,644 - INFO - Disk Write Bytes         : 614400.0000
2025-11-25 10:36:14,644 - INFO - Vram Peak Usage Bytes    : 2840555052.0000
2025-11-25 10:36:14,644 - INFO - Gpu Power Watts Avg      : 318.1313
2025-11-25 10:36:14,644 - INFO - Gpu Power Watts Peak     : 326.5660
2025-11-25 10:36:14,644 - INFO - Gpu Temp Celsius Avg     : 63.4912
2025-11-25 10:36:14,644 - INFO - Gpu Temp Celsius Peak    : 65.0000
2025-11-25 10:36:14,644 - INFO - Gpu Utilization Percent Avg: 97.9532
2025-11-25 10:36:14,644 - INFO - Gpu Utilization Percent Peak: 100.0000
2025-11-25 10:36:14,644 - INFO - Gpu Mem Used Bytes Avg   : 16090595328.0000
2025-11-25 10:36:14,644 - INFO - Gpu Mem Used Bytes Peak  : 16090595328.0000
2025-11-25 10:36:14,644 - INFO - Gpu Vram Used Bytes      : 16090595328.0000
2025-11-25 10:36:14,644 - INFO - Accuracy                 : 0.6224
2025-11-25 10:36:14,644 - INFO - Precision                : 0.6260
2025-11-25 10:36:14,644 - INFO - Recall                   : 0.6224
2025-11-25 10:36:14,644 - INFO - F1 Score                 : 0.6186
2025-11-25 10:36:14,644 - INFO - ==================================================
2025-11-25 10:46:12,794 - INFO - Época 76 concluída. Loss média: 2.3590
2025-11-25 10:46:12,795 - INFO - Taxa de aprendizado ajustada para: 0.001000
2025-11-25 10:46:12,797 - INFO - Iniciando inferência com o modelo ResNet...
2025-11-25 10:46:29,994 - INFO - ==================================================
2025-11-25 10:46:29,994 - INFO - EXPERIMENT RESULTS
2025-11-25 10:46:29,994 - INFO - ==================================================
2025-11-25 10:46:29,994 - INFO - Elapsed Time Seconds     : 17.1744
2025-11-25 10:46:29,994 - INFO - Cpu Usage Percent        : 3.3344
2025-11-25 10:46:29,994 - INFO - Ram Peak Usage Bytes     : 3991789568.0000
2025-11-25 10:46:29,994 - INFO - Disk Read Bytes          : 0.0000
2025-11-25 10:46:29,994 - INFO - Disk Write Bytes         : 946176.0000
2025-11-25 10:46:29,994 - INFO - Vram Peak Usage Bytes    : 2840555052.0000
2025-11-25 10:46:29,994 - INFO - Gpu Power Watts Avg      : 319.6987
2025-11-25 10:46:29,994 - INFO - Gpu Power Watts Peak     : 327.7840
2025-11-25 10:46:29,994 - INFO - Gpu Temp Celsius Avg     : 63.2353
2025-11-25 10:46:29,994 - INFO - Gpu Temp Celsius Peak    : 65.0000
2025-11-25 10:46:29,994 - INFO - Gpu Utilization Percent Avg: 98.3294
2025-11-25 10:46:29,994 - INFO - Gpu Utilization Percent Peak: 100.0000
2025-11-25 10:46:29,994 - INFO - Gpu Mem Used Bytes Avg   : 16090595328.0000
2025-11-25 10:46:29,994 - INFO - Gpu Mem Used Bytes Peak  : 16090595328.0000
2025-11-25 10:46:29,994 - INFO - Gpu Vram Used Bytes      : 16090595328.0000
2025-11-25 10:46:29,995 - INFO - Accuracy                 : 0.6210
2025-11-25 10:46:29,995 - INFO - Precision                : 0.6263
2025-11-25 10:46:29,995 - INFO - Recall                   : 0.6210
2025-11-25 10:46:29,995 - INFO - F1 Score                 : 0.6189
2025-11-25 10:46:29,995 - INFO - ==================================================
2025-11-25 10:56:28,351 - INFO - Época 77 concluída. Loss média: 2.3598
2025-11-25 10:56:28,351 - INFO - Taxa de aprendizado ajustada para: 0.001000
2025-11-25 10:56:28,354 - INFO - Iniciando inferência com o modelo ResNet...
2025-11-25 10:56:45,619 - INFO - ==================================================
2025-11-25 10:56:45,619 - INFO - EXPERIMENT RESULTS
2025-11-25 10:56:45,619 - INFO - ==================================================
2025-11-25 10:56:45,619 - INFO - Elapsed Time Seconds     : 17.2424
2025-11-25 10:56:45,619 - INFO - Cpu Usage Percent        : 3.5031
2025-11-25 10:56:45,619 - INFO - Ram Peak Usage Bytes     : 3992391680.0000
2025-11-25 10:56:45,619 - INFO - Disk Read Bytes          : 0.0000
2025-11-25 10:56:45,619 - INFO - Disk Write Bytes         : 913408.0000
2025-11-25 10:56:45,619 - INFO - Vram Peak Usage Bytes    : 2840555052.0000
2025-11-25 10:56:45,619 - INFO - Gpu Power Watts Avg      : 318.6058
2025-11-25 10:56:45,619 - INFO - Gpu Power Watts Peak     : 326.9030
2025-11-25 10:56:45,619 - INFO - Gpu Temp Celsius Avg     : 63.6140
2025-11-25 10:56:45,619 - INFO - Gpu Temp Celsius Peak    : 65.0000
2025-11-25 10:56:45,619 - INFO - Gpu Utilization Percent Avg: 98.0702
2025-11-25 10:56:45,619 - INFO - Gpu Utilization Percent Peak: 100.0000
2025-11-25 10:56:45,619 - INFO - Gpu Mem Used Bytes Avg   : 16090595328.0000
2025-11-25 10:56:45,619 - INFO - Gpu Mem Used Bytes Peak  : 16090595328.0000
2025-11-25 10:56:45,619 - INFO - Gpu Vram Used Bytes      : 16090595328.0000
2025-11-25 10:56:45,619 - INFO - Accuracy                 : 0.6254
2025-11-25 10:56:45,619 - INFO - Precision                : 0.6329
2025-11-25 10:56:45,619 - INFO - Recall                   : 0.6254
2025-11-25 10:56:45,619 - INFO - F1 Score                 : 0.6231
2025-11-25 10:56:45,619 - INFO - ==================================================
2025-11-25 11:06:43,740 - INFO - Época 78 concluída. Loss média: 2.3486
2025-11-25 11:06:43,741 - INFO - Taxa de aprendizado ajustada para: 0.001000
2025-11-25 11:06:43,743 - INFO - Iniciando inferência com o modelo ResNet...
2025-11-25 11:07:01,021 - INFO - ==================================================
2025-11-25 11:07:01,021 - INFO - EXPERIMENT RESULTS
2025-11-25 11:07:01,021 - INFO - ==================================================
2025-11-25 11:07:01,021 - INFO - Elapsed Time Seconds     : 17.2554
2025-11-25 11:07:01,022 - INFO - Cpu Usage Percent        : 3.3531
2025-11-25 11:07:01,022 - INFO - Ram Peak Usage Bytes     : 3992653824.0000
2025-11-25 11:07:01,022 - INFO - Disk Read Bytes          : 0.0000
2025-11-25 11:07:01,022 - INFO - Disk Write Bytes         : 610304.0000
2025-11-25 11:07:01,022 - INFO - Vram Peak Usage Bytes    : 2840555052.0000
2025-11-25 11:07:01,022 - INFO - Gpu Power Watts Avg      : 320.4008
2025-11-25 11:07:01,022 - INFO - Gpu Power Watts Peak     : 329.3190
2025-11-25 11:07:01,022 - INFO - Gpu Temp Celsius Avg     : 63.1988
2025-11-25 11:07:01,022 - INFO - Gpu Temp Celsius Peak    : 65.0000
2025-11-25 11:07:01,022 - INFO - Gpu Utilization Percent Avg: 97.6842
2025-11-25 11:07:01,022 - INFO - Gpu Utilization Percent Peak: 100.0000
2025-11-25 11:07:01,022 - INFO - Gpu Mem Used Bytes Avg   : 16090595328.0000
2025-11-25 11:07:01,022 - INFO - Gpu Mem Used Bytes Peak  : 16090595328.0000
2025-11-25 11:07:01,022 - INFO - Gpu Vram Used Bytes      : 16090595328.0000
2025-11-25 11:07:01,022 - INFO - Accuracy                 : 0.6179
2025-11-25 11:07:01,022 - INFO - Precision                : 0.6248
2025-11-25 11:07:01,022 - INFO - Recall                   : 0.6179
2025-11-25 11:07:01,022 - INFO - F1 Score                 : 0.6145
2025-11-25 11:07:01,022 - INFO - ==================================================
2025-11-25 11:16:59,327 - INFO - Época 79 concluída. Loss média: 2.3365
2025-11-25 11:16:59,328 - INFO - Taxa de aprendizado ajustada para: 0.001000
2025-11-25 11:16:59,330 - INFO - Iniciando inferência com o modelo ResNet...
2025-11-25 11:17:16,603 - INFO - ==================================================
2025-11-25 11:17:16,603 - INFO - EXPERIMENT RESULTS
2025-11-25 11:17:16,603 - INFO - ==================================================
2025-11-25 11:17:16,603 - INFO - Elapsed Time Seconds     : 17.2587
2025-11-25 11:17:16,603 - INFO - Cpu Usage Percent        : 3.3094
2025-11-25 11:17:16,603 - INFO - Ram Peak Usage Bytes     : 3993096192.0000
2025-11-25 11:17:16,603 - INFO - Disk Read Bytes          : 0.0000
2025-11-25 11:17:16,603 - INFO - Disk Write Bytes         : 872448.0000
2025-11-25 11:17:16,603 - INFO - Vram Peak Usage Bytes    : 2840555052.0000
2025-11-25 11:17:16,604 - INFO - Gpu Power Watts Avg      : 321.3902
2025-11-25 11:17:16,604 - INFO - Gpu Power Watts Peak     : 330.6300
2025-11-25 11:17:16,604 - INFO - Gpu Temp Celsius Avg     : 63.5556
2025-11-25 11:17:16,604 - INFO - Gpu Temp Celsius Peak    : 66.0000
2025-11-25 11:17:16,604 - INFO - Gpu Utilization Percent Avg: 97.6491
2025-11-25 11:17:16,604 - INFO - Gpu Utilization Percent Peak: 100.0000
2025-11-25 11:17:16,604 - INFO - Gpu Mem Used Bytes Avg   : 16090595328.0000
2025-11-25 11:17:16,604 - INFO - Gpu Mem Used Bytes Peak  : 16090595328.0000
2025-11-25 11:17:16,604 - INFO - Gpu Vram Used Bytes      : 16090595328.0000
2025-11-25 11:17:16,604 - INFO - Accuracy                 : 0.6223
2025-11-25 11:17:16,604 - INFO - Precision                : 0.6287
2025-11-25 11:17:16,604 - INFO - Recall                   : 0.6223
2025-11-25 11:17:16,604 - INFO - F1 Score                 : 0.6186
2025-11-25 11:17:16,604 - INFO - ==================================================
2025-11-25 11:27:15,462 - INFO - Época 80 concluída. Loss média: 2.3336
2025-11-25 11:27:15,463 - INFO - Taxa de aprendizado ajustada para: 0.001000
2025-11-25 11:27:15,465 - INFO - Iniciando inferência com o modelo ResNet...
2025-11-25 11:27:32,722 - INFO - ==================================================
2025-11-25 11:27:32,722 - INFO - EXPERIMENT RESULTS
2025-11-25 11:27:32,722 - INFO - ==================================================
2025-11-25 11:27:32,722 - INFO - Elapsed Time Seconds     : 17.2344
2025-11-25 11:27:32,722 - INFO - Cpu Usage Percent        : 3.4969
2025-11-25 11:27:32,722 - INFO - Ram Peak Usage Bytes     : 3993567232.0000
2025-11-25 11:27:32,722 - INFO - Disk Read Bytes          : 0.0000
2025-11-25 11:27:32,723 - INFO - Disk Write Bytes         : 872448.0000
2025-11-25 11:27:32,723 - INFO - Vram Peak Usage Bytes    : 2840555052.0000
2025-11-25 11:27:32,723 - INFO - Gpu Power Watts Avg      : 319.8590
2025-11-25 11:27:32,723 - INFO - Gpu Power Watts Peak     : 328.3030
2025-11-25 11:27:32,723 - INFO - Gpu Temp Celsius Avg     : 63.1813
2025-11-25 11:27:32,723 - INFO - Gpu Temp Celsius Peak    : 65.0000
2025-11-25 11:27:32,723 - INFO - Gpu Utilization Percent Avg: 98.0058
2025-11-25 11:27:32,723 - INFO - Gpu Utilization Percent Peak: 100.0000
2025-11-25 11:27:32,723 - INFO - Gpu Mem Used Bytes Avg   : 16090595328.0000
2025-11-25 11:27:32,723 - INFO - Gpu Mem Used Bytes Peak  : 16090595328.0000
2025-11-25 11:27:32,723 - INFO - Gpu Vram Used Bytes      : 16090595328.0000
2025-11-25 11:27:32,723 - INFO - Accuracy                 : 0.6227
2025-11-25 11:27:32,723 - INFO - Precision                : 0.6306
2025-11-25 11:27:32,723 - INFO - Recall                   : 0.6227
2025-11-25 11:27:32,723 - INFO - F1 Score                 : 0.6198
2025-11-25 11:27:32,723 - INFO - ==================================================
2025-11-25 11:37:31,097 - INFO - Época 81 concluída. Loss média: 2.3278
2025-11-25 11:37:31,098 - INFO - Taxa de aprendizado ajustada para: 0.001000
2025-11-25 11:37:31,100 - INFO - Iniciando inferência com o modelo ResNet...
2025-11-25 11:37:48,355 - INFO - ==================================================
2025-11-25 11:37:48,355 - INFO - EXPERIMENT RESULTS
2025-11-25 11:37:48,355 - INFO - ==================================================
2025-11-25 11:37:48,355 - INFO - Elapsed Time Seconds     : 17.2322
2025-11-25 11:37:48,355 - INFO - Cpu Usage Percent        : 3.5031
2025-11-25 11:37:48,355 - INFO - Ram Peak Usage Bytes     : 3993980928.0000
2025-11-25 11:37:48,355 - INFO - Disk Read Bytes          : 0.0000
2025-11-25 11:37:48,355 - INFO - Disk Write Bytes         : 647168.0000
2025-11-25 11:37:48,355 - INFO - Vram Peak Usage Bytes    : 2840555052.0000
2025-11-25 11:37:48,355 - INFO - Gpu Power Watts Avg      : 321.5930
2025-11-25 11:37:48,355 - INFO - Gpu Power Watts Peak     : 329.6300
2025-11-25 11:37:48,355 - INFO - Gpu Temp Celsius Avg     : 63.7193
2025-11-25 11:37:48,355 - INFO - Gpu Temp Celsius Peak    : 66.0000
2025-11-25 11:37:48,355 - INFO - Gpu Utilization Percent Avg: 97.7778
2025-11-25 11:37:48,355 - INFO - Gpu Utilization Percent Peak: 100.0000
2025-11-25 11:37:48,355 - INFO - Gpu Mem Used Bytes Avg   : 16090595328.0000
2025-11-25 11:37:48,355 - INFO - Gpu Mem Used Bytes Peak  : 16090595328.0000
2025-11-25 11:37:48,355 - INFO - Gpu Vram Used Bytes      : 16090595328.0000
2025-11-25 11:37:48,355 - INFO - Accuracy                 : 0.6228
2025-11-25 11:37:48,356 - INFO - Precision                : 0.6288
2025-11-25 11:37:48,356 - INFO - Recall                   : 0.6228
2025-11-25 11:37:48,356 - INFO - F1 Score                 : 0.6196
2025-11-25 11:37:48,356 - INFO - ==================================================
2025-11-25 11:47:47,262 - INFO - Época 82 concluída. Loss média: 2.3226
2025-11-25 11:47:47,262 - INFO - Taxa de aprendizado ajustada para: 0.001000
2025-11-25 11:47:47,264 - INFO - Iniciando inferência com o modelo ResNet...
2025-11-25 11:48:04,533 - INFO - ==================================================
2025-11-25 11:48:04,533 - INFO - EXPERIMENT RESULTS
2025-11-25 11:48:04,533 - INFO - ==================================================
2025-11-25 11:48:04,533 - INFO - Elapsed Time Seconds     : 17.2455
2025-11-25 11:48:04,533 - INFO - Cpu Usage Percent        : 3.4375
2025-11-25 11:48:04,533 - INFO - Ram Peak Usage Bytes     : 3994423296.0000
2025-11-25 11:48:04,533 - INFO - Disk Read Bytes          : 0.0000
2025-11-25 11:48:04,533 - INFO - Disk Write Bytes         : 356352.0000
2025-11-25 11:48:04,533 - INFO - Vram Peak Usage Bytes    : 2840555052.0000
2025-11-25 11:48:04,533 - INFO - Gpu Power Watts Avg      : 320.0634
2025-11-25 11:48:04,533 - INFO - Gpu Power Watts Peak     : 328.9280
2025-11-25 11:48:04,533 - INFO - Gpu Temp Celsius Avg     : 63.1228
2025-11-25 11:48:04,533 - INFO - Gpu Temp Celsius Peak    : 65.0000
2025-11-25 11:48:04,533 - INFO - Gpu Utilization Percent Avg: 97.7427
2025-11-25 11:48:04,533 - INFO - Gpu Utilization Percent Peak: 100.0000
2025-11-25 11:48:04,533 - INFO - Gpu Mem Used Bytes Avg   : 16090595328.0000
2025-11-25 11:48:04,533 - INFO - Gpu Mem Used Bytes Peak  : 16090595328.0000
2025-11-25 11:48:04,533 - INFO - Gpu Vram Used Bytes      : 16090595328.0000
2025-11-25 11:48:04,533 - INFO - Accuracy                 : 0.6237
2025-11-25 11:48:04,533 - INFO - Precision                : 0.6286
2025-11-25 11:48:04,533 - INFO - Recall                   : 0.6237
2025-11-25 11:48:04,533 - INFO - F1 Score                 : 0.6206
2025-11-25 11:48:04,533 - INFO - ==================================================
2025-11-25 11:58:02,649 - INFO - Época 83 concluída. Loss média: 2.3070
2025-11-25 11:58:02,650 - INFO - Taxa de aprendizado ajustada para: 0.001000
2025-11-25 11:58:02,652 - INFO - Iniciando inferência com o modelo ResNet...
2025-11-25 11:58:19,945 - INFO - ==================================================
2025-11-25 11:58:19,945 - INFO - EXPERIMENT RESULTS
2025-11-25 11:58:19,945 - INFO - ==================================================
2025-11-25 11:58:19,945 - INFO - Elapsed Time Seconds     : 17.2706
2025-11-25 11:58:19,945 - INFO - Cpu Usage Percent        : 3.3531
2025-11-25 11:58:19,945 - INFO - Ram Peak Usage Bytes     : 3994873856.0000
2025-11-25 11:58:19,946 - INFO - Disk Read Bytes          : 0.0000
2025-11-25 11:58:19,946 - INFO - Disk Write Bytes         : 339968.0000
2025-11-25 11:58:19,946 - INFO - Vram Peak Usage Bytes    : 2840555052.0000
2025-11-25 11:58:19,946 - INFO - Gpu Power Watts Avg      : 318.3937
2025-11-25 11:58:19,946 - INFO - Gpu Power Watts Peak     : 328.6660
2025-11-25 11:58:19,946 - INFO - Gpu Temp Celsius Avg     : 63.4269
2025-11-25 11:58:19,946 - INFO - Gpu Temp Celsius Peak    : 65.0000
2025-11-25 11:58:19,946 - INFO - Gpu Utilization Percent Avg: 97.8480
2025-11-25 11:58:19,946 - INFO - Gpu Utilization Percent Peak: 100.0000
2025-11-25 11:58:19,946 - INFO - Gpu Mem Used Bytes Avg   : 16090595328.0000
2025-11-25 11:58:19,946 - INFO - Gpu Mem Used Bytes Peak  : 16090595328.0000
2025-11-25 11:58:19,946 - INFO - Gpu Vram Used Bytes      : 16090595328.0000
2025-11-25 11:58:19,946 - INFO - Accuracy                 : 0.6246
2025-11-25 11:58:19,946 - INFO - Precision                : 0.6351
2025-11-25 11:58:19,946 - INFO - Recall                   : 0.6246
2025-11-25 11:58:19,946 - INFO - F1 Score                 : 0.6230
2025-11-25 11:58:19,946 - INFO - ==================================================
2025-11-25 12:08:18,353 - INFO - Época 84 concluída. Loss média: 2.3018
2025-11-25 12:08:18,353 - INFO - Taxa de aprendizado ajustada para: 0.001000
2025-11-25 12:08:18,356 - INFO - Iniciando inferência com o modelo ResNet...
2025-11-25 12:08:35,637 - INFO - ==================================================
2025-11-25 12:08:35,637 - INFO - EXPERIMENT RESULTS
2025-11-25 12:08:35,637 - INFO - ==================================================
2025-11-25 12:08:35,637 - INFO - Elapsed Time Seconds     : 17.2589
2025-11-25 12:08:35,637 - INFO - Cpu Usage Percent        : 3.4937
2025-11-25 12:08:35,637 - INFO - Ram Peak Usage Bytes     : 3995320320.0000
2025-11-25 12:08:35,637 - INFO - Disk Read Bytes          : 0.0000
2025-11-25 12:08:35,637 - INFO - Disk Write Bytes         : 483328.0000
2025-11-25 12:08:35,637 - INFO - Vram Peak Usage Bytes    : 2840555052.0000
2025-11-25 12:08:35,637 - INFO - Gpu Power Watts Avg      : 320.7285
2025-11-25 12:08:35,638 - INFO - Gpu Power Watts Peak     : 329.0930
2025-11-25 12:08:35,638 - INFO - Gpu Temp Celsius Avg     : 62.9006
2025-11-25 12:08:35,638 - INFO - Gpu Temp Celsius Peak    : 65.0000
2025-11-25 12:08:35,638 - INFO - Gpu Utilization Percent Avg: 97.7427
2025-11-25 12:08:35,638 - INFO - Gpu Utilization Percent Peak: 100.0000
2025-11-25 12:08:35,638 - INFO - Gpu Mem Used Bytes Avg   : 16090595328.0000
2025-11-25 12:08:35,638 - INFO - Gpu Mem Used Bytes Peak  : 16090595328.0000
2025-11-25 12:08:35,638 - INFO - Gpu Vram Used Bytes      : 16090595328.0000
2025-11-25 12:08:35,638 - INFO - Accuracy                 : 0.6186
2025-11-25 12:08:35,638 - INFO - Precision                : 0.6273
2025-11-25 12:08:35,638 - INFO - Recall                   : 0.6186
2025-11-25 12:08:35,638 - INFO - F1 Score                 : 0.6165
2025-11-25 12:08:35,638 - INFO - ==================================================
2025-11-25 12:18:33,833 - INFO - Época 85 concluída. Loss média: 2.2951
2025-11-25 12:18:33,834 - INFO - Taxa de aprendizado ajustada para: 0.001000
2025-11-25 12:18:33,836 - INFO - Iniciando inferência com o modelo ResNet...
2025-11-25 12:18:51,207 - INFO - ==================================================
2025-11-25 12:18:51,207 - INFO - EXPERIMENT RESULTS
2025-11-25 12:18:51,207 - INFO - ==================================================
2025-11-25 12:18:51,207 - INFO - Elapsed Time Seconds     : 17.3388
2025-11-25 12:18:51,207 - INFO - Cpu Usage Percent        : 3.3031
2025-11-25 12:18:51,207 - INFO - Ram Peak Usage Bytes     : 3995889664.0000
2025-11-25 12:18:51,207 - INFO - Disk Read Bytes          : 0.0000
2025-11-25 12:18:51,207 - INFO - Disk Write Bytes         : 561152.0000
2025-11-25 12:18:51,207 - INFO - Vram Peak Usage Bytes    : 2840555052.0000
2025-11-25 12:18:51,207 - INFO - Gpu Power Watts Avg      : 316.7900
2025-11-25 12:18:51,207 - INFO - Gpu Power Watts Peak     : 327.9460
2025-11-25 12:18:51,207 - INFO - Gpu Temp Celsius Avg     : 63.3081
2025-11-25 12:18:51,207 - INFO - Gpu Temp Celsius Peak    : 65.0000
2025-11-25 12:18:51,208 - INFO - Gpu Utilization Percent Avg: 97.4419
2025-11-25 12:18:51,208 - INFO - Gpu Utilization Percent Peak: 100.0000
2025-11-25 12:18:51,208 - INFO - Gpu Mem Used Bytes Avg   : 16090595328.0000
2025-11-25 12:18:51,208 - INFO - Gpu Mem Used Bytes Peak  : 16090595328.0000
2025-11-25 12:18:51,208 - INFO - Gpu Vram Used Bytes      : 16090595328.0000
2025-11-25 12:18:51,208 - INFO - Accuracy                 : 0.6227
2025-11-25 12:18:51,208 - INFO - Precision                : 0.6292
2025-11-25 12:18:51,208 - INFO - Recall                   : 0.6227
2025-11-25 12:18:51,208 - INFO - F1 Score                 : 0.6194
2025-11-25 12:18:51,208 - INFO - ==================================================
2025-11-25 12:28:48,997 - INFO - Época 86 concluída. Loss média: 2.2872
2025-11-25 12:28:48,997 - INFO - Taxa de aprendizado ajustada para: 0.001000
2025-11-25 12:28:48,998 - INFO - Iniciando inferência com o modelo ResNet...
2025-11-25 12:29:06,158 - INFO - ==================================================
2025-11-25 12:29:06,158 - INFO - EXPERIMENT RESULTS
2025-11-25 12:29:06,158 - INFO - ==================================================
2025-11-25 12:29:06,158 - INFO - Elapsed Time Seconds     : 17.1372
2025-11-25 12:29:06,158 - INFO - Cpu Usage Percent        : 3.3344
2025-11-25 12:29:06,158 - INFO - Ram Peak Usage Bytes     : 3999989760.0000
2025-11-25 12:29:06,158 - INFO - Disk Read Bytes          : 0.0000
2025-11-25 12:29:06,158 - INFO - Disk Write Bytes         : 630784.0000
2025-11-25 12:29:06,158 - INFO - Vram Peak Usage Bytes    : 2840555052.0000
2025-11-25 12:29:06,158 - INFO - Gpu Power Watts Avg      : 319.5012
2025-11-25 12:29:06,158 - INFO - Gpu Power Watts Peak     : 327.8130
2025-11-25 12:29:06,158 - INFO - Gpu Temp Celsius Avg     : 63.0529
2025-11-25 12:29:06,158 - INFO - Gpu Temp Celsius Peak    : 65.0000
2025-11-25 12:29:06,158 - INFO - Gpu Utilization Percent Avg: 98.6706
2025-11-25 12:29:06,158 - INFO - Gpu Utilization Percent Peak: 100.0000
2025-11-25 12:29:06,158 - INFO - Gpu Mem Used Bytes Avg   : 16090595328.0000
2025-11-25 12:29:06,158 - INFO - Gpu Mem Used Bytes Peak  : 16090595328.0000
2025-11-25 12:29:06,158 - INFO - Gpu Vram Used Bytes      : 16090595328.0000
2025-11-25 12:29:06,158 - INFO - Accuracy                 : 0.6207
2025-11-25 12:29:06,158 - INFO - Precision                : 0.6292
2025-11-25 12:29:06,158 - INFO - Recall                   : 0.6207
2025-11-25 12:29:06,158 - INFO - F1 Score                 : 0.6181
2025-11-25 12:29:06,158 - INFO - ==================================================
2025-11-25 12:39:03,724 - INFO - Época 87 concluída. Loss média: 2.2825
2025-11-25 12:39:03,725 - INFO - Taxa de aprendizado ajustada para: 0.001000
2025-11-25 12:39:03,727 - INFO - Iniciando inferência com o modelo ResNet...
2025-11-25 12:39:20,935 - INFO - ==================================================
2025-11-25 12:39:20,935 - INFO - EXPERIMENT RESULTS
2025-11-25 12:39:20,935 - INFO - ==================================================
2025-11-25 12:39:20,935 - INFO - Elapsed Time Seconds     : 17.1843
2025-11-25 12:39:20,935 - INFO - Cpu Usage Percent        : 3.3281
2025-11-25 12:39:20,935 - INFO - Ram Peak Usage Bytes     : 4000428032.0000
2025-11-25 12:39:20,935 - INFO - Disk Read Bytes          : 0.0000
2025-11-25 12:39:20,935 - INFO - Disk Write Bytes         : 344064.0000
2025-11-25 12:39:20,935 - INFO - Vram Peak Usage Bytes    : 2840555052.0000
2025-11-25 12:39:20,935 - INFO - Gpu Power Watts Avg      : 322.4377
2025-11-25 12:39:20,935 - INFO - Gpu Power Watts Peak     : 330.2110
2025-11-25 12:39:20,935 - INFO - Gpu Temp Celsius Avg     : 63.3765
2025-11-25 12:39:20,935 - INFO - Gpu Temp Celsius Peak    : 65.0000
2025-11-25 12:39:20,935 - INFO - Gpu Utilization Percent Avg: 98.0353
2025-11-25 12:39:20,935 - INFO - Gpu Utilization Percent Peak: 100.0000
2025-11-25 12:39:20,935 - INFO - Gpu Mem Used Bytes Avg   : 16090595328.0000
2025-11-25 12:39:20,935 - INFO - Gpu Mem Used Bytes Peak  : 16090595328.0000
2025-11-25 12:39:20,935 - INFO - Gpu Vram Used Bytes      : 16090595328.0000
2025-11-25 12:39:20,935 - INFO - Accuracy                 : 0.6205
2025-11-25 12:39:20,935 - INFO - Precision                : 0.6251
2025-11-25 12:39:20,935 - INFO - Recall                   : 0.6205
2025-11-25 12:39:20,935 - INFO - F1 Score                 : 0.6178
2025-11-25 12:39:20,936 - INFO - ==================================================
2025-11-25 12:49:19,144 - INFO - Época 88 concluída. Loss média: 2.2758
2025-11-25 12:49:19,145 - INFO - Taxa de aprendizado ajustada para: 0.001000
2025-11-25 12:49:19,147 - INFO - Iniciando inferência com o modelo ResNet...
2025-11-25 12:49:36,458 - INFO - ==================================================
2025-11-25 12:49:36,458 - INFO - EXPERIMENT RESULTS
2025-11-25 12:49:36,458 - INFO - ==================================================
2025-11-25 12:49:36,458 - INFO - Elapsed Time Seconds     : 17.2886
2025-11-25 12:49:36,458 - INFO - Cpu Usage Percent        : 3.4937
2025-11-25 12:49:36,458 - INFO - Ram Peak Usage Bytes     : 4000862208.0000
2025-11-25 12:49:36,458 - INFO - Disk Read Bytes          : 0.0000
2025-11-25 12:49:36,458 - INFO - Disk Write Bytes         : 978944.0000
2025-11-25 12:49:36,458 - INFO - Vram Peak Usage Bytes    : 2840555052.0000
2025-11-25 12:49:36,458 - INFO - Gpu Power Watts Avg      : 317.5102
2025-11-25 12:49:36,458 - INFO - Gpu Power Watts Peak     : 327.2590
2025-11-25 12:49:36,458 - INFO - Gpu Temp Celsius Avg     : 62.8363
2025-11-25 12:49:36,458 - INFO - Gpu Temp Celsius Peak    : 65.0000
2025-11-25 12:49:36,458 - INFO - Gpu Utilization Percent Avg: 97.9240
2025-11-25 12:49:36,458 - INFO - Gpu Utilization Percent Peak: 100.0000
2025-11-25 12:49:36,459 - INFO - Gpu Mem Used Bytes Avg   : 16090595328.0000
2025-11-25 12:49:36,459 - INFO - Gpu Mem Used Bytes Peak  : 16090595328.0000
2025-11-25 12:49:36,459 - INFO - Gpu Vram Used Bytes      : 16090595328.0000
2025-11-25 12:49:36,459 - INFO - Accuracy                 : 0.6246
2025-11-25 12:49:36,459 - INFO - Precision                : 0.6335
2025-11-25 12:49:36,459 - INFO - Recall                   : 0.6246
2025-11-25 12:49:36,459 - INFO - F1 Score                 : 0.6226
2025-11-25 12:49:36,459 - INFO - ==================================================
2025-11-25 12:59:34,497 - INFO - Época 89 concluída. Loss média: 2.2643
2025-11-25 12:59:34,497 - INFO - Taxa de aprendizado ajustada para: 0.001000
2025-11-25 12:59:34,498 - INFO - Iniciando inferência com o modelo ResNet...
2025-11-25 12:59:51,666 - INFO - ==================================================
2025-11-25 12:59:51,666 - INFO - EXPERIMENT RESULTS
2025-11-25 12:59:51,666 - INFO - ==================================================
2025-11-25 12:59:51,666 - INFO - Elapsed Time Seconds     : 17.1450
2025-11-25 12:59:51,666 - INFO - Cpu Usage Percent        : 3.3250
2025-11-25 12:59:51,666 - INFO - Ram Peak Usage Bytes     : 4001304576.0000
2025-11-25 12:59:51,666 - INFO - Disk Read Bytes          : 0.0000
2025-11-25 12:59:51,666 - INFO - Disk Write Bytes         : 307200.0000
2025-11-25 12:59:51,666 - INFO - Vram Peak Usage Bytes    : 2840555052.0000
2025-11-25 12:59:51,666 - INFO - Gpu Power Watts Avg      : 324.0772
2025-11-25 12:59:51,666 - INFO - Gpu Power Watts Peak     : 330.0740
2025-11-25 12:59:51,666 - INFO - Gpu Temp Celsius Avg     : 63.7176
2025-11-25 12:59:51,666 - INFO - Gpu Temp Celsius Peak    : 66.0000
2025-11-25 12:59:51,666 - INFO - Gpu Utilization Percent Avg: 98.5529
2025-11-25 12:59:51,666 - INFO - Gpu Utilization Percent Peak: 100.0000
2025-11-25 12:59:51,666 - INFO - Gpu Mem Used Bytes Avg   : 16090595328.0000
2025-11-25 12:59:51,666 - INFO - Gpu Mem Used Bytes Peak  : 16090595328.0000
2025-11-25 12:59:51,666 - INFO - Gpu Vram Used Bytes      : 16090595328.0000
2025-11-25 12:59:51,666 - INFO - Accuracy                 : 0.6191
2025-11-25 12:59:51,666 - INFO - Precision                : 0.6271
2025-11-25 12:59:51,666 - INFO - Recall                   : 0.6191
2025-11-25 12:59:51,666 - INFO - F1 Score                 : 0.6170
2025-11-25 12:59:51,666 - INFO - ==================================================
2025-11-25 13:09:49,761 - INFO - Época 90 concluída. Loss média: 2.2669
2025-11-25 13:09:49,761 - INFO - Taxa de aprendizado ajustada para: 0.000100
2025-11-25 13:09:49,763 - INFO - Iniciando inferência com o modelo ResNet...
2025-11-25 13:10:07,052 - INFO - ==================================================
2025-11-25 13:10:07,052 - INFO - EXPERIMENT RESULTS
2025-11-25 13:10:07,052 - INFO - ==================================================
2025-11-25 13:10:07,052 - INFO - Elapsed Time Seconds     : 17.2649
2025-11-25 13:10:07,052 - INFO - Cpu Usage Percent        : 3.4844
2025-11-25 13:10:07,052 - INFO - Ram Peak Usage Bytes     : 4001763328.0000
2025-11-25 13:10:07,052 - INFO - Disk Read Bytes          : 0.0000
2025-11-25 13:10:07,052 - INFO - Disk Write Bytes         : 913408.0000
2025-11-25 13:10:07,053 - INFO - Vram Peak Usage Bytes    : 2840555052.0000
2025-11-25 13:10:07,053 - INFO - Gpu Power Watts Avg      : 317.9408
2025-11-25 13:10:07,053 - INFO - Gpu Power Watts Peak     : 327.6500
2025-11-25 13:10:07,053 - INFO - Gpu Temp Celsius Avg     : 63.2339
2025-11-25 13:10:07,053 - INFO - Gpu Temp Celsius Peak    : 65.0000
2025-11-25 13:10:07,053 - INFO - Gpu Utilization Percent Avg: 97.6082
2025-11-25 13:10:07,053 - INFO - Gpu Utilization Percent Peak: 100.0000
2025-11-25 13:10:07,053 - INFO - Gpu Mem Used Bytes Avg   : 16090595328.0000
2025-11-25 13:10:07,053 - INFO - Gpu Mem Used Bytes Peak  : 16090595328.0000
2025-11-25 13:10:07,053 - INFO - Gpu Vram Used Bytes      : 16090595328.0000
2025-11-25 13:10:07,053 - INFO - Accuracy                 : 0.6233
2025-11-25 13:10:07,053 - INFO - Precision                : 0.6323
2025-11-25 13:10:07,053 - INFO - Recall                   : 0.6233
2025-11-25 13:10:07,053 - INFO - F1 Score                 : 0.6226
2025-11-25 13:10:07,053 - INFO - ==================================================
2025-11-25 13:20:05,131 - INFO - Época 91 concluída. Loss média: 2.1737
2025-11-25 13:20:05,131 - INFO - Taxa de aprendizado ajustada para: 0.000100
2025-11-25 13:20:05,134 - INFO - Iniciando inferência com o modelo ResNet...
2025-11-25 13:20:22,504 - INFO - ==================================================
2025-11-25 13:20:22,504 - INFO - EXPERIMENT RESULTS
2025-11-25 13:20:22,504 - INFO - ==================================================
2025-11-25 13:20:22,504 - INFO - Elapsed Time Seconds     : 17.3477
2025-11-25 13:20:22,504 - INFO - Cpu Usage Percent        : 3.2969
2025-11-25 13:20:22,504 - INFO - Ram Peak Usage Bytes     : 4002205696.0000
2025-11-25 13:20:22,504 - INFO - Disk Read Bytes          : 0.0000
2025-11-25 13:20:22,504 - INFO - Disk Write Bytes         : 978944.0000
2025-11-25 13:20:22,504 - INFO - Vram Peak Usage Bytes    : 2840555052.0000
2025-11-25 13:20:22,504 - INFO - Gpu Power Watts Avg      : 317.4775
2025-11-25 13:20:22,504 - INFO - Gpu Power Watts Peak     : 328.7980
2025-11-25 13:20:22,504 - INFO - Gpu Temp Celsius Avg     : 63.0872
2025-11-25 13:20:22,504 - INFO - Gpu Temp Celsius Peak    : 65.0000
2025-11-25 13:20:22,504 - INFO - Gpu Utilization Percent Avg: 97.5581
2025-11-25 13:20:22,504 - INFO - Gpu Utilization Percent Peak: 100.0000
2025-11-25 13:20:22,504 - INFO - Gpu Mem Used Bytes Avg   : 16090595328.0000
2025-11-25 13:20:22,504 - INFO - Gpu Mem Used Bytes Peak  : 16090595328.0000
2025-11-25 13:20:22,504 - INFO - Gpu Vram Used Bytes      : 16090595328.0000
2025-11-25 13:20:22,505 - INFO - Accuracy                 : 0.6366
2025-11-25 13:20:22,505 - INFO - Precision                : 0.6403
2025-11-25 13:20:22,505 - INFO - Recall                   : 0.6366
2025-11-25 13:20:22,505 - INFO - F1 Score                 : 0.6345
2025-11-25 13:20:22,505 - INFO - ==================================================
2025-11-25 13:30:20,475 - INFO - Época 92 concluída. Loss média: 2.1496
2025-11-25 13:30:20,475 - INFO - Taxa de aprendizado ajustada para: 0.000100
2025-11-25 13:30:20,477 - INFO - Iniciando inferência com o modelo ResNet...
2025-11-25 13:30:37,848 - INFO - ==================================================
2025-11-25 13:30:37,848 - INFO - EXPERIMENT RESULTS
2025-11-25 13:30:37,848 - INFO - ==================================================
2025-11-25 13:30:37,848 - INFO - Elapsed Time Seconds     : 17.3475
2025-11-25 13:30:37,848 - INFO - Cpu Usage Percent        : 3.3031
2025-11-25 13:30:37,848 - INFO - Ram Peak Usage Bytes     : 4002643968.0000
2025-11-25 13:30:37,848 - INFO - Disk Read Bytes          : 0.0000
2025-11-25 13:30:37,848 - INFO - Disk Write Bytes         : 847872.0000
2025-11-25 13:30:37,848 - INFO - Vram Peak Usage Bytes    : 2840555052.0000
2025-11-25 13:30:37,848 - INFO - Gpu Power Watts Avg      : 319.1085
2025-11-25 13:30:37,848 - INFO - Gpu Power Watts Peak     : 328.6380
2025-11-25 13:30:37,848 - INFO - Gpu Temp Celsius Avg     : 63.2500
2025-11-25 13:30:37,848 - INFO - Gpu Temp Celsius Peak    : 65.0000
2025-11-25 13:30:37,848 - INFO - Gpu Utilization Percent Avg: 97.4070
2025-11-25 13:30:37,848 - INFO - Gpu Utilization Percent Peak: 100.0000
2025-11-25 13:30:37,848 - INFO - Gpu Mem Used Bytes Avg   : 16090595328.0000
2025-11-25 13:30:37,848 - INFO - Gpu Mem Used Bytes Peak  : 16090595328.0000
2025-11-25 13:30:37,848 - INFO - Gpu Vram Used Bytes      : 16090595328.0000
2025-11-25 13:30:37,848 - INFO - Accuracy                 : 0.6396
2025-11-25 13:30:37,848 - INFO - Precision                : 0.6432
2025-11-25 13:30:37,848 - INFO - Recall                   : 0.6396
2025-11-25 13:30:37,848 - INFO - F1 Score                 : 0.6370
2025-11-25 13:30:37,848 - INFO - ==================================================
2025-11-25 13:40:36,033 - INFO - Época 93 concluída. Loss média: 2.1426
2025-11-25 13:40:36,034 - INFO - Taxa de aprendizado ajustada para: 0.000100
2025-11-25 13:40:36,036 - INFO - Iniciando inferência com o modelo ResNet...
2025-11-25 13:40:53,428 - INFO - ==================================================
2025-11-25 13:40:53,428 - INFO - EXPERIMENT RESULTS
2025-11-25 13:40:53,428 - INFO - ==================================================
2025-11-25 13:40:53,428 - INFO - Elapsed Time Seconds     : 17.3687
2025-11-25 13:40:53,428 - INFO - Cpu Usage Percent        : 3.4594
2025-11-25 13:40:53,428 - INFO - Ram Peak Usage Bytes     : 4003164160.0000
2025-11-25 13:40:53,428 - INFO - Disk Read Bytes          : 0.0000
2025-11-25 13:40:53,428 - INFO - Disk Write Bytes         : 1097728.0000
2025-11-25 13:40:53,428 - INFO - Vram Peak Usage Bytes    : 2840555052.0000
2025-11-25 13:40:53,428 - INFO - Gpu Power Watts Avg      : 317.5024
2025-11-25 13:40:53,428 - INFO - Gpu Power Watts Peak     : 327.3570
2025-11-25 13:40:53,428 - INFO - Gpu Temp Celsius Avg     : 63.1744
2025-11-25 13:40:53,428 - INFO - Gpu Temp Celsius Peak    : 65.0000
2025-11-25 13:40:53,428 - INFO - Gpu Utilization Percent Avg: 97.6686
2025-11-25 13:40:53,428 - INFO - Gpu Utilization Percent Peak: 100.0000
2025-11-25 13:40:53,428 - INFO - Gpu Mem Used Bytes Avg   : 16090595328.0000
2025-11-25 13:40:53,428 - INFO - Gpu Mem Used Bytes Peak  : 16090595328.0000
2025-11-25 13:40:53,428 - INFO - Gpu Vram Used Bytes      : 16090595328.0000
2025-11-25 13:40:53,428 - INFO - Accuracy                 : 0.6378
2025-11-25 13:40:53,429 - INFO - Precision                : 0.6404
2025-11-25 13:40:53,429 - INFO - Recall                   : 0.6378
2025-11-25 13:40:53,429 - INFO - F1 Score                 : 0.6350
2025-11-25 13:40:53,429 - INFO - ==================================================
2025-11-25 13:50:51,753 - INFO - Época 94 concluída. Loss média: 2.1317
2025-11-25 13:50:51,754 - INFO - Taxa de aprendizado ajustada para: 0.000100
2025-11-25 13:50:51,756 - INFO - Iniciando inferência com o modelo ResNet...
2025-11-25 13:51:09,036 - INFO - ==================================================
2025-11-25 13:51:09,036 - INFO - EXPERIMENT RESULTS
2025-11-25 13:51:09,036 - INFO - ==================================================
2025-11-25 13:51:09,036 - INFO - Elapsed Time Seconds     : 17.2577
2025-11-25 13:51:09,036 - INFO - Cpu Usage Percent        : 3.5063
2025-11-25 13:51:09,036 - INFO - Ram Peak Usage Bytes     : 4003540992.0000
2025-11-25 13:51:09,037 - INFO - Disk Read Bytes          : 0.0000
2025-11-25 13:51:09,037 - INFO - Disk Write Bytes         : 1114112.0000
2025-11-25 13:51:09,037 - INFO - Vram Peak Usage Bytes    : 2840555052.0000
2025-11-25 13:51:09,037 - INFO - Gpu Power Watts Avg      : 317.7494
2025-11-25 13:51:09,037 - INFO - Gpu Power Watts Peak     : 325.9430
2025-11-25 13:51:09,037 - INFO - Gpu Temp Celsius Avg     : 63.4503
2025-11-25 13:51:09,037 - INFO - Gpu Temp Celsius Peak    : 65.0000
2025-11-25 13:51:09,037 - INFO - Gpu Utilization Percent Avg: 97.7135
2025-11-25 13:51:09,037 - INFO - Gpu Utilization Percent Peak: 100.0000
2025-11-25 13:51:09,037 - INFO - Gpu Mem Used Bytes Avg   : 16090595328.0000
2025-11-25 13:51:09,037 - INFO - Gpu Mem Used Bytes Peak  : 16090595328.0000
2025-11-25 13:51:09,037 - INFO - Gpu Vram Used Bytes      : 16090595328.0000
2025-11-25 13:51:09,037 - INFO - Accuracy                 : 0.6402
2025-11-25 13:51:09,037 - INFO - Precision                : 0.6436
2025-11-25 13:51:09,037 - INFO - Recall                   : 0.6402
2025-11-25 13:51:09,037 - INFO - F1 Score                 : 0.6378
2025-11-25 13:51:09,037 - INFO - ==================================================
2025-11-25 14:01:07,234 - INFO - Época 95 concluída. Loss média: 2.1259
2025-11-25 14:01:07,235 - INFO - Taxa de aprendizado ajustada para: 0.000100
2025-11-25 14:01:07,237 - INFO - Iniciando inferência com o modelo ResNet...
2025-11-25 14:01:24,537 - INFO - ==================================================
2025-11-25 14:01:24,537 - INFO - EXPERIMENT RESULTS
2025-11-25 14:01:24,537 - INFO - ==================================================
2025-11-25 14:01:24,537 - INFO - Elapsed Time Seconds     : 17.2771
2025-11-25 14:01:24,537 - INFO - Cpu Usage Percent        : 3.3219
2025-11-25 14:01:24,537 - INFO - Ram Peak Usage Bytes     : 4003987456.0000
2025-11-25 14:01:24,537 - INFO - Disk Read Bytes          : 0.0000
2025-11-25 14:01:24,537 - INFO - Disk Write Bytes         : 1269760.0000
2025-11-25 14:01:24,538 - INFO - Vram Peak Usage Bytes    : 2840555052.0000
2025-11-25 14:01:24,538 - INFO - Gpu Power Watts Avg      : 320.4850
2025-11-25 14:01:24,538 - INFO - Gpu Power Watts Peak     : 329.3370
2025-11-25 14:01:24,538 - INFO - Gpu Temp Celsius Avg     : 63.0994
2025-11-25 14:01:24,538 - INFO - Gpu Temp Celsius Peak    : 65.0000
2025-11-25 14:01:24,538 - INFO - Gpu Utilization Percent Avg: 98.1520
2025-11-25 14:01:24,538 - INFO - Gpu Utilization Percent Peak: 100.0000
2025-11-25 14:01:24,538 - INFO - Gpu Mem Used Bytes Avg   : 16090595328.0000
2025-11-25 14:01:24,538 - INFO - Gpu Mem Used Bytes Peak  : 16090595328.0000
2025-11-25 14:01:24,538 - INFO - Gpu Vram Used Bytes      : 16090595328.0000
2025-11-25 14:01:24,538 - INFO - Accuracy                 : 0.6378
2025-11-25 14:01:24,538 - INFO - Precision                : 0.6411
2025-11-25 14:01:24,538 - INFO - Recall                   : 0.6378
2025-11-25 14:01:24,538 - INFO - F1 Score                 : 0.6355
2025-11-25 14:01:24,538 - INFO - ==================================================
2025-11-25 14:11:22,655 - INFO - Época 96 concluída. Loss média: 2.1239
2025-11-25 14:11:22,655 - INFO - Taxa de aprendizado ajustada para: 0.000100
2025-11-25 14:11:22,657 - INFO - Iniciando inferência com o modelo ResNet...
2025-11-25 14:11:39,923 - INFO - ==================================================
2025-11-25 14:11:39,923 - INFO - EXPERIMENT RESULTS
2025-11-25 14:11:39,923 - INFO - ==================================================
2025-11-25 14:11:39,923 - INFO - Elapsed Time Seconds     : 17.2427
2025-11-25 14:11:39,923 - INFO - Cpu Usage Percent        : 3.3687
2025-11-25 14:11:39,923 - INFO - Ram Peak Usage Bytes     : 4004429824.0000
2025-11-25 14:11:39,923 - INFO - Disk Read Bytes          : 0.0000
2025-11-25 14:11:39,923 - INFO - Disk Write Bytes         : 1011712.0000
2025-11-25 14:11:39,923 - INFO - Vram Peak Usage Bytes    : 2840555052.0000
2025-11-25 14:11:39,923 - INFO - Gpu Power Watts Avg      : 319.6584
2025-11-25 14:11:39,923 - INFO - Gpu Power Watts Peak     : 328.1500
2025-11-25 14:11:39,923 - INFO - Gpu Temp Celsius Avg     : 63.3860
2025-11-25 14:11:39,923 - INFO - Gpu Temp Celsius Peak    : 65.0000
2025-11-25 14:11:39,923 - INFO - Gpu Utilization Percent Avg: 98.0936
2025-11-25 14:11:39,923 - INFO - Gpu Utilization Percent Peak: 100.0000
2025-11-25 14:11:39,923 - INFO - Gpu Mem Used Bytes Avg   : 16090595328.0000
2025-11-25 14:11:39,923 - INFO - Gpu Mem Used Bytes Peak  : 16090595328.0000
2025-11-25 14:11:39,923 - INFO - Gpu Vram Used Bytes      : 16090595328.0000
2025-11-25 14:11:39,923 - INFO - Accuracy                 : 0.6378
2025-11-25 14:11:39,923 - INFO - Precision                : 0.6406
2025-11-25 14:11:39,923 - INFO - Recall                   : 0.6378
2025-11-25 14:11:39,923 - INFO - F1 Score                 : 0.6350
2025-11-25 14:11:39,923 - INFO - ==================================================
2025-11-25 14:21:37,932 - INFO - Época 97 concluída. Loss média: 2.1167
2025-11-25 14:21:37,932 - INFO - Taxa de aprendizado ajustada para: 0.000100
2025-11-25 14:21:37,934 - INFO - Iniciando inferência com o modelo ResNet...
2025-11-25 14:21:55,199 - INFO - ==================================================
2025-11-25 14:21:55,199 - INFO - EXPERIMENT RESULTS
2025-11-25 14:21:55,199 - INFO - ==================================================
2025-11-25 14:21:55,199 - INFO - Elapsed Time Seconds     : 17.2418
2025-11-25 14:21:55,199 - INFO - Cpu Usage Percent        : 3.3469
2025-11-25 14:21:55,199 - INFO - Ram Peak Usage Bytes     : 4004823040.0000
2025-11-25 14:21:55,199 - INFO - Disk Read Bytes          : 0.0000
2025-11-25 14:21:55,199 - INFO - Disk Write Bytes         : 589824.0000
2025-11-25 14:21:55,199 - INFO - Vram Peak Usage Bytes    : 2840555052.0000
2025-11-25 14:21:55,199 - INFO - Gpu Power Watts Avg      : 319.5019
2025-11-25 14:21:55,199 - INFO - Gpu Power Watts Peak     : 328.6850
2025-11-25 14:21:55,199 - INFO - Gpu Temp Celsius Avg     : 63.0351
2025-11-25 14:21:55,199 - INFO - Gpu Temp Celsius Peak    : 65.0000
2025-11-25 14:21:55,199 - INFO - Gpu Utilization Percent Avg: 97.9181
2025-11-25 14:21:55,199 - INFO - Gpu Utilization Percent Peak: 100.0000
2025-11-25 14:21:55,199 - INFO - Gpu Mem Used Bytes Avg   : 16090595328.0000
2025-11-25 14:21:55,199 - INFO - Gpu Mem Used Bytes Peak  : 16090595328.0000
2025-11-25 14:21:55,199 - INFO - Gpu Vram Used Bytes      : 16090595328.0000
2025-11-25 14:21:55,199 - INFO - Accuracy                 : 0.6391
2025-11-25 14:21:55,199 - INFO - Precision                : 0.6434
2025-11-25 14:21:55,199 - INFO - Recall                   : 0.6391
2025-11-25 14:21:55,199 - INFO - F1 Score                 : 0.6370
2025-11-25 14:21:55,199 - INFO - ==================================================
2025-11-25 14:31:53,745 - INFO - Época 98 concluída. Loss média: 2.1150
2025-11-25 14:31:53,746 - INFO - Taxa de aprendizado ajustada para: 0.000100
2025-11-25 14:31:53,748 - INFO - Iniciando inferência com o modelo ResNet...
2025-11-25 14:32:11,008 - INFO - ==================================================
2025-11-25 14:32:11,008 - INFO - EXPERIMENT RESULTS
2025-11-25 14:32:11,008 - INFO - ==================================================
2025-11-25 14:32:11,008 - INFO - Elapsed Time Seconds     : 17.2373
2025-11-25 14:32:11,008 - INFO - Cpu Usage Percent        : 3.3219
2025-11-25 14:32:11,008 - INFO - Ram Peak Usage Bytes     : 4005216256.0000
2025-11-25 14:32:11,008 - INFO - Disk Read Bytes          : 0.0000
2025-11-25 14:32:11,008 - INFO - Disk Write Bytes         : 1040384.0000
2025-11-25 14:32:11,008 - INFO - Vram Peak Usage Bytes    : 2840555052.0000
2025-11-25 14:32:11,008 - INFO - Gpu Power Watts Avg      : 322.1305
2025-11-25 14:32:11,008 - INFO - Gpu Power Watts Peak     : 329.9710
2025-11-25 14:32:11,008 - INFO - Gpu Temp Celsius Avg     : 63.8304
2025-11-25 14:32:11,008 - INFO - Gpu Temp Celsius Peak    : 66.0000
2025-11-25 14:32:11,008 - INFO - Gpu Utilization Percent Avg: 98.0819
2025-11-25 14:32:11,008 - INFO - Gpu Utilization Percent Peak: 100.0000
2025-11-25 14:32:11,008 - INFO - Gpu Mem Used Bytes Avg   : 16090595328.0000
2025-11-25 14:32:11,009 - INFO - Gpu Mem Used Bytes Peak  : 16090595328.0000
2025-11-25 14:32:11,009 - INFO - Gpu Vram Used Bytes      : 16090595328.0000
2025-11-25 14:32:11,009 - INFO - Accuracy                 : 0.6394
2025-11-25 14:32:11,009 - INFO - Precision                : 0.6442
2025-11-25 14:32:11,009 - INFO - Recall                   : 0.6394
2025-11-25 14:32:11,009 - INFO - F1 Score                 : 0.6370
2025-11-25 14:32:11,009 - INFO - ==================================================
2025-11-25 14:42:08,746 - INFO - Época 99 concluída. Loss média: 2.1126
2025-11-25 14:42:08,747 - INFO - Taxa de aprendizado ajustada para: 0.000100
2025-11-25 14:42:08,749 - INFO - Iniciando inferência com o modelo ResNet...
2025-11-25 14:42:26,069 - INFO - ==================================================
2025-11-25 14:42:26,069 - INFO - EXPERIMENT RESULTS
2025-11-25 14:42:26,069 - INFO - ==================================================
2025-11-25 14:42:26,069 - INFO - Elapsed Time Seconds     : 17.2971
2025-11-25 14:42:26,069 - INFO - Cpu Usage Percent        : 3.3094
2025-11-25 14:42:26,069 - INFO - Ram Peak Usage Bytes     : 4005617664.0000
2025-11-25 14:42:26,069 - INFO - Disk Read Bytes          : 0.0000
2025-11-25 14:42:26,069 - INFO - Disk Write Bytes         : 901120.0000
2025-11-25 14:42:26,069 - INFO - Vram Peak Usage Bytes    : 2840555052.0000
2025-11-25 14:42:26,069 - INFO - Gpu Power Watts Avg      : 319.4155
2025-11-25 14:42:26,069 - INFO - Gpu Power Watts Peak     : 328.3230
2025-11-25 14:42:26,069 - INFO - Gpu Temp Celsius Avg     : 62.8538
2025-11-25 14:42:26,069 - INFO - Gpu Temp Celsius Peak    : 65.0000
2025-11-25 14:42:26,069 - INFO - Gpu Utilization Percent Avg: 97.6140
2025-11-25 14:42:26,069 - INFO - Gpu Utilization Percent Peak: 100.0000
2025-11-25 14:42:26,069 - INFO - Gpu Mem Used Bytes Avg   : 16090595328.0000
2025-11-25 14:42:26,069 - INFO - Gpu Mem Used Bytes Peak  : 16090595328.0000
2025-11-25 14:42:26,069 - INFO - Gpu Vram Used Bytes      : 16090595328.0000
2025-11-25 14:42:26,069 - INFO - Accuracy                 : 0.6383
2025-11-25 14:42:26,069 - INFO - Precision                : 0.6422
2025-11-25 14:42:26,069 - INFO - Recall                   : 0.6383
2025-11-25 14:42:26,069 - INFO - F1 Score                 : 0.6362
2025-11-25 14:42:26,069 - INFO - ==================================================
2025-11-25 14:52:24,447 - INFO - Época 100 concluída. Loss média: 2.1064
2025-11-25 14:52:24,447 - INFO - Taxa de aprendizado ajustada para: 0.000100
2025-11-25 14:52:24,450 - INFO - Iniciando inferência com o modelo ResNet...
2025-11-25 14:52:41,734 - INFO - ==================================================
2025-11-25 14:52:41,734 - INFO - EXPERIMENT RESULTS
2025-11-25 14:52:41,734 - INFO - ==================================================
2025-11-25 14:52:41,734 - INFO - Elapsed Time Seconds     : 17.2618
2025-11-25 14:52:41,734 - INFO - Cpu Usage Percent        : 3.3125
2025-11-25 14:52:41,734 - INFO - Ram Peak Usage Bytes     : 4006010880.0000
2025-11-25 14:52:41,734 - INFO - Disk Read Bytes          : 0.0000
2025-11-25 14:52:41,734 - INFO - Disk Write Bytes         : 1114112.0000
2025-11-25 14:52:41,734 - INFO - Vram Peak Usage Bytes    : 2840555052.0000
2025-11-25 14:52:41,734 - INFO - Gpu Power Watts Avg      : 317.5831
2025-11-25 14:52:41,734 - INFO - Gpu Power Watts Peak     : 327.7820
2025-11-25 14:52:41,734 - INFO - Gpu Temp Celsius Avg     : 63.2047
2025-11-25 14:52:41,734 - INFO - Gpu Temp Celsius Peak    : 65.0000
2025-11-25 14:52:41,734 - INFO - Gpu Utilization Percent Avg: 97.9181
2025-11-25 14:52:41,734 - INFO - Gpu Utilization Percent Peak: 100.0000
2025-11-25 14:52:41,734 - INFO - Gpu Mem Used Bytes Avg   : 16090595328.0000
2025-11-25 14:52:41,734 - INFO - Gpu Mem Used Bytes Peak  : 16090595328.0000
2025-11-25 14:52:41,734 - INFO - Gpu Vram Used Bytes      : 16090595328.0000
2025-11-25 14:52:41,735 - INFO - Accuracy                 : 0.6382
2025-11-25 14:52:41,735 - INFO - Precision                : 0.6417
2025-11-25 14:52:41,735 - INFO - Recall                   : 0.6382
2025-11-25 14:52:41,735 - INFO - F1 Score                 : 0.6358
2025-11-25 14:52:41,735 - INFO - ==================================================
2025-11-25 14:52:41,821 - INFO - Métricas de performance do treinamento:
2025-11-25 14:52:41,821 - INFO - ==================================================
2025-11-25 14:52:41,821 - INFO - EXPERIMENT RESULTS
2025-11-25 14:52:41,821 - INFO - ==================================================
2025-11-25 14:52:41,821 - INFO - Elapsed Time Seconds     : 61564.5787
2025-11-25 14:52:41,821 - INFO - Cpu Usage Percent        : 3.2313
2025-11-25 14:52:41,821 - INFO - Ram Peak Usage Bytes     : 4005924864.0000
2025-11-25 14:52:41,821 - INFO - Disk Read Bytes          : 6918144.0000
2025-11-25 14:52:41,822 - INFO - Disk Write Bytes         : 2159915008.0000
2025-11-25 14:52:41,822 - INFO - Vram Peak Usage Bytes    : 2840555052.0000
2025-11-25 14:52:41,822 - INFO - Gpu Power Watts Avg      : 303.8876
2025-11-25 14:52:41,822 - INFO - Gpu Power Watts Peak     : 365.6460
2025-11-25 14:52:41,822 - INFO - Gpu Temp Celsius Avg     : 62.2841
2025-11-25 14:52:41,822 - INFO - Gpu Temp Celsius Peak    : 68.0000
2025-11-25 14:52:41,822 - INFO - Gpu Utilization Percent Avg: 99.4202
2025-11-25 14:52:41,822 - INFO - Gpu Utilization Percent Peak: 100.0000
2025-11-25 14:52:41,822 - INFO - Gpu Mem Used Bytes Avg   : 16036667276.9100
2025-11-25 14:52:41,822 - INFO - Gpu Mem Used Bytes Peak  : 16090595328.0000
2025-11-25 14:52:41,822 - INFO - Gpu Vram Used Bytes      : 16090595328.0000
2025-11-25 14:52:41,822 - INFO - ==================================================
2025-11-25 14:52:49,389 - INFO - Modelo salvo em: trained_models/resnet34_final.pth
2025-11-25 14:52:49,427 - INFO - Pipeline de treinamento concluído. Modelo salvo em: trained_models/resnet34_final.pth
2025-11-25 14:52:49,428 - INFO - Iniciando pipeline de inferência para avaliação final no conjunto de validação...
2025-11-25 14:52:49,751 - INFO - Iniciando inferência com o modelo ResNet...
2025-11-25 14:53:07,013 - INFO - ==================================================
2025-11-25 14:53:07,013 - INFO - EXPERIMENT RESULTS
2025-11-25 14:53:07,013 - INFO - ==================================================
2025-11-25 14:53:07,013 - INFO - Elapsed Time Seconds     : 17.2395
2025-11-25 14:53:07,013 - INFO - Cpu Usage Percent        : 3.3000
2025-11-25 14:53:07,013 - INFO - Ram Peak Usage Bytes     : 4039491584.0000
2025-11-25 14:53:07,013 - INFO - Disk Read Bytes          : 0.0000
2025-11-25 14:53:07,013 - INFO - Disk Write Bytes         : 1093632.0000
2025-11-25 14:53:07,013 - INFO - Vram Peak Usage Bytes    : 2650237664.0000
2025-11-25 14:53:07,013 - INFO - Gpu Power Watts Avg      : 308.5790
2025-11-25 14:53:07,013 - INFO - Gpu Power Watts Peak     : 327.6940
2025-11-25 14:53:07,013 - INFO - Gpu Temp Celsius Avg     : 61.9415
2025-11-25 14:53:07,013 - INFO - Gpu Temp Celsius Peak    : 65.0000
2025-11-25 14:53:07,013 - INFO - Gpu Utilization Percent Avg: 96.9123
2025-11-25 14:53:07,013 - INFO - Gpu Utilization Percent Peak: 100.0000
2025-11-25 14:53:07,013 - INFO - Gpu Mem Used Bytes Avg   : 16090595328.0000
2025-11-25 14:53:07,013 - INFO - Gpu Mem Used Bytes Peak  : 16090595328.0000
2025-11-25 14:53:07,013 - INFO - Gpu Vram Used Bytes      : 16090595328.0000
2025-11-25 14:53:07,013 - INFO - Accuracy                 : 0.6382
2025-11-25 14:53:07,013 - INFO - Precision                : 0.6417
2025-11-25 14:53:07,013 - INFO - Recall                   : 0.6382
2025-11-25 14:53:07,013 - INFO - F1 Score                 : 0.6358
2025-11-25 14:53:07,013 - INFO - ==================================================
2025-11-25 14:53:07,014 - INFO - Projeto executado com sucesso!
