2025-11-28 09:07:23,747 - INFO - ==================================================
2025-11-28 09:07:23,747 - INFO - EXPERIMENT CONFIGURATION
2025-11-28 09:07:23,747 - INFO - ==================================================
2025-11-28 09:07:23,747 - INFO - Model Name          : squeezenet
2025-11-28 09:07:23,747 - INFO - Config File         : configs/squeezenet_config.yaml
2025-11-28 09:07:23,747 - INFO - Train Data          : /scratch/ehdmenezes//tiny-imagenet-200/train
2025-11-28 09:07:23,747 - INFO - Validation Data     : /scratch/ehdmenezes//tiny-imagenet-200/val
2025-11-28 09:07:23,747 - INFO - model_params        : {'num_classes': 200}
2025-11-28 09:07:23,747 - INFO - train_params        : {'epochs': 100, 'batch_size': 1536, 'learning_rate': 0.1}
2025-11-28 09:07:23,747 - INFO - inference_params    : {'batch_size': 1536}
2025-11-28 09:07:23,747 - INFO - scheduler_params    : {'type': 'StepLR', 'step_size': 30, 'gamma': 0.1}
2025-11-28 09:07:23,747 - INFO - ==================================================
2025-11-28 09:07:23,811 - INFO - Semente aleatória para esta execução foi fixada em: 82
2025-11-28 09:07:23,811 - INFO - Configuração de treinamento: {'model_params': {'num_classes': 200}, 'train_params': {'epochs': 100, 'batch_size': 1536, 'learning_rate': 0.1}, 'inference_params': {'batch_size': 1536}, 'scheduler_params': {'type': 'StepLR', 'step_size': 30, 'gamma': 0.1}}
2025-11-28 09:07:24,265 - INFO - Usando otimizador SGD com momento e weight decay.
2025-11-28 09:07:24,266 - INFO - Usando StepLR scheduler com step_size=30 e gamma=0.1.
2025-11-28 09:07:24,266 - INFO - AMP (Automatic Mixed Precision) ativado.
2025-11-28 09:07:24,266 - INFO - Iniciando treinamento do modelo squeezenet no dispositivo cuda.
2025-11-28 09:07:57,049 - INFO - Época 1 concluída. Loss média: 5.2941
2025-11-28 09:07:57,049 - INFO - Taxa de aprendizado ajustada para: 0.100000
2025-11-28 09:07:57,051 - INFO - Iniciando inferência com o modelo SqueezeNet...
2025-11-28 09:08:02,097 - INFO - ==================================================
2025-11-28 09:08:02,097 - INFO - EXPERIMENT RESULTS
2025-11-28 09:08:02,097 - INFO - ==================================================
2025-11-28 09:08:02,097 - INFO - Elapsed Time Seconds     : 5.0142
2025-11-28 09:08:02,097 - INFO - Cpu Usage Percent        : 1.5281
2025-11-28 09:08:02,097 - INFO - Ram Peak Usage Bytes     : 13327527936.0000
2025-11-28 09:08:02,097 - INFO - Disk Read Bytes          : 0.0000
2025-11-28 09:08:02,097 - INFO - Disk Write Bytes         : 311296.0000
2025-11-28 09:08:02,097 - INFO - Vram Peak Usage Bytes    : 6429543804.0000
2025-11-28 09:08:02,097 - INFO - Gpu Power Watts Avg      : 93.6540
2025-11-28 09:08:02,097 - INFO - Gpu Power Watts Peak     : 229.3070
2025-11-28 09:08:02,097 - INFO - Gpu Temp Celsius Avg     : 45.5918
2025-11-28 09:08:02,097 - INFO - Gpu Temp Celsius Peak    : 53.0000
2025-11-28 09:08:02,097 - INFO - Gpu Utilization Percent Avg: 15.7551
2025-11-28 09:08:02,097 - INFO - Gpu Utilization Percent Peak: 99.0000
2025-11-28 09:08:02,097 - INFO - Gpu Mem Used Bytes Avg   : 16193355776.0000
2025-11-28 09:08:02,097 - INFO - Gpu Mem Used Bytes Peak  : 16193355776.0000
2025-11-28 09:08:02,097 - INFO - Gpu Vram Used Bytes      : 16193355776.0000
2025-11-28 09:08:02,098 - INFO - Accuracy                 : 0.0057
2025-11-28 09:08:02,098 - INFO - Precision                : 0.0001
2025-11-28 09:08:02,098 - INFO - Recall                   : 0.0057
2025-11-28 09:08:02,098 - INFO - F1 Score                 : 0.0001
2025-11-28 09:08:02,098 - INFO - ==================================================
2025-11-28 09:08:32,177 - INFO - Época 2 concluída. Loss média: 5.2623
2025-11-28 09:08:32,177 - INFO - Taxa de aprendizado ajustada para: 0.100000
2025-11-28 09:08:32,179 - INFO - Iniciando inferência com o modelo SqueezeNet...
2025-11-28 09:08:36,281 - INFO - ==================================================
2025-11-28 09:08:36,281 - INFO - EXPERIMENT RESULTS
2025-11-28 09:08:36,281 - INFO - ==================================================
2025-11-28 09:08:36,281 - INFO - Elapsed Time Seconds     : 4.0716
2025-11-28 09:08:36,281 - INFO - Cpu Usage Percent        : 1.9344
2025-11-28 09:08:36,281 - INFO - Ram Peak Usage Bytes     : 13331402752.0000
2025-11-28 09:08:36,281 - INFO - Disk Read Bytes          : 0.0000
2025-11-28 09:08:36,281 - INFO - Disk Write Bytes         : 0.0000
2025-11-28 09:08:36,281 - INFO - Vram Peak Usage Bytes    : 6429543804.0000
2025-11-28 09:08:36,281 - INFO - Gpu Power Watts Avg      : 103.8605
2025-11-28 09:08:36,281 - INFO - Gpu Power Watts Peak     : 253.3080
2025-11-28 09:08:36,281 - INFO - Gpu Temp Celsius Avg     : 45.7250
2025-11-28 09:08:36,282 - INFO - Gpu Temp Celsius Peak    : 55.0000
2025-11-28 09:08:36,282 - INFO - Gpu Utilization Percent Avg: 17.7500
2025-11-28 09:08:36,282 - INFO - Gpu Utilization Percent Peak: 100.0000
2025-11-28 09:08:36,282 - INFO - Gpu Mem Used Bytes Avg   : 16495345664.0000
2025-11-28 09:08:36,282 - INFO - Gpu Mem Used Bytes Peak  : 16495345664.0000
2025-11-28 09:08:36,282 - INFO - Gpu Vram Used Bytes      : 16495345664.0000
2025-11-28 09:08:36,282 - INFO - Accuracy                 : 0.0050
2025-11-28 09:08:36,282 - INFO - Precision                : 0.0000
2025-11-28 09:08:36,282 - INFO - Recall                   : 0.0050
2025-11-28 09:08:36,282 - INFO - F1 Score                 : 0.0000
2025-11-28 09:08:36,282 - INFO - ==================================================
2025-11-28 09:09:04,088 - INFO - Época 3 concluída. Loss média: 5.3010
2025-11-28 09:09:04,088 - INFO - Taxa de aprendizado ajustada para: 0.100000
2025-11-28 09:09:04,090 - INFO - Iniciando inferência com o modelo SqueezeNet...
2025-11-28 09:09:09,605 - INFO - ==================================================
2025-11-28 09:09:09,605 - INFO - EXPERIMENT RESULTS
2025-11-28 09:09:09,605 - INFO - ==================================================
2025-11-28 09:09:09,605 - INFO - Elapsed Time Seconds     : 5.4832
2025-11-28 09:09:09,605 - INFO - Cpu Usage Percent        : 2.2563
2025-11-28 09:09:09,605 - INFO - Ram Peak Usage Bytes     : 19773992960.0000
2025-11-28 09:09:09,605 - INFO - Disk Read Bytes          : 0.0000
2025-11-28 09:09:09,605 - INFO - Disk Write Bytes         : 131072.0000
2025-11-28 09:09:09,605 - INFO - Vram Peak Usage Bytes    : 6429543804.0000
2025-11-28 09:09:09,605 - INFO - Gpu Power Watts Avg      : 88.7058
2025-11-28 09:09:09,605 - INFO - Gpu Power Watts Peak     : 257.5430
2025-11-28 09:09:09,605 - INFO - Gpu Temp Celsius Avg     : 45.2593
2025-11-28 09:09:09,605 - INFO - Gpu Temp Celsius Peak    : 54.0000
2025-11-28 09:09:09,605 - INFO - Gpu Utilization Percent Avg: 11.2963
2025-11-28 09:09:09,605 - INFO - Gpu Utilization Percent Peak: 100.0000
2025-11-28 09:09:09,605 - INFO - Gpu Mem Used Bytes Avg   : 18454085632.0000
2025-11-28 09:09:09,605 - INFO - Gpu Mem Used Bytes Peak  : 18454085632.0000
2025-11-28 09:09:09,605 - INFO - Gpu Vram Used Bytes      : 18454085632.0000
2025-11-28 09:09:09,605 - INFO - Accuracy                 : 0.0044
2025-11-28 09:09:09,606 - INFO - Precision                : 0.0000
2025-11-28 09:09:09,606 - INFO - Recall                   : 0.0044
2025-11-28 09:09:09,606 - INFO - F1 Score                 : 0.0001
2025-11-28 09:09:09,606 - INFO - ==================================================
2025-11-28 09:09:41,602 - INFO - Época 4 concluída. Loss média: 5.2984
2025-11-28 09:09:41,602 - INFO - Taxa de aprendizado ajustada para: 0.100000
2025-11-28 09:09:41,604 - INFO - Iniciando inferência com o modelo SqueezeNet...
2025-11-28 09:09:45,983 - INFO - ==================================================
2025-11-28 09:09:45,983 - INFO - EXPERIMENT RESULTS
2025-11-28 09:09:45,983 - INFO - ==================================================
2025-11-28 09:09:45,983 - INFO - Elapsed Time Seconds     : 4.3474
2025-11-28 09:09:45,983 - INFO - Cpu Usage Percent        : 1.8125
2025-11-28 09:09:45,983 - INFO - Ram Peak Usage Bytes     : 19774074880.0000
2025-11-28 09:09:45,983 - INFO - Disk Read Bytes          : 0.0000
2025-11-28 09:09:45,983 - INFO - Disk Write Bytes         : 0.0000
2025-11-28 09:09:45,983 - INFO - Vram Peak Usage Bytes    : 6429543804.0000
2025-11-28 09:09:45,984 - INFO - Gpu Power Watts Avg      : 99.1513
2025-11-28 09:09:45,984 - INFO - Gpu Power Watts Peak     : 233.0540
2025-11-28 09:09:45,984 - INFO - Gpu Temp Celsius Avg     : 45.0698
2025-11-28 09:09:45,984 - INFO - Gpu Temp Celsius Peak    : 52.0000
2025-11-28 09:09:45,984 - INFO - Gpu Utilization Percent Avg: 13.4884
2025-11-28 09:09:45,984 - INFO - Gpu Utilization Percent Peak: 100.0000
2025-11-28 09:09:45,984 - INFO - Gpu Mem Used Bytes Avg   : 18454085632.0000
2025-11-28 09:09:45,984 - INFO - Gpu Mem Used Bytes Peak  : 18454085632.0000
2025-11-28 09:09:45,984 - INFO - Gpu Vram Used Bytes      : 18454085632.0000
2025-11-28 09:09:45,984 - INFO - Accuracy                 : 0.0050
2025-11-28 09:09:45,984 - INFO - Precision                : 0.0000
2025-11-28 09:09:45,984 - INFO - Recall                   : 0.0050
2025-11-28 09:09:45,984 - INFO - F1 Score                 : 0.0001
2025-11-28 09:09:45,984 - INFO - ==================================================
2025-11-28 09:10:11,824 - INFO - Época 5 concluída. Loss média: 5.2924
2025-11-28 09:10:11,824 - INFO - Taxa de aprendizado ajustada para: 0.100000
2025-11-28 09:10:11,825 - INFO - Iniciando inferência com o modelo SqueezeNet...
2025-11-28 09:10:16,234 - INFO - ==================================================
2025-11-28 09:10:16,235 - INFO - EXPERIMENT RESULTS
2025-11-28 09:10:16,235 - INFO - ==================================================
2025-11-28 09:10:16,235 - INFO - Elapsed Time Seconds     : 4.3779
2025-11-28 09:10:16,235 - INFO - Cpu Usage Percent        : 1.8062
2025-11-28 09:10:16,235 - INFO - Ram Peak Usage Bytes     : 19774148608.0000
2025-11-28 09:10:16,235 - INFO - Disk Read Bytes          : 0.0000
2025-11-28 09:10:16,235 - INFO - Disk Write Bytes         : 16384.0000
2025-11-28 09:10:16,235 - INFO - Vram Peak Usage Bytes    : 6429543804.0000
2025-11-28 09:10:16,235 - INFO - Gpu Power Watts Avg      : 104.4848
2025-11-28 09:10:16,235 - INFO - Gpu Power Watts Peak     : 245.3530
2025-11-28 09:10:16,235 - INFO - Gpu Temp Celsius Avg     : 46.0000
2025-11-28 09:10:16,235 - INFO - Gpu Temp Celsius Peak    : 55.0000
2025-11-28 09:10:16,235 - INFO - Gpu Utilization Percent Avg: 14.1395
2025-11-28 09:10:16,235 - INFO - Gpu Utilization Percent Peak: 100.0000
2025-11-28 09:10:16,235 - INFO - Gpu Mem Used Bytes Avg   : 18454085632.0000
2025-11-28 09:10:16,235 - INFO - Gpu Mem Used Bytes Peak  : 18454085632.0000
2025-11-28 09:10:16,235 - INFO - Gpu Vram Used Bytes      : 18454085632.0000
2025-11-28 09:10:16,235 - INFO - Accuracy                 : 0.0046
2025-11-28 09:10:16,235 - INFO - Precision                : 0.0000
2025-11-28 09:10:16,235 - INFO - Recall                   : 0.0046
2025-11-28 09:10:16,235 - INFO - F1 Score                 : 0.0001
2025-11-28 09:10:16,235 - INFO - ==================================================
2025-11-28 09:10:46,292 - INFO - Época 6 concluída. Loss média: 5.2850
2025-11-28 09:10:46,292 - INFO - Taxa de aprendizado ajustada para: 0.100000
2025-11-28 09:10:46,294 - INFO - Iniciando inferência com o modelo SqueezeNet...
2025-11-28 09:10:50,325 - INFO - ==================================================
2025-11-28 09:10:50,325 - INFO - EXPERIMENT RESULTS
2025-11-28 09:10:50,325 - INFO - ==================================================
2025-11-28 09:10:50,325 - INFO - Elapsed Time Seconds     : 3.9996
2025-11-28 09:10:50,325 - INFO - Cpu Usage Percent        : 1.9688
2025-11-28 09:10:50,325 - INFO - Ram Peak Usage Bytes     : 19774185472.0000
2025-11-28 09:10:50,325 - INFO - Disk Read Bytes          : 0.0000
2025-11-28 09:10:50,325 - INFO - Disk Write Bytes         : 0.0000
2025-11-28 09:10:50,325 - INFO - Vram Peak Usage Bytes    : 6429543804.0000
2025-11-28 09:10:50,325 - INFO - Gpu Power Watts Avg      : 100.7323
2025-11-28 09:10:50,325 - INFO - Gpu Power Watts Peak     : 236.8160
2025-11-28 09:10:50,325 - INFO - Gpu Temp Celsius Avg     : 45.9487
2025-11-28 09:10:50,325 - INFO - Gpu Temp Celsius Peak    : 53.0000
2025-11-28 09:10:50,325 - INFO - Gpu Utilization Percent Avg: 15.9487
2025-11-28 09:10:50,325 - INFO - Gpu Utilization Percent Peak: 100.0000
2025-11-28 09:10:50,325 - INFO - Gpu Mem Used Bytes Avg   : 18688966656.0000
2025-11-28 09:10:50,325 - INFO - Gpu Mem Used Bytes Peak  : 18688966656.0000
2025-11-28 09:10:50,325 - INFO - Gpu Vram Used Bytes      : 18688966656.0000
2025-11-28 09:10:50,325 - INFO - Accuracy                 : 0.0050
2025-11-28 09:10:50,325 - INFO - Precision                : 0.0000
2025-11-28 09:10:50,325 - INFO - Recall                   : 0.0050
2025-11-28 09:10:50,325 - INFO - F1 Score                 : 0.0000
2025-11-28 09:10:50,326 - INFO - ==================================================
2025-11-28 09:11:17,819 - INFO - Época 7 concluída. Loss média: 5.2999
2025-11-28 09:11:17,819 - INFO - Taxa de aprendizado ajustada para: 0.100000
2025-11-28 09:11:17,821 - INFO - Iniciando inferência com o modelo SqueezeNet...
2025-11-28 09:11:23,293 - INFO - ==================================================
2025-11-28 09:11:23,293 - INFO - EXPERIMENT RESULTS
2025-11-28 09:11:23,293 - INFO - ==================================================
2025-11-28 09:11:23,294 - INFO - Elapsed Time Seconds     : 5.4426
2025-11-28 09:11:23,294 - INFO - Cpu Usage Percent        : 2.2687
2025-11-28 09:11:23,294 - INFO - Ram Peak Usage Bytes     : 19774255104.0000
2025-11-28 09:11:23,294 - INFO - Disk Read Bytes          : 0.0000
2025-11-28 09:11:23,294 - INFO - Disk Write Bytes         : 114688.0000
2025-11-28 09:11:23,294 - INFO - Vram Peak Usage Bytes    : 6429543804.0000
2025-11-28 09:11:23,294 - INFO - Gpu Power Watts Avg      : 90.0343
2025-11-28 09:11:23,294 - INFO - Gpu Power Watts Peak     : 243.0970
2025-11-28 09:11:23,294 - INFO - Gpu Temp Celsius Avg     : 45.3333
2025-11-28 09:11:23,294 - INFO - Gpu Temp Celsius Peak    : 52.0000
2025-11-28 09:11:23,294 - INFO - Gpu Utilization Percent Avg: 9.8889
2025-11-28 09:11:23,294 - INFO - Gpu Utilization Percent Peak: 99.0000
2025-11-28 09:11:23,294 - INFO - Gpu Mem Used Bytes Avg   : 18688966656.0000
2025-11-28 09:11:23,294 - INFO - Gpu Mem Used Bytes Peak  : 18688966656.0000
2025-11-28 09:11:23,294 - INFO - Gpu Vram Used Bytes      : 18688966656.0000
2025-11-28 09:11:23,294 - INFO - Accuracy                 : 0.0050
2025-11-28 09:11:23,294 - INFO - Precision                : 0.0000
2025-11-28 09:11:23,294 - INFO - Recall                   : 0.0050
2025-11-28 09:11:23,294 - INFO - F1 Score                 : 0.0000
2025-11-28 09:11:23,294 - INFO - ==================================================
2025-11-28 09:11:49,564 - INFO - Época 8 concluída. Loss média: 5.2992
2025-11-28 09:11:49,564 - INFO - Taxa de aprendizado ajustada para: 0.100000
2025-11-28 09:11:49,567 - INFO - Iniciando inferência com o modelo SqueezeNet...
2025-11-28 09:11:53,983 - INFO - ==================================================
2025-11-28 09:11:53,983 - INFO - EXPERIMENT RESULTS
2025-11-28 09:11:53,983 - INFO - ==================================================
2025-11-28 09:11:53,983 - INFO - Elapsed Time Seconds     : 4.3854
2025-11-28 09:11:53,983 - INFO - Cpu Usage Percent        : 1.7875
2025-11-28 09:11:53,983 - INFO - Ram Peak Usage Bytes     : 19774324736.0000
2025-11-28 09:11:53,983 - INFO - Disk Read Bytes          : 0.0000
2025-11-28 09:11:53,983 - INFO - Disk Write Bytes         : 0.0000
2025-11-28 09:11:53,984 - INFO - Vram Peak Usage Bytes    : 6429543804.0000
2025-11-28 09:11:53,984 - INFO - Gpu Power Watts Avg      : 97.7151
2025-11-28 09:11:53,984 - INFO - Gpu Power Watts Peak     : 233.1290
2025-11-28 09:11:53,984 - INFO - Gpu Temp Celsius Avg     : 46.1163
2025-11-28 09:11:53,984 - INFO - Gpu Temp Celsius Peak    : 55.0000
2025-11-28 09:11:53,984 - INFO - Gpu Utilization Percent Avg: 13.2791
2025-11-28 09:11:53,984 - INFO - Gpu Utilization Percent Peak: 100.0000
2025-11-28 09:11:53,984 - INFO - Gpu Mem Used Bytes Avg   : 18688966656.0000
2025-11-28 09:11:53,984 - INFO - Gpu Mem Used Bytes Peak  : 18688966656.0000
2025-11-28 09:11:53,984 - INFO - Gpu Vram Used Bytes      : 18688966656.0000
2025-11-28 09:11:53,984 - INFO - Accuracy                 : 0.0050
2025-11-28 09:11:53,984 - INFO - Precision                : 0.0000
2025-11-28 09:11:53,984 - INFO - Recall                   : 0.0050
2025-11-28 09:11:53,984 - INFO - F1 Score                 : 0.0000
2025-11-28 09:11:53,984 - INFO - ==================================================
2025-11-28 09:12:19,909 - INFO - Época 9 concluída. Loss média: 5.2988
2025-11-28 09:12:19,909 - INFO - Taxa de aprendizado ajustada para: 0.100000
2025-11-28 09:12:19,910 - INFO - Iniciando inferência com o modelo SqueezeNet...
2025-11-28 09:12:24,705 - INFO - ==================================================
2025-11-28 09:12:24,705 - INFO - EXPERIMENT RESULTS
2025-11-28 09:12:24,705 - INFO - ==================================================
2025-11-28 09:12:24,705 - INFO - Elapsed Time Seconds     : 4.7649
2025-11-28 09:12:24,705 - INFO - Cpu Usage Percent        : 1.9875
2025-11-28 09:12:24,705 - INFO - Ram Peak Usage Bytes     : 19774369792.0000
2025-11-28 09:12:24,705 - INFO - Disk Read Bytes          : 0.0000
2025-11-28 09:12:24,705 - INFO - Disk Write Bytes         : 114688.0000
2025-11-28 09:12:24,705 - INFO - Vram Peak Usage Bytes    : 6429543804.0000
2025-11-28 09:12:24,705 - INFO - Gpu Power Watts Avg      : 95.8053
2025-11-28 09:12:24,705 - INFO - Gpu Power Watts Peak     : 239.0600
2025-11-28 09:12:24,705 - INFO - Gpu Temp Celsius Avg     : 45.7021
2025-11-28 09:12:24,705 - INFO - Gpu Temp Celsius Peak    : 53.0000
2025-11-28 09:12:24,705 - INFO - Gpu Utilization Percent Avg: 13.3404
2025-11-28 09:12:24,705 - INFO - Gpu Utilization Percent Peak: 100.0000
2025-11-28 09:12:24,705 - INFO - Gpu Mem Used Bytes Avg   : 18688966656.0000
2025-11-28 09:12:24,705 - INFO - Gpu Mem Used Bytes Peak  : 18688966656.0000
2025-11-28 09:12:24,705 - INFO - Gpu Vram Used Bytes      : 18688966656.0000
2025-11-28 09:12:24,705 - INFO - Accuracy                 : 0.0050
2025-11-28 09:12:24,705 - INFO - Precision                : 0.0000
2025-11-28 09:12:24,706 - INFO - Recall                   : 0.0050
2025-11-28 09:12:24,706 - INFO - F1 Score                 : 0.0000
2025-11-28 09:12:24,706 - INFO - ==================================================
2025-11-28 09:12:51,697 - INFO - Época 10 concluída. Loss média: 5.2987
2025-11-28 09:12:51,698 - INFO - Taxa de aprendizado ajustada para: 0.100000
2025-11-28 09:12:51,699 - INFO - Iniciando inferência com o modelo SqueezeNet...
2025-11-28 09:12:55,940 - INFO - ==================================================
2025-11-28 09:12:55,940 - INFO - EXPERIMENT RESULTS
2025-11-28 09:12:55,940 - INFO - ==================================================
2025-11-28 09:12:55,940 - INFO - Elapsed Time Seconds     : 4.2101
2025-11-28 09:12:55,940 - INFO - Cpu Usage Percent        : 1.8625
2025-11-28 09:12:55,940 - INFO - Ram Peak Usage Bytes     : 19774451712.0000
2025-11-28 09:12:55,940 - INFO - Disk Read Bytes          : 0.0000
2025-11-28 09:12:55,940 - INFO - Disk Write Bytes         : 0.0000
2025-11-28 09:12:55,940 - INFO - Vram Peak Usage Bytes    : 6429543804.0000
2025-11-28 09:12:55,940 - INFO - Gpu Power Watts Avg      : 98.6044
2025-11-28 09:12:55,940 - INFO - Gpu Power Watts Peak     : 247.1030
2025-11-28 09:12:55,940 - INFO - Gpu Temp Celsius Avg     : 46.0488
2025-11-28 09:12:55,940 - INFO - Gpu Temp Celsius Peak    : 53.0000
2025-11-28 09:12:55,940 - INFO - Gpu Utilization Percent Avg: 14.5854
2025-11-28 09:12:55,941 - INFO - Gpu Utilization Percent Peak: 100.0000
2025-11-28 09:12:55,941 - INFO - Gpu Mem Used Bytes Avg   : 19393609728.0000
2025-11-28 09:12:55,941 - INFO - Gpu Mem Used Bytes Peak  : 19393609728.0000
2025-11-28 09:12:55,941 - INFO - Gpu Vram Used Bytes      : 19393609728.0000
2025-11-28 09:12:55,941 - INFO - Accuracy                 : 0.0050
2025-11-28 09:12:55,941 - INFO - Precision                : 0.0000
2025-11-28 09:12:55,941 - INFO - Recall                   : 0.0050
2025-11-28 09:12:55,941 - INFO - F1 Score                 : 0.0000
2025-11-28 09:12:55,941 - INFO - ==================================================
2025-11-28 09:13:22,464 - INFO - Época 11 concluída. Loss média: 5.2986
2025-11-28 09:13:22,465 - INFO - Taxa de aprendizado ajustada para: 0.100000
2025-11-28 09:13:22,466 - INFO - Iniciando inferência com o modelo SqueezeNet...
2025-11-28 09:13:26,978 - INFO - ==================================================
2025-11-28 09:13:26,978 - INFO - EXPERIMENT RESULTS
2025-11-28 09:13:26,978 - INFO - ==================================================
2025-11-28 09:13:26,978 - INFO - Elapsed Time Seconds     : 4.4815
2025-11-28 09:13:26,978 - INFO - Cpu Usage Percent        : 2.1250
2025-11-28 09:13:26,978 - INFO - Ram Peak Usage Bytes     : 19777884160.0000
2025-11-28 09:13:26,978 - INFO - Disk Read Bytes          : 0.0000
2025-11-28 09:13:26,978 - INFO - Disk Write Bytes         : 0.0000
2025-11-28 09:13:26,978 - INFO - Vram Peak Usage Bytes    : 6429543804.0000
2025-11-28 09:13:26,978 - INFO - Gpu Power Watts Avg      : 100.3331
2025-11-28 09:13:26,978 - INFO - Gpu Power Watts Peak     : 236.2490
2025-11-28 09:13:26,979 - INFO - Gpu Temp Celsius Avg     : 46.1591
2025-11-28 09:13:26,979 - INFO - Gpu Temp Celsius Peak    : 55.0000
2025-11-28 09:13:26,979 - INFO - Gpu Utilization Percent Avg: 15.2045
2025-11-28 09:13:26,979 - INFO - Gpu Utilization Percent Peak: 99.0000
2025-11-28 09:13:26,979 - INFO - Gpu Mem Used Bytes Avg   : 19393609728.0000
2025-11-28 09:13:26,979 - INFO - Gpu Mem Used Bytes Peak  : 19393609728.0000
2025-11-28 09:13:26,979 - INFO - Gpu Vram Used Bytes      : 19393609728.0000
2025-11-28 09:13:26,979 - INFO - Accuracy                 : 0.0050
2025-11-28 09:13:26,979 - INFO - Precision                : 0.0000
2025-11-28 09:13:26,979 - INFO - Recall                   : 0.0050
2025-11-28 09:13:26,979 - INFO - F1 Score                 : 0.0000
2025-11-28 09:13:26,979 - INFO - ==================================================
2025-11-28 09:13:58,142 - INFO - Época 12 concluída. Loss média: 5.2986
2025-11-28 09:13:58,143 - INFO - Taxa de aprendizado ajustada para: 0.100000
2025-11-28 09:13:58,144 - INFO - Iniciando inferência com o modelo SqueezeNet...
2025-11-28 09:14:03,759 - INFO - ==================================================
2025-11-28 09:14:03,759 - INFO - EXPERIMENT RESULTS
2025-11-28 09:14:03,759 - INFO - ==================================================
2025-11-28 09:14:03,759 - INFO - Elapsed Time Seconds     : 5.5837
2025-11-28 09:14:03,759 - INFO - Cpu Usage Percent        : 2.2344
2025-11-28 09:14:03,759 - INFO - Ram Peak Usage Bytes     : 19781255168.0000
2025-11-28 09:14:03,759 - INFO - Disk Read Bytes          : 0.0000
2025-11-28 09:14:03,759 - INFO - Disk Write Bytes         : 106496.0000
2025-11-28 09:14:03,759 - INFO - Vram Peak Usage Bytes    : 6429543804.0000
2025-11-28 09:14:03,759 - INFO - Gpu Power Watts Avg      : 90.9798
2025-11-28 09:14:03,759 - INFO - Gpu Power Watts Peak     : 216.4440
2025-11-28 09:14:03,759 - INFO - Gpu Temp Celsius Avg     : 45.1091
2025-11-28 09:14:03,759 - INFO - Gpu Temp Celsius Peak    : 54.0000
2025-11-28 09:14:03,759 - INFO - Gpu Utilization Percent Avg: 11.0182
2025-11-28 09:14:03,759 - INFO - Gpu Utilization Percent Peak: 99.0000
2025-11-28 09:14:03,760 - INFO - Gpu Mem Used Bytes Avg   : 19393609728.0000
2025-11-28 09:14:03,760 - INFO - Gpu Mem Used Bytes Peak  : 19393609728.0000
2025-11-28 09:14:03,760 - INFO - Gpu Vram Used Bytes      : 19393609728.0000
2025-11-28 09:14:03,760 - INFO - Accuracy                 : 0.0050
2025-11-28 09:14:03,760 - INFO - Precision                : 0.0000
2025-11-28 09:14:03,760 - INFO - Recall                   : 0.0050
2025-11-28 09:14:03,760 - INFO - F1 Score                 : 0.0000
2025-11-28 09:14:03,760 - INFO - ==================================================
2025-11-28 09:14:30,327 - INFO - Época 13 concluída. Loss média: 5.2985
2025-11-28 09:14:30,327 - INFO - Taxa de aprendizado ajustada para: 0.100000
2025-11-28 09:14:30,329 - INFO - Iniciando inferência com o modelo SqueezeNet...
2025-11-28 09:14:34,617 - INFO - ==================================================
2025-11-28 09:14:34,617 - INFO - EXPERIMENT RESULTS
2025-11-28 09:14:34,617 - INFO - ==================================================
2025-11-28 09:14:34,617 - INFO - Elapsed Time Seconds     : 4.2575
2025-11-28 09:14:34,617 - INFO - Cpu Usage Percent        : 1.8656
2025-11-28 09:14:34,617 - INFO - Ram Peak Usage Bytes     : 19781292032.0000
2025-11-28 09:14:34,617 - INFO - Disk Read Bytes          : 0.0000
2025-11-28 09:14:34,618 - INFO - Disk Write Bytes         : 126976.0000
2025-11-28 09:14:34,618 - INFO - Vram Peak Usage Bytes    : 6429543804.0000
2025-11-28 09:14:34,618 - INFO - Gpu Power Watts Avg      : 97.6802
2025-11-28 09:14:34,618 - INFO - Gpu Power Watts Peak     : 229.7200
2025-11-28 09:14:34,618 - INFO - Gpu Temp Celsius Avg     : 45.7857
2025-11-28 09:14:34,618 - INFO - Gpu Temp Celsius Peak    : 53.0000
2025-11-28 09:14:34,618 - INFO - Gpu Utilization Percent Avg: 13.0476
2025-11-28 09:14:34,618 - INFO - Gpu Utilization Percent Peak: 100.0000
2025-11-28 09:14:34,618 - INFO - Gpu Mem Used Bytes Avg   : 19393609728.0000
2025-11-28 09:14:34,618 - INFO - Gpu Mem Used Bytes Peak  : 19393609728.0000
2025-11-28 09:14:34,618 - INFO - Gpu Vram Used Bytes      : 19393609728.0000
2025-11-28 09:14:34,618 - INFO - Accuracy                 : 0.0050
2025-11-28 09:14:34,618 - INFO - Precision                : 0.0000
2025-11-28 09:14:34,618 - INFO - Recall                   : 0.0050
2025-11-28 09:14:34,618 - INFO - F1 Score                 : 0.0000
2025-11-28 09:14:34,618 - INFO - ==================================================
2025-11-28 09:15:01,427 - INFO - Época 14 concluída. Loss média: 5.2986
2025-11-28 09:15:01,427 - INFO - Taxa de aprendizado ajustada para: 0.100000
2025-11-28 09:15:01,429 - INFO - Iniciando inferência com o modelo SqueezeNet...
2025-11-28 09:15:07,015 - INFO - ==================================================
2025-11-28 09:15:07,015 - INFO - EXPERIMENT RESULTS
2025-11-28 09:15:07,015 - INFO - ==================================================
2025-11-28 09:15:07,015 - INFO - Elapsed Time Seconds     : 5.5557
2025-11-28 09:15:07,016 - INFO - Cpu Usage Percent        : 2.2344
2025-11-28 09:15:07,016 - INFO - Ram Peak Usage Bytes     : 20860092416.0000
2025-11-28 09:15:07,016 - INFO - Disk Read Bytes          : 0.0000
2025-11-28 09:15:07,016 - INFO - Disk Write Bytes         : 94208.0000
2025-11-28 09:15:07,016 - INFO - Vram Peak Usage Bytes    : 6429543804.0000
2025-11-28 09:15:07,016 - INFO - Gpu Power Watts Avg      : 88.5169
2025-11-28 09:15:07,016 - INFO - Gpu Power Watts Peak     : 235.4700
2025-11-28 09:15:07,016 - INFO - Gpu Temp Celsius Avg     : 45.3818
2025-11-28 09:15:07,016 - INFO - Gpu Temp Celsius Peak    : 55.0000
2025-11-28 09:15:07,016 - INFO - Gpu Utilization Percent Avg: 11.5818
2025-11-28 09:15:07,016 - INFO - Gpu Utilization Percent Peak: 99.0000
2025-11-28 09:15:07,016 - INFO - Gpu Mem Used Bytes Avg   : 19395706880.0000
2025-11-28 09:15:07,016 - INFO - Gpu Mem Used Bytes Peak  : 19395706880.0000
2025-11-28 09:15:07,016 - INFO - Gpu Vram Used Bytes      : 19395706880.0000
2025-11-28 09:15:07,016 - INFO - Accuracy                 : 0.0050
2025-11-28 09:15:07,016 - INFO - Precision                : 0.0000
2025-11-28 09:15:07,016 - INFO - Recall                   : 0.0050
2025-11-28 09:15:07,016 - INFO - F1 Score                 : 0.0000
2025-11-28 09:15:07,016 - INFO - ==================================================
2025-11-28 09:15:34,610 - INFO - Época 15 concluída. Loss média: 5.2985
2025-11-28 09:15:34,610 - INFO - Taxa de aprendizado ajustada para: 0.100000
2025-11-28 09:15:34,612 - INFO - Iniciando inferência com o modelo SqueezeNet...
2025-11-28 09:15:39,053 - INFO - ==================================================
2025-11-28 09:15:39,053 - INFO - EXPERIMENT RESULTS
2025-11-28 09:15:39,053 - INFO - ==================================================
2025-11-28 09:15:39,053 - INFO - Elapsed Time Seconds     : 4.4109
2025-11-28 09:15:39,053 - INFO - Cpu Usage Percent        : 1.8062
2025-11-28 09:15:39,053 - INFO - Ram Peak Usage Bytes     : 20867956736.0000
2025-11-28 09:15:39,053 - INFO - Disk Read Bytes          : 0.0000
2025-11-28 09:15:39,053 - INFO - Disk Write Bytes         : 4096.0000
2025-11-28 09:15:39,053 - INFO - Vram Peak Usage Bytes    : 6429543804.0000
2025-11-28 09:15:39,053 - INFO - Gpu Power Watts Avg      : 99.5174
2025-11-28 09:15:39,053 - INFO - Gpu Power Watts Peak     : 238.1960
2025-11-28 09:15:39,053 - INFO - Gpu Temp Celsius Avg     : 45.9535
2025-11-28 09:15:39,053 - INFO - Gpu Temp Celsius Peak    : 54.0000
2025-11-28 09:15:39,053 - INFO - Gpu Utilization Percent Avg: 15.0000
2025-11-28 09:15:39,053 - INFO - Gpu Utilization Percent Peak: 99.0000
2025-11-28 09:15:39,053 - INFO - Gpu Mem Used Bytes Avg   : 19395706880.0000
2025-11-28 09:15:39,053 - INFO - Gpu Mem Used Bytes Peak  : 19395706880.0000
2025-11-28 09:15:39,053 - INFO - Gpu Vram Used Bytes      : 19395706880.0000
2025-11-28 09:15:39,053 - INFO - Accuracy                 : 0.0050
2025-11-28 09:15:39,053 - INFO - Precision                : 0.0000
2025-11-28 09:15:39,054 - INFO - Recall                   : 0.0050
2025-11-28 09:15:39,054 - INFO - F1 Score                 : 0.0000
2025-11-28 09:15:39,054 - INFO - ==================================================
2025-11-28 09:16:11,854 - INFO - Época 16 concluída. Loss média: 5.2985
2025-11-28 09:16:11,854 - INFO - Taxa de aprendizado ajustada para: 0.100000
2025-11-28 09:16:11,856 - INFO - Iniciando inferência com o modelo SqueezeNet...
2025-11-28 09:16:16,142 - INFO - ==================================================
2025-11-28 09:16:16,143 - INFO - EXPERIMENT RESULTS
2025-11-28 09:16:16,143 - INFO - ==================================================
2025-11-28 09:16:16,143 - INFO - Elapsed Time Seconds     : 4.2573
2025-11-28 09:16:16,143 - INFO - Cpu Usage Percent        : 1.8562
2025-11-28 09:16:16,143 - INFO - Ram Peak Usage Bytes     : 20869722112.0000
2025-11-28 09:16:16,143 - INFO - Disk Read Bytes          : 0.0000
2025-11-28 09:16:16,143 - INFO - Disk Write Bytes         : 0.0000
2025-11-28 09:16:16,143 - INFO - Vram Peak Usage Bytes    : 6429543804.0000
2025-11-28 09:16:16,143 - INFO - Gpu Power Watts Avg      : 100.9210
2025-11-28 09:16:16,143 - INFO - Gpu Power Watts Peak     : 248.6200
2025-11-28 09:16:16,143 - INFO - Gpu Temp Celsius Avg     : 45.3810
2025-11-28 09:16:16,143 - INFO - Gpu Temp Celsius Peak    : 54.0000
2025-11-28 09:16:16,143 - INFO - Gpu Utilization Percent Avg: 16.3571
2025-11-28 09:16:16,143 - INFO - Gpu Utilization Percent Peak: 100.0000
2025-11-28 09:16:16,143 - INFO - Gpu Mem Used Bytes Avg   : 19395706880.0000
2025-11-28 09:16:16,143 - INFO - Gpu Mem Used Bytes Peak  : 19395706880.0000
2025-11-28 09:16:16,143 - INFO - Gpu Vram Used Bytes      : 19395706880.0000
2025-11-28 09:16:16,143 - INFO - Accuracy                 : 0.0050
2025-11-28 09:16:16,143 - INFO - Precision                : 0.0000
2025-11-28 09:16:16,143 - INFO - Recall                   : 0.0050
2025-11-28 09:16:16,143 - INFO - F1 Score                 : 0.0000
2025-11-28 09:16:16,143 - INFO - ==================================================
2025-11-28 09:16:43,671 - INFO - Época 17 concluída. Loss média: 5.2985
2025-11-28 09:16:43,671 - INFO - Taxa de aprendizado ajustada para: 0.100000
2025-11-28 09:16:43,673 - INFO - Iniciando inferência com o modelo SqueezeNet...
2025-11-28 09:16:48,216 - INFO - ==================================================
2025-11-28 09:16:48,217 - INFO - EXPERIMENT RESULTS
2025-11-28 09:16:48,217 - INFO - ==================================================
2025-11-28 09:16:48,217 - INFO - Elapsed Time Seconds     : 4.5135
2025-11-28 09:16:48,217 - INFO - Cpu Usage Percent        : 1.8062
2025-11-28 09:16:48,217 - INFO - Ram Peak Usage Bytes     : 20871356416.0000
2025-11-28 09:16:48,217 - INFO - Disk Read Bytes          : 0.0000
2025-11-28 09:16:48,217 - INFO - Disk Write Bytes         : 0.0000
2025-11-28 09:16:48,217 - INFO - Vram Peak Usage Bytes    : 6429543804.0000
2025-11-28 09:16:48,217 - INFO - Gpu Power Watts Avg      : 97.1060
2025-11-28 09:16:48,217 - INFO - Gpu Power Watts Peak     : 230.7470
2025-11-28 09:16:48,217 - INFO - Gpu Temp Celsius Avg     : 45.4545
2025-11-28 09:16:48,217 - INFO - Gpu Temp Celsius Peak    : 53.0000
2025-11-28 09:16:48,217 - INFO - Gpu Utilization Percent Avg: 14.2500
2025-11-28 09:16:48,217 - INFO - Gpu Utilization Percent Peak: 100.0000
2025-11-28 09:16:48,217 - INFO - Gpu Mem Used Bytes Avg   : 19395706880.0000
2025-11-28 09:16:48,217 - INFO - Gpu Mem Used Bytes Peak  : 19395706880.0000
2025-11-28 09:16:48,217 - INFO - Gpu Vram Used Bytes      : 19395706880.0000
2025-11-28 09:16:48,217 - INFO - Accuracy                 : 0.0050
2025-11-28 09:16:48,217 - INFO - Precision                : 0.0000
2025-11-28 09:16:48,218 - INFO - Recall                   : 0.0050
2025-11-28 09:16:48,218 - INFO - F1 Score                 : 0.0000
2025-11-28 09:16:48,218 - INFO - ==================================================
2025-11-28 09:17:15,774 - INFO - Época 18 concluída. Loss média: 5.2985
2025-11-28 09:17:15,774 - INFO - Taxa de aprendizado ajustada para: 0.100000
2025-11-28 09:17:15,776 - INFO - Iniciando inferência com o modelo SqueezeNet...
2025-11-28 09:17:20,204 - INFO - ==================================================
2025-11-28 09:17:20,204 - INFO - EXPERIMENT RESULTS
2025-11-28 09:17:20,204 - INFO - ==================================================
2025-11-28 09:17:20,204 - INFO - Elapsed Time Seconds     : 4.3968
2025-11-28 09:17:20,204 - INFO - Cpu Usage Percent        : 1.8125
2025-11-28 09:17:20,204 - INFO - Ram Peak Usage Bytes     : 20880482304.0000
2025-11-28 09:17:20,204 - INFO - Disk Read Bytes          : 0.0000
2025-11-28 09:17:20,204 - INFO - Disk Write Bytes         : 0.0000
2025-11-28 09:17:20,204 - INFO - Vram Peak Usage Bytes    : 6429543804.0000
2025-11-28 09:17:20,205 - INFO - Gpu Power Watts Avg      : 99.4251
2025-11-28 09:17:20,205 - INFO - Gpu Power Watts Peak     : 232.6580
2025-11-28 09:17:20,205 - INFO - Gpu Temp Celsius Avg     : 45.6512
2025-11-28 09:17:20,205 - INFO - Gpu Temp Celsius Peak    : 55.0000
2025-11-28 09:17:20,205 - INFO - Gpu Utilization Percent Avg: 15.6047
2025-11-28 09:17:20,205 - INFO - Gpu Utilization Percent Peak: 100.0000
2025-11-28 09:17:20,205 - INFO - Gpu Mem Used Bytes Avg   : 19395706880.0000
2025-11-28 09:17:20,205 - INFO - Gpu Mem Used Bytes Peak  : 19395706880.0000
2025-11-28 09:17:20,205 - INFO - Gpu Vram Used Bytes      : 19395706880.0000
2025-11-28 09:17:20,205 - INFO - Accuracy                 : 0.0050
2025-11-28 09:17:20,205 - INFO - Precision                : 0.0000
2025-11-28 09:17:20,205 - INFO - Recall                   : 0.0050
2025-11-28 09:17:20,205 - INFO - F1 Score                 : 0.0000
2025-11-28 09:17:20,205 - INFO - ==================================================
2025-11-28 09:17:45,514 - INFO - Época 19 concluída. Loss média: 5.2985
2025-11-28 09:17:45,515 - INFO - Taxa de aprendizado ajustada para: 0.100000
2025-11-28 09:17:45,516 - INFO - Iniciando inferência com o modelo SqueezeNet...
2025-11-28 09:17:49,891 - INFO - ==================================================
2025-11-28 09:17:49,891 - INFO - EXPERIMENT RESULTS
2025-11-28 09:17:49,891 - INFO - ==================================================
2025-11-28 09:17:49,891 - INFO - Elapsed Time Seconds     : 4.3436
2025-11-28 09:17:49,891 - INFO - Cpu Usage Percent        : 1.8344
2025-11-28 09:17:49,891 - INFO - Ram Peak Usage Bytes     : 20881797120.0000
2025-11-28 09:17:49,891 - INFO - Disk Read Bytes          : 0.0000
2025-11-28 09:17:49,891 - INFO - Disk Write Bytes         : 0.0000
2025-11-28 09:17:49,891 - INFO - Vram Peak Usage Bytes    : 6429543804.0000
2025-11-28 09:17:49,891 - INFO - Gpu Power Watts Avg      : 102.4127
2025-11-28 09:17:49,891 - INFO - Gpu Power Watts Peak     : 242.7600
2025-11-28 09:17:49,891 - INFO - Gpu Temp Celsius Avg     : 45.7442
2025-11-28 09:17:49,891 - INFO - Gpu Temp Celsius Peak    : 55.0000
2025-11-28 09:17:49,891 - INFO - Gpu Utilization Percent Avg: 14.0000
2025-11-28 09:17:49,891 - INFO - Gpu Utilization Percent Peak: 99.0000
2025-11-28 09:17:49,891 - INFO - Gpu Mem Used Bytes Avg   : 19395706880.0000
2025-11-28 09:17:49,891 - INFO - Gpu Mem Used Bytes Peak  : 19395706880.0000
2025-11-28 09:17:49,891 - INFO - Gpu Vram Used Bytes      : 19395706880.0000
2025-11-28 09:17:49,891 - INFO - Accuracy                 : 0.0050
2025-11-28 09:17:49,892 - INFO - Precision                : 0.0000
2025-11-28 09:17:49,892 - INFO - Recall                   : 0.0050
2025-11-28 09:17:49,892 - INFO - F1 Score                 : 0.0000
2025-11-28 09:17:49,892 - INFO - ==================================================
2025-11-28 09:18:15,984 - INFO - Época 20 concluída. Loss média: 5.2985
2025-11-28 09:18:15,984 - INFO - Taxa de aprendizado ajustada para: 0.100000
2025-11-28 09:18:15,986 - INFO - Iniciando inferência com o modelo SqueezeNet...
2025-11-28 09:18:21,485 - INFO - ==================================================
2025-11-28 09:18:21,485 - INFO - EXPERIMENT RESULTS
2025-11-28 09:18:21,485 - INFO - ==================================================
2025-11-28 09:18:21,485 - INFO - Elapsed Time Seconds     : 5.4687
2025-11-28 09:18:21,485 - INFO - Cpu Usage Percent        : 2.2125
2025-11-28 09:18:21,485 - INFO - Ram Peak Usage Bytes     : 20888178688.0000
2025-11-28 09:18:21,485 - INFO - Disk Read Bytes          : 0.0000
2025-11-28 09:18:21,485 - INFO - Disk Write Bytes         : 122880.0000
2025-11-28 09:18:21,485 - INFO - Vram Peak Usage Bytes    : 6429543804.0000
2025-11-28 09:18:21,485 - INFO - Gpu Power Watts Avg      : 83.4056
2025-11-28 09:18:21,485 - INFO - Gpu Power Watts Peak     : 141.1590
2025-11-28 09:18:21,485 - INFO - Gpu Temp Celsius Avg     : 45.3333
2025-11-28 09:18:21,485 - INFO - Gpu Temp Celsius Peak    : 54.0000
2025-11-28 09:18:21,486 - INFO - Gpu Utilization Percent Avg: 12.6667
2025-11-28 09:18:21,486 - INFO - Gpu Utilization Percent Peak: 99.0000
2025-11-28 09:18:21,486 - INFO - Gpu Mem Used Bytes Avg   : 19395706880.0000
2025-11-28 09:18:21,486 - INFO - Gpu Mem Used Bytes Peak  : 19395706880.0000
2025-11-28 09:18:21,486 - INFO - Gpu Vram Used Bytes      : 19395706880.0000
2025-11-28 09:18:21,486 - INFO - Accuracy                 : 0.0050
2025-11-28 09:18:21,486 - INFO - Precision                : 0.0000
2025-11-28 09:18:21,486 - INFO - Recall                   : 0.0050
2025-11-28 09:18:21,486 - INFO - F1 Score                 : 0.0000
2025-11-28 09:18:21,486 - INFO - ==================================================
2025-11-28 09:18:51,177 - INFO - Época 21 concluída. Loss média: 5.2985
2025-11-28 09:18:51,178 - INFO - Taxa de aprendizado ajustada para: 0.100000
2025-11-28 09:18:51,179 - INFO - Iniciando inferência com o modelo SqueezeNet...
2025-11-28 09:18:55,626 - INFO - ==================================================
2025-11-28 09:18:55,627 - INFO - EXPERIMENT RESULTS
2025-11-28 09:18:55,627 - INFO - ==================================================
2025-11-28 09:18:55,627 - INFO - Elapsed Time Seconds     : 4.4168
2025-11-28 09:18:55,627 - INFO - Cpu Usage Percent        : 1.7812
2025-11-28 09:18:55,627 - INFO - Ram Peak Usage Bytes     : 20888215552.0000
2025-11-28 09:18:55,627 - INFO - Disk Read Bytes          : 0.0000
2025-11-28 09:18:55,627 - INFO - Disk Write Bytes         : 0.0000
2025-11-28 09:18:55,627 - INFO - Vram Peak Usage Bytes    : 6429543804.0000
2025-11-28 09:18:55,627 - INFO - Gpu Power Watts Avg      : 97.1087
2025-11-28 09:18:55,627 - INFO - Gpu Power Watts Peak     : 243.5470
2025-11-28 09:18:55,627 - INFO - Gpu Temp Celsius Avg     : 45.4884
2025-11-28 09:18:55,627 - INFO - Gpu Temp Celsius Peak    : 54.0000
2025-11-28 09:18:55,627 - INFO - Gpu Utilization Percent Avg: 15.6047
2025-11-28 09:18:55,627 - INFO - Gpu Utilization Percent Peak: 100.0000
2025-11-28 09:18:55,627 - INFO - Gpu Mem Used Bytes Avg   : 19395706880.0000
2025-11-28 09:18:55,627 - INFO - Gpu Mem Used Bytes Peak  : 19395706880.0000
2025-11-28 09:18:55,627 - INFO - Gpu Vram Used Bytes      : 19395706880.0000
2025-11-28 09:18:55,627 - INFO - Accuracy                 : 0.0050
2025-11-28 09:18:55,627 - INFO - Precision                : 0.0000
2025-11-28 09:18:55,628 - INFO - Recall                   : 0.0050
2025-11-28 09:18:55,628 - INFO - F1 Score                 : 0.0000
2025-11-28 09:18:55,628 - INFO - ==================================================
2025-11-28 09:19:27,524 - INFO - Época 22 concluída. Loss média: 5.2985
2025-11-28 09:19:27,525 - INFO - Taxa de aprendizado ajustada para: 0.100000
2025-11-28 09:19:27,526 - INFO - Iniciando inferência com o modelo SqueezeNet...
2025-11-28 09:19:31,807 - INFO - ==================================================
2025-11-28 09:19:31,808 - INFO - EXPERIMENT RESULTS
2025-11-28 09:19:31,808 - INFO - ==================================================
2025-11-28 09:19:31,808 - INFO - Elapsed Time Seconds     : 4.2504
2025-11-28 09:19:31,808 - INFO - Cpu Usage Percent        : 1.8594
2025-11-28 09:19:31,808 - INFO - Ram Peak Usage Bytes     : 20889251840.0000
2025-11-28 09:19:31,808 - INFO - Disk Read Bytes          : 0.0000
2025-11-28 09:19:31,808 - INFO - Disk Write Bytes         : 12288.0000
2025-11-28 09:19:31,808 - INFO - Vram Peak Usage Bytes    : 6429543804.0000
2025-11-28 09:19:31,808 - INFO - Gpu Power Watts Avg      : 110.1950
2025-11-28 09:19:31,808 - INFO - Gpu Power Watts Peak     : 236.5030
2025-11-28 09:19:31,808 - INFO - Gpu Temp Celsius Avg     : 45.5476
2025-11-28 09:19:31,808 - INFO - Gpu Temp Celsius Peak    : 53.0000
2025-11-28 09:19:31,808 - INFO - Gpu Utilization Percent Avg: 17.1905
2025-11-28 09:19:31,808 - INFO - Gpu Utilization Percent Peak: 81.0000
2025-11-28 09:19:31,808 - INFO - Gpu Mem Used Bytes Avg   : 19395706880.0000
2025-11-28 09:19:31,808 - INFO - Gpu Mem Used Bytes Peak  : 19395706880.0000
2025-11-28 09:19:31,808 - INFO - Gpu Vram Used Bytes      : 19395706880.0000
2025-11-28 09:19:31,808 - INFO - Accuracy                 : 0.0050
2025-11-28 09:19:31,808 - INFO - Precision                : 0.0000
2025-11-28 09:19:31,808 - INFO - Recall                   : 0.0050
2025-11-28 09:19:31,808 - INFO - F1 Score                 : 0.0000
2025-11-28 09:19:31,808 - INFO - ==================================================
2025-11-28 09:19:59,505 - INFO - Época 23 concluída. Loss média: 5.2985
2025-11-28 09:19:59,505 - INFO - Taxa de aprendizado ajustada para: 0.100000
2025-11-28 09:19:59,507 - INFO - Iniciando inferência com o modelo SqueezeNet...
2025-11-28 09:20:04,146 - INFO - ==================================================
2025-11-28 09:20:04,146 - INFO - EXPERIMENT RESULTS
2025-11-28 09:20:04,146 - INFO - ==================================================
2025-11-28 09:20:04,146 - INFO - Elapsed Time Seconds     : 4.6078
2025-11-28 09:20:04,146 - INFO - Cpu Usage Percent        : 1.8188
2025-11-28 09:20:04,146 - INFO - Ram Peak Usage Bytes     : 20889255936.0000
2025-11-28 09:20:04,146 - INFO - Disk Read Bytes          : 0.0000
2025-11-28 09:20:04,146 - INFO - Disk Write Bytes         : 200704.0000
2025-11-28 09:20:04,146 - INFO - Vram Peak Usage Bytes    : 6429543804.0000
2025-11-28 09:20:04,146 - INFO - Gpu Power Watts Avg      : 95.6270
2025-11-28 09:20:04,146 - INFO - Gpu Power Watts Peak     : 229.5080
2025-11-28 09:20:04,146 - INFO - Gpu Temp Celsius Avg     : 45.5111
2025-11-28 09:20:04,146 - INFO - Gpu Temp Celsius Peak    : 55.0000
2025-11-28 09:20:04,146 - INFO - Gpu Utilization Percent Avg: 14.0000
2025-11-28 09:20:04,147 - INFO - Gpu Utilization Percent Peak: 100.0000
2025-11-28 09:20:04,147 - INFO - Gpu Mem Used Bytes Avg   : 19395706880.0000
2025-11-28 09:20:04,147 - INFO - Gpu Mem Used Bytes Peak  : 19395706880.0000
2025-11-28 09:20:04,147 - INFO - Gpu Vram Used Bytes      : 19395706880.0000
2025-11-28 09:20:04,147 - INFO - Accuracy                 : 0.0050
2025-11-28 09:20:04,147 - INFO - Precision                : 0.0000
2025-11-28 09:20:04,147 - INFO - Recall                   : 0.0050
2025-11-28 09:20:04,147 - INFO - F1 Score                 : 0.0000
2025-11-28 09:20:04,147 - INFO - ==================================================
2025-11-28 09:20:36,742 - INFO - Época 24 concluída. Loss média: 5.2985
2025-11-28 09:20:36,742 - INFO - Taxa de aprendizado ajustada para: 0.100000
2025-11-28 09:20:36,744 - INFO - Iniciando inferência com o modelo SqueezeNet...
2025-11-28 09:20:41,277 - INFO - ==================================================
2025-11-28 09:20:41,277 - INFO - EXPERIMENT RESULTS
2025-11-28 09:20:41,277 - INFO - ==================================================
2025-11-28 09:20:41,277 - INFO - Elapsed Time Seconds     : 4.5023
2025-11-28 09:20:41,277 - INFO - Cpu Usage Percent        : 1.7688
2025-11-28 09:20:41,277 - INFO - Ram Peak Usage Bytes     : 20889325568.0000
2025-11-28 09:20:41,277 - INFO - Disk Read Bytes          : 0.0000
2025-11-28 09:20:41,277 - INFO - Disk Write Bytes         : 20480.0000
2025-11-28 09:20:41,277 - INFO - Vram Peak Usage Bytes    : 6429543804.0000
2025-11-28 09:20:41,277 - INFO - Gpu Power Watts Avg      : 97.3097
2025-11-28 09:20:41,277 - INFO - Gpu Power Watts Peak     : 225.8360
2025-11-28 09:20:41,277 - INFO - Gpu Temp Celsius Avg     : 44.8182
2025-11-28 09:20:41,277 - INFO - Gpu Temp Celsius Peak    : 52.0000
2025-11-28 09:20:41,277 - INFO - Gpu Utilization Percent Avg: 14.2045
2025-11-28 09:20:41,278 - INFO - Gpu Utilization Percent Peak: 100.0000
2025-11-28 09:20:41,278 - INFO - Gpu Mem Used Bytes Avg   : 19395706880.0000
2025-11-28 09:20:41,278 - INFO - Gpu Mem Used Bytes Peak  : 19395706880.0000
2025-11-28 09:20:41,278 - INFO - Gpu Vram Used Bytes      : 19395706880.0000
2025-11-28 09:20:41,278 - INFO - Accuracy                 : 0.0050
2025-11-28 09:20:41,278 - INFO - Precision                : 0.0000
2025-11-28 09:20:41,278 - INFO - Recall                   : 0.0050
2025-11-28 09:20:41,278 - INFO - F1 Score                 : 0.0000
2025-11-28 09:20:41,278 - INFO - ==================================================
2025-11-28 09:21:09,154 - INFO - Época 25 concluída. Loss média: 5.2985
2025-11-28 09:21:09,154 - INFO - Taxa de aprendizado ajustada para: 0.100000
2025-11-28 09:21:09,156 - INFO - Iniciando inferência com o modelo SqueezeNet...
2025-11-28 09:21:14,698 - INFO - ==================================================
2025-11-28 09:21:14,698 - INFO - EXPERIMENT RESULTS
2025-11-28 09:21:14,698 - INFO - ==================================================
2025-11-28 09:21:14,698 - INFO - Elapsed Time Seconds     : 5.5112
2025-11-28 09:21:14,698 - INFO - Cpu Usage Percent        : 2.2844
2025-11-28 09:21:14,698 - INFO - Ram Peak Usage Bytes     : 20889341952.0000
2025-11-28 09:21:14,698 - INFO - Disk Read Bytes          : 0.0000
2025-11-28 09:21:14,698 - INFO - Disk Write Bytes         : 114688.0000
2025-11-28 09:21:14,698 - INFO - Vram Peak Usage Bytes    : 6429543804.0000
2025-11-28 09:21:14,698 - INFO - Gpu Power Watts Avg      : 93.1266
2025-11-28 09:21:14,698 - INFO - Gpu Power Watts Peak     : 244.1770
2025-11-28 09:21:14,698 - INFO - Gpu Temp Celsius Avg     : 44.8148
2025-11-28 09:21:14,698 - INFO - Gpu Temp Celsius Peak    : 53.0000
2025-11-28 09:21:14,698 - INFO - Gpu Utilization Percent Avg: 11.1667
2025-11-28 09:21:14,698 - INFO - Gpu Utilization Percent Peak: 99.0000
2025-11-28 09:21:14,698 - INFO - Gpu Mem Used Bytes Avg   : 19395706880.0000
2025-11-28 09:21:14,698 - INFO - Gpu Mem Used Bytes Peak  : 19395706880.0000
2025-11-28 09:21:14,699 - INFO - Gpu Vram Used Bytes      : 19395706880.0000
2025-11-28 09:21:14,699 - INFO - Accuracy                 : 0.0050
2025-11-28 09:21:14,699 - INFO - Precision                : 0.0000
2025-11-28 09:21:14,699 - INFO - Recall                   : 0.0050
2025-11-28 09:21:14,699 - INFO - F1 Score                 : 0.0000
2025-11-28 09:21:14,699 - INFO - ==================================================
2025-11-28 09:21:46,794 - INFO - Época 26 concluída. Loss média: 5.2985
2025-11-28 09:21:46,794 - INFO - Taxa de aprendizado ajustada para: 0.100000
2025-11-28 09:21:46,796 - INFO - Iniciando inferência com o modelo SqueezeNet...
2025-11-28 09:21:50,832 - INFO - ==================================================
2025-11-28 09:21:50,832 - INFO - EXPERIMENT RESULTS
2025-11-28 09:21:50,832 - INFO - ==================================================
2025-11-28 09:21:50,832 - INFO - Elapsed Time Seconds     : 4.0052
2025-11-28 09:21:50,832 - INFO - Cpu Usage Percent        : 1.9656
2025-11-28 09:21:50,832 - INFO - Ram Peak Usage Bytes     : 20889403392.0000
2025-11-28 09:21:50,832 - INFO - Disk Read Bytes          : 0.0000
2025-11-28 09:21:50,832 - INFO - Disk Write Bytes         : 8192.0000
2025-11-28 09:21:50,833 - INFO - Vram Peak Usage Bytes    : 6429543804.0000
2025-11-28 09:21:50,833 - INFO - Gpu Power Watts Avg      : 94.4846
2025-11-28 09:21:50,833 - INFO - Gpu Power Watts Peak     : 206.6310
2025-11-28 09:21:50,833 - INFO - Gpu Temp Celsius Avg     : 45.0256
2025-11-28 09:21:50,833 - INFO - Gpu Temp Celsius Peak    : 53.0000
2025-11-28 09:21:50,833 - INFO - Gpu Utilization Percent Avg: 15.1282
2025-11-28 09:21:50,833 - INFO - Gpu Utilization Percent Peak: 99.0000
2025-11-28 09:21:50,833 - INFO - Gpu Mem Used Bytes Avg   : 19395706880.0000
2025-11-28 09:21:50,833 - INFO - Gpu Mem Used Bytes Peak  : 19395706880.0000
2025-11-28 09:21:50,833 - INFO - Gpu Vram Used Bytes      : 19395706880.0000
2025-11-28 09:21:50,833 - INFO - Accuracy                 : 0.0050
2025-11-28 09:21:50,833 - INFO - Precision                : 0.0000
2025-11-28 09:21:50,833 - INFO - Recall                   : 0.0050
2025-11-28 09:21:50,833 - INFO - F1 Score                 : 0.0000
2025-11-28 09:21:50,833 - INFO - ==================================================
2025-11-28 09:22:17,056 - INFO - Época 27 concluída. Loss média: 5.2985
2025-11-28 09:22:17,056 - INFO - Taxa de aprendizado ajustada para: 0.100000
2025-11-28 09:22:17,058 - INFO - Iniciando inferência com o modelo SqueezeNet...
2025-11-28 09:22:21,373 - INFO - ==================================================
2025-11-28 09:22:21,373 - INFO - EXPERIMENT RESULTS
2025-11-28 09:22:21,373 - INFO - ==================================================
2025-11-28 09:22:21,373 - INFO - Elapsed Time Seconds     : 4.2837
2025-11-28 09:22:21,373 - INFO - Cpu Usage Percent        : 1.9125
2025-11-28 09:22:21,373 - INFO - Ram Peak Usage Bytes     : 20889464832.0000
2025-11-28 09:22:21,373 - INFO - Disk Read Bytes          : 0.0000
2025-11-28 09:22:21,373 - INFO - Disk Write Bytes         : 0.0000
2025-11-28 09:22:21,373 - INFO - Vram Peak Usage Bytes    : 6429543804.0000
2025-11-28 09:22:21,373 - INFO - Gpu Power Watts Avg      : 96.4714
2025-11-28 09:22:21,373 - INFO - Gpu Power Watts Peak     : 247.1300
2025-11-28 09:22:21,373 - INFO - Gpu Temp Celsius Avg     : 45.7857
2025-11-28 09:22:21,373 - INFO - Gpu Temp Celsius Peak    : 54.0000
2025-11-28 09:22:21,373 - INFO - Gpu Utilization Percent Avg: 14.0714
2025-11-28 09:22:21,373 - INFO - Gpu Utilization Percent Peak: 100.0000
2025-11-28 09:22:21,373 - INFO - Gpu Mem Used Bytes Avg   : 19395706880.0000
2025-11-28 09:22:21,373 - INFO - Gpu Mem Used Bytes Peak  : 19395706880.0000
2025-11-28 09:22:21,373 - INFO - Gpu Vram Used Bytes      : 19395706880.0000
2025-11-28 09:22:21,373 - INFO - Accuracy                 : 0.0050
2025-11-28 09:22:21,373 - INFO - Precision                : 0.0000
2025-11-28 09:22:21,373 - INFO - Recall                   : 0.0050
2025-11-28 09:22:21,374 - INFO - F1 Score                 : 0.0000
2025-11-28 09:22:21,374 - INFO - ==================================================
2025-11-28 09:22:48,973 - INFO - Época 28 concluída. Loss média: 5.2985
2025-11-28 09:22:48,974 - INFO - Taxa de aprendizado ajustada para: 0.100000
2025-11-28 09:22:48,975 - INFO - Iniciando inferência com o modelo SqueezeNet...
2025-11-28 09:22:54,300 - INFO - ==================================================
2025-11-28 09:22:54,300 - INFO - EXPERIMENT RESULTS
2025-11-28 09:22:54,300 - INFO - ==================================================
2025-11-28 09:22:54,300 - INFO - Elapsed Time Seconds     : 5.2945
2025-11-28 09:22:54,300 - INFO - Cpu Usage Percent        : 2.3031
2025-11-28 09:22:54,300 - INFO - Ram Peak Usage Bytes     : 20889497600.0000
2025-11-28 09:22:54,300 - INFO - Disk Read Bytes          : 0.0000
2025-11-28 09:22:54,300 - INFO - Disk Write Bytes         : 114688.0000
2025-11-28 09:22:54,300 - INFO - Vram Peak Usage Bytes    : 6429543804.0000
2025-11-28 09:22:54,300 - INFO - Gpu Power Watts Avg      : 89.0526
2025-11-28 09:22:54,300 - INFO - Gpu Power Watts Peak     : 228.2770
2025-11-28 09:22:54,300 - INFO - Gpu Temp Celsius Avg     : 45.1538
2025-11-28 09:22:54,300 - INFO - Gpu Temp Celsius Peak    : 54.0000
2025-11-28 09:22:54,300 - INFO - Gpu Utilization Percent Avg: 11.5385
2025-11-28 09:22:54,300 - INFO - Gpu Utilization Percent Peak: 100.0000
2025-11-28 09:22:54,300 - INFO - Gpu Mem Used Bytes Avg   : 19395706880.0000
2025-11-28 09:22:54,301 - INFO - Gpu Mem Used Bytes Peak  : 19395706880.0000
2025-11-28 09:22:54,301 - INFO - Gpu Vram Used Bytes      : 19395706880.0000
2025-11-28 09:22:54,301 - INFO - Accuracy                 : 0.0050
2025-11-28 09:22:54,301 - INFO - Precision                : 0.0000
2025-11-28 09:22:54,301 - INFO - Recall                   : 0.0050
2025-11-28 09:22:54,301 - INFO - F1 Score                 : 0.0000
2025-11-28 09:22:54,301 - INFO - ==================================================
2025-11-28 09:23:19,462 - INFO - Época 29 concluída. Loss média: 5.2985
2025-11-28 09:23:19,462 - INFO - Taxa de aprendizado ajustada para: 0.100000
2025-11-28 09:23:19,464 - INFO - Iniciando inferência com o modelo SqueezeNet...
2025-11-28 09:23:23,362 - INFO - ==================================================
2025-11-28 09:23:23,363 - INFO - EXPERIMENT RESULTS
2025-11-28 09:23:23,363 - INFO - ==================================================
2025-11-28 09:23:23,363 - INFO - Elapsed Time Seconds     : 3.8679
2025-11-28 09:23:23,363 - INFO - Cpu Usage Percent        : 2.0125
2025-11-28 09:23:23,363 - INFO - Ram Peak Usage Bytes     : 20889534464.0000
2025-11-28 09:23:23,363 - INFO - Disk Read Bytes          : 0.0000
2025-11-28 09:23:23,363 - INFO - Disk Write Bytes         : 0.0000
2025-11-28 09:23:23,363 - INFO - Vram Peak Usage Bytes    : 6429543804.0000
2025-11-28 09:23:23,363 - INFO - Gpu Power Watts Avg      : 103.3605
2025-11-28 09:23:23,363 - INFO - Gpu Power Watts Peak     : 231.2040
2025-11-28 09:23:23,363 - INFO - Gpu Temp Celsius Avg     : 46.4211
2025-11-28 09:23:23,363 - INFO - Gpu Temp Celsius Peak    : 54.0000
2025-11-28 09:23:23,363 - INFO - Gpu Utilization Percent Avg: 15.5526
2025-11-28 09:23:23,363 - INFO - Gpu Utilization Percent Peak: 99.0000
2025-11-28 09:23:23,363 - INFO - Gpu Mem Used Bytes Avg   : 19395706880.0000
2025-11-28 09:23:23,363 - INFO - Gpu Mem Used Bytes Peak  : 19395706880.0000
2025-11-28 09:23:23,363 - INFO - Gpu Vram Used Bytes      : 19395706880.0000
2025-11-28 09:23:23,363 - INFO - Accuracy                 : 0.0050
2025-11-28 09:23:23,363 - INFO - Precision                : 0.0000
2025-11-28 09:23:23,363 - INFO - Recall                   : 0.0050
2025-11-28 09:23:23,363 - INFO - F1 Score                 : 0.0000
2025-11-28 09:23:23,364 - INFO - ==================================================
2025-11-28 09:23:49,258 - INFO - Época 30 concluída. Loss média: 5.2985
2025-11-28 09:23:49,258 - INFO - Taxa de aprendizado ajustada para: 0.010000
2025-11-28 09:23:49,260 - INFO - Iniciando inferência com o modelo SqueezeNet...
2025-11-28 09:23:53,552 - INFO - ==================================================
2025-11-28 09:23:53,552 - INFO - EXPERIMENT RESULTS
2025-11-28 09:23:53,552 - INFO - ==================================================
2025-11-28 09:23:53,552 - INFO - Elapsed Time Seconds     : 4.2609
2025-11-28 09:23:53,552 - INFO - Cpu Usage Percent        : 1.8469
2025-11-28 09:23:53,552 - INFO - Ram Peak Usage Bytes     : 20889554944.0000
2025-11-28 09:23:53,552 - INFO - Disk Read Bytes          : 0.0000
2025-11-28 09:23:53,552 - INFO - Disk Write Bytes         : 0.0000
2025-11-28 09:23:53,552 - INFO - Vram Peak Usage Bytes    : 6429543804.0000
2025-11-28 09:23:53,552 - INFO - Gpu Power Watts Avg      : 101.1734
2025-11-28 09:23:53,552 - INFO - Gpu Power Watts Peak     : 229.7350
2025-11-28 09:23:53,552 - INFO - Gpu Temp Celsius Avg     : 46.3333
2025-11-28 09:23:53,552 - INFO - Gpu Temp Celsius Peak    : 55.0000
2025-11-28 09:23:53,552 - INFO - Gpu Utilization Percent Avg: 16.5714
2025-11-28 09:23:53,552 - INFO - Gpu Utilization Percent Peak: 99.0000
2025-11-28 09:23:53,552 - INFO - Gpu Mem Used Bytes Avg   : 19395706880.0000
2025-11-28 09:23:53,552 - INFO - Gpu Mem Used Bytes Peak  : 19395706880.0000
2025-11-28 09:23:53,552 - INFO - Gpu Vram Used Bytes      : 19395706880.0000
2025-11-28 09:23:53,553 - INFO - Accuracy                 : 0.0050
2025-11-28 09:23:53,553 - INFO - Precision                : 0.0000
2025-11-28 09:23:53,553 - INFO - Recall                   : 0.0050
2025-11-28 09:23:53,553 - INFO - F1 Score                 : 0.0000
2025-11-28 09:23:53,553 - INFO - ==================================================
2025-11-28 09:24:21,065 - INFO - Época 31 concluída. Loss média: 5.2984
2025-11-28 09:24:21,065 - INFO - Taxa de aprendizado ajustada para: 0.010000
2025-11-28 09:24:21,067 - INFO - Iniciando inferência com o modelo SqueezeNet...
2025-11-28 09:24:25,577 - INFO - ==================================================
2025-11-28 09:24:25,577 - INFO - EXPERIMENT RESULTS
2025-11-28 09:24:25,577 - INFO - ==================================================
2025-11-28 09:24:25,577 - INFO - Elapsed Time Seconds     : 4.4796
2025-11-28 09:24:25,577 - INFO - Cpu Usage Percent        : 1.7563
2025-11-28 09:24:25,577 - INFO - Ram Peak Usage Bytes     : 20889628672.0000
2025-11-28 09:24:25,577 - INFO - Disk Read Bytes          : 0.0000
2025-11-28 09:24:25,577 - INFO - Disk Write Bytes         : 0.0000
2025-11-28 09:24:25,577 - INFO - Vram Peak Usage Bytes    : 6429543804.0000
2025-11-28 09:24:25,577 - INFO - Gpu Power Watts Avg      : 96.4299
2025-11-28 09:24:25,578 - INFO - Gpu Power Watts Peak     : 237.5750
2025-11-28 09:24:25,578 - INFO - Gpu Temp Celsius Avg     : 45.9773
2025-11-28 09:24:25,578 - INFO - Gpu Temp Celsius Peak    : 55.0000
2025-11-28 09:24:25,578 - INFO - Gpu Utilization Percent Avg: 15.3864
2025-11-28 09:24:25,578 - INFO - Gpu Utilization Percent Peak: 100.0000
2025-11-28 09:24:25,578 - INFO - Gpu Mem Used Bytes Avg   : 19395706880.0000
2025-11-28 09:24:25,578 - INFO - Gpu Mem Used Bytes Peak  : 19395706880.0000
2025-11-28 09:24:25,578 - INFO - Gpu Vram Used Bytes      : 19395706880.0000
2025-11-28 09:24:25,578 - INFO - Accuracy                 : 0.0050
2025-11-28 09:24:25,578 - INFO - Precision                : 0.0000
2025-11-28 09:24:25,578 - INFO - Recall                   : 0.0050
2025-11-28 09:24:25,578 - INFO - F1 Score                 : 0.0000
2025-11-28 09:24:25,578 - INFO - ==================================================
2025-11-28 09:24:54,675 - INFO - Época 32 concluída. Loss média: 5.2983
2025-11-28 09:24:54,675 - INFO - Taxa de aprendizado ajustada para: 0.010000
2025-11-28 09:24:54,677 - INFO - Iniciando inferência com o modelo SqueezeNet...
2025-11-28 09:24:58,908 - INFO - ==================================================
2025-11-28 09:24:58,908 - INFO - EXPERIMENT RESULTS
2025-11-28 09:24:58,908 - INFO - ==================================================
2025-11-28 09:24:58,908 - INFO - Elapsed Time Seconds     : 4.2008
2025-11-28 09:24:58,908 - INFO - Cpu Usage Percent        : 1.8375
2025-11-28 09:24:58,908 - INFO - Ram Peak Usage Bytes     : 21963390976.0000
2025-11-28 09:24:58,908 - INFO - Disk Read Bytes          : 0.0000
2025-11-28 09:24:58,909 - INFO - Disk Write Bytes         : 4096.0000
2025-11-28 09:24:58,909 - INFO - Vram Peak Usage Bytes    : 6429543804.0000
2025-11-28 09:24:58,909 - INFO - Gpu Power Watts Avg      : 94.6799
2025-11-28 09:24:58,909 - INFO - Gpu Power Watts Peak     : 236.2960
2025-11-28 09:24:58,909 - INFO - Gpu Temp Celsius Avg     : 45.7805
2025-11-28 09:24:58,909 - INFO - Gpu Temp Celsius Peak    : 55.0000
2025-11-28 09:24:58,909 - INFO - Gpu Utilization Percent Avg: 13.9756
2025-11-28 09:24:58,909 - INFO - Gpu Utilization Percent Peak: 100.0000
2025-11-28 09:24:58,909 - INFO - Gpu Mem Used Bytes Avg   : 19397804032.0000
2025-11-28 09:24:58,909 - INFO - Gpu Mem Used Bytes Peak  : 19397804032.0000
2025-11-28 09:24:58,909 - INFO - Gpu Vram Used Bytes      : 19397804032.0000
2025-11-28 09:24:58,909 - INFO - Accuracy                 : 0.0050
2025-11-28 09:24:58,909 - INFO - Precision                : 0.0000
2025-11-28 09:24:58,909 - INFO - Recall                   : 0.0050
2025-11-28 09:24:58,909 - INFO - F1 Score                 : 0.0000
2025-11-28 09:24:58,909 - INFO - ==================================================
2025-11-28 09:25:25,878 - INFO - Época 33 concluída. Loss média: 5.2983
2025-11-28 09:25:25,878 - INFO - Taxa de aprendizado ajustada para: 0.010000
2025-11-28 09:25:25,879 - INFO - Iniciando inferência com o modelo SqueezeNet...
2025-11-28 09:25:31,578 - INFO - ==================================================
2025-11-28 09:25:31,578 - INFO - EXPERIMENT RESULTS
2025-11-28 09:25:31,579 - INFO - ==================================================
2025-11-28 09:25:31,579 - INFO - Elapsed Time Seconds     : 5.6690
2025-11-28 09:25:31,579 - INFO - Cpu Usage Percent        : 2.1812
2025-11-28 09:25:31,579 - INFO - Ram Peak Usage Bytes     : 23037255680.0000
2025-11-28 09:25:31,579 - INFO - Disk Read Bytes          : 0.0000
2025-11-28 09:25:31,579 - INFO - Disk Write Bytes         : 212992.0000
2025-11-28 09:25:31,579 - INFO - Vram Peak Usage Bytes    : 6429543804.0000
2025-11-28 09:25:31,579 - INFO - Gpu Power Watts Avg      : 89.2654
2025-11-28 09:25:31,579 - INFO - Gpu Power Watts Peak     : 241.8100
2025-11-28 09:25:31,579 - INFO - Gpu Temp Celsius Avg     : 45.2679
2025-11-28 09:25:31,579 - INFO - Gpu Temp Celsius Peak    : 54.0000
2025-11-28 09:25:31,579 - INFO - Gpu Utilization Percent Avg: 10.6250
2025-11-28 09:25:31,579 - INFO - Gpu Utilization Percent Peak: 100.0000
2025-11-28 09:25:31,579 - INFO - Gpu Mem Used Bytes Avg   : 19399901184.0000
2025-11-28 09:25:31,579 - INFO - Gpu Mem Used Bytes Peak  : 19399901184.0000
2025-11-28 09:25:31,579 - INFO - Gpu Vram Used Bytes      : 19399901184.0000
2025-11-28 09:25:31,579 - INFO - Accuracy                 : 0.0050
2025-11-28 09:25:31,579 - INFO - Precision                : 0.0000
2025-11-28 09:25:31,579 - INFO - Recall                   : 0.0050
2025-11-28 09:25:31,579 - INFO - F1 Score                 : 0.0000
2025-11-28 09:25:31,579 - INFO - ==================================================
2025-11-28 09:25:59,738 - INFO - Época 34 concluída. Loss média: 5.2983
2025-11-28 09:25:59,738 - INFO - Taxa de aprendizado ajustada para: 0.010000
2025-11-28 09:25:59,739 - INFO - Iniciando inferência com o modelo SqueezeNet...
2025-11-28 09:26:04,032 - INFO - ==================================================
2025-11-28 09:26:04,032 - INFO - EXPERIMENT RESULTS
2025-11-28 09:26:04,032 - INFO - ==================================================
2025-11-28 09:26:04,032 - INFO - Elapsed Time Seconds     : 4.2734
2025-11-28 09:26:04,032 - INFO - Cpu Usage Percent        : 1.8719
2025-11-28 09:26:04,032 - INFO - Ram Peak Usage Bytes     : 23037284352.0000
2025-11-28 09:26:04,032 - INFO - Disk Read Bytes          : 0.0000
2025-11-28 09:26:04,032 - INFO - Disk Write Bytes         : 126976.0000
2025-11-28 09:26:04,032 - INFO - Vram Peak Usage Bytes    : 6429543804.0000
2025-11-28 09:26:04,032 - INFO - Gpu Power Watts Avg      : 101.9956
2025-11-28 09:26:04,032 - INFO - Gpu Power Watts Peak     : 238.3190
2025-11-28 09:26:04,032 - INFO - Gpu Temp Celsius Avg     : 45.9762
2025-11-28 09:26:04,032 - INFO - Gpu Temp Celsius Peak    : 53.0000
2025-11-28 09:26:04,032 - INFO - Gpu Utilization Percent Avg: 16.2857
2025-11-28 09:26:04,032 - INFO - Gpu Utilization Percent Peak: 99.0000
2025-11-28 09:26:04,032 - INFO - Gpu Mem Used Bytes Avg   : 19399901184.0000
2025-11-28 09:26:04,032 - INFO - Gpu Mem Used Bytes Peak  : 19399901184.0000
2025-11-28 09:26:04,032 - INFO - Gpu Vram Used Bytes      : 19399901184.0000
2025-11-28 09:26:04,032 - INFO - Accuracy                 : 0.0050
2025-11-28 09:26:04,032 - INFO - Precision                : 0.0000
2025-11-28 09:26:04,032 - INFO - Recall                   : 0.0050
2025-11-28 09:26:04,032 - INFO - F1 Score                 : 0.0000
2025-11-28 09:26:04,032 - INFO - ==================================================
2025-11-28 09:26:30,112 - INFO - Época 35 concluída. Loss média: 5.2984
2025-11-28 09:26:30,112 - INFO - Taxa de aprendizado ajustada para: 0.010000
2025-11-28 09:26:30,114 - INFO - Iniciando inferência com o modelo SqueezeNet...
2025-11-28 09:26:35,789 - INFO - ==================================================
2025-11-28 09:26:35,789 - INFO - EXPERIMENT RESULTS
2025-11-28 09:26:35,789 - INFO - ==================================================
2025-11-28 09:26:35,789 - INFO - Elapsed Time Seconds     : 5.6437
2025-11-28 09:26:35,789 - INFO - Cpu Usage Percent        : 2.1375
2025-11-28 09:26:35,789 - INFO - Ram Peak Usage Bytes     : 23037317120.0000
2025-11-28 09:26:35,789 - INFO - Disk Read Bytes          : 0.0000
2025-11-28 09:26:35,789 - INFO - Disk Write Bytes         : 118784.0000
2025-11-28 09:26:35,789 - INFO - Vram Peak Usage Bytes    : 6429543804.0000
2025-11-28 09:26:35,789 - INFO - Gpu Power Watts Avg      : 87.7777
2025-11-28 09:26:35,789 - INFO - Gpu Power Watts Peak     : 227.6290
2025-11-28 09:26:35,789 - INFO - Gpu Temp Celsius Avg     : 45.5536
2025-11-28 09:26:35,789 - INFO - Gpu Temp Celsius Peak    : 54.0000
2025-11-28 09:26:35,789 - INFO - Gpu Utilization Percent Avg: 10.2857
2025-11-28 09:26:35,790 - INFO - Gpu Utilization Percent Peak: 100.0000
2025-11-28 09:26:35,790 - INFO - Gpu Mem Used Bytes Avg   : 19399901184.0000
2025-11-28 09:26:35,790 - INFO - Gpu Mem Used Bytes Peak  : 19399901184.0000
2025-11-28 09:26:35,790 - INFO - Gpu Vram Used Bytes      : 19399901184.0000
2025-11-28 09:26:35,790 - INFO - Accuracy                 : 0.0050
2025-11-28 09:26:35,790 - INFO - Precision                : 0.0000
2025-11-28 09:26:35,790 - INFO - Recall                   : 0.0050
2025-11-28 09:26:35,790 - INFO - F1 Score                 : 0.0000
2025-11-28 09:26:35,790 - INFO - ==================================================
2025-11-28 09:27:01,297 - INFO - Época 36 concluída. Loss média: 5.2983
2025-11-28 09:27:01,297 - INFO - Taxa de aprendizado ajustada para: 0.010000
2025-11-28 09:27:01,299 - INFO - Iniciando inferência com o modelo SqueezeNet...
2025-11-28 09:27:05,604 - INFO - ==================================================
2025-11-28 09:27:05,605 - INFO - EXPERIMENT RESULTS
2025-11-28 09:27:05,605 - INFO - ==================================================
2025-11-28 09:27:05,605 - INFO - Elapsed Time Seconds     : 4.2749
2025-11-28 09:27:05,605 - INFO - Cpu Usage Percent        : 1.8938
2025-11-28 09:27:05,605 - INFO - Ram Peak Usage Bytes     : 23037349888.0000
2025-11-28 09:27:05,605 - INFO - Disk Read Bytes          : 0.0000
2025-11-28 09:27:05,605 - INFO - Disk Write Bytes         : 98304.0000
2025-11-28 09:27:05,605 - INFO - Vram Peak Usage Bytes    : 6429543804.0000
2025-11-28 09:27:05,605 - INFO - Gpu Power Watts Avg      : 94.6433
2025-11-28 09:27:05,605 - INFO - Gpu Power Watts Peak     : 224.8570
2025-11-28 09:27:05,605 - INFO - Gpu Temp Celsius Avg     : 46.0000
2025-11-28 09:27:05,605 - INFO - Gpu Temp Celsius Peak    : 54.0000
2025-11-28 09:27:05,605 - INFO - Gpu Utilization Percent Avg: 13.1905
2025-11-28 09:27:05,605 - INFO - Gpu Utilization Percent Peak: 100.0000
2025-11-28 09:27:05,605 - INFO - Gpu Mem Used Bytes Avg   : 19399901184.0000
2025-11-28 09:27:05,605 - INFO - Gpu Mem Used Bytes Peak  : 19399901184.0000
2025-11-28 09:27:05,605 - INFO - Gpu Vram Used Bytes      : 19399901184.0000
2025-11-28 09:27:05,605 - INFO - Accuracy                 : 0.0050
2025-11-28 09:27:05,605 - INFO - Precision                : 0.0000
2025-11-28 09:27:05,605 - INFO - Recall                   : 0.0050
2025-11-28 09:27:05,605 - INFO - F1 Score                 : 0.0000
2025-11-28 09:27:05,605 - INFO - ==================================================
2025-11-28 09:27:37,430 - INFO - Época 37 concluída. Loss média: 5.2983
2025-11-28 09:27:37,430 - INFO - Taxa de aprendizado ajustada para: 0.010000
2025-11-28 09:27:37,432 - INFO - Iniciando inferência com o modelo SqueezeNet...
2025-11-28 09:27:41,853 - INFO - ==================================================
2025-11-28 09:27:41,853 - INFO - EXPERIMENT RESULTS
2025-11-28 09:27:41,853 - INFO - ==================================================
2025-11-28 09:27:41,853 - INFO - Elapsed Time Seconds     : 4.3899
2025-11-28 09:27:41,853 - INFO - Cpu Usage Percent        : 1.8000
2025-11-28 09:27:41,853 - INFO - Ram Peak Usage Bytes     : 23037390848.0000
2025-11-28 09:27:41,853 - INFO - Disk Read Bytes          : 0.0000
2025-11-28 09:27:41,854 - INFO - Disk Write Bytes         : 0.0000
2025-11-28 09:27:41,854 - INFO - Vram Peak Usage Bytes    : 6429543804.0000
2025-11-28 09:27:41,854 - INFO - Gpu Power Watts Avg      : 98.6986
2025-11-28 09:27:41,854 - INFO - Gpu Power Watts Peak     : 241.9860
2025-11-28 09:27:41,854 - INFO - Gpu Temp Celsius Avg     : 45.7209
2025-11-28 09:27:41,854 - INFO - Gpu Temp Celsius Peak    : 55.0000
2025-11-28 09:27:41,854 - INFO - Gpu Utilization Percent Avg: 17.0698
2025-11-28 09:27:41,854 - INFO - Gpu Utilization Percent Peak: 100.0000
2025-11-28 09:27:41,854 - INFO - Gpu Mem Used Bytes Avg   : 19399901184.0000
2025-11-28 09:27:41,854 - INFO - Gpu Mem Used Bytes Peak  : 19399901184.0000
2025-11-28 09:27:41,854 - INFO - Gpu Vram Used Bytes      : 19399901184.0000
2025-11-28 09:27:41,854 - INFO - Accuracy                 : 0.0050
2025-11-28 09:27:41,854 - INFO - Precision                : 0.0000
2025-11-28 09:27:41,854 - INFO - Recall                   : 0.0050
2025-11-28 09:27:41,854 - INFO - F1 Score                 : 0.0000
2025-11-28 09:27:41,854 - INFO - ==================================================
2025-11-28 09:28:14,133 - INFO - Época 38 concluída. Loss média: 5.2984
2025-11-28 09:28:14,134 - INFO - Taxa de aprendizado ajustada para: 0.010000
2025-11-28 09:28:14,135 - INFO - Iniciando inferência com o modelo SqueezeNet...
2025-11-28 09:28:18,580 - INFO - ==================================================
2025-11-28 09:28:18,581 - INFO - EXPERIMENT RESULTS
2025-11-28 09:28:18,581 - INFO - ==================================================
2025-11-28 09:28:18,581 - INFO - Elapsed Time Seconds     : 4.4137
2025-11-28 09:28:18,581 - INFO - Cpu Usage Percent        : 1.7688
2025-11-28 09:28:18,581 - INFO - Ram Peak Usage Bytes     : 23038128128.0000
2025-11-28 09:28:18,581 - INFO - Disk Read Bytes          : 0.0000
2025-11-28 09:28:18,581 - INFO - Disk Write Bytes         : 0.0000
2025-11-28 09:28:18,581 - INFO - Vram Peak Usage Bytes    : 6429543804.0000
2025-11-28 09:28:18,581 - INFO - Gpu Power Watts Avg      : 92.5088
2025-11-28 09:28:18,581 - INFO - Gpu Power Watts Peak     : 249.7440
2025-11-28 09:28:18,581 - INFO - Gpu Temp Celsius Avg     : 44.9302
2025-11-28 09:28:18,581 - INFO - Gpu Temp Celsius Peak    : 54.0000
2025-11-28 09:28:18,581 - INFO - Gpu Utilization Percent Avg: 11.8605
2025-11-28 09:28:18,581 - INFO - Gpu Utilization Percent Peak: 99.0000
2025-11-28 09:28:18,581 - INFO - Gpu Mem Used Bytes Avg   : 19399901184.0000
2025-11-28 09:28:18,581 - INFO - Gpu Mem Used Bytes Peak  : 19399901184.0000
2025-11-28 09:28:18,581 - INFO - Gpu Vram Used Bytes      : 19399901184.0000
2025-11-28 09:28:18,581 - INFO - Accuracy                 : 0.0050
2025-11-28 09:28:18,581 - INFO - Precision                : 0.0000
2025-11-28 09:28:18,581 - INFO - Recall                   : 0.0050
2025-11-28 09:28:18,581 - INFO - F1 Score                 : 0.0000
2025-11-28 09:28:18,581 - INFO - ==================================================
2025-11-28 09:28:47,660 - INFO - Época 39 concluída. Loss média: 5.2984
2025-11-28 09:28:47,660 - INFO - Taxa de aprendizado ajustada para: 0.010000
2025-11-28 09:28:47,662 - INFO - Iniciando inferência com o modelo SqueezeNet...
2025-11-28 09:28:52,098 - INFO - ==================================================
2025-11-28 09:28:52,098 - INFO - EXPERIMENT RESULTS
2025-11-28 09:28:52,098 - INFO - ==================================================
2025-11-28 09:28:52,098 - INFO - Elapsed Time Seconds     : 4.4047
2025-11-28 09:28:52,098 - INFO - Cpu Usage Percent        : 1.7875
2025-11-28 09:28:52,098 - INFO - Ram Peak Usage Bytes     : 23038128128.0000
2025-11-28 09:28:52,098 - INFO - Disk Read Bytes          : 0.0000
2025-11-28 09:28:52,098 - INFO - Disk Write Bytes         : 0.0000
2025-11-28 09:28:52,098 - INFO - Vram Peak Usage Bytes    : 6429543804.0000
2025-11-28 09:28:52,098 - INFO - Gpu Power Watts Avg      : 98.8035
2025-11-28 09:28:52,098 - INFO - Gpu Power Watts Peak     : 235.6850
2025-11-28 09:28:52,098 - INFO - Gpu Temp Celsius Avg     : 45.3023
2025-11-28 09:28:52,098 - INFO - Gpu Temp Celsius Peak    : 54.0000
2025-11-28 09:28:52,098 - INFO - Gpu Utilization Percent Avg: 15.3953
2025-11-28 09:28:52,098 - INFO - Gpu Utilization Percent Peak: 100.0000
2025-11-28 09:28:52,099 - INFO - Gpu Mem Used Bytes Avg   : 19399901184.0000
2025-11-28 09:28:52,099 - INFO - Gpu Mem Used Bytes Peak  : 19399901184.0000
2025-11-28 09:28:52,099 - INFO - Gpu Vram Used Bytes      : 19399901184.0000
2025-11-28 09:28:52,099 - INFO - Accuracy                 : 0.0050
2025-11-28 09:28:52,099 - INFO - Precision                : 0.0000
2025-11-28 09:28:52,099 - INFO - Recall                   : 0.0050
2025-11-28 09:28:52,099 - INFO - F1 Score                 : 0.0000
2025-11-28 09:28:52,099 - INFO - ==================================================
2025-11-28 09:29:18,926 - INFO - Época 40 concluída. Loss média: 5.2984
2025-11-28 09:29:18,926 - INFO - Taxa de aprendizado ajustada para: 0.010000
2025-11-28 09:29:18,928 - INFO - Iniciando inferência com o modelo SqueezeNet...
2025-11-28 09:29:24,455 - INFO - ==================================================
2025-11-28 09:29:24,455 - INFO - EXPERIMENT RESULTS
2025-11-28 09:29:24,455 - INFO - ==================================================
2025-11-28 09:29:24,455 - INFO - Elapsed Time Seconds     : 5.4967
2025-11-28 09:29:24,455 - INFO - Cpu Usage Percent        : 2.2469
2025-11-28 09:29:24,455 - INFO - Ram Peak Usage Bytes     : 23038136320.0000
2025-11-28 09:29:24,455 - INFO - Disk Read Bytes          : 0.0000
2025-11-28 09:29:24,455 - INFO - Disk Write Bytes         : 114688.0000
2025-11-28 09:29:24,455 - INFO - Vram Peak Usage Bytes    : 6429543804.0000
2025-11-28 09:29:24,455 - INFO - Gpu Power Watts Avg      : 86.7607
2025-11-28 09:29:24,455 - INFO - Gpu Power Watts Peak     : 249.6110
2025-11-28 09:29:24,455 - INFO - Gpu Temp Celsius Avg     : 44.9815
2025-11-28 09:29:24,455 - INFO - Gpu Temp Celsius Peak    : 54.0000
2025-11-28 09:29:24,455 - INFO - Gpu Utilization Percent Avg: 11.2037
2025-11-28 09:29:24,455 - INFO - Gpu Utilization Percent Peak: 100.0000
2025-11-28 09:29:24,455 - INFO - Gpu Mem Used Bytes Avg   : 19399901184.0000
2025-11-28 09:29:24,455 - INFO - Gpu Mem Used Bytes Peak  : 19399901184.0000
2025-11-28 09:29:24,456 - INFO - Gpu Vram Used Bytes      : 19399901184.0000
2025-11-28 09:29:24,456 - INFO - Accuracy                 : 0.0050
2025-11-28 09:29:24,456 - INFO - Precision                : 0.0000
2025-11-28 09:29:24,456 - INFO - Recall                   : 0.0050
2025-11-28 09:29:24,456 - INFO - F1 Score                 : 0.0000
2025-11-28 09:29:24,456 - INFO - ==================================================
2025-11-28 09:29:51,136 - INFO - Época 41 concluída. Loss média: 5.2983
2025-11-28 09:29:51,136 - INFO - Taxa de aprendizado ajustada para: 0.010000
2025-11-28 09:29:51,138 - INFO - Iniciando inferência com o modelo SqueezeNet...
2025-11-28 09:29:55,445 - INFO - ==================================================
2025-11-28 09:29:55,445 - INFO - EXPERIMENT RESULTS
2025-11-28 09:29:55,445 - INFO - ==================================================
2025-11-28 09:29:55,445 - INFO - Elapsed Time Seconds     : 4.2766
2025-11-28 09:29:55,445 - INFO - Cpu Usage Percent        : 1.9281
2025-11-28 09:29:55,445 - INFO - Ram Peak Usage Bytes     : 23038152704.0000
2025-11-28 09:29:55,445 - INFO - Disk Read Bytes          : 0.0000
2025-11-28 09:29:55,445 - INFO - Disk Write Bytes         : 0.0000
2025-11-28 09:29:55,445 - INFO - Vram Peak Usage Bytes    : 6429543804.0000
2025-11-28 09:29:55,445 - INFO - Gpu Power Watts Avg      : 97.4866
2025-11-28 09:29:55,445 - INFO - Gpu Power Watts Peak     : 231.6700
2025-11-28 09:29:55,445 - INFO - Gpu Temp Celsius Avg     : 45.7143
2025-11-28 09:29:55,445 - INFO - Gpu Temp Celsius Peak    : 53.0000
2025-11-28 09:29:55,445 - INFO - Gpu Utilization Percent Avg: 13.5000
2025-11-28 09:29:55,445 - INFO - Gpu Utilization Percent Peak: 99.0000
2025-11-28 09:29:55,445 - INFO - Gpu Mem Used Bytes Avg   : 19399901184.0000
2025-11-28 09:29:55,445 - INFO - Gpu Mem Used Bytes Peak  : 19399901184.0000
2025-11-28 09:29:55,445 - INFO - Gpu Vram Used Bytes      : 19399901184.0000
2025-11-28 09:29:55,445 - INFO - Accuracy                 : 0.0050
2025-11-28 09:29:55,445 - INFO - Precision                : 0.0000
2025-11-28 09:29:55,446 - INFO - Recall                   : 0.0050
2025-11-28 09:29:55,446 - INFO - F1 Score                 : 0.0000
2025-11-28 09:29:55,446 - INFO - ==================================================
2025-11-28 09:30:21,318 - INFO - Época 42 concluída. Loss média: 5.2983
2025-11-28 09:30:21,318 - INFO - Taxa de aprendizado ajustada para: 0.010000
2025-11-28 09:30:21,320 - INFO - Iniciando inferência com o modelo SqueezeNet...
2025-11-28 09:30:26,935 - INFO - ==================================================
2025-11-28 09:30:26,935 - INFO - EXPERIMENT RESULTS
2025-11-28 09:30:26,935 - INFO - ==================================================
2025-11-28 09:30:26,935 - INFO - Elapsed Time Seconds     : 5.5860
2025-11-28 09:30:26,935 - INFO - Cpu Usage Percent        : 2.0875
2025-11-28 09:30:26,935 - INFO - Ram Peak Usage Bytes     : 23038283776.0000
2025-11-28 09:30:26,935 - INFO - Disk Read Bytes          : 0.0000
2025-11-28 09:30:26,935 - INFO - Disk Write Bytes         : 114688.0000
2025-11-28 09:30:26,935 - INFO - Vram Peak Usage Bytes    : 6429543804.0000
2025-11-28 09:30:26,935 - INFO - Gpu Power Watts Avg      : 91.4427
2025-11-28 09:30:26,935 - INFO - Gpu Power Watts Peak     : 229.6740
2025-11-28 09:30:26,935 - INFO - Gpu Temp Celsius Avg     : 45.3455
2025-11-28 09:30:26,935 - INFO - Gpu Temp Celsius Peak    : 54.0000
2025-11-28 09:30:26,935 - INFO - Gpu Utilization Percent Avg: 12.7091
2025-11-28 09:30:26,935 - INFO - Gpu Utilization Percent Peak: 100.0000
2025-11-28 09:30:26,935 - INFO - Gpu Mem Used Bytes Avg   : 19399901184.0000
2025-11-28 09:30:26,935 - INFO - Gpu Mem Used Bytes Peak  : 19399901184.0000
2025-11-28 09:30:26,935 - INFO - Gpu Vram Used Bytes      : 19399901184.0000
2025-11-28 09:30:26,935 - INFO - Accuracy                 : 0.0050
2025-11-28 09:30:26,936 - INFO - Precision                : 0.0000
2025-11-28 09:30:26,936 - INFO - Recall                   : 0.0050
2025-11-28 09:30:26,936 - INFO - F1 Score                 : 0.0000
2025-11-28 09:30:26,936 - INFO - ==================================================
2025-11-28 09:30:58,856 - INFO - Época 43 concluída. Loss média: 5.2982
2025-11-28 09:30:58,857 - INFO - Taxa de aprendizado ajustada para: 0.010000
2025-11-28 09:30:58,858 - INFO - Iniciando inferência com o modelo SqueezeNet...
2025-11-28 09:31:03,253 - INFO - ==================================================
2025-11-28 09:31:03,253 - INFO - EXPERIMENT RESULTS
2025-11-28 09:31:03,253 - INFO - ==================================================
2025-11-28 09:31:03,253 - INFO - Elapsed Time Seconds     : 4.3536
2025-11-28 09:31:03,253 - INFO - Cpu Usage Percent        : 1.8219
2025-11-28 09:31:03,253 - INFO - Ram Peak Usage Bytes     : 23038291968.0000
2025-11-28 09:31:03,253 - INFO - Disk Read Bytes          : 0.0000
2025-11-28 09:31:03,253 - INFO - Disk Write Bytes         : 131072.0000
2025-11-28 09:31:03,253 - INFO - Vram Peak Usage Bytes    : 6429543804.0000
2025-11-28 09:31:03,253 - INFO - Gpu Power Watts Avg      : 106.1489
2025-11-28 09:31:03,253 - INFO - Gpu Power Watts Peak     : 241.9320
2025-11-28 09:31:03,253 - INFO - Gpu Temp Celsius Avg     : 45.2558
2025-11-28 09:31:03,253 - INFO - Gpu Temp Celsius Peak    : 53.0000
2025-11-28 09:31:03,253 - INFO - Gpu Utilization Percent Avg: 17.0698
2025-11-28 09:31:03,254 - INFO - Gpu Utilization Percent Peak: 99.0000
2025-11-28 09:31:03,254 - INFO - Gpu Mem Used Bytes Avg   : 19399901184.0000
2025-11-28 09:31:03,254 - INFO - Gpu Mem Used Bytes Peak  : 19399901184.0000
2025-11-28 09:31:03,254 - INFO - Gpu Vram Used Bytes      : 19399901184.0000
2025-11-28 09:31:03,254 - INFO - Accuracy                 : 0.0050
2025-11-28 09:31:03,254 - INFO - Precision                : 0.0000
2025-11-28 09:31:03,254 - INFO - Recall                   : 0.0050
2025-11-28 09:31:03,254 - INFO - F1 Score                 : 0.0000
2025-11-28 09:31:03,254 - INFO - ==================================================
2025-11-28 09:31:29,893 - INFO - Época 44 concluída. Loss média: 5.2983
2025-11-28 09:31:29,893 - INFO - Taxa de aprendizado ajustada para: 0.010000
2025-11-28 09:31:29,895 - INFO - Iniciando inferência com o modelo SqueezeNet...
2025-11-28 09:31:34,330 - INFO - ==================================================
2025-11-28 09:31:34,336 - INFO - EXPERIMENT RESULTS
2025-11-28 09:31:34,336 - INFO - ==================================================
2025-11-28 09:31:34,336 - INFO - Elapsed Time Seconds     : 4.4033
2025-11-28 09:31:34,336 - INFO - Cpu Usage Percent        : 1.8375
2025-11-28 09:31:34,336 - INFO - Ram Peak Usage Bytes     : 23038304256.0000
2025-11-28 09:31:34,336 - INFO - Disk Read Bytes          : 0.0000
2025-11-28 09:31:34,336 - INFO - Disk Write Bytes         : 258048.0000
2025-11-28 09:31:34,336 - INFO - Vram Peak Usage Bytes    : 6429543804.0000
2025-11-28 09:31:34,336 - INFO - Gpu Power Watts Avg      : 97.3945
2025-11-28 09:31:34,336 - INFO - Gpu Power Watts Peak     : 228.8510
2025-11-28 09:31:34,336 - INFO - Gpu Temp Celsius Avg     : 45.3953
2025-11-28 09:31:34,336 - INFO - Gpu Temp Celsius Peak    : 54.0000
2025-11-28 09:31:34,336 - INFO - Gpu Utilization Percent Avg: 14.8140
2025-11-28 09:31:34,336 - INFO - Gpu Utilization Percent Peak: 100.0000
2025-11-28 09:31:34,336 - INFO - Gpu Mem Used Bytes Avg   : 19970326528.0000
2025-11-28 09:31:34,337 - INFO - Gpu Mem Used Bytes Peak  : 19970326528.0000
2025-11-28 09:31:34,337 - INFO - Gpu Vram Used Bytes      : 19970326528.0000
2025-11-28 09:31:34,337 - INFO - Accuracy                 : 0.0050
2025-11-28 09:31:34,337 - INFO - Precision                : 0.0000
2025-11-28 09:31:34,337 - INFO - Recall                   : 0.0050
2025-11-28 09:31:34,337 - INFO - F1 Score                 : 0.0000
2025-11-28 09:31:34,337 - INFO - ==================================================
2025-11-28 09:32:00,824 - INFO - Época 45 concluída. Loss média: 5.2983
2025-11-28 09:32:00,824 - INFO - Taxa de aprendizado ajustada para: 0.010000
2025-11-28 09:32:00,826 - INFO - Iniciando inferência com o modelo SqueezeNet...
2025-11-28 09:32:05,248 - INFO - ==================================================
2025-11-28 09:32:05,248 - INFO - EXPERIMENT RESULTS
2025-11-28 09:32:05,248 - INFO - ==================================================
2025-11-28 09:32:05,248 - INFO - Elapsed Time Seconds     : 4.3914
2025-11-28 09:32:05,248 - INFO - Cpu Usage Percent        : 1.8656
2025-11-28 09:32:05,248 - INFO - Ram Peak Usage Bytes     : 23038308352.0000
2025-11-28 09:32:05,248 - INFO - Disk Read Bytes          : 0.0000
2025-11-28 09:32:05,248 - INFO - Disk Write Bytes         : 106496.0000
2025-11-28 09:32:05,248 - INFO - Vram Peak Usage Bytes    : 6429543804.0000
2025-11-28 09:32:05,249 - INFO - Gpu Power Watts Avg      : 96.9027
2025-11-28 09:32:05,249 - INFO - Gpu Power Watts Peak     : 235.5190
2025-11-28 09:32:05,249 - INFO - Gpu Temp Celsius Avg     : 45.3721
2025-11-28 09:32:05,249 - INFO - Gpu Temp Celsius Peak    : 52.0000
2025-11-28 09:32:05,249 - INFO - Gpu Utilization Percent Avg: 13.8140
2025-11-28 09:32:05,249 - INFO - Gpu Utilization Percent Peak: 97.0000
2025-11-28 09:32:05,249 - INFO - Gpu Mem Used Bytes Avg   : 19970326528.0000
2025-11-28 09:32:05,249 - INFO - Gpu Mem Used Bytes Peak  : 19970326528.0000
2025-11-28 09:32:05,249 - INFO - Gpu Vram Used Bytes      : 19970326528.0000
2025-11-28 09:32:05,249 - INFO - Accuracy                 : 0.0050
2025-11-28 09:32:05,249 - INFO - Precision                : 0.0000
2025-11-28 09:32:05,249 - INFO - Recall                   : 0.0050
2025-11-28 09:32:05,249 - INFO - F1 Score                 : 0.0000
2025-11-28 09:32:05,249 - INFO - ==================================================
2025-11-28 09:32:34,720 - INFO - Época 46 concluída. Loss média: 5.2983
2025-11-28 09:32:34,720 - INFO - Taxa de aprendizado ajustada para: 0.010000
2025-11-28 09:32:34,722 - INFO - Iniciando inferência com o modelo SqueezeNet...
2025-11-28 09:32:38,940 - INFO - ==================================================
2025-11-28 09:32:38,940 - INFO - EXPERIMENT RESULTS
2025-11-28 09:32:38,940 - INFO - ==================================================
2025-11-28 09:32:38,940 - INFO - Elapsed Time Seconds     : 4.1873
2025-11-28 09:32:38,940 - INFO - Cpu Usage Percent        : 1.9031
2025-11-28 09:32:38,940 - INFO - Ram Peak Usage Bytes     : 23038312448.0000
2025-11-28 09:32:38,940 - INFO - Disk Read Bytes          : 0.0000
2025-11-28 09:32:38,940 - INFO - Disk Write Bytes         : 0.0000
2025-11-28 09:32:38,940 - INFO - Vram Peak Usage Bytes    : 6429543804.0000
2025-11-28 09:32:38,940 - INFO - Gpu Power Watts Avg      : 103.8904
2025-11-28 09:32:38,940 - INFO - Gpu Power Watts Peak     : 239.9750
2025-11-28 09:32:38,940 - INFO - Gpu Temp Celsius Avg     : 45.5122
2025-11-28 09:32:38,940 - INFO - Gpu Temp Celsius Peak    : 54.0000
2025-11-28 09:32:38,940 - INFO - Gpu Utilization Percent Avg: 16.9512
2025-11-28 09:32:38,940 - INFO - Gpu Utilization Percent Peak: 100.0000
2025-11-28 09:32:38,940 - INFO - Gpu Mem Used Bytes Avg   : 19970326528.0000
2025-11-28 09:32:38,941 - INFO - Gpu Mem Used Bytes Peak  : 19970326528.0000
2025-11-28 09:32:38,941 - INFO - Gpu Vram Used Bytes      : 19970326528.0000
2025-11-28 09:32:38,941 - INFO - Accuracy                 : 0.0050
2025-11-28 09:32:38,941 - INFO - Precision                : 0.0000
2025-11-28 09:32:38,941 - INFO - Recall                   : 0.0050
2025-11-28 09:32:38,941 - INFO - F1 Score                 : 0.0000
2025-11-28 09:32:38,941 - INFO - ==================================================
2025-11-28 09:33:06,514 - INFO - Época 47 concluída. Loss média: 5.2984
2025-11-28 09:33:06,514 - INFO - Taxa de aprendizado ajustada para: 0.010000
2025-11-28 09:33:06,516 - INFO - Iniciando inferência com o modelo SqueezeNet...
2025-11-28 09:33:10,950 - INFO - ==================================================
2025-11-28 09:33:10,951 - INFO - EXPERIMENT RESULTS
2025-11-28 09:33:10,951 - INFO - ==================================================
2025-11-28 09:33:10,951 - INFO - Elapsed Time Seconds     : 4.4049
2025-11-28 09:33:10,951 - INFO - Cpu Usage Percent        : 1.7937
2025-11-28 09:33:10,951 - INFO - Ram Peak Usage Bytes     : 23038312448.0000
2025-11-28 09:33:10,951 - INFO - Disk Read Bytes          : 0.0000
2025-11-28 09:33:10,951 - INFO - Disk Write Bytes         : 131072.0000
2025-11-28 09:33:10,951 - INFO - Vram Peak Usage Bytes    : 6429543804.0000
2025-11-28 09:33:10,951 - INFO - Gpu Power Watts Avg      : 97.2027
2025-11-28 09:33:10,951 - INFO - Gpu Power Watts Peak     : 240.8930
2025-11-28 09:33:10,951 - INFO - Gpu Temp Celsius Avg     : 45.4651
2025-11-28 09:33:10,951 - INFO - Gpu Temp Celsius Peak    : 54.0000
2025-11-28 09:33:10,951 - INFO - Gpu Utilization Percent Avg: 15.2326
2025-11-28 09:33:10,951 - INFO - Gpu Utilization Percent Peak: 100.0000
2025-11-28 09:33:10,951 - INFO - Gpu Mem Used Bytes Avg   : 19970326528.0000
2025-11-28 09:33:10,951 - INFO - Gpu Mem Used Bytes Peak  : 19970326528.0000
2025-11-28 09:33:10,951 - INFO - Gpu Vram Used Bytes      : 19970326528.0000
2025-11-28 09:33:10,951 - INFO - Accuracy                 : 0.0050
2025-11-28 09:33:10,951 - INFO - Precision                : 0.0000
2025-11-28 09:33:10,952 - INFO - Recall                   : 0.0050
2025-11-28 09:33:10,952 - INFO - F1 Score                 : 0.0000
2025-11-28 09:33:10,952 - INFO - ==================================================
2025-11-28 09:33:39,690 - INFO - Época 48 concluída. Loss média: 5.2985
2025-11-28 09:33:39,690 - INFO - Taxa de aprendizado ajustada para: 0.010000
2025-11-28 09:33:39,692 - INFO - Iniciando inferência com o modelo SqueezeNet...
2025-11-28 09:33:44,071 - INFO - ==================================================
2025-11-28 09:33:44,071 - INFO - EXPERIMENT RESULTS
2025-11-28 09:33:44,071 - INFO - ==================================================
2025-11-28 09:33:44,071 - INFO - Elapsed Time Seconds     : 4.3485
2025-11-28 09:33:44,071 - INFO - Cpu Usage Percent        : 1.8031
2025-11-28 09:33:44,071 - INFO - Ram Peak Usage Bytes     : 23038312448.0000
2025-11-28 09:33:44,071 - INFO - Disk Read Bytes          : 0.0000
2025-11-28 09:33:44,071 - INFO - Disk Write Bytes         : 102400.0000
2025-11-28 09:33:44,071 - INFO - Vram Peak Usage Bytes    : 6429543804.0000
2025-11-28 09:33:44,071 - INFO - Gpu Power Watts Avg      : 97.2110
2025-11-28 09:33:44,071 - INFO - Gpu Power Watts Peak     : 235.1700
2025-11-28 09:33:44,071 - INFO - Gpu Temp Celsius Avg     : 45.2558
2025-11-28 09:33:44,071 - INFO - Gpu Temp Celsius Peak    : 53.0000
2025-11-28 09:33:44,072 - INFO - Gpu Utilization Percent Avg: 13.0698
2025-11-28 09:33:44,072 - INFO - Gpu Utilization Percent Peak: 100.0000
2025-11-28 09:33:44,072 - INFO - Gpu Mem Used Bytes Avg   : 19970326528.0000
2025-11-28 09:33:44,072 - INFO - Gpu Mem Used Bytes Peak  : 19970326528.0000
2025-11-28 09:33:44,072 - INFO - Gpu Vram Used Bytes      : 19970326528.0000
2025-11-28 09:33:44,072 - INFO - Accuracy                 : 0.0050
2025-11-28 09:33:44,072 - INFO - Precision                : 0.0000
2025-11-28 09:33:44,072 - INFO - Recall                   : 0.0050
2025-11-28 09:33:44,072 - INFO - F1 Score                 : 0.0000
2025-11-28 09:33:44,072 - INFO - ==================================================
2025-11-28 09:34:09,871 - INFO - Época 49 concluída. Loss média: 5.2984
2025-11-28 09:34:09,871 - INFO - Taxa de aprendizado ajustada para: 0.010000
2025-11-28 09:34:09,872 - INFO - Iniciando inferência com o modelo SqueezeNet...
2025-11-28 09:34:14,249 - INFO - ==================================================
2025-11-28 09:34:14,250 - INFO - EXPERIMENT RESULTS
2025-11-28 09:34:14,250 - INFO - ==================================================
2025-11-28 09:34:14,250 - INFO - Elapsed Time Seconds     : 4.3460
2025-11-28 09:34:14,250 - INFO - Cpu Usage Percent        : 1.8188
2025-11-28 09:34:14,250 - INFO - Ram Peak Usage Bytes     : 23038308352.0000
2025-11-28 09:34:14,250 - INFO - Disk Read Bytes          : 0.0000
2025-11-28 09:34:14,250 - INFO - Disk Write Bytes         : 155648.0000
2025-11-28 09:34:14,250 - INFO - Vram Peak Usage Bytes    : 6429543804.0000
2025-11-28 09:34:14,250 - INFO - Gpu Power Watts Avg      : 95.3974
2025-11-28 09:34:14,250 - INFO - Gpu Power Watts Peak     : 228.8550
2025-11-28 09:34:14,250 - INFO - Gpu Temp Celsius Avg     : 45.4651
2025-11-28 09:34:14,250 - INFO - Gpu Temp Celsius Peak    : 53.0000
2025-11-28 09:34:14,250 - INFO - Gpu Utilization Percent Avg: 15.4419
2025-11-28 09:34:14,250 - INFO - Gpu Utilization Percent Peak: 100.0000
2025-11-28 09:34:14,250 - INFO - Gpu Mem Used Bytes Avg   : 19970326528.0000
2025-11-28 09:34:14,250 - INFO - Gpu Mem Used Bytes Peak  : 19970326528.0000
2025-11-28 09:34:14,250 - INFO - Gpu Vram Used Bytes      : 19970326528.0000
2025-11-28 09:34:14,250 - INFO - Accuracy                 : 0.0050
2025-11-28 09:34:14,250 - INFO - Precision                : 0.0000
2025-11-28 09:34:14,250 - INFO - Recall                   : 0.0050
2025-11-28 09:34:14,251 - INFO - F1 Score                 : 0.0000
2025-11-28 09:34:14,251 - INFO - ==================================================
2025-11-28 09:34:42,973 - INFO - Época 50 concluída. Loss média: 5.2983
2025-11-28 09:34:42,974 - INFO - Taxa de aprendizado ajustada para: 0.010000
2025-11-28 09:34:42,975 - INFO - Iniciando inferência com o modelo SqueezeNet...
2025-11-28 09:34:47,311 - INFO - ==================================================
2025-11-28 09:34:47,311 - INFO - EXPERIMENT RESULTS
2025-11-28 09:34:47,311 - INFO - ==================================================
2025-11-28 09:34:47,311 - INFO - Elapsed Time Seconds     : 4.3044
2025-11-28 09:34:47,311 - INFO - Cpu Usage Percent        : 1.8281
2025-11-28 09:34:47,311 - INFO - Ram Peak Usage Bytes     : 23038316544.0000
2025-11-28 09:34:47,311 - INFO - Disk Read Bytes          : 0.0000
2025-11-28 09:34:47,311 - INFO - Disk Write Bytes         : 0.0000
2025-11-28 09:34:47,311 - INFO - Vram Peak Usage Bytes    : 6429543804.0000
2025-11-28 09:34:47,311 - INFO - Gpu Power Watts Avg      : 96.5045
2025-11-28 09:34:47,311 - INFO - Gpu Power Watts Peak     : 237.3120
2025-11-28 09:34:47,311 - INFO - Gpu Temp Celsius Avg     : 45.2619
2025-11-28 09:34:47,312 - INFO - Gpu Temp Celsius Peak    : 54.0000
2025-11-28 09:34:47,312 - INFO - Gpu Utilization Percent Avg: 15.4286
2025-11-28 09:34:47,312 - INFO - Gpu Utilization Percent Peak: 100.0000
2025-11-28 09:34:47,312 - INFO - Gpu Mem Used Bytes Avg   : 20037435392.0000
2025-11-28 09:34:47,312 - INFO - Gpu Mem Used Bytes Peak  : 20037435392.0000
2025-11-28 09:34:47,312 - INFO - Gpu Vram Used Bytes      : 20037435392.0000
2025-11-28 09:34:47,312 - INFO - Accuracy                 : 0.0050
2025-11-28 09:34:47,312 - INFO - Precision                : 0.0000
2025-11-28 09:34:47,312 - INFO - Recall                   : 0.0050
2025-11-28 09:34:47,312 - INFO - F1 Score                 : 0.0000
2025-11-28 09:34:47,312 - INFO - ==================================================
2025-11-28 09:35:13,144 - INFO - Época 51 concluída. Loss média: 5.2985
2025-11-28 09:35:13,145 - INFO - Taxa de aprendizado ajustada para: 0.010000
2025-11-28 09:35:13,146 - INFO - Iniciando inferência com o modelo SqueezeNet...
2025-11-28 09:35:17,537 - INFO - ==================================================
2025-11-28 09:35:17,537 - INFO - EXPERIMENT RESULTS
2025-11-28 09:35:17,537 - INFO - ==================================================
2025-11-28 09:35:17,537 - INFO - Elapsed Time Seconds     : 4.3611
2025-11-28 09:35:17,537 - INFO - Cpu Usage Percent        : 1.8406
2025-11-28 09:35:17,537 - INFO - Ram Peak Usage Bytes     : 23038320640.0000
2025-11-28 09:35:17,538 - INFO - Disk Read Bytes          : 0.0000
2025-11-28 09:35:17,538 - INFO - Disk Write Bytes         : 16384.0000
2025-11-28 09:35:17,538 - INFO - Vram Peak Usage Bytes    : 6429543804.0000
2025-11-28 09:35:17,538 - INFO - Gpu Power Watts Avg      : 94.7863
2025-11-28 09:35:17,538 - INFO - Gpu Power Watts Peak     : 230.0040
2025-11-28 09:35:17,538 - INFO - Gpu Temp Celsius Avg     : 45.3488
2025-11-28 09:35:17,538 - INFO - Gpu Temp Celsius Peak    : 53.0000
2025-11-28 09:35:17,538 - INFO - Gpu Utilization Percent Avg: 12.4419
2025-11-28 09:35:17,538 - INFO - Gpu Utilization Percent Peak: 100.0000
2025-11-28 09:35:17,538 - INFO - Gpu Mem Used Bytes Avg   : 20037435392.0000
2025-11-28 09:35:17,538 - INFO - Gpu Mem Used Bytes Peak  : 20037435392.0000
2025-11-28 09:35:17,538 - INFO - Gpu Vram Used Bytes      : 20037435392.0000
2025-11-28 09:35:17,538 - INFO - Accuracy                 : 0.0050
2025-11-28 09:35:17,538 - INFO - Precision                : 0.0000
2025-11-28 09:35:17,538 - INFO - Recall                   : 0.0050
2025-11-28 09:35:17,538 - INFO - F1 Score                 : 0.0000
2025-11-28 09:35:17,538 - INFO - ==================================================
2025-11-28 09:35:43,465 - INFO - Época 52 concluída. Loss média: 5.2984
2025-11-28 09:35:43,466 - INFO - Taxa de aprendizado ajustada para: 0.010000
2025-11-28 09:35:43,467 - INFO - Iniciando inferência com o modelo SqueezeNet...
2025-11-28 09:35:47,551 - INFO - ==================================================
2025-11-28 09:35:47,551 - INFO - EXPERIMENT RESULTS
2025-11-28 09:35:47,551 - INFO - ==================================================
2025-11-28 09:35:47,551 - INFO - Elapsed Time Seconds     : 4.0641
2025-11-28 09:35:47,551 - INFO - Cpu Usage Percent        : 1.9375
2025-11-28 09:35:47,551 - INFO - Ram Peak Usage Bytes     : 23038320640.0000
2025-11-28 09:35:47,551 - INFO - Disk Read Bytes          : 0.0000
2025-11-28 09:35:47,551 - INFO - Disk Write Bytes         : 0.0000
2025-11-28 09:35:47,551 - INFO - Vram Peak Usage Bytes    : 6429543804.0000
2025-11-28 09:35:47,551 - INFO - Gpu Power Watts Avg      : 100.7504
2025-11-28 09:35:47,551 - INFO - Gpu Power Watts Peak     : 238.1690
2025-11-28 09:35:47,551 - INFO - Gpu Temp Celsius Avg     : 45.9750
2025-11-28 09:35:47,551 - INFO - Gpu Temp Celsius Peak    : 55.0000
2025-11-28 09:35:47,551 - INFO - Gpu Utilization Percent Avg: 17.3750
2025-11-28 09:35:47,551 - INFO - Gpu Utilization Percent Peak: 100.0000
2025-11-28 09:35:47,551 - INFO - Gpu Mem Used Bytes Avg   : 20037435392.0000
2025-11-28 09:35:47,551 - INFO - Gpu Mem Used Bytes Peak  : 20037435392.0000
2025-11-28 09:35:47,551 - INFO - Gpu Vram Used Bytes      : 20037435392.0000
2025-11-28 09:35:47,551 - INFO - Accuracy                 : 0.0050
2025-11-28 09:35:47,551 - INFO - Precision                : 0.0000
2025-11-28 09:35:47,551 - INFO - Recall                   : 0.0050
2025-11-28 09:35:47,551 - INFO - F1 Score                 : 0.0000
2025-11-28 09:35:47,551 - INFO - ==================================================
2025-11-28 09:36:12,712 - INFO - Época 53 concluída. Loss média: 5.2984
2025-11-28 09:36:12,712 - INFO - Taxa de aprendizado ajustada para: 0.010000
2025-11-28 09:36:12,714 - INFO - Iniciando inferência com o modelo SqueezeNet...
2025-11-28 09:36:18,212 - INFO - ==================================================
2025-11-28 09:36:18,212 - INFO - EXPERIMENT RESULTS
2025-11-28 09:36:18,212 - INFO - ==================================================
2025-11-28 09:36:18,212 - INFO - Elapsed Time Seconds     : 5.4686
2025-11-28 09:36:18,212 - INFO - Cpu Usage Percent        : 2.2500
2025-11-28 09:36:18,212 - INFO - Ram Peak Usage Bytes     : 23038468096.0000
2025-11-28 09:36:18,213 - INFO - Disk Read Bytes          : 0.0000
2025-11-28 09:36:18,213 - INFO - Disk Write Bytes         : 131072.0000
2025-11-28 09:36:18,213 - INFO - Vram Peak Usage Bytes    : 6429543804.0000
2025-11-28 09:36:18,213 - INFO - Gpu Power Watts Avg      : 91.4936
2025-11-28 09:36:18,213 - INFO - Gpu Power Watts Peak     : 228.7040
2025-11-28 09:36:18,213 - INFO - Gpu Temp Celsius Avg     : 45.5926
2025-11-28 09:36:18,213 - INFO - Gpu Temp Celsius Peak    : 54.0000
2025-11-28 09:36:18,213 - INFO - Gpu Utilization Percent Avg: 10.7778
2025-11-28 09:36:18,213 - INFO - Gpu Utilization Percent Peak: 100.0000
2025-11-28 09:36:18,213 - INFO - Gpu Mem Used Bytes Avg   : 20037435392.0000
2025-11-28 09:36:18,213 - INFO - Gpu Mem Used Bytes Peak  : 20037435392.0000
2025-11-28 09:36:18,213 - INFO - Gpu Vram Used Bytes      : 20037435392.0000
2025-11-28 09:36:18,213 - INFO - Accuracy                 : 0.0050
2025-11-28 09:36:18,213 - INFO - Precision                : 0.0000
2025-11-28 09:36:18,213 - INFO - Recall                   : 0.0050
2025-11-28 09:36:18,213 - INFO - F1 Score                 : 0.0000
2025-11-28 09:36:18,213 - INFO - ==================================================
2025-11-28 09:36:44,027 - INFO - Época 54 concluída. Loss média: 5.2984
2025-11-28 09:36:44,027 - INFO - Taxa de aprendizado ajustada para: 0.010000
2025-11-28 09:36:44,029 - INFO - Iniciando inferência com o modelo SqueezeNet...
2025-11-28 09:36:48,177 - INFO - ==================================================
2025-11-28 09:36:48,178 - INFO - EXPERIMENT RESULTS
2025-11-28 09:36:48,178 - INFO - ==================================================
2025-11-28 09:36:48,178 - INFO - Elapsed Time Seconds     : 4.1172
2025-11-28 09:36:48,178 - INFO - Cpu Usage Percent        : 1.9187
2025-11-28 09:36:48,178 - INFO - Ram Peak Usage Bytes     : 23038468096.0000
2025-11-28 09:36:48,178 - INFO - Disk Read Bytes          : 0.0000
2025-11-28 09:36:48,178 - INFO - Disk Write Bytes         : 0.0000
2025-11-28 09:36:48,178 - INFO - Vram Peak Usage Bytes    : 6429543804.0000
2025-11-28 09:36:48,178 - INFO - Gpu Power Watts Avg      : 96.7549
2025-11-28 09:36:48,178 - INFO - Gpu Power Watts Peak     : 235.1650
2025-11-28 09:36:48,178 - INFO - Gpu Temp Celsius Avg     : 45.9500
2025-11-28 09:36:48,178 - INFO - Gpu Temp Celsius Peak    : 54.0000
2025-11-28 09:36:48,178 - INFO - Gpu Utilization Percent Avg: 14.9750
2025-11-28 09:36:48,178 - INFO - Gpu Utilization Percent Peak: 100.0000
2025-11-28 09:36:48,178 - INFO - Gpu Mem Used Bytes Avg   : 20037435392.0000
2025-11-28 09:36:48,178 - INFO - Gpu Mem Used Bytes Peak  : 20037435392.0000
2025-11-28 09:36:48,178 - INFO - Gpu Vram Used Bytes      : 20037435392.0000
2025-11-28 09:36:48,178 - INFO - Accuracy                 : 0.0050
2025-11-28 09:36:48,178 - INFO - Precision                : 0.0000
2025-11-28 09:36:48,178 - INFO - Recall                   : 0.0050
2025-11-28 09:36:48,179 - INFO - F1 Score                 : 0.0000
2025-11-28 09:36:48,179 - INFO - ==================================================
2025-11-28 09:37:15,300 - INFO - Época 55 concluída. Loss média: 5.2984
2025-11-28 09:37:15,301 - INFO - Taxa de aprendizado ajustada para: 0.010000
2025-11-28 09:37:15,302 - INFO - Iniciando inferência com o modelo SqueezeNet...
2025-11-28 09:37:19,757 - INFO - ==================================================
2025-11-28 09:37:19,757 - INFO - EXPERIMENT RESULTS
2025-11-28 09:37:19,757 - INFO - ==================================================
2025-11-28 09:37:19,757 - INFO - Elapsed Time Seconds     : 4.4218
2025-11-28 09:37:19,757 - INFO - Cpu Usage Percent        : 1.7875
2025-11-28 09:37:19,757 - INFO - Ram Peak Usage Bytes     : 23038472192.0000
2025-11-28 09:37:19,757 - INFO - Disk Read Bytes          : 0.0000
2025-11-28 09:37:19,757 - INFO - Disk Write Bytes         : 16384.0000
2025-11-28 09:37:19,757 - INFO - Vram Peak Usage Bytes    : 6429543804.0000
2025-11-28 09:37:19,757 - INFO - Gpu Power Watts Avg      : 98.0502
2025-11-28 09:37:19,757 - INFO - Gpu Power Watts Peak     : 229.9580
2025-11-28 09:37:19,757 - INFO - Gpu Temp Celsius Avg     : 45.8140
2025-11-28 09:37:19,757 - INFO - Gpu Temp Celsius Peak    : 55.0000
2025-11-28 09:37:19,757 - INFO - Gpu Utilization Percent Avg: 15.3488
2025-11-28 09:37:19,757 - INFO - Gpu Utilization Percent Peak: 100.0000
2025-11-28 09:37:19,757 - INFO - Gpu Mem Used Bytes Avg   : 20037435392.0000
2025-11-28 09:37:19,757 - INFO - Gpu Mem Used Bytes Peak  : 20037435392.0000
2025-11-28 09:37:19,757 - INFO - Gpu Vram Used Bytes      : 20037435392.0000
2025-11-28 09:37:19,757 - INFO - Accuracy                 : 0.0050
2025-11-28 09:37:19,757 - INFO - Precision                : 0.0000
2025-11-28 09:37:19,757 - INFO - Recall                   : 0.0050
2025-11-28 09:37:19,757 - INFO - F1 Score                 : 0.0000
2025-11-28 09:37:19,757 - INFO - ==================================================
2025-11-28 09:37:46,766 - INFO - Época 56 concluída. Loss média: 5.2984
2025-11-28 09:37:46,766 - INFO - Taxa de aprendizado ajustada para: 0.010000
2025-11-28 09:37:46,768 - INFO - Iniciando inferência com o modelo SqueezeNet...
2025-11-28 09:37:51,178 - INFO - ==================================================
2025-11-28 09:37:51,178 - INFO - EXPERIMENT RESULTS
2025-11-28 09:37:51,178 - INFO - ==================================================
2025-11-28 09:37:51,178 - INFO - Elapsed Time Seconds     : 4.3794
2025-11-28 09:37:51,178 - INFO - Cpu Usage Percent        : 1.8188
2025-11-28 09:37:51,178 - INFO - Ram Peak Usage Bytes     : 23038480384.0000
2025-11-28 09:37:51,178 - INFO - Disk Read Bytes          : 0.0000
2025-11-28 09:37:51,178 - INFO - Disk Write Bytes         : 0.0000
2025-11-28 09:37:51,178 - INFO - Vram Peak Usage Bytes    : 6429543804.0000
2025-11-28 09:37:51,178 - INFO - Gpu Power Watts Avg      : 97.7613
2025-11-28 09:37:51,179 - INFO - Gpu Power Watts Peak     : 250.2590
2025-11-28 09:37:51,179 - INFO - Gpu Temp Celsius Avg     : 45.9070
2025-11-28 09:37:51,179 - INFO - Gpu Temp Celsius Peak    : 54.0000
2025-11-28 09:37:51,179 - INFO - Gpu Utilization Percent Avg: 13.4884
2025-11-28 09:37:51,179 - INFO - Gpu Utilization Percent Peak: 100.0000
2025-11-28 09:37:51,179 - INFO - Gpu Mem Used Bytes Avg   : 20037435392.0000
2025-11-28 09:37:51,179 - INFO - Gpu Mem Used Bytes Peak  : 20037435392.0000
2025-11-28 09:37:51,179 - INFO - Gpu Vram Used Bytes      : 20037435392.0000
2025-11-28 09:37:51,179 - INFO - Accuracy                 : 0.0050
2025-11-28 09:37:51,179 - INFO - Precision                : 0.0000
2025-11-28 09:37:51,179 - INFO - Recall                   : 0.0050
2025-11-28 09:37:51,179 - INFO - F1 Score                 : 0.0000
2025-11-28 09:37:51,179 - INFO - ==================================================
2025-11-28 09:38:23,421 - INFO - Época 57 concluída. Loss média: 5.2984
2025-11-28 09:38:23,421 - INFO - Taxa de aprendizado ajustada para: 0.010000
2025-11-28 09:38:23,422 - INFO - Iniciando inferência com o modelo SqueezeNet...
2025-11-28 09:38:29,154 - INFO - ==================================================
2025-11-28 09:38:29,154 - INFO - EXPERIMENT RESULTS
2025-11-28 09:38:29,155 - INFO - ==================================================
2025-11-28 09:38:29,155 - INFO - Elapsed Time Seconds     : 5.7024
2025-11-28 09:38:29,155 - INFO - Cpu Usage Percent        : 2.1437
2025-11-28 09:38:29,155 - INFO - Ram Peak Usage Bytes     : 23038488576.0000
2025-11-28 09:38:29,155 - INFO - Disk Read Bytes          : 0.0000
2025-11-28 09:38:29,155 - INFO - Disk Write Bytes         : 126976.0000
2025-11-28 09:38:29,155 - INFO - Vram Peak Usage Bytes    : 6429543804.0000
2025-11-28 09:38:29,155 - INFO - Gpu Power Watts Avg      : 90.4363
2025-11-28 09:38:29,155 - INFO - Gpu Power Watts Peak     : 242.2900
2025-11-28 09:38:29,155 - INFO - Gpu Temp Celsius Avg     : 44.6964
2025-11-28 09:38:29,155 - INFO - Gpu Temp Celsius Peak    : 54.0000
2025-11-28 09:38:29,155 - INFO - Gpu Utilization Percent Avg: 11.6964
2025-11-28 09:38:29,155 - INFO - Gpu Utilization Percent Peak: 99.0000
2025-11-28 09:38:29,155 - INFO - Gpu Mem Used Bytes Avg   : 20037435392.0000
2025-11-28 09:38:29,155 - INFO - Gpu Mem Used Bytes Peak  : 20037435392.0000
2025-11-28 09:38:29,155 - INFO - Gpu Vram Used Bytes      : 20037435392.0000
2025-11-28 09:38:29,155 - INFO - Accuracy                 : 0.0050
2025-11-28 09:38:29,155 - INFO - Precision                : 0.0000
2025-11-28 09:38:29,155 - INFO - Recall                   : 0.0050
2025-11-28 09:38:29,155 - INFO - F1 Score                 : 0.0000
2025-11-28 09:38:29,155 - INFO - ==================================================
2025-11-28 09:39:01,620 - INFO - Época 58 concluída. Loss média: 5.2983
2025-11-28 09:39:01,620 - INFO - Taxa de aprendizado ajustada para: 0.010000
2025-11-28 09:39:01,622 - INFO - Iniciando inferência com o modelo SqueezeNet...
2025-11-28 09:39:06,046 - INFO - ==================================================
2025-11-28 09:39:06,046 - INFO - EXPERIMENT RESULTS
2025-11-28 09:39:06,046 - INFO - ==================================================
2025-11-28 09:39:06,046 - INFO - Elapsed Time Seconds     : 4.3932
2025-11-28 09:39:06,046 - INFO - Cpu Usage Percent        : 1.8000
2025-11-28 09:39:06,046 - INFO - Ram Peak Usage Bytes     : 23038492672.0000
2025-11-28 09:39:06,046 - INFO - Disk Read Bytes          : 0.0000
2025-11-28 09:39:06,047 - INFO - Disk Write Bytes         : 159744.0000
2025-11-28 09:39:06,047 - INFO - Vram Peak Usage Bytes    : 6429543804.0000
2025-11-28 09:39:06,047 - INFO - Gpu Power Watts Avg      : 98.9840
2025-11-28 09:39:06,047 - INFO - Gpu Power Watts Peak     : 244.3270
2025-11-28 09:39:06,047 - INFO - Gpu Temp Celsius Avg     : 44.8837
2025-11-28 09:39:06,047 - INFO - Gpu Temp Celsius Peak    : 53.0000
2025-11-28 09:39:06,047 - INFO - Gpu Utilization Percent Avg: 14.9302
2025-11-28 09:39:06,047 - INFO - Gpu Utilization Percent Peak: 100.0000
2025-11-28 09:39:06,047 - INFO - Gpu Mem Used Bytes Avg   : 20037435392.0000
2025-11-28 09:39:06,047 - INFO - Gpu Mem Used Bytes Peak  : 20037435392.0000
2025-11-28 09:39:06,047 - INFO - Gpu Vram Used Bytes      : 20037435392.0000
2025-11-28 09:39:06,047 - INFO - Accuracy                 : 0.0050
2025-11-28 09:39:06,047 - INFO - Precision                : 0.0000
2025-11-28 09:39:06,047 - INFO - Recall                   : 0.0050
2025-11-28 09:39:06,047 - INFO - F1 Score                 : 0.0000
2025-11-28 09:39:06,047 - INFO - ==================================================
2025-11-28 09:39:36,908 - INFO - Época 59 concluída. Loss média: 5.2984
2025-11-28 09:39:36,909 - INFO - Taxa de aprendizado ajustada para: 0.010000
2025-11-28 09:39:36,910 - INFO - Iniciando inferência com o modelo SqueezeNet...
2025-11-28 09:39:40,930 - INFO - ==================================================
2025-11-28 09:39:40,930 - INFO - EXPERIMENT RESULTS
2025-11-28 09:39:40,930 - INFO - ==================================================
2025-11-28 09:39:40,930 - INFO - Elapsed Time Seconds     : 3.9881
2025-11-28 09:39:40,930 - INFO - Cpu Usage Percent        : 1.9812
2025-11-28 09:39:40,930 - INFO - Ram Peak Usage Bytes     : 23038496768.0000
2025-11-28 09:39:40,931 - INFO - Disk Read Bytes          : 0.0000
2025-11-28 09:39:40,931 - INFO - Disk Write Bytes         : 32768.0000
2025-11-28 09:39:40,931 - INFO - Vram Peak Usage Bytes    : 6429543804.0000
2025-11-28 09:39:40,931 - INFO - Gpu Power Watts Avg      : 102.3875
2025-11-28 09:39:40,931 - INFO - Gpu Power Watts Peak     : 244.3010
2025-11-28 09:39:40,931 - INFO - Gpu Temp Celsius Avg     : 45.1795
2025-11-28 09:39:40,931 - INFO - Gpu Temp Celsius Peak    : 52.0000
2025-11-28 09:39:40,931 - INFO - Gpu Utilization Percent Avg: 17.1795
2025-11-28 09:39:40,931 - INFO - Gpu Utilization Percent Peak: 98.0000
2025-11-28 09:39:40,931 - INFO - Gpu Mem Used Bytes Avg   : 20037435392.0000
2025-11-28 09:39:40,931 - INFO - Gpu Mem Used Bytes Peak  : 20037435392.0000
2025-11-28 09:39:40,931 - INFO - Gpu Vram Used Bytes      : 20037435392.0000
2025-11-28 09:39:40,931 - INFO - Accuracy                 : 0.0050
2025-11-28 09:39:40,931 - INFO - Precision                : 0.0000
2025-11-28 09:39:40,931 - INFO - Recall                   : 0.0050
2025-11-28 09:39:40,931 - INFO - F1 Score                 : 0.0000
2025-11-28 09:39:40,931 - INFO - ==================================================
2025-11-28 09:40:13,859 - INFO - Época 60 concluída. Loss média: 5.2984
2025-11-28 09:40:13,859 - INFO - Taxa de aprendizado ajustada para: 0.001000
2025-11-28 09:40:13,861 - INFO - Iniciando inferência com o modelo SqueezeNet...
2025-11-28 09:40:17,864 - INFO - ==================================================
2025-11-28 09:40:17,864 - INFO - EXPERIMENT RESULTS
2025-11-28 09:40:17,864 - INFO - ==================================================
2025-11-28 09:40:17,864 - INFO - Elapsed Time Seconds     : 3.9714
2025-11-28 09:40:17,864 - INFO - Cpu Usage Percent        : 1.9438
2025-11-28 09:40:17,864 - INFO - Ram Peak Usage Bytes     : 23040000000.0000
2025-11-28 09:40:17,865 - INFO - Disk Read Bytes          : 0.0000
2025-11-28 09:40:17,865 - INFO - Disk Write Bytes         : 16384.0000
2025-11-28 09:40:17,865 - INFO - Vram Peak Usage Bytes    : 6429543804.0000
2025-11-28 09:40:17,865 - INFO - Gpu Power Watts Avg      : 105.2959
2025-11-28 09:40:17,865 - INFO - Gpu Power Watts Peak     : 232.9740
2025-11-28 09:40:17,865 - INFO - Gpu Temp Celsius Avg     : 45.2051
2025-11-28 09:40:17,865 - INFO - Gpu Temp Celsius Peak    : 54.0000
2025-11-28 09:40:17,865 - INFO - Gpu Utilization Percent Avg: 14.5641
2025-11-28 09:40:17,865 - INFO - Gpu Utilization Percent Peak: 99.0000
2025-11-28 09:40:17,865 - INFO - Gpu Mem Used Bytes Avg   : 20037435392.0000
2025-11-28 09:40:17,865 - INFO - Gpu Mem Used Bytes Peak  : 20037435392.0000
2025-11-28 09:40:17,865 - INFO - Gpu Vram Used Bytes      : 20037435392.0000
2025-11-28 09:40:17,865 - INFO - Accuracy                 : 0.0050
2025-11-28 09:40:17,865 - INFO - Precision                : 0.0000
2025-11-28 09:40:17,865 - INFO - Recall                   : 0.0050
2025-11-28 09:40:17,865 - INFO - F1 Score                 : 0.0000
2025-11-28 09:40:17,865 - INFO - ==================================================
2025-11-28 09:40:50,452 - INFO - Época 61 concluída. Loss média: 5.2983
2025-11-28 09:40:50,452 - INFO - Taxa de aprendizado ajustada para: 0.001000
2025-11-28 09:40:50,454 - INFO - Iniciando inferência com o modelo SqueezeNet...
2025-11-28 09:40:54,850 - INFO - ==================================================
2025-11-28 09:40:54,850 - INFO - EXPERIMENT RESULTS
2025-11-28 09:40:54,850 - INFO - ==================================================
2025-11-28 09:40:54,850 - INFO - Elapsed Time Seconds     : 4.3653
2025-11-28 09:40:54,850 - INFO - Cpu Usage Percent        : 1.8031
2025-11-28 09:40:54,850 - INFO - Ram Peak Usage Bytes     : 23043436544.0000
2025-11-28 09:40:54,850 - INFO - Disk Read Bytes          : 0.0000
2025-11-28 09:40:54,850 - INFO - Disk Write Bytes         : 0.0000
2025-11-28 09:40:54,850 - INFO - Vram Peak Usage Bytes    : 6429543804.0000
2025-11-28 09:40:54,850 - INFO - Gpu Power Watts Avg      : 99.9165
2025-11-28 09:40:54,850 - INFO - Gpu Power Watts Peak     : 224.7230
2025-11-28 09:40:54,850 - INFO - Gpu Temp Celsius Avg     : 44.6977
2025-11-28 09:40:54,850 - INFO - Gpu Temp Celsius Peak    : 52.0000
2025-11-28 09:40:54,850 - INFO - Gpu Utilization Percent Avg: 12.6279
2025-11-28 09:40:54,851 - INFO - Gpu Utilization Percent Peak: 100.0000
2025-11-28 09:40:54,851 - INFO - Gpu Mem Used Bytes Avg   : 20037435392.0000
2025-11-28 09:40:54,851 - INFO - Gpu Mem Used Bytes Peak  : 20037435392.0000
2025-11-28 09:40:54,851 - INFO - Gpu Vram Used Bytes      : 20037435392.0000
2025-11-28 09:40:54,851 - INFO - Accuracy                 : 0.0050
2025-11-28 09:40:54,851 - INFO - Precision                : 0.0000
2025-11-28 09:40:54,851 - INFO - Recall                   : 0.0050
2025-11-28 09:40:54,851 - INFO - F1 Score                 : 0.0000
2025-11-28 09:40:54,851 - INFO - ==================================================
2025-11-28 09:41:25,599 - INFO - Época 62 concluída. Loss média: 5.2984
2025-11-28 09:41:25,599 - INFO - Taxa de aprendizado ajustada para: 0.001000
2025-11-28 09:41:25,601 - INFO - Iniciando inferência com o modelo SqueezeNet...
2025-11-28 09:41:29,579 - INFO - ==================================================
2025-11-28 09:41:29,579 - INFO - EXPERIMENT RESULTS
2025-11-28 09:41:29,579 - INFO - ==================================================
2025-11-28 09:41:29,579 - INFO - Elapsed Time Seconds     : 3.9457
2025-11-28 09:41:29,579 - INFO - Cpu Usage Percent        : 2.0125
2025-11-28 09:41:29,579 - INFO - Ram Peak Usage Bytes     : 23043440640.0000
2025-11-28 09:41:29,579 - INFO - Disk Read Bytes          : 0.0000
2025-11-28 09:41:29,579 - INFO - Disk Write Bytes         : 12288.0000
2025-11-28 09:41:29,579 - INFO - Vram Peak Usage Bytes    : 6429543804.0000
2025-11-28 09:41:29,579 - INFO - Gpu Power Watts Avg      : 98.4243
2025-11-28 09:41:29,580 - INFO - Gpu Power Watts Peak     : 248.1390
2025-11-28 09:41:29,580 - INFO - Gpu Temp Celsius Avg     : 45.2564
2025-11-28 09:41:29,580 - INFO - Gpu Temp Celsius Peak    : 53.0000
2025-11-28 09:41:29,580 - INFO - Gpu Utilization Percent Avg: 17.8462
2025-11-28 09:41:29,580 - INFO - Gpu Utilization Percent Peak: 99.0000
2025-11-28 09:41:29,580 - INFO - Gpu Mem Used Bytes Avg   : 20037435392.0000
2025-11-28 09:41:29,580 - INFO - Gpu Mem Used Bytes Peak  : 20037435392.0000
2025-11-28 09:41:29,580 - INFO - Gpu Vram Used Bytes      : 20037435392.0000
2025-11-28 09:41:29,580 - INFO - Accuracy                 : 0.0050
2025-11-28 09:41:29,580 - INFO - Precision                : 0.0000
2025-11-28 09:41:29,580 - INFO - Recall                   : 0.0050
2025-11-28 09:41:29,580 - INFO - F1 Score                 : 0.0000
2025-11-28 09:41:29,580 - INFO - ==================================================
2025-11-28 09:41:55,280 - INFO - Época 63 concluída. Loss média: 5.2984
2025-11-28 09:41:55,280 - INFO - Taxa de aprendizado ajustada para: 0.001000
2025-11-28 09:41:55,281 - INFO - Iniciando inferência com o modelo SqueezeNet...
2025-11-28 09:41:59,732 - INFO - ==================================================
2025-11-28 09:41:59,732 - INFO - EXPERIMENT RESULTS
2025-11-28 09:41:59,732 - INFO - ==================================================
2025-11-28 09:41:59,732 - INFO - Elapsed Time Seconds     : 4.4185
2025-11-28 09:41:59,732 - INFO - Cpu Usage Percent        : 1.8375
2025-11-28 09:41:59,732 - INFO - Ram Peak Usage Bytes     : 23043436544.0000
2025-11-28 09:41:59,732 - INFO - Disk Read Bytes          : 0.0000
2025-11-28 09:41:59,732 - INFO - Disk Write Bytes         : 0.0000
2025-11-28 09:41:59,732 - INFO - Vram Peak Usage Bytes    : 6429543804.0000
2025-11-28 09:41:59,732 - INFO - Gpu Power Watts Avg      : 94.4377
2025-11-28 09:41:59,732 - INFO - Gpu Power Watts Peak     : 240.0250
2025-11-28 09:41:59,732 - INFO - Gpu Temp Celsius Avg     : 45.4884
2025-11-28 09:41:59,732 - INFO - Gpu Temp Celsius Peak    : 54.0000
2025-11-28 09:41:59,732 - INFO - Gpu Utilization Percent Avg: 15.7674
2025-11-28 09:41:59,732 - INFO - Gpu Utilization Percent Peak: 100.0000
2025-11-28 09:41:59,733 - INFO - Gpu Mem Used Bytes Avg   : 20037435392.0000
2025-11-28 09:41:59,733 - INFO - Gpu Mem Used Bytes Peak  : 20037435392.0000
2025-11-28 09:41:59,733 - INFO - Gpu Vram Used Bytes      : 20037435392.0000
2025-11-28 09:41:59,733 - INFO - Accuracy                 : 0.0050
2025-11-28 09:41:59,733 - INFO - Precision                : 0.0000
2025-11-28 09:41:59,733 - INFO - Recall                   : 0.0050
2025-11-28 09:41:59,733 - INFO - F1 Score                 : 0.0000
2025-11-28 09:41:59,733 - INFO - ==================================================
2025-11-28 09:42:28,154 - INFO - Época 64 concluída. Loss média: 5.2984
2025-11-28 09:42:28,154 - INFO - Taxa de aprendizado ajustada para: 0.001000
2025-11-28 09:42:28,156 - INFO - Iniciando inferência com o modelo SqueezeNet...
2025-11-28 09:42:32,559 - INFO - ==================================================
2025-11-28 09:42:32,559 - INFO - EXPERIMENT RESULTS
2025-11-28 09:42:32,559 - INFO - ==================================================
2025-11-28 09:42:32,559 - INFO - Elapsed Time Seconds     : 4.3719
2025-11-28 09:42:32,559 - INFO - Cpu Usage Percent        : 1.8438
2025-11-28 09:42:32,559 - INFO - Ram Peak Usage Bytes     : 23046348800.0000
2025-11-28 09:42:32,559 - INFO - Disk Read Bytes          : 0.0000
2025-11-28 09:42:32,560 - INFO - Disk Write Bytes         : 0.0000
2025-11-28 09:42:32,560 - INFO - Vram Peak Usage Bytes    : 6429543804.0000
2025-11-28 09:42:32,560 - INFO - Gpu Power Watts Avg      : 92.1745
2025-11-28 09:42:32,560 - INFO - Gpu Power Watts Peak     : 232.2160
2025-11-28 09:42:32,560 - INFO - Gpu Temp Celsius Avg     : 45.2326
2025-11-28 09:42:32,560 - INFO - Gpu Temp Celsius Peak    : 53.0000
2025-11-28 09:42:32,560 - INFO - Gpu Utilization Percent Avg: 14.1395
2025-11-28 09:42:32,560 - INFO - Gpu Utilization Percent Peak: 100.0000
2025-11-28 09:42:32,560 - INFO - Gpu Mem Used Bytes Avg   : 20037435392.0000
2025-11-28 09:42:32,560 - INFO - Gpu Mem Used Bytes Peak  : 20037435392.0000
2025-11-28 09:42:32,560 - INFO - Gpu Vram Used Bytes      : 20037435392.0000
2025-11-28 09:42:32,560 - INFO - Accuracy                 : 0.0050
2025-11-28 09:42:32,560 - INFO - Precision                : 0.0000
2025-11-28 09:42:32,560 - INFO - Recall                   : 0.0050
2025-11-28 09:42:32,560 - INFO - F1 Score                 : 0.0000
2025-11-28 09:42:32,560 - INFO - ==================================================
2025-11-28 09:43:04,694 - INFO - Época 65 concluída. Loss média: 5.2983
2025-11-28 09:43:04,694 - INFO - Taxa de aprendizado ajustada para: 0.001000
2025-11-28 09:43:04,696 - INFO - Iniciando inferência com o modelo SqueezeNet...
2025-11-28 09:43:09,059 - INFO - ==================================================
2025-11-28 09:43:09,060 - INFO - EXPERIMENT RESULTS
2025-11-28 09:43:09,060 - INFO - ==================================================
2025-11-28 09:43:09,060 - INFO - Elapsed Time Seconds     : 4.3332
2025-11-28 09:43:09,060 - INFO - Cpu Usage Percent        : 1.8094
2025-11-28 09:43:09,060 - INFO - Ram Peak Usage Bytes     : 23048036352.0000
2025-11-28 09:43:09,060 - INFO - Disk Read Bytes          : 0.0000
2025-11-28 09:43:09,060 - INFO - Disk Write Bytes         : 57344.0000
2025-11-28 09:43:09,060 - INFO - Vram Peak Usage Bytes    : 6429543804.0000
2025-11-28 09:43:09,060 - INFO - Gpu Power Watts Avg      : 92.7625
2025-11-28 09:43:09,060 - INFO - Gpu Power Watts Peak     : 226.5060
2025-11-28 09:43:09,060 - INFO - Gpu Temp Celsius Avg     : 44.8333
2025-11-28 09:43:09,060 - INFO - Gpu Temp Celsius Peak    : 54.0000
2025-11-28 09:43:09,060 - INFO - Gpu Utilization Percent Avg: 13.6667
2025-11-28 09:43:09,060 - INFO - Gpu Utilization Percent Peak: 100.0000
2025-11-28 09:43:09,060 - INFO - Gpu Mem Used Bytes Avg   : 20037435392.0000
2025-11-28 09:43:09,060 - INFO - Gpu Mem Used Bytes Peak  : 20037435392.0000
2025-11-28 09:43:09,060 - INFO - Gpu Vram Used Bytes      : 20037435392.0000
2025-11-28 09:43:09,060 - INFO - Accuracy                 : 0.0050
2025-11-28 09:43:09,060 - INFO - Precision                : 0.0000
2025-11-28 09:43:09,060 - INFO - Recall                   : 0.0050
2025-11-28 09:43:09,060 - INFO - F1 Score                 : 0.0000
2025-11-28 09:43:09,060 - INFO - ==================================================
2025-11-28 09:43:34,664 - INFO - Época 66 concluída. Loss média: 5.2983
2025-11-28 09:43:34,664 - INFO - Taxa de aprendizado ajustada para: 0.001000
2025-11-28 09:43:34,666 - INFO - Iniciando inferência com o modelo SqueezeNet...
2025-11-28 09:43:39,119 - INFO - ==================================================
2025-11-28 09:43:39,119 - INFO - EXPERIMENT RESULTS
2025-11-28 09:43:39,119 - INFO - ==================================================
2025-11-28 09:43:39,119 - INFO - Elapsed Time Seconds     : 4.4215
2025-11-28 09:43:39,119 - INFO - Cpu Usage Percent        : 1.7875
2025-11-28 09:43:39,119 - INFO - Ram Peak Usage Bytes     : 23054749696.0000
2025-11-28 09:43:39,119 - INFO - Disk Read Bytes          : 0.0000
2025-11-28 09:43:39,119 - INFO - Disk Write Bytes         : 0.0000
2025-11-28 09:43:39,119 - INFO - Vram Peak Usage Bytes    : 6429543804.0000
2025-11-28 09:43:39,120 - INFO - Gpu Power Watts Avg      : 96.7800
2025-11-28 09:43:39,120 - INFO - Gpu Power Watts Peak     : 239.7850
2025-11-28 09:43:39,120 - INFO - Gpu Temp Celsius Avg     : 45.8837
2025-11-28 09:43:39,120 - INFO - Gpu Temp Celsius Peak    : 55.0000
2025-11-28 09:43:39,120 - INFO - Gpu Utilization Percent Avg: 14.7442
2025-11-28 09:43:39,120 - INFO - Gpu Utilization Percent Peak: 100.0000
2025-11-28 09:43:39,120 - INFO - Gpu Mem Used Bytes Avg   : 20037435392.0000
2025-11-28 09:43:39,120 - INFO - Gpu Mem Used Bytes Peak  : 20037435392.0000
2025-11-28 09:43:39,120 - INFO - Gpu Vram Used Bytes      : 20037435392.0000
2025-11-28 09:43:39,120 - INFO - Accuracy                 : 0.0050
2025-11-28 09:43:39,120 - INFO - Precision                : 0.0000
2025-11-28 09:43:39,120 - INFO - Recall                   : 0.0050
2025-11-28 09:43:39,120 - INFO - F1 Score                 : 0.0000
2025-11-28 09:43:39,120 - INFO - ==================================================
2025-11-28 09:44:06,933 - INFO - Época 67 concluída. Loss média: 5.2983
2025-11-28 09:44:06,933 - INFO - Taxa de aprendizado ajustada para: 0.001000
2025-11-28 09:44:06,935 - INFO - Iniciando inferência com o modelo SqueezeNet...
2025-11-28 09:44:12,541 - INFO - ==================================================
2025-11-28 09:44:12,542 - INFO - EXPERIMENT RESULTS
2025-11-28 09:44:12,542 - INFO - ==================================================
2025-11-28 09:44:12,542 - INFO - Elapsed Time Seconds     : 5.5755
2025-11-28 09:44:12,542 - INFO - Cpu Usage Percent        : 2.2188
2025-11-28 09:44:12,542 - INFO - Ram Peak Usage Bytes     : 23055667200.0000
2025-11-28 09:44:12,542 - INFO - Disk Read Bytes          : 0.0000
2025-11-28 09:44:12,542 - INFO - Disk Write Bytes         : 196608.0000
2025-11-28 09:44:12,542 - INFO - Vram Peak Usage Bytes    : 6429543804.0000
2025-11-28 09:44:12,542 - INFO - Gpu Power Watts Avg      : 87.1643
2025-11-28 09:44:12,542 - INFO - Gpu Power Watts Peak     : 238.7660
2025-11-28 09:44:12,542 - INFO - Gpu Temp Celsius Avg     : 45.1818
2025-11-28 09:44:12,542 - INFO - Gpu Temp Celsius Peak    : 54.0000
2025-11-28 09:44:12,542 - INFO - Gpu Utilization Percent Avg: 12.3273
2025-11-28 09:44:12,542 - INFO - Gpu Utilization Percent Peak: 99.0000
2025-11-28 09:44:12,542 - INFO - Gpu Mem Used Bytes Avg   : 20037435392.0000
2025-11-28 09:44:12,542 - INFO - Gpu Mem Used Bytes Peak  : 20037435392.0000
2025-11-28 09:44:12,542 - INFO - Gpu Vram Used Bytes      : 20037435392.0000
2025-11-28 09:44:12,542 - INFO - Accuracy                 : 0.0050
2025-11-28 09:44:12,542 - INFO - Precision                : 0.0000
2025-11-28 09:44:12,542 - INFO - Recall                   : 0.0050
2025-11-28 09:44:12,543 - INFO - F1 Score                 : 0.0000
2025-11-28 09:44:12,543 - INFO - ==================================================
2025-11-28 09:44:39,454 - INFO - Época 68 concluída. Loss média: 5.2983
2025-11-28 09:44:39,454 - INFO - Taxa de aprendizado ajustada para: 0.001000
2025-11-28 09:44:39,455 - INFO - Iniciando inferência com o modelo SqueezeNet...
2025-11-28 09:44:44,958 - INFO - ==================================================
2025-11-28 09:44:44,958 - INFO - EXPERIMENT RESULTS
2025-11-28 09:44:44,958 - INFO - ==================================================
2025-11-28 09:44:44,959 - INFO - Elapsed Time Seconds     : 5.4717
2025-11-28 09:44:44,959 - INFO - Cpu Usage Percent        : 2.2156
2025-11-28 09:44:44,959 - INFO - Ram Peak Usage Bytes     : 23055671296.0000
2025-11-28 09:44:44,959 - INFO - Disk Read Bytes          : 0.0000
2025-11-28 09:44:44,959 - INFO - Disk Write Bytes         : 114688.0000
2025-11-28 09:44:44,959 - INFO - Vram Peak Usage Bytes    : 6429543804.0000
2025-11-28 09:44:44,959 - INFO - Gpu Power Watts Avg      : 90.4731
2025-11-28 09:44:44,959 - INFO - Gpu Power Watts Peak     : 230.4630
2025-11-28 09:44:44,959 - INFO - Gpu Temp Celsius Avg     : 45.3704
2025-11-28 09:44:44,959 - INFO - Gpu Temp Celsius Peak    : 53.0000
2025-11-28 09:44:44,959 - INFO - Gpu Utilization Percent Avg: 11.0185
2025-11-28 09:44:44,959 - INFO - Gpu Utilization Percent Peak: 100.0000
2025-11-28 09:44:44,959 - INFO - Gpu Mem Used Bytes Avg   : 20037435392.0000
2025-11-28 09:44:44,959 - INFO - Gpu Mem Used Bytes Peak  : 20037435392.0000
2025-11-28 09:44:44,959 - INFO - Gpu Vram Used Bytes      : 20037435392.0000
2025-11-28 09:44:44,959 - INFO - Accuracy                 : 0.0050
2025-11-28 09:44:44,959 - INFO - Precision                : 0.0000
2025-11-28 09:44:44,959 - INFO - Recall                   : 0.0050
2025-11-28 09:44:44,959 - INFO - F1 Score                 : 0.0000
2025-11-28 09:44:44,959 - INFO - ==================================================
2025-11-28 09:45:16,733 - INFO - Época 69 concluída. Loss média: 5.2983
2025-11-28 09:45:16,733 - INFO - Taxa de aprendizado ajustada para: 0.001000
2025-11-28 09:45:16,734 - INFO - Iniciando inferência com o modelo SqueezeNet...
2025-11-28 09:45:21,130 - INFO - ==================================================
2025-11-28 09:45:21,130 - INFO - EXPERIMENT RESULTS
2025-11-28 09:45:21,130 - INFO - ==================================================
2025-11-28 09:45:21,130 - INFO - Elapsed Time Seconds     : 4.3641
2025-11-28 09:45:21,130 - INFO - Cpu Usage Percent        : 1.7625
2025-11-28 09:45:21,130 - INFO - Ram Peak Usage Bytes     : 23055671296.0000
2025-11-28 09:45:21,130 - INFO - Disk Read Bytes          : 0.0000
2025-11-28 09:45:21,130 - INFO - Disk Write Bytes         : 0.0000
2025-11-28 09:45:21,130 - INFO - Vram Peak Usage Bytes    : 6429543804.0000
2025-11-28 09:45:21,130 - INFO - Gpu Power Watts Avg      : 107.2175
2025-11-28 09:45:21,130 - INFO - Gpu Power Watts Peak     : 244.1850
2025-11-28 09:45:21,130 - INFO - Gpu Temp Celsius Avg     : 45.4419
2025-11-28 09:45:21,130 - INFO - Gpu Temp Celsius Peak    : 51.0000
2025-11-28 09:45:21,130 - INFO - Gpu Utilization Percent Avg: 17.8372
2025-11-28 09:45:21,130 - INFO - Gpu Utilization Percent Peak: 100.0000
2025-11-28 09:45:21,130 - INFO - Gpu Mem Used Bytes Avg   : 20037435392.0000
2025-11-28 09:45:21,130 - INFO - Gpu Mem Used Bytes Peak  : 20037435392.0000
2025-11-28 09:45:21,130 - INFO - Gpu Vram Used Bytes      : 20037435392.0000
2025-11-28 09:45:21,130 - INFO - Accuracy                 : 0.0050
2025-11-28 09:45:21,131 - INFO - Precision                : 0.0000
2025-11-28 09:45:21,131 - INFO - Recall                   : 0.0050
2025-11-28 09:45:21,131 - INFO - F1 Score                 : 0.0000
2025-11-28 09:45:21,131 - INFO - ==================================================
2025-11-28 09:45:47,069 - INFO - Época 70 concluída. Loss média: 5.2983
2025-11-28 09:45:47,069 - INFO - Taxa de aprendizado ajustada para: 0.001000
2025-11-28 09:45:47,071 - INFO - Iniciando inferência com o modelo SqueezeNet...
2025-11-28 09:45:51,350 - INFO - ==================================================
2025-11-28 09:45:51,350 - INFO - EXPERIMENT RESULTS
2025-11-28 09:45:51,350 - INFO - ==================================================
2025-11-28 09:45:51,350 - INFO - Elapsed Time Seconds     : 4.2491
2025-11-28 09:45:51,350 - INFO - Cpu Usage Percent        : 1.8594
2025-11-28 09:45:51,350 - INFO - Ram Peak Usage Bytes     : 23055691776.0000
2025-11-28 09:45:51,350 - INFO - Disk Read Bytes          : 0.0000
2025-11-28 09:45:51,350 - INFO - Disk Write Bytes         : 0.0000
2025-11-28 09:45:51,350 - INFO - Vram Peak Usage Bytes    : 6429543804.0000
2025-11-28 09:45:51,350 - INFO - Gpu Power Watts Avg      : 97.5692
2025-11-28 09:45:51,350 - INFO - Gpu Power Watts Peak     : 236.8790
2025-11-28 09:45:51,350 - INFO - Gpu Temp Celsius Avg     : 45.7619
2025-11-28 09:45:51,350 - INFO - Gpu Temp Celsius Peak    : 54.0000
2025-11-28 09:45:51,350 - INFO - Gpu Utilization Percent Avg: 13.8095
2025-11-28 09:45:51,350 - INFO - Gpu Utilization Percent Peak: 100.0000
2025-11-28 09:45:51,350 - INFO - Gpu Mem Used Bytes Avg   : 20037435392.0000
2025-11-28 09:45:51,350 - INFO - Gpu Mem Used Bytes Peak  : 20037435392.0000
2025-11-28 09:45:51,351 - INFO - Gpu Vram Used Bytes      : 20037435392.0000
2025-11-28 09:45:51,351 - INFO - Accuracy                 : 0.0050
2025-11-28 09:45:51,351 - INFO - Precision                : 0.0000
2025-11-28 09:45:51,351 - INFO - Recall                   : 0.0050
2025-11-28 09:45:51,351 - INFO - F1 Score                 : 0.0000
2025-11-28 09:45:51,351 - INFO - ==================================================
2025-11-28 09:46:17,978 - INFO - Época 71 concluída. Loss média: 5.2983
2025-11-28 09:46:17,978 - INFO - Taxa de aprendizado ajustada para: 0.001000
2025-11-28 09:46:17,980 - INFO - Iniciando inferência com o modelo SqueezeNet...
2025-11-28 09:46:23,482 - INFO - ==================================================
2025-11-28 09:46:23,482 - INFO - EXPERIMENT RESULTS
2025-11-28 09:46:23,482 - INFO - ==================================================
2025-11-28 09:46:23,482 - INFO - Elapsed Time Seconds     : 5.4704
2025-11-28 09:46:23,482 - INFO - Cpu Usage Percent        : 2.2625
2025-11-28 09:46:23,482 - INFO - Ram Peak Usage Bytes     : 23055720448.0000
2025-11-28 09:46:23,482 - INFO - Disk Read Bytes          : 0.0000
2025-11-28 09:46:23,482 - INFO - Disk Write Bytes         : 114688.0000
2025-11-28 09:46:23,482 - INFO - Vram Peak Usage Bytes    : 6429543804.0000
2025-11-28 09:46:23,482 - INFO - Gpu Power Watts Avg      : 94.9939
2025-11-28 09:46:23,482 - INFO - Gpu Power Watts Peak     : 240.2350
2025-11-28 09:46:23,482 - INFO - Gpu Temp Celsius Avg     : 45.5000
2025-11-28 09:46:23,482 - INFO - Gpu Temp Celsius Peak    : 53.0000
2025-11-28 09:46:23,482 - INFO - Gpu Utilization Percent Avg: 11.3519
2025-11-28 09:46:23,482 - INFO - Gpu Utilization Percent Peak: 99.0000
2025-11-28 09:46:23,482 - INFO - Gpu Mem Used Bytes Avg   : 20037435392.0000
2025-11-28 09:46:23,482 - INFO - Gpu Mem Used Bytes Peak  : 20037435392.0000
2025-11-28 09:46:23,482 - INFO - Gpu Vram Used Bytes      : 20037435392.0000
2025-11-28 09:46:23,482 - INFO - Accuracy                 : 0.0050
2025-11-28 09:46:23,482 - INFO - Precision                : 0.0000
2025-11-28 09:46:23,483 - INFO - Recall                   : 0.0050
2025-11-28 09:46:23,483 - INFO - F1 Score                 : 0.0000
2025-11-28 09:46:23,483 - INFO - ==================================================
2025-11-28 09:46:51,013 - INFO - Época 72 concluída. Loss média: 5.2984
2025-11-28 09:46:51,013 - INFO - Taxa de aprendizado ajustada para: 0.001000
2025-11-28 09:46:51,015 - INFO - Iniciando inferência com o modelo SqueezeNet...
2025-11-28 09:46:55,336 - INFO - ==================================================
2025-11-28 09:46:55,337 - INFO - EXPERIMENT RESULTS
2025-11-28 09:46:55,337 - INFO - ==================================================
2025-11-28 09:46:55,337 - INFO - Elapsed Time Seconds     : 4.2901
2025-11-28 09:46:55,337 - INFO - Cpu Usage Percent        : 1.8562
2025-11-28 09:46:55,337 - INFO - Ram Peak Usage Bytes     : 23055753216.0000
2025-11-28 09:46:55,337 - INFO - Disk Read Bytes          : 0.0000
2025-11-28 09:46:55,337 - INFO - Disk Write Bytes         : 0.0000
2025-11-28 09:46:55,337 - INFO - Vram Peak Usage Bytes    : 6429543804.0000
2025-11-28 09:46:55,337 - INFO - Gpu Power Watts Avg      : 94.5144
2025-11-28 09:46:55,337 - INFO - Gpu Power Watts Peak     : 225.7930
2025-11-28 09:46:55,337 - INFO - Gpu Temp Celsius Avg     : 45.9286
2025-11-28 09:46:55,337 - INFO - Gpu Temp Celsius Peak    : 54.0000
2025-11-28 09:46:55,337 - INFO - Gpu Utilization Percent Avg: 14.0952
2025-11-28 09:46:55,337 - INFO - Gpu Utilization Percent Peak: 100.0000
2025-11-28 09:46:55,337 - INFO - Gpu Mem Used Bytes Avg   : 20037435392.0000
2025-11-28 09:46:55,337 - INFO - Gpu Mem Used Bytes Peak  : 20037435392.0000
2025-11-28 09:46:55,337 - INFO - Gpu Vram Used Bytes      : 20037435392.0000
2025-11-28 09:46:55,337 - INFO - Accuracy                 : 0.0050
2025-11-28 09:46:55,337 - INFO - Precision                : 0.0000
2025-11-28 09:46:55,337 - INFO - Recall                   : 0.0050
2025-11-28 09:46:55,337 - INFO - F1 Score                 : 0.0000
2025-11-28 09:46:55,337 - INFO - ==================================================
2025-11-28 09:47:23,441 - INFO - Época 73 concluída. Loss média: 5.2984
2025-11-28 09:47:23,442 - INFO - Taxa de aprendizado ajustada para: 0.001000
2025-11-28 09:47:23,443 - INFO - Iniciando inferência com o modelo SqueezeNet...
2025-11-28 09:47:28,056 - INFO - ==================================================
2025-11-28 09:47:28,056 - INFO - EXPERIMENT RESULTS
2025-11-28 09:47:28,056 - INFO - ==================================================
2025-11-28 09:47:28,056 - INFO - Elapsed Time Seconds     : 4.5822
2025-11-28 09:47:28,056 - INFO - Cpu Usage Percent        : 1.7469
2025-11-28 09:47:28,056 - INFO - Ram Peak Usage Bytes     : 23055777792.0000
2025-11-28 09:47:28,056 - INFO - Disk Read Bytes          : 0.0000
2025-11-28 09:47:28,056 - INFO - Disk Write Bytes         : 0.0000
2025-11-28 09:47:28,057 - INFO - Vram Peak Usage Bytes    : 6429543804.0000
2025-11-28 09:47:28,057 - INFO - Gpu Power Watts Avg      : 97.9959
2025-11-28 09:47:28,057 - INFO - Gpu Power Watts Peak     : 237.9170
2025-11-28 09:47:28,057 - INFO - Gpu Temp Celsius Avg     : 45.7556
2025-11-28 09:47:28,057 - INFO - Gpu Temp Celsius Peak    : 54.0000
2025-11-28 09:47:28,057 - INFO - Gpu Utilization Percent Avg: 15.2000
2025-11-28 09:47:28,057 - INFO - Gpu Utilization Percent Peak: 100.0000
2025-11-28 09:47:28,057 - INFO - Gpu Mem Used Bytes Avg   : 20037435392.0000
2025-11-28 09:47:28,057 - INFO - Gpu Mem Used Bytes Peak  : 20037435392.0000
2025-11-28 09:47:28,057 - INFO - Gpu Vram Used Bytes      : 20037435392.0000
2025-11-28 09:47:28,057 - INFO - Accuracy                 : 0.0050
2025-11-28 09:47:28,057 - INFO - Precision                : 0.0000
2025-11-28 09:47:28,057 - INFO - Recall                   : 0.0050
2025-11-28 09:47:28,057 - INFO - F1 Score                 : 0.0000
2025-11-28 09:47:28,057 - INFO - ==================================================
2025-11-28 09:47:57,158 - INFO - Época 74 concluída. Loss média: 5.2983
2025-11-28 09:47:57,158 - INFO - Taxa de aprendizado ajustada para: 0.001000
2025-11-28 09:47:57,160 - INFO - Iniciando inferência com o modelo SqueezeNet...
2025-11-28 09:48:01,746 - INFO - ==================================================
2025-11-28 09:48:01,746 - INFO - EXPERIMENT RESULTS
2025-11-28 09:48:01,746 - INFO - ==================================================
2025-11-28 09:48:01,746 - INFO - Elapsed Time Seconds     : 4.5662
2025-11-28 09:48:01,746 - INFO - Cpu Usage Percent        : 1.8000
2025-11-28 09:48:01,746 - INFO - Ram Peak Usage Bytes     : 23055794176.0000
2025-11-28 09:48:01,746 - INFO - Disk Read Bytes          : 0.0000
2025-11-28 09:48:01,746 - INFO - Disk Write Bytes         : 0.0000
2025-11-28 09:48:01,746 - INFO - Vram Peak Usage Bytes    : 6429543804.0000
2025-11-28 09:48:01,746 - INFO - Gpu Power Watts Avg      : 98.8254
2025-11-28 09:48:01,746 - INFO - Gpu Power Watts Peak     : 240.1620
2025-11-28 09:48:01,746 - INFO - Gpu Temp Celsius Avg     : 45.6444
2025-11-28 09:48:01,746 - INFO - Gpu Temp Celsius Peak    : 55.0000
2025-11-28 09:48:01,746 - INFO - Gpu Utilization Percent Avg: 14.8889
2025-11-28 09:48:01,746 - INFO - Gpu Utilization Percent Peak: 100.0000
2025-11-28 09:48:01,746 - INFO - Gpu Mem Used Bytes Avg   : 20037435392.0000
2025-11-28 09:48:01,746 - INFO - Gpu Mem Used Bytes Peak  : 20037435392.0000
2025-11-28 09:48:01,746 - INFO - Gpu Vram Used Bytes      : 20037435392.0000
2025-11-28 09:48:01,746 - INFO - Accuracy                 : 0.0050
2025-11-28 09:48:01,746 - INFO - Precision                : 0.0000
2025-11-28 09:48:01,746 - INFO - Recall                   : 0.0050
2025-11-28 09:48:01,746 - INFO - F1 Score                 : 0.0000
2025-11-28 09:48:01,746 - INFO - ==================================================
2025-11-28 09:48:27,202 - INFO - Época 75 concluída. Loss média: 5.2983
2025-11-28 09:48:27,202 - INFO - Taxa de aprendizado ajustada para: 0.001000
2025-11-28 09:48:27,204 - INFO - Iniciando inferência com o modelo SqueezeNet...
2025-11-28 09:48:32,706 - INFO - ==================================================
2025-11-28 09:48:32,706 - INFO - EXPERIMENT RESULTS
2025-11-28 09:48:32,707 - INFO - ==================================================
2025-11-28 09:48:32,707 - INFO - Elapsed Time Seconds     : 5.4727
2025-11-28 09:48:32,707 - INFO - Cpu Usage Percent        : 2.2500
2025-11-28 09:48:32,707 - INFO - Ram Peak Usage Bytes     : 23055970304.0000
2025-11-28 09:48:32,707 - INFO - Disk Read Bytes          : 0.0000
2025-11-28 09:48:32,707 - INFO - Disk Write Bytes         : 167936.0000
2025-11-28 09:48:32,707 - INFO - Vram Peak Usage Bytes    : 6429543804.0000
2025-11-28 09:48:32,707 - INFO - Gpu Power Watts Avg      : 81.3102
2025-11-28 09:48:32,707 - INFO - Gpu Power Watts Peak     : 187.6980
2025-11-28 09:48:32,707 - INFO - Gpu Temp Celsius Avg     : 45.1111
2025-11-28 09:48:32,707 - INFO - Gpu Temp Celsius Peak    : 54.0000
2025-11-28 09:48:32,707 - INFO - Gpu Utilization Percent Avg: 9.4630
2025-11-28 09:48:32,707 - INFO - Gpu Utilization Percent Peak: 99.0000
2025-11-28 09:48:32,707 - INFO - Gpu Mem Used Bytes Avg   : 20037435392.0000
2025-11-28 09:48:32,707 - INFO - Gpu Mem Used Bytes Peak  : 20037435392.0000
2025-11-28 09:48:32,707 - INFO - Gpu Vram Used Bytes      : 20037435392.0000
2025-11-28 09:48:32,707 - INFO - Accuracy                 : 0.0050
2025-11-28 09:48:32,707 - INFO - Precision                : 0.0000
2025-11-28 09:48:32,707 - INFO - Recall                   : 0.0050
2025-11-28 09:48:32,707 - INFO - F1 Score                 : 0.0000
2025-11-28 09:48:32,707 - INFO - ==================================================
2025-11-28 09:49:04,607 - INFO - Época 76 concluída. Loss média: 5.2983
2025-11-28 09:49:04,607 - INFO - Taxa de aprendizado ajustada para: 0.001000
2025-11-28 09:49:04,609 - INFO - Iniciando inferência com o modelo SqueezeNet...
2025-11-28 09:49:09,033 - INFO - ==================================================
2025-11-28 09:49:09,033 - INFO - EXPERIMENT RESULTS
2025-11-28 09:49:09,033 - INFO - ==================================================
2025-11-28 09:49:09,033 - INFO - Elapsed Time Seconds     : 4.3938
2025-11-28 09:49:09,033 - INFO - Cpu Usage Percent        : 1.8000
2025-11-28 09:49:09,033 - INFO - Ram Peak Usage Bytes     : 23056060416.0000
2025-11-28 09:49:09,033 - INFO - Disk Read Bytes          : 0.0000
2025-11-28 09:49:09,033 - INFO - Disk Write Bytes         : 61440.0000
2025-11-28 09:49:09,033 - INFO - Vram Peak Usage Bytes    : 6429543804.0000
2025-11-28 09:49:09,033 - INFO - Gpu Power Watts Avg      : 93.5690
2025-11-28 09:49:09,033 - INFO - Gpu Power Watts Peak     : 198.7180
2025-11-28 09:49:09,033 - INFO - Gpu Temp Celsius Avg     : 45.1860
2025-11-28 09:49:09,033 - INFO - Gpu Temp Celsius Peak    : 54.0000
2025-11-28 09:49:09,033 - INFO - Gpu Utilization Percent Avg: 15.1860
2025-11-28 09:49:09,033 - INFO - Gpu Utilization Percent Peak: 100.0000
2025-11-28 09:49:09,034 - INFO - Gpu Mem Used Bytes Avg   : 20037435392.0000
2025-11-28 09:49:09,034 - INFO - Gpu Mem Used Bytes Peak  : 20037435392.0000
2025-11-28 09:49:09,034 - INFO - Gpu Vram Used Bytes      : 20037435392.0000
2025-11-28 09:49:09,034 - INFO - Accuracy                 : 0.0050
2025-11-28 09:49:09,034 - INFO - Precision                : 0.0000
2025-11-28 09:49:09,034 - INFO - Recall                   : 0.0050
2025-11-28 09:49:09,034 - INFO - F1 Score                 : 0.0000
2025-11-28 09:49:09,034 - INFO - ==================================================
2025-11-28 09:49:34,403 - INFO - Época 77 concluída. Loss média: 5.2983
2025-11-28 09:49:34,404 - INFO - Taxa de aprendizado ajustada para: 0.001000
2025-11-28 09:49:34,405 - INFO - Iniciando inferência com o modelo SqueezeNet...
2025-11-28 09:49:39,856 - INFO - ==================================================
2025-11-28 09:49:39,856 - INFO - EXPERIMENT RESULTS
2025-11-28 09:49:39,856 - INFO - ==================================================
2025-11-28 09:49:39,856 - INFO - Elapsed Time Seconds     : 5.4190
2025-11-28 09:49:39,856 - INFO - Cpu Usage Percent        : 2.2781
2025-11-28 09:49:39,856 - INFO - Ram Peak Usage Bytes     : 23056080896.0000
2025-11-28 09:49:39,856 - INFO - Disk Read Bytes          : 0.0000
2025-11-28 09:49:39,856 - INFO - Disk Write Bytes         : 110592.0000
2025-11-28 09:49:39,856 - INFO - Vram Peak Usage Bytes    : 6429543804.0000
2025-11-28 09:49:39,856 - INFO - Gpu Power Watts Avg      : 92.5661
2025-11-28 09:49:39,856 - INFO - Gpu Power Watts Peak     : 231.1550
2025-11-28 09:49:39,856 - INFO - Gpu Temp Celsius Avg     : 45.1509
2025-11-28 09:49:39,856 - INFO - Gpu Temp Celsius Peak    : 54.0000
2025-11-28 09:49:39,856 - INFO - Gpu Utilization Percent Avg: 12.8113
2025-11-28 09:49:39,856 - INFO - Gpu Utilization Percent Peak: 99.0000
2025-11-28 09:49:39,856 - INFO - Gpu Mem Used Bytes Avg   : 20037435392.0000
2025-11-28 09:49:39,856 - INFO - Gpu Mem Used Bytes Peak  : 20037435392.0000
2025-11-28 09:49:39,856 - INFO - Gpu Vram Used Bytes      : 20037435392.0000
2025-11-28 09:49:39,856 - INFO - Accuracy                 : 0.0050
2025-11-28 09:49:39,857 - INFO - Precision                : 0.0000
2025-11-28 09:49:39,857 - INFO - Recall                   : 0.0050
2025-11-28 09:49:39,857 - INFO - F1 Score                 : 0.0000
2025-11-28 09:49:39,857 - INFO - ==================================================
2025-11-28 09:50:05,504 - INFO - Época 78 concluída. Loss média: 5.2983
2025-11-28 09:50:05,504 - INFO - Taxa de aprendizado ajustada para: 0.001000
2025-11-28 09:50:05,506 - INFO - Iniciando inferência com o modelo SqueezeNet...
2025-11-28 09:50:09,904 - INFO - ==================================================
2025-11-28 09:50:09,904 - INFO - EXPERIMENT RESULTS
2025-11-28 09:50:09,904 - INFO - ==================================================
2025-11-28 09:50:09,904 - INFO - Elapsed Time Seconds     : 4.3671
2025-11-28 09:50:09,904 - INFO - Cpu Usage Percent        : 1.8375
2025-11-28 09:50:09,904 - INFO - Ram Peak Usage Bytes     : 23056097280.0000
2025-11-28 09:50:09,904 - INFO - Disk Read Bytes          : 0.0000
2025-11-28 09:50:09,904 - INFO - Disk Write Bytes         : 61440.0000
2025-11-28 09:50:09,904 - INFO - Vram Peak Usage Bytes    : 6429543804.0000
2025-11-28 09:50:09,904 - INFO - Gpu Power Watts Avg      : 101.0070
2025-11-28 09:50:09,904 - INFO - Gpu Power Watts Peak     : 240.3760
2025-11-28 09:50:09,904 - INFO - Gpu Temp Celsius Avg     : 45.8605
2025-11-28 09:50:09,904 - INFO - Gpu Temp Celsius Peak    : 54.0000
2025-11-28 09:50:09,904 - INFO - Gpu Utilization Percent Avg: 15.6744
2025-11-28 09:50:09,904 - INFO - Gpu Utilization Percent Peak: 100.0000
2025-11-28 09:50:09,904 - INFO - Gpu Mem Used Bytes Avg   : 20037435392.0000
2025-11-28 09:50:09,905 - INFO - Gpu Mem Used Bytes Peak  : 20037435392.0000
2025-11-28 09:50:09,905 - INFO - Gpu Vram Used Bytes      : 20037435392.0000
2025-11-28 09:50:09,905 - INFO - Accuracy                 : 0.0050
2025-11-28 09:50:09,905 - INFO - Precision                : 0.0000
2025-11-28 09:50:09,905 - INFO - Recall                   : 0.0050
2025-11-28 09:50:09,905 - INFO - F1 Score                 : 0.0000
2025-11-28 09:50:09,905 - INFO - ==================================================
2025-11-28 09:50:35,959 - INFO - Época 79 concluída. Loss média: 5.2983
2025-11-28 09:50:35,959 - INFO - Taxa de aprendizado ajustada para: 0.001000
2025-11-28 09:50:35,961 - INFO - Iniciando inferência com o modelo SqueezeNet...
2025-11-28 09:50:40,501 - INFO - ==================================================
2025-11-28 09:50:40,502 - INFO - EXPERIMENT RESULTS
2025-11-28 09:50:40,502 - INFO - ==================================================
2025-11-28 09:50:40,502 - INFO - Elapsed Time Seconds     : 4.5097
2025-11-28 09:50:40,502 - INFO - Cpu Usage Percent        : 1.7875
2025-11-28 09:50:40,502 - INFO - Ram Peak Usage Bytes     : 23056125952.0000
2025-11-28 09:50:40,502 - INFO - Disk Read Bytes          : 0.0000
2025-11-28 09:50:40,502 - INFO - Disk Write Bytes         : 0.0000
2025-11-28 09:50:40,502 - INFO - Vram Peak Usage Bytes    : 6429543804.0000
2025-11-28 09:50:40,502 - INFO - Gpu Power Watts Avg      : 95.2143
2025-11-28 09:50:40,502 - INFO - Gpu Power Watts Peak     : 235.4080
2025-11-28 09:50:40,502 - INFO - Gpu Temp Celsius Avg     : 46.0455
2025-11-28 09:50:40,502 - INFO - Gpu Temp Celsius Peak    : 54.0000
2025-11-28 09:50:40,502 - INFO - Gpu Utilization Percent Avg: 16.9318
2025-11-28 09:50:40,502 - INFO - Gpu Utilization Percent Peak: 100.0000
2025-11-28 09:50:40,502 - INFO - Gpu Mem Used Bytes Avg   : 20037435392.0000
2025-11-28 09:50:40,502 - INFO - Gpu Mem Used Bytes Peak  : 20037435392.0000
2025-11-28 09:50:40,502 - INFO - Gpu Vram Used Bytes      : 20037435392.0000
2025-11-28 09:50:40,502 - INFO - Accuracy                 : 0.0050
2025-11-28 09:50:40,502 - INFO - Precision                : 0.0000
2025-11-28 09:50:40,503 - INFO - Recall                   : 0.0050
2025-11-28 09:50:40,503 - INFO - F1 Score                 : 0.0000
2025-11-28 09:50:40,503 - INFO - ==================================================
2025-11-28 09:51:11,716 - INFO - Época 80 concluída. Loss média: 5.2983
2025-11-28 09:51:11,716 - INFO - Taxa de aprendizado ajustada para: 0.001000
2025-11-28 09:51:11,718 - INFO - Iniciando inferência com o modelo SqueezeNet...
2025-11-28 09:51:16,491 - INFO - ==================================================
2025-11-28 09:51:16,491 - INFO - EXPERIMENT RESULTS
2025-11-28 09:51:16,491 - INFO - ==================================================
2025-11-28 09:51:16,491 - INFO - Elapsed Time Seconds     : 4.7540
2025-11-28 09:51:16,491 - INFO - Cpu Usage Percent        : 1.9906
2025-11-28 09:51:16,491 - INFO - Ram Peak Usage Bytes     : 23056154624.0000
2025-11-28 09:51:16,491 - INFO - Disk Read Bytes          : 0.0000
2025-11-28 09:51:16,491 - INFO - Disk Write Bytes         : 102400.0000
2025-11-28 09:51:16,491 - INFO - Vram Peak Usage Bytes    : 6429543804.0000
2025-11-28 09:51:16,491 - INFO - Gpu Power Watts Avg      : 90.7399
2025-11-28 09:51:16,492 - INFO - Gpu Power Watts Peak     : 251.1550
2025-11-28 09:51:16,492 - INFO - Gpu Temp Celsius Avg     : 45.2128
2025-11-28 09:51:16,492 - INFO - Gpu Temp Celsius Peak    : 54.0000
2025-11-28 09:51:16,492 - INFO - Gpu Utilization Percent Avg: 12.1489
2025-11-28 09:51:16,492 - INFO - Gpu Utilization Percent Peak: 100.0000
2025-11-28 09:51:16,492 - INFO - Gpu Mem Used Bytes Avg   : 20037435392.0000
2025-11-28 09:51:16,492 - INFO - Gpu Mem Used Bytes Peak  : 20037435392.0000
2025-11-28 09:51:16,492 - INFO - Gpu Vram Used Bytes      : 20037435392.0000
2025-11-28 09:51:16,492 - INFO - Accuracy                 : 0.0050
2025-11-28 09:51:16,492 - INFO - Precision                : 0.0000
2025-11-28 09:51:16,492 - INFO - Recall                   : 0.0050
2025-11-28 09:51:16,492 - INFO - F1 Score                 : 0.0000
2025-11-28 09:51:16,492 - INFO - ==================================================
2025-11-28 09:51:42,321 - INFO - Época 81 concluída. Loss média: 5.2983
2025-11-28 09:51:42,321 - INFO - Taxa de aprendizado ajustada para: 0.001000
2025-11-28 09:51:42,323 - INFO - Iniciando inferência com o modelo SqueezeNet...
2025-11-28 09:51:46,758 - INFO - ==================================================
2025-11-28 09:51:46,758 - INFO - EXPERIMENT RESULTS
2025-11-28 09:51:46,758 - INFO - ==================================================
2025-11-28 09:51:46,758 - INFO - Elapsed Time Seconds     : 4.4049
2025-11-28 09:51:46,758 - INFO - Cpu Usage Percent        : 1.8313
2025-11-28 09:51:46,758 - INFO - Ram Peak Usage Bytes     : 23056175104.0000
2025-11-28 09:51:46,758 - INFO - Disk Read Bytes          : 0.0000
2025-11-28 09:51:46,758 - INFO - Disk Write Bytes         : 0.0000
2025-11-28 09:51:46,759 - INFO - Vram Peak Usage Bytes    : 6429543804.0000
2025-11-28 09:51:46,759 - INFO - Gpu Power Watts Avg      : 99.2870
2025-11-28 09:51:46,759 - INFO - Gpu Power Watts Peak     : 227.7900
2025-11-28 09:51:46,759 - INFO - Gpu Temp Celsius Avg     : 45.8605
2025-11-28 09:51:46,759 - INFO - Gpu Temp Celsius Peak    : 53.0000
2025-11-28 09:51:46,759 - INFO - Gpu Utilization Percent Avg: 12.7442
2025-11-28 09:51:46,759 - INFO - Gpu Utilization Percent Peak: 100.0000
2025-11-28 09:51:46,759 - INFO - Gpu Mem Used Bytes Avg   : 20037435392.0000
2025-11-28 09:51:46,759 - INFO - Gpu Mem Used Bytes Peak  : 20037435392.0000
2025-11-28 09:51:46,759 - INFO - Gpu Vram Used Bytes      : 20037435392.0000
2025-11-28 09:51:46,759 - INFO - Accuracy                 : 0.0050
2025-11-28 09:51:46,759 - INFO - Precision                : 0.0000
2025-11-28 09:51:46,759 - INFO - Recall                   : 0.0050
2025-11-28 09:51:46,759 - INFO - F1 Score                 : 0.0000
2025-11-28 09:51:46,759 - INFO - ==================================================
2025-11-28 09:52:13,406 - INFO - Época 82 concluída. Loss média: 5.2983
2025-11-28 09:52:13,406 - INFO - Taxa de aprendizado ajustada para: 0.001000
2025-11-28 09:52:13,408 - INFO - Iniciando inferência com o modelo SqueezeNet...
2025-11-28 09:52:17,803 - INFO - ==================================================
2025-11-28 09:52:17,803 - INFO - EXPERIMENT RESULTS
2025-11-28 09:52:17,803 - INFO - ==================================================
2025-11-28 09:52:17,803 - INFO - Elapsed Time Seconds     : 4.3642
2025-11-28 09:52:17,803 - INFO - Cpu Usage Percent        : 1.8750
2025-11-28 09:52:17,803 - INFO - Ram Peak Usage Bytes     : 23056199680.0000
2025-11-28 09:52:17,804 - INFO - Disk Read Bytes          : 0.0000
2025-11-28 09:52:17,804 - INFO - Disk Write Bytes         : 16384.0000
2025-11-28 09:52:17,804 - INFO - Vram Peak Usage Bytes    : 6429543804.0000
2025-11-28 09:52:17,804 - INFO - Gpu Power Watts Avg      : 96.6868
2025-11-28 09:52:17,804 - INFO - Gpu Power Watts Peak     : 228.4570
2025-11-28 09:52:17,804 - INFO - Gpu Temp Celsius Avg     : 45.9767
2025-11-28 09:52:17,804 - INFO - Gpu Temp Celsius Peak    : 55.0000
2025-11-28 09:52:17,804 - INFO - Gpu Utilization Percent Avg: 15.8372
2025-11-28 09:52:17,804 - INFO - Gpu Utilization Percent Peak: 100.0000
2025-11-28 09:52:17,804 - INFO - Gpu Mem Used Bytes Avg   : 20037435392.0000
2025-11-28 09:52:17,804 - INFO - Gpu Mem Used Bytes Peak  : 20037435392.0000
2025-11-28 09:52:17,804 - INFO - Gpu Vram Used Bytes      : 20037435392.0000
2025-11-28 09:52:17,804 - INFO - Accuracy                 : 0.0050
2025-11-28 09:52:17,804 - INFO - Precision                : 0.0000
2025-11-28 09:52:17,804 - INFO - Recall                   : 0.0050
2025-11-28 09:52:17,804 - INFO - F1 Score                 : 0.0000
2025-11-28 09:52:17,804 - INFO - ==================================================
2025-11-28 09:52:43,143 - INFO - Época 83 concluída. Loss média: 5.2983
2025-11-28 09:52:43,143 - INFO - Taxa de aprendizado ajustada para: 0.001000
2025-11-28 09:52:43,145 - INFO - Iniciando inferência com o modelo SqueezeNet...
2025-11-28 09:52:47,471 - INFO - ==================================================
2025-11-28 09:52:47,471 - INFO - EXPERIMENT RESULTS
2025-11-28 09:52:47,471 - INFO - ==================================================
2025-11-28 09:52:47,472 - INFO - Elapsed Time Seconds     : 4.2952
2025-11-28 09:52:47,472 - INFO - Cpu Usage Percent        : 2.0656
2025-11-28 09:52:47,472 - INFO - Ram Peak Usage Bytes     : 23056216064.0000
2025-11-28 09:52:47,472 - INFO - Disk Read Bytes          : 0.0000
2025-11-28 09:52:47,472 - INFO - Disk Write Bytes         : 0.0000
2025-11-28 09:52:47,472 - INFO - Vram Peak Usage Bytes    : 6429543804.0000
2025-11-28 09:52:47,472 - INFO - Gpu Power Watts Avg      : 94.9271
2025-11-28 09:52:47,472 - INFO - Gpu Power Watts Peak     : 227.2100
2025-11-28 09:52:47,472 - INFO - Gpu Temp Celsius Avg     : 46.1429
2025-11-28 09:52:47,472 - INFO - Gpu Temp Celsius Peak    : 54.0000
2025-11-28 09:52:47,472 - INFO - Gpu Utilization Percent Avg: 15.3571
2025-11-28 09:52:47,472 - INFO - Gpu Utilization Percent Peak: 99.0000
2025-11-28 09:52:47,472 - INFO - Gpu Mem Used Bytes Avg   : 20037435392.0000
2025-11-28 09:52:47,472 - INFO - Gpu Mem Used Bytes Peak  : 20037435392.0000
2025-11-28 09:52:47,472 - INFO - Gpu Vram Used Bytes      : 20037435392.0000
2025-11-28 09:52:47,472 - INFO - Accuracy                 : 0.0050
2025-11-28 09:52:47,472 - INFO - Precision                : 0.0000
2025-11-28 09:52:47,472 - INFO - Recall                   : 0.0050
2025-11-28 09:52:47,472 - INFO - F1 Score                 : 0.0000
2025-11-28 09:52:47,472 - INFO - ==================================================
2025-11-28 09:53:18,753 - INFO - Época 84 concluída. Loss média: 5.2983
2025-11-28 09:53:18,753 - INFO - Taxa de aprendizado ajustada para: 0.001000
2025-11-28 09:53:18,755 - INFO - Iniciando inferência com o modelo SqueezeNet...
2025-11-28 09:53:24,501 - INFO - ==================================================
2025-11-28 09:53:24,501 - INFO - EXPERIMENT RESULTS
2025-11-28 09:53:24,501 - INFO - ==================================================
2025-11-28 09:53:24,501 - INFO - Elapsed Time Seconds     : 5.7160
2025-11-28 09:53:24,501 - INFO - Cpu Usage Percent        : 2.1688
2025-11-28 09:53:24,501 - INFO - Ram Peak Usage Bytes     : 23056257024.0000
2025-11-28 09:53:24,501 - INFO - Disk Read Bytes          : 0.0000
2025-11-28 09:53:24,501 - INFO - Disk Write Bytes         : 114688.0000
2025-11-28 09:53:24,501 - INFO - Vram Peak Usage Bytes    : 6429543804.0000
2025-11-28 09:53:24,501 - INFO - Gpu Power Watts Avg      : 87.0746
2025-11-28 09:53:24,501 - INFO - Gpu Power Watts Peak     : 241.4250
2025-11-28 09:53:24,501 - INFO - Gpu Temp Celsius Avg     : 44.9821
2025-11-28 09:53:24,501 - INFO - Gpu Temp Celsius Peak    : 53.0000
2025-11-28 09:53:24,501 - INFO - Gpu Utilization Percent Avg: 10.8929
2025-11-28 09:53:24,502 - INFO - Gpu Utilization Percent Peak: 100.0000
2025-11-28 09:53:24,502 - INFO - Gpu Mem Used Bytes Avg   : 20037435392.0000
2025-11-28 09:53:24,502 - INFO - Gpu Mem Used Bytes Peak  : 20037435392.0000
2025-11-28 09:53:24,502 - INFO - Gpu Vram Used Bytes      : 20037435392.0000
2025-11-28 09:53:24,502 - INFO - Accuracy                 : 0.0050
2025-11-28 09:53:24,502 - INFO - Precision                : 0.0000
2025-11-28 09:53:24,502 - INFO - Recall                   : 0.0050
2025-11-28 09:53:24,502 - INFO - F1 Score                 : 0.0000
2025-11-28 09:53:24,502 - INFO - ==================================================
2025-11-28 09:53:54,872 - INFO - Época 85 concluída. Loss média: 5.2983
2025-11-28 09:53:54,873 - INFO - Taxa de aprendizado ajustada para: 0.001000
2025-11-28 09:53:54,874 - INFO - Iniciando inferência com o modelo SqueezeNet...
2025-11-28 09:53:59,189 - INFO - ==================================================
2025-11-28 09:53:59,189 - INFO - EXPERIMENT RESULTS
2025-11-28 09:53:59,189 - INFO - ==================================================
2025-11-28 09:53:59,190 - INFO - Elapsed Time Seconds     : 4.2839
2025-11-28 09:53:59,190 - INFO - Cpu Usage Percent        : 1.8687
2025-11-28 09:53:59,190 - INFO - Ram Peak Usage Bytes     : 23056506880.0000
2025-11-28 09:53:59,190 - INFO - Disk Read Bytes          : 0.0000
2025-11-28 09:53:59,190 - INFO - Disk Write Bytes         : 0.0000
2025-11-28 09:53:59,190 - INFO - Vram Peak Usage Bytes    : 6429543804.0000
2025-11-28 09:53:59,190 - INFO - Gpu Power Watts Avg      : 100.5215
2025-11-28 09:53:59,190 - INFO - Gpu Power Watts Peak     : 249.9820
2025-11-28 09:53:59,190 - INFO - Gpu Temp Celsius Avg     : 45.3571
2025-11-28 09:53:59,190 - INFO - Gpu Temp Celsius Peak    : 52.0000
2025-11-28 09:53:59,190 - INFO - Gpu Utilization Percent Avg: 13.4048
2025-11-28 09:53:59,190 - INFO - Gpu Utilization Percent Peak: 99.0000
2025-11-28 09:53:59,190 - INFO - Gpu Mem Used Bytes Avg   : 20037435392.0000
2025-11-28 09:53:59,190 - INFO - Gpu Mem Used Bytes Peak  : 20037435392.0000
2025-11-28 09:53:59,190 - INFO - Gpu Vram Used Bytes      : 20037435392.0000
2025-11-28 09:53:59,190 - INFO - Accuracy                 : 0.0050
2025-11-28 09:53:59,190 - INFO - Precision                : 0.0000
2025-11-28 09:53:59,190 - INFO - Recall                   : 0.0050
2025-11-28 09:53:59,190 - INFO - F1 Score                 : 0.0000
2025-11-28 09:53:59,190 - INFO - ==================================================
2025-11-28 09:54:26,545 - INFO - Época 86 concluída. Loss média: 5.2983
2025-11-28 09:54:26,545 - INFO - Taxa de aprendizado ajustada para: 0.001000
2025-11-28 09:54:26,547 - INFO - Iniciando inferência com o modelo SqueezeNet...
2025-11-28 09:54:30,956 - INFO - ==================================================
2025-11-28 09:54:30,957 - INFO - EXPERIMENT RESULTS
2025-11-28 09:54:30,957 - INFO - ==================================================
2025-11-28 09:54:30,957 - INFO - Elapsed Time Seconds     : 4.3781
2025-11-28 09:54:30,957 - INFO - Cpu Usage Percent        : 1.8062
2025-11-28 09:54:30,957 - INFO - Ram Peak Usage Bytes     : 23056535552.0000
2025-11-28 09:54:30,957 - INFO - Disk Read Bytes          : 0.0000
2025-11-28 09:54:30,957 - INFO - Disk Write Bytes         : 12288.0000
2025-11-28 09:54:30,957 - INFO - Vram Peak Usage Bytes    : 6429543804.0000
2025-11-28 09:54:30,957 - INFO - Gpu Power Watts Avg      : 95.3654
2025-11-28 09:54:30,957 - INFO - Gpu Power Watts Peak     : 230.8600
2025-11-28 09:54:30,957 - INFO - Gpu Temp Celsius Avg     : 45.6977
2025-11-28 09:54:30,957 - INFO - Gpu Temp Celsius Peak    : 53.0000
2025-11-28 09:54:30,957 - INFO - Gpu Utilization Percent Avg: 14.1628
2025-11-28 09:54:30,957 - INFO - Gpu Utilization Percent Peak: 100.0000
2025-11-28 09:54:30,957 - INFO - Gpu Mem Used Bytes Avg   : 20037435392.0000
2025-11-28 09:54:30,957 - INFO - Gpu Mem Used Bytes Peak  : 20037435392.0000
2025-11-28 09:54:30,957 - INFO - Gpu Vram Used Bytes      : 20037435392.0000
2025-11-28 09:54:30,957 - INFO - Accuracy                 : 0.0050
2025-11-28 09:54:30,957 - INFO - Precision                : 0.0000
2025-11-28 09:54:30,957 - INFO - Recall                   : 0.0050
2025-11-28 09:54:30,957 - INFO - F1 Score                 : 0.0000
2025-11-28 09:54:30,957 - INFO - ==================================================
2025-11-28 09:55:00,595 - INFO - Época 87 concluída. Loss média: 5.2983
2025-11-28 09:55:00,595 - INFO - Taxa de aprendizado ajustada para: 0.001000
2025-11-28 09:55:00,597 - INFO - Iniciando inferência com o modelo SqueezeNet...
2025-11-28 09:55:04,926 - INFO - ==================================================
2025-11-28 09:55:04,926 - INFO - EXPERIMENT RESULTS
2025-11-28 09:55:04,926 - INFO - ==================================================
2025-11-28 09:55:04,926 - INFO - Elapsed Time Seconds     : 4.2975
2025-11-28 09:55:04,926 - INFO - Cpu Usage Percent        : 1.8469
2025-11-28 09:55:04,926 - INFO - Ram Peak Usage Bytes     : 23056572416.0000
2025-11-28 09:55:04,926 - INFO - Disk Read Bytes          : 0.0000
2025-11-28 09:55:04,926 - INFO - Disk Write Bytes         : 172032.0000
2025-11-28 09:55:04,926 - INFO - Vram Peak Usage Bytes    : 6429543804.0000
2025-11-28 09:55:04,926 - INFO - Gpu Power Watts Avg      : 97.7693
2025-11-28 09:55:04,926 - INFO - Gpu Power Watts Peak     : 241.1210
2025-11-28 09:55:04,926 - INFO - Gpu Temp Celsius Avg     : 45.7143
2025-11-28 09:55:04,926 - INFO - Gpu Temp Celsius Peak    : 54.0000
2025-11-28 09:55:04,926 - INFO - Gpu Utilization Percent Avg: 15.2143
2025-11-28 09:55:04,926 - INFO - Gpu Utilization Percent Peak: 100.0000
2025-11-28 09:55:04,926 - INFO - Gpu Mem Used Bytes Avg   : 20037435392.0000
2025-11-28 09:55:04,926 - INFO - Gpu Mem Used Bytes Peak  : 20037435392.0000
2025-11-28 09:55:04,926 - INFO - Gpu Vram Used Bytes      : 20037435392.0000
2025-11-28 09:55:04,926 - INFO - Accuracy                 : 0.0050
2025-11-28 09:55:04,926 - INFO - Precision                : 0.0000
2025-11-28 09:55:04,927 - INFO - Recall                   : 0.0050
2025-11-28 09:55:04,927 - INFO - F1 Score                 : 0.0000
2025-11-28 09:55:04,927 - INFO - ==================================================
2025-11-28 09:55:33,422 - INFO - Época 88 concluída. Loss média: 5.2983
2025-11-28 09:55:33,422 - INFO - Taxa de aprendizado ajustada para: 0.001000
2025-11-28 09:55:33,424 - INFO - Iniciando inferência com o modelo SqueezeNet...
2025-11-28 09:55:37,773 - INFO - ==================================================
2025-11-28 09:55:37,774 - INFO - EXPERIMENT RESULTS
2025-11-28 09:55:37,774 - INFO - ==================================================
2025-11-28 09:55:37,774 - INFO - Elapsed Time Seconds     : 4.3187
2025-11-28 09:55:37,774 - INFO - Cpu Usage Percent        : 1.8656
2025-11-28 09:55:37,774 - INFO - Ram Peak Usage Bytes     : 23056596992.0000
2025-11-28 09:55:37,774 - INFO - Disk Read Bytes          : 0.0000
2025-11-28 09:55:37,774 - INFO - Disk Write Bytes         : 122880.0000
2025-11-28 09:55:37,774 - INFO - Vram Peak Usage Bytes    : 6429543804.0000
2025-11-28 09:55:37,774 - INFO - Gpu Power Watts Avg      : 94.6065
2025-11-28 09:55:37,774 - INFO - Gpu Power Watts Peak     : 247.7910
2025-11-28 09:55:37,774 - INFO - Gpu Temp Celsius Avg     : 45.8810
2025-11-28 09:55:37,774 - INFO - Gpu Temp Celsius Peak    : 54.0000
2025-11-28 09:55:37,774 - INFO - Gpu Utilization Percent Avg: 13.9524
2025-11-28 09:55:37,774 - INFO - Gpu Utilization Percent Peak: 100.0000
2025-11-28 09:55:37,774 - INFO - Gpu Mem Used Bytes Avg   : 20037435392.0000
2025-11-28 09:55:37,774 - INFO - Gpu Mem Used Bytes Peak  : 20037435392.0000
2025-11-28 09:55:37,774 - INFO - Gpu Vram Used Bytes      : 20037435392.0000
2025-11-28 09:55:37,774 - INFO - Accuracy                 : 0.0050
2025-11-28 09:55:37,774 - INFO - Precision                : 0.0000
2025-11-28 09:55:37,774 - INFO - Recall                   : 0.0050
2025-11-28 09:55:37,774 - INFO - F1 Score                 : 0.0000
2025-11-28 09:55:37,775 - INFO - ==================================================
2025-11-28 09:56:06,942 - INFO - Época 89 concluída. Loss média: 5.2983
2025-11-28 09:56:06,942 - INFO - Taxa de aprendizado ajustada para: 0.001000
2025-11-28 09:56:06,944 - INFO - Iniciando inferência com o modelo SqueezeNet...
2025-11-28 09:56:12,496 - INFO - ==================================================
2025-11-28 09:56:12,496 - INFO - EXPERIMENT RESULTS
2025-11-28 09:56:12,496 - INFO - ==================================================
2025-11-28 09:56:12,496 - INFO - Elapsed Time Seconds     : 5.5223
2025-11-28 09:56:12,496 - INFO - Cpu Usage Percent        : 2.2344
2025-11-28 09:56:12,496 - INFO - Ram Peak Usage Bytes     : 23056613376.0000
2025-11-28 09:56:12,496 - INFO - Disk Read Bytes          : 0.0000
2025-11-28 09:56:12,496 - INFO - Disk Write Bytes         : 192512.0000
2025-11-28 09:56:12,497 - INFO - Vram Peak Usage Bytes    : 6429543804.0000
2025-11-28 09:56:12,497 - INFO - Gpu Power Watts Avg      : 89.5455
2025-11-28 09:56:12,497 - INFO - Gpu Power Watts Peak     : 230.8040
2025-11-28 09:56:12,497 - INFO - Gpu Temp Celsius Avg     : 45.2037
2025-11-28 09:56:12,497 - INFO - Gpu Temp Celsius Peak    : 54.0000
2025-11-28 09:56:12,497 - INFO - Gpu Utilization Percent Avg: 12.4630
2025-11-28 09:56:12,497 - INFO - Gpu Utilization Percent Peak: 100.0000
2025-11-28 09:56:12,497 - INFO - Gpu Mem Used Bytes Avg   : 20037435392.0000
2025-11-28 09:56:12,497 - INFO - Gpu Mem Used Bytes Peak  : 20037435392.0000
2025-11-28 09:56:12,497 - INFO - Gpu Vram Used Bytes      : 20037435392.0000
2025-11-28 09:56:12,497 - INFO - Accuracy                 : 0.0050
2025-11-28 09:56:12,497 - INFO - Precision                : 0.0000
2025-11-28 09:56:12,497 - INFO - Recall                   : 0.0050
2025-11-28 09:56:12,497 - INFO - F1 Score                 : 0.0000
2025-11-28 09:56:12,497 - INFO - ==================================================
2025-11-28 09:56:45,695 - INFO - Época 90 concluída. Loss média: 5.2983
2025-11-28 09:56:45,697 - INFO - Taxa de aprendizado ajustada para: 0.000100
2025-11-28 09:56:45,698 - INFO - Iniciando inferência com o modelo SqueezeNet...
2025-11-28 09:56:51,144 - INFO - ==================================================
2025-11-28 09:56:51,144 - INFO - EXPERIMENT RESULTS
2025-11-28 09:56:51,144 - INFO - ==================================================
2025-11-28 09:56:51,144 - INFO - Elapsed Time Seconds     : 5.4147
2025-11-28 09:56:51,144 - INFO - Cpu Usage Percent        : 2.2750
2025-11-28 09:56:51,144 - INFO - Ram Peak Usage Bytes     : 23056650240.0000
2025-11-28 09:56:51,144 - INFO - Disk Read Bytes          : 0.0000
2025-11-28 09:56:51,144 - INFO - Disk Write Bytes         : 114688.0000
2025-11-28 09:56:51,144 - INFO - Vram Peak Usage Bytes    : 6429543804.0000
2025-11-28 09:56:51,144 - INFO - Gpu Power Watts Avg      : 90.9215
2025-11-28 09:56:51,144 - INFO - Gpu Power Watts Peak     : 244.6860
2025-11-28 09:56:51,144 - INFO - Gpu Temp Celsius Avg     : 44.5472
2025-11-28 09:56:51,145 - INFO - Gpu Temp Celsius Peak    : 54.0000
2025-11-28 09:56:51,145 - INFO - Gpu Utilization Percent Avg: 10.5472
2025-11-28 09:56:51,145 - INFO - Gpu Utilization Percent Peak: 99.0000
2025-11-28 09:56:51,145 - INFO - Gpu Mem Used Bytes Avg   : 20037435392.0000
2025-11-28 09:56:51,145 - INFO - Gpu Mem Used Bytes Peak  : 20037435392.0000
2025-11-28 09:56:51,145 - INFO - Gpu Vram Used Bytes      : 20037435392.0000
2025-11-28 09:56:51,145 - INFO - Accuracy                 : 0.0050
2025-11-28 09:56:51,145 - INFO - Precision                : 0.0000
2025-11-28 09:56:51,145 - INFO - Recall                   : 0.0050
2025-11-28 09:56:51,145 - INFO - F1 Score                 : 0.0000
2025-11-28 09:56:51,145 - INFO - ==================================================
2025-11-28 09:57:21,011 - INFO - Época 91 concluída. Loss média: 5.2983
2025-11-28 09:57:21,011 - INFO - Taxa de aprendizado ajustada para: 0.000100
2025-11-28 09:57:21,013 - INFO - Iniciando inferência com o modelo SqueezeNet...
2025-11-28 09:57:25,412 - INFO - ==================================================
2025-11-28 09:57:25,412 - INFO - EXPERIMENT RESULTS
2025-11-28 09:57:25,412 - INFO - ==================================================
2025-11-28 09:57:25,412 - INFO - Elapsed Time Seconds     : 4.3667
2025-11-28 09:57:25,412 - INFO - Cpu Usage Percent        : 1.8313
2025-11-28 09:57:25,412 - INFO - Ram Peak Usage Bytes     : 23056674816.0000
2025-11-28 09:57:25,412 - INFO - Disk Read Bytes          : 0.0000
2025-11-28 09:57:25,412 - INFO - Disk Write Bytes         : 0.0000
2025-11-28 09:57:25,412 - INFO - Vram Peak Usage Bytes    : 6429543804.0000
2025-11-28 09:57:25,412 - INFO - Gpu Power Watts Avg      : 100.7421
2025-11-28 09:57:25,412 - INFO - Gpu Power Watts Peak     : 226.3230
2025-11-28 09:57:25,412 - INFO - Gpu Temp Celsius Avg     : 45.1860
2025-11-28 09:57:25,412 - INFO - Gpu Temp Celsius Peak    : 53.0000
2025-11-28 09:57:25,412 - INFO - Gpu Utilization Percent Avg: 15.6744
2025-11-28 09:57:25,412 - INFO - Gpu Utilization Percent Peak: 100.0000
2025-11-28 09:57:25,412 - INFO - Gpu Mem Used Bytes Avg   : 20037435392.0000
2025-11-28 09:57:25,412 - INFO - Gpu Mem Used Bytes Peak  : 20037435392.0000
2025-11-28 09:57:25,412 - INFO - Gpu Vram Used Bytes      : 20037435392.0000
2025-11-28 09:57:25,412 - INFO - Accuracy                 : 0.0050
2025-11-28 09:57:25,412 - INFO - Precision                : 0.0000
2025-11-28 09:57:25,412 - INFO - Recall                   : 0.0050
2025-11-28 09:57:25,413 - INFO - F1 Score                 : 0.0000
2025-11-28 09:57:25,413 - INFO - ==================================================
2025-11-28 09:57:53,253 - INFO - Época 92 concluída. Loss média: 5.2983
2025-11-28 09:57:53,253 - INFO - Taxa de aprendizado ajustada para: 0.000100
2025-11-28 09:57:53,255 - INFO - Iniciando inferência com o modelo SqueezeNet...
2025-11-28 09:57:57,548 - INFO - ==================================================
2025-11-28 09:57:57,548 - INFO - EXPERIMENT RESULTS
2025-11-28 09:57:57,548 - INFO - ==================================================
2025-11-28 09:57:57,548 - INFO - Elapsed Time Seconds     : 4.2733
2025-11-28 09:57:57,548 - INFO - Cpu Usage Percent        : 1.8781
2025-11-28 09:57:57,548 - INFO - Ram Peak Usage Bytes     : 23056699392.0000
2025-11-28 09:57:57,548 - INFO - Disk Read Bytes          : 0.0000
2025-11-28 09:57:57,548 - INFO - Disk Write Bytes         : 0.0000
2025-11-28 09:57:57,548 - INFO - Vram Peak Usage Bytes    : 6429543804.0000
2025-11-28 09:57:57,548 - INFO - Gpu Power Watts Avg      : 98.9619
2025-11-28 09:57:57,548 - INFO - Gpu Power Watts Peak     : 237.9680
2025-11-28 09:57:57,548 - INFO - Gpu Temp Celsius Avg     : 45.6667
2025-11-28 09:57:57,548 - INFO - Gpu Temp Celsius Peak    : 54.0000
2025-11-28 09:57:57,548 - INFO - Gpu Utilization Percent Avg: 15.7381
2025-11-28 09:57:57,548 - INFO - Gpu Utilization Percent Peak: 100.0000
2025-11-28 09:57:57,548 - INFO - Gpu Mem Used Bytes Avg   : 20037435392.0000
2025-11-28 09:57:57,548 - INFO - Gpu Mem Used Bytes Peak  : 20037435392.0000
2025-11-28 09:57:57,548 - INFO - Gpu Vram Used Bytes      : 20037435392.0000
2025-11-28 09:57:57,548 - INFO - Accuracy                 : 0.0050
2025-11-28 09:57:57,548 - INFO - Precision                : 0.0000
2025-11-28 09:57:57,548 - INFO - Recall                   : 0.0050
2025-11-28 09:57:57,548 - INFO - F1 Score                 : 0.0000
2025-11-28 09:57:57,548 - INFO - ==================================================
2025-11-28 09:58:23,035 - INFO - Época 93 concluída. Loss média: 5.2983
2025-11-28 09:58:23,035 - INFO - Taxa de aprendizado ajustada para: 0.000100
2025-11-28 09:58:23,036 - INFO - Iniciando inferência com o modelo SqueezeNet...
2025-11-28 09:58:28,269 - INFO - ==================================================
2025-11-28 09:58:28,269 - INFO - EXPERIMENT RESULTS
2025-11-28 09:58:28,269 - INFO - ==================================================
2025-11-28 09:58:28,269 - INFO - Elapsed Time Seconds     : 5.2135
2025-11-28 09:58:28,269 - INFO - Cpu Usage Percent        : 2.3438
2025-11-28 09:58:28,269 - INFO - Ram Peak Usage Bytes     : 23056723968.0000
2025-11-28 09:58:28,269 - INFO - Disk Read Bytes          : 0.0000
2025-11-28 09:58:28,269 - INFO - Disk Write Bytes         : 126976.0000
2025-11-28 09:58:28,269 - INFO - Vram Peak Usage Bytes    : 6429543804.0000
2025-11-28 09:58:28,269 - INFO - Gpu Power Watts Avg      : 92.9175
2025-11-28 09:58:28,269 - INFO - Gpu Power Watts Peak     : 238.5730
2025-11-28 09:58:28,269 - INFO - Gpu Temp Celsius Avg     : 45.4510
2025-11-28 09:58:28,270 - INFO - Gpu Temp Celsius Peak    : 54.0000
2025-11-28 09:58:28,270 - INFO - Gpu Utilization Percent Avg: 12.9020
2025-11-28 09:58:28,270 - INFO - Gpu Utilization Percent Peak: 99.0000
2025-11-28 09:58:28,270 - INFO - Gpu Mem Used Bytes Avg   : 20037435392.0000
2025-11-28 09:58:28,270 - INFO - Gpu Mem Used Bytes Peak  : 20037435392.0000
2025-11-28 09:58:28,270 - INFO - Gpu Vram Used Bytes      : 20037435392.0000
2025-11-28 09:58:28,270 - INFO - Accuracy                 : 0.0050
2025-11-28 09:58:28,270 - INFO - Precision                : 0.0000
2025-11-28 09:58:28,270 - INFO - Recall                   : 0.0050
2025-11-28 09:58:28,270 - INFO - F1 Score                 : 0.0000
2025-11-28 09:58:28,270 - INFO - ==================================================
2025-11-28 09:58:54,949 - INFO - Época 94 concluída. Loss média: 5.2983
2025-11-28 09:58:54,949 - INFO - Taxa de aprendizado ajustada para: 0.000100
2025-11-28 09:58:54,951 - INFO - Iniciando inferência com o modelo SqueezeNet...
2025-11-28 09:58:59,372 - INFO - ==================================================
2025-11-28 09:58:59,373 - INFO - EXPERIMENT RESULTS
2025-11-28 09:58:59,373 - INFO - ==================================================
2025-11-28 09:58:59,373 - INFO - Elapsed Time Seconds     : 4.3910
2025-11-28 09:58:59,373 - INFO - Cpu Usage Percent        : 1.8156
2025-11-28 09:58:59,373 - INFO - Ram Peak Usage Bytes     : 23056752640.0000
2025-11-28 09:58:59,373 - INFO - Disk Read Bytes          : 0.0000
2025-11-28 09:58:59,373 - INFO - Disk Write Bytes         : 0.0000
2025-11-28 09:58:59,373 - INFO - Vram Peak Usage Bytes    : 6429543804.0000
2025-11-28 09:58:59,373 - INFO - Gpu Power Watts Avg      : 98.4213
2025-11-28 09:58:59,373 - INFO - Gpu Power Watts Peak     : 240.8140
2025-11-28 09:58:59,373 - INFO - Gpu Temp Celsius Avg     : 46.0465
2025-11-28 09:58:59,373 - INFO - Gpu Temp Celsius Peak    : 55.0000
2025-11-28 09:58:59,373 - INFO - Gpu Utilization Percent Avg: 14.0000
2025-11-28 09:58:59,373 - INFO - Gpu Utilization Percent Peak: 99.0000
2025-11-28 09:58:59,373 - INFO - Gpu Mem Used Bytes Avg   : 20037435392.0000
2025-11-28 09:58:59,373 - INFO - Gpu Mem Used Bytes Peak  : 20037435392.0000
2025-11-28 09:58:59,373 - INFO - Gpu Vram Used Bytes      : 20037435392.0000
2025-11-28 09:58:59,373 - INFO - Accuracy                 : 0.0050
2025-11-28 09:58:59,373 - INFO - Precision                : 0.0000
2025-11-28 09:58:59,373 - INFO - Recall                   : 0.0050
2025-11-28 09:58:59,373 - INFO - F1 Score                 : 0.0000
2025-11-28 09:58:59,373 - INFO - ==================================================
2025-11-28 09:59:24,968 - INFO - Época 95 concluída. Loss média: 5.2983
2025-11-28 09:59:24,968 - INFO - Taxa de aprendizado ajustada para: 0.000100
2025-11-28 09:59:24,970 - INFO - Iniciando inferência com o modelo SqueezeNet...
2025-11-28 09:59:30,490 - INFO - ==================================================
2025-11-28 09:59:30,491 - INFO - EXPERIMENT RESULTS
2025-11-28 09:59:30,491 - INFO - ==================================================
2025-11-28 09:59:30,491 - INFO - Elapsed Time Seconds     : 5.4901
2025-11-28 09:59:30,491 - INFO - Cpu Usage Percent        : 2.2531
2025-11-28 09:59:30,491 - INFO - Ram Peak Usage Bytes     : 23057215488.0000
2025-11-28 09:59:30,491 - INFO - Disk Read Bytes          : 0.0000
2025-11-28 09:59:30,491 - INFO - Disk Write Bytes         : 94208.0000
2025-11-28 09:59:30,491 - INFO - Vram Peak Usage Bytes    : 6429543804.0000
2025-11-28 09:59:30,491 - INFO - Gpu Power Watts Avg      : 90.6933
2025-11-28 09:59:30,491 - INFO - Gpu Power Watts Peak     : 240.2810
2025-11-28 09:59:30,491 - INFO - Gpu Temp Celsius Avg     : 45.8148
2025-11-28 09:59:30,491 - INFO - Gpu Temp Celsius Peak    : 55.0000
2025-11-28 09:59:30,491 - INFO - Gpu Utilization Percent Avg: 10.8333
2025-11-28 09:59:30,491 - INFO - Gpu Utilization Percent Peak: 100.0000
2025-11-28 09:59:30,491 - INFO - Gpu Mem Used Bytes Avg   : 20037435392.0000
2025-11-28 09:59:30,491 - INFO - Gpu Mem Used Bytes Peak  : 20037435392.0000
2025-11-28 09:59:30,491 - INFO - Gpu Vram Used Bytes      : 20037435392.0000
2025-11-28 09:59:30,491 - INFO - Accuracy                 : 0.0050
2025-11-28 09:59:30,491 - INFO - Precision                : 0.0000
2025-11-28 09:59:30,491 - INFO - Recall                   : 0.0050
2025-11-28 09:59:30,491 - INFO - F1 Score                 : 0.0000
2025-11-28 09:59:30,491 - INFO - ==================================================
2025-11-28 10:00:04,567 - INFO - Época 96 concluída. Loss média: 5.2983
2025-11-28 10:00:04,567 - INFO - Taxa de aprendizado ajustada para: 0.000100
2025-11-28 10:00:04,569 - INFO - Iniciando inferência com o modelo SqueezeNet...
2025-11-28 10:00:10,264 - INFO - ==================================================
2025-11-28 10:00:10,265 - INFO - EXPERIMENT RESULTS
2025-11-28 10:00:10,265 - INFO - ==================================================
2025-11-28 10:00:10,265 - INFO - Elapsed Time Seconds     : 5.6643
2025-11-28 10:00:10,265 - INFO - Cpu Usage Percent        : 2.1344
2025-11-28 10:00:10,265 - INFO - Ram Peak Usage Bytes     : 23057588224.0000
2025-11-28 10:00:10,265 - INFO - Disk Read Bytes          : 0.0000
2025-11-28 10:00:10,265 - INFO - Disk Write Bytes         : 131072.0000
2025-11-28 10:00:10,265 - INFO - Vram Peak Usage Bytes    : 6429543804.0000
2025-11-28 10:00:10,265 - INFO - Gpu Power Watts Avg      : 89.9941
2025-11-28 10:00:10,265 - INFO - Gpu Power Watts Peak     : 230.3010
2025-11-28 10:00:10,265 - INFO - Gpu Temp Celsius Avg     : 44.6964
2025-11-28 10:00:10,265 - INFO - Gpu Temp Celsius Peak    : 52.0000
2025-11-28 10:00:10,265 - INFO - Gpu Utilization Percent Avg: 10.0714
2025-11-28 10:00:10,265 - INFO - Gpu Utilization Percent Peak: 100.0000
2025-11-28 10:00:10,265 - INFO - Gpu Mem Used Bytes Avg   : 20037435392.0000
2025-11-28 10:00:10,265 - INFO - Gpu Mem Used Bytes Peak  : 20037435392.0000
2025-11-28 10:00:10,265 - INFO - Gpu Vram Used Bytes      : 20037435392.0000
2025-11-28 10:00:10,265 - INFO - Accuracy                 : 0.0050
2025-11-28 10:00:10,265 - INFO - Precision                : 0.0000
2025-11-28 10:00:10,265 - INFO - Recall                   : 0.0050
2025-11-28 10:00:10,265 - INFO - F1 Score                 : 0.0000
2025-11-28 10:00:10,265 - INFO - ==================================================
2025-11-28 10:00:38,896 - INFO - Época 97 concluída. Loss média: 5.2983
2025-11-28 10:00:38,896 - INFO - Taxa de aprendizado ajustada para: 0.000100
2025-11-28 10:00:38,897 - INFO - Iniciando inferência com o modelo SqueezeNet...
2025-11-28 10:00:43,217 - INFO - ==================================================
2025-11-28 10:00:43,217 - INFO - EXPERIMENT RESULTS
2025-11-28 10:00:43,218 - INFO - ==================================================
2025-11-28 10:00:43,218 - INFO - Elapsed Time Seconds     : 4.2892
2025-11-28 10:00:43,218 - INFO - Cpu Usage Percent        : 1.8781
2025-11-28 10:00:43,218 - INFO - Ram Peak Usage Bytes     : 23057584128.0000
2025-11-28 10:00:43,218 - INFO - Disk Read Bytes          : 0.0000
2025-11-28 10:00:43,218 - INFO - Disk Write Bytes         : 0.0000
2025-11-28 10:00:43,218 - INFO - Vram Peak Usage Bytes    : 6429543804.0000
2025-11-28 10:00:43,218 - INFO - Gpu Power Watts Avg      : 104.3482
2025-11-28 10:00:43,218 - INFO - Gpu Power Watts Peak     : 243.1060
2025-11-28 10:00:43,218 - INFO - Gpu Temp Celsius Avg     : 45.7381
2025-11-28 10:00:43,218 - INFO - Gpu Temp Celsius Peak    : 54.0000
2025-11-28 10:00:43,218 - INFO - Gpu Utilization Percent Avg: 13.8571
2025-11-28 10:00:43,218 - INFO - Gpu Utilization Percent Peak: 100.0000
2025-11-28 10:00:43,218 - INFO - Gpu Mem Used Bytes Avg   : 20037435392.0000
2025-11-28 10:00:43,218 - INFO - Gpu Mem Used Bytes Peak  : 20037435392.0000
2025-11-28 10:00:43,218 - INFO - Gpu Vram Used Bytes      : 20037435392.0000
2025-11-28 10:00:43,218 - INFO - Accuracy                 : 0.0050
2025-11-28 10:00:43,218 - INFO - Precision                : 0.0000
2025-11-28 10:00:43,218 - INFO - Recall                   : 0.0050
2025-11-28 10:00:43,218 - INFO - F1 Score                 : 0.0000
2025-11-28 10:00:43,218 - INFO - ==================================================
2025-11-28 10:01:15,592 - INFO - Época 98 concluída. Loss média: 5.2983
2025-11-28 10:01:15,592 - INFO - Taxa de aprendizado ajustada para: 0.000100
2025-11-28 10:01:15,593 - INFO - Iniciando inferência com o modelo SqueezeNet...
2025-11-28 10:01:19,988 - INFO - ==================================================
2025-11-28 10:01:19,989 - INFO - EXPERIMENT RESULTS
2025-11-28 10:01:19,989 - INFO - ==================================================
2025-11-28 10:01:19,989 - INFO - Elapsed Time Seconds     : 4.3646
2025-11-28 10:01:19,989 - INFO - Cpu Usage Percent        : 1.8469
2025-11-28 10:01:19,989 - INFO - Ram Peak Usage Bytes     : 23057584128.0000
2025-11-28 10:01:19,989 - INFO - Disk Read Bytes          : 0.0000
2025-11-28 10:01:19,989 - INFO - Disk Write Bytes         : 0.0000
2025-11-28 10:01:19,989 - INFO - Vram Peak Usage Bytes    : 6429543804.0000
2025-11-28 10:01:19,989 - INFO - Gpu Power Watts Avg      : 104.1705
2025-11-28 10:01:19,989 - INFO - Gpu Power Watts Peak     : 235.2560
2025-11-28 10:01:19,989 - INFO - Gpu Temp Celsius Avg     : 45.1860
2025-11-28 10:01:19,989 - INFO - Gpu Temp Celsius Peak    : 54.0000
2025-11-28 10:01:19,989 - INFO - Gpu Utilization Percent Avg: 16.6047
2025-11-28 10:01:19,989 - INFO - Gpu Utilization Percent Peak: 100.0000
2025-11-28 10:01:19,989 - INFO - Gpu Mem Used Bytes Avg   : 20037435392.0000
2025-11-28 10:01:19,989 - INFO - Gpu Mem Used Bytes Peak  : 20037435392.0000
2025-11-28 10:01:19,989 - INFO - Gpu Vram Used Bytes      : 20037435392.0000
2025-11-28 10:01:19,989 - INFO - Accuracy                 : 0.0050
2025-11-28 10:01:19,989 - INFO - Precision                : 0.0000
2025-11-28 10:01:19,989 - INFO - Recall                   : 0.0050
2025-11-28 10:01:19,989 - INFO - F1 Score                 : 0.0000
2025-11-28 10:01:19,989 - INFO - ==================================================
2025-11-28 10:01:51,509 - INFO - Época 99 concluída. Loss média: 5.2983
2025-11-28 10:01:51,510 - INFO - Taxa de aprendizado ajustada para: 0.000100
2025-11-28 10:01:51,511 - INFO - Iniciando inferência com o modelo SqueezeNet...
2025-11-28 10:01:55,901 - INFO - ==================================================
2025-11-28 10:01:55,901 - INFO - EXPERIMENT RESULTS
2025-11-28 10:01:55,901 - INFO - ==================================================
2025-11-28 10:01:55,901 - INFO - Elapsed Time Seconds     : 4.3584
2025-11-28 10:01:55,901 - INFO - Cpu Usage Percent        : 1.8344
2025-11-28 10:01:55,901 - INFO - Ram Peak Usage Bytes     : 23057588224.0000
2025-11-28 10:01:55,901 - INFO - Disk Read Bytes          : 0.0000
2025-11-28 10:01:55,901 - INFO - Disk Write Bytes         : 0.0000
2025-11-28 10:01:55,901 - INFO - Vram Peak Usage Bytes    : 6429543804.0000
2025-11-28 10:01:55,901 - INFO - Gpu Power Watts Avg      : 96.4477
2025-11-28 10:01:55,901 - INFO - Gpu Power Watts Peak     : 248.7900
2025-11-28 10:01:55,901 - INFO - Gpu Temp Celsius Avg     : 45.2558
2025-11-28 10:01:55,901 - INFO - Gpu Temp Celsius Peak    : 54.0000
2025-11-28 10:01:55,901 - INFO - Gpu Utilization Percent Avg: 14.7209
2025-11-28 10:01:55,901 - INFO - Gpu Utilization Percent Peak: 99.0000
2025-11-28 10:01:55,901 - INFO - Gpu Mem Used Bytes Avg   : 20037435392.0000
2025-11-28 10:01:55,901 - INFO - Gpu Mem Used Bytes Peak  : 20037435392.0000
2025-11-28 10:01:55,901 - INFO - Gpu Vram Used Bytes      : 20037435392.0000
2025-11-28 10:01:55,901 - INFO - Accuracy                 : 0.0050
2025-11-28 10:01:55,901 - INFO - Precision                : 0.0000
2025-11-28 10:01:55,901 - INFO - Recall                   : 0.0050
2025-11-28 10:01:55,901 - INFO - F1 Score                 : 0.0000
2025-11-28 10:01:55,902 - INFO - ==================================================
2025-11-28 10:02:23,319 - INFO - Época 100 concluída. Loss média: 5.2983
2025-11-28 10:02:23,319 - INFO - Taxa de aprendizado ajustada para: 0.000100
2025-11-28 10:02:23,321 - INFO - Iniciando inferência com o modelo SqueezeNet...
2025-11-28 10:02:27,616 - INFO - ==================================================
2025-11-28 10:02:27,616 - INFO - EXPERIMENT RESULTS
2025-11-28 10:02:27,616 - INFO - ==================================================
2025-11-28 10:02:27,616 - INFO - Elapsed Time Seconds     : 4.2651
2025-11-28 10:02:27,616 - INFO - Cpu Usage Percent        : 1.8969
2025-11-28 10:02:27,616 - INFO - Ram Peak Usage Bytes     : 23057588224.0000
2025-11-28 10:02:27,616 - INFO - Disk Read Bytes          : 0.0000
2025-11-28 10:02:27,616 - INFO - Disk Write Bytes         : 0.0000
2025-11-28 10:02:27,616 - INFO - Vram Peak Usage Bytes    : 6429543804.0000
2025-11-28 10:02:27,616 - INFO - Gpu Power Watts Avg      : 94.9350
2025-11-28 10:02:27,616 - INFO - Gpu Power Watts Peak     : 230.5600
2025-11-28 10:02:27,616 - INFO - Gpu Temp Celsius Avg     : 45.6429
2025-11-28 10:02:27,616 - INFO - Gpu Temp Celsius Peak    : 53.0000
2025-11-28 10:02:27,617 - INFO - Gpu Utilization Percent Avg: 13.9286
2025-11-28 10:02:27,617 - INFO - Gpu Utilization Percent Peak: 100.0000
2025-11-28 10:02:27,617 - INFO - Gpu Mem Used Bytes Avg   : 20037435392.0000
2025-11-28 10:02:27,617 - INFO - Gpu Mem Used Bytes Peak  : 20037435392.0000
2025-11-28 10:02:27,617 - INFO - Gpu Vram Used Bytes      : 20037435392.0000
2025-11-28 10:02:27,617 - INFO - Accuracy                 : 0.0050
2025-11-28 10:02:27,617 - INFO - Precision                : 0.0000
2025-11-28 10:02:27,617 - INFO - Recall                   : 0.0050
2025-11-28 10:02:27,617 - INFO - F1 Score                 : 0.0000
2025-11-28 10:02:27,617 - INFO - ==================================================
2025-11-28 10:02:27,662 - INFO - Métricas de performance do treinamento:
2025-11-28 10:02:27,662 - INFO - ==================================================
2025-11-28 10:02:27,662 - INFO - EXPERIMENT RESULTS
2025-11-28 10:02:27,662 - INFO - ==================================================
2025-11-28 10:02:27,662 - INFO - Elapsed Time Seconds     : 3303.3914
2025-11-28 10:02:27,662 - INFO - Cpu Usage Percent        : 4.0219
2025-11-28 10:02:27,662 - INFO - Ram Peak Usage Bytes     : 23057502208.0000
2025-11-28 10:02:27,662 - INFO - Disk Read Bytes          : 1531904.0000
2025-11-28 10:02:27,662 - INFO - Disk Write Bytes         : 292368384.0000
2025-11-28 10:02:27,663 - INFO - Vram Peak Usage Bytes    : 6429543804.0000
2025-11-28 10:02:27,663 - INFO - Gpu Power Watts Avg      : 181.0815
2025-11-28 10:02:27,663 - INFO - Gpu Power Watts Peak     : 302.8750
2025-11-28 10:02:27,663 - INFO - Gpu Temp Celsius Avg     : 49.4766
2025-11-28 10:02:27,663 - INFO - Gpu Temp Celsius Peak    : 60.0000
2025-11-28 10:02:27,663 - INFO - Gpu Utilization Percent Avg: 54.4378
2025-11-28 10:02:27,663 - INFO - Gpu Utilization Percent Peak: 100.0000
2025-11-28 10:02:27,663 - INFO - Gpu Mem Used Bytes Avg   : 19586377735.2225
2025-11-28 10:02:27,663 - INFO - Gpu Mem Used Bytes Peak  : 20037435392.0000
2025-11-28 10:02:27,663 - INFO - Gpu Vram Used Bytes      : 20037435392.0000
2025-11-28 10:02:27,663 - INFO - ==================================================
2025-11-28 10:02:27,735 - INFO - Modelo salvo em: trained_models/squeezenet_final.pth
2025-11-28 10:02:27,748 - INFO - Pipeline de treinamento concluído. Modelo salvo em: trained_models/squeezenet_final.pth
2025-11-28 10:02:27,748 - INFO - Iniciando pipeline de inferência para avaliação final no conjunto de validação...
2025-11-28 10:02:27,804 - INFO - Iniciando inferência com o modelo SqueezeNet...
2025-11-28 10:02:32,115 - INFO - ==================================================
2025-11-28 10:02:32,115 - INFO - EXPERIMENT RESULTS
2025-11-28 10:02:32,115 - INFO - ==================================================
2025-11-28 10:02:32,115 - INFO - Elapsed Time Seconds     : 4.2812
2025-11-28 10:02:32,115 - INFO - Cpu Usage Percent        : 1.8250
2025-11-28 10:02:32,115 - INFO - Ram Peak Usage Bytes     : 23038996480.0000
2025-11-28 10:02:32,115 - INFO - Disk Read Bytes          : 0.0000
2025-11-28 10:02:32,115 - INFO - Disk Write Bytes         : 94208.0000
2025-11-28 10:02:32,115 - INFO - Vram Peak Usage Bytes    : 6326539824.0000
2025-11-28 10:02:32,115 - INFO - Gpu Power Watts Avg      : 86.1423
2025-11-28 10:02:32,115 - INFO - Gpu Power Watts Peak     : 187.1250
2025-11-28 10:02:32,115 - INFO - Gpu Temp Celsius Avg     : 44.9048
2025-11-28 10:02:32,115 - INFO - Gpu Temp Celsius Peak    : 53.0000
2025-11-28 10:02:32,115 - INFO - Gpu Utilization Percent Avg: 15.6429
2025-11-28 10:02:32,115 - INFO - Gpu Utilization Percent Peak: 99.0000
2025-11-28 10:02:32,115 - INFO - Gpu Mem Used Bytes Avg   : 20037435392.0000
2025-11-28 10:02:32,115 - INFO - Gpu Mem Used Bytes Peak  : 20037435392.0000
2025-11-28 10:02:32,115 - INFO - Gpu Vram Used Bytes      : 20037435392.0000
2025-11-28 10:02:32,116 - INFO - Accuracy                 : 0.0050
2025-11-28 10:02:32,116 - INFO - Precision                : 0.0000
2025-11-28 10:02:32,116 - INFO - Recall                   : 0.0050
2025-11-28 10:02:32,116 - INFO - F1 Score                 : 0.0000
2025-11-28 10:02:32,116 - INFO - ==================================================
2025-11-28 10:02:32,116 - INFO - Projeto executado com sucesso!
