2025-11-26 15:36:26,757 - INFO - ==================================================
2025-11-26 15:36:26,757 - INFO - EXPERIMENT CONFIGURATION
2025-11-26 15:36:26,757 - INFO - ==================================================
2025-11-26 15:36:26,757 - INFO - Model Name          : squeezenet
2025-11-26 15:36:26,757 - INFO - Config File         : configs/squeezenet_config.yaml
2025-11-26 15:36:26,758 - INFO - Train Data          : /scratch/ehdmenezes//tiny-imagenet-200/train
2025-11-26 15:36:26,758 - INFO - Validation Data     : /scratch/ehdmenezes//tiny-imagenet-200/val
2025-11-26 15:36:26,758 - INFO - model_params        : {'num_classes': 200}
2025-11-26 15:36:26,758 - INFO - train_params        : {'epochs': 100, 'batch_size': 1536, 'learning_rate': 0.1}
2025-11-26 15:36:26,758 - INFO - inference_params    : {'batch_size': 1536}
2025-11-26 15:36:26,758 - INFO - scheduler_params    : {'type': 'StepLR', 'step_size': 30, 'gamma': 0.1}
2025-11-26 15:36:26,758 - INFO - ==================================================
2025-11-26 15:36:26,775 - INFO - Semente aleatória para esta execução foi fixada em: 52
2025-11-26 15:36:26,775 - INFO - Configuração de treinamento: {'model_params': {'num_classes': 200}, 'train_params': {'epochs': 100, 'batch_size': 1536, 'learning_rate': 0.1}, 'inference_params': {'batch_size': 1536}, 'scheduler_params': {'type': 'StepLR', 'step_size': 30, 'gamma': 0.1}}
2025-11-26 15:36:27,051 - INFO - Usando otimizador SGD com momento e weight decay.
2025-11-26 15:36:27,052 - INFO - Usando StepLR scheduler com step_size=30 e gamma=0.1.
2025-11-26 15:36:27,052 - INFO - AMP (Automatic Mixed Precision) ativado.
2025-11-26 15:36:27,052 - INFO - Iniciando treinamento do modelo squeezenet no dispositivo cuda.
2025-11-26 15:37:00,036 - INFO - Época 1 concluída. Loss média: 5.2938
2025-11-26 15:37:00,036 - INFO - Taxa de aprendizado ajustada para: 0.100000
2025-11-26 15:37:00,037 - INFO - Iniciando inferência com o modelo SqueezeNet...
2025-11-26 15:37:03,500 - INFO - ==================================================
2025-11-26 15:37:03,501 - INFO - EXPERIMENT RESULTS
2025-11-26 15:37:03,501 - INFO - ==================================================
2025-11-26 15:37:03,501 - INFO - Elapsed Time Seconds     : 3.4437
2025-11-26 15:37:03,501 - INFO - Cpu Usage Percent        : 1.7781
2025-11-26 15:37:03,501 - INFO - Ram Peak Usage Bytes     : 27289915392.0000
2025-11-26 15:37:03,501 - INFO - Disk Read Bytes          : 0.0000
2025-11-26 15:37:03,501 - INFO - Disk Write Bytes         : 2637824.0000
2025-11-26 15:37:03,501 - INFO - Vram Peak Usage Bytes    : 6429543804.0000
2025-11-26 15:37:03,501 - INFO - Gpu Power Watts Avg      : 108.4622
2025-11-26 15:37:03,501 - INFO - Gpu Power Watts Peak     : 275.8170
2025-11-26 15:37:03,501 - INFO - Gpu Temp Celsius Avg     : 48.1471
2025-11-26 15:37:03,501 - INFO - Gpu Temp Celsius Peak    : 56.0000
2025-11-26 15:37:03,501 - INFO - Gpu Utilization Percent Avg: 20.9412
2025-11-26 15:37:03,501 - INFO - Gpu Utilization Percent Peak: 100.0000
2025-11-26 15:37:03,501 - INFO - Gpu Mem Used Bytes Avg   : 16220618752.0000
2025-11-26 15:37:03,501 - INFO - Gpu Mem Used Bytes Peak  : 16220618752.0000
2025-11-26 15:37:03,501 - INFO - Gpu Vram Used Bytes      : 16220618752.0000
2025-11-26 15:37:03,501 - INFO - Accuracy                 : 0.0056
2025-11-26 15:37:03,501 - INFO - Precision                : 0.0003
2025-11-26 15:37:03,501 - INFO - Recall                   : 0.0056
2025-11-26 15:37:03,501 - INFO - F1 Score                 : 0.0004
2025-11-26 15:37:03,501 - INFO - ==================================================
2025-11-26 15:37:30,321 - INFO - Época 2 concluída. Loss média: 5.2913
2025-11-26 15:37:30,321 - INFO - Taxa de aprendizado ajustada para: 0.100000
2025-11-26 15:37:30,324 - INFO - Iniciando inferência com o modelo SqueezeNet...
2025-11-26 15:37:34,125 - INFO - ==================================================
2025-11-26 15:37:34,125 - INFO - EXPERIMENT RESULTS
2025-11-26 15:37:34,125 - INFO - ==================================================
2025-11-26 15:37:34,125 - INFO - Elapsed Time Seconds     : 3.7812
2025-11-26 15:37:34,125 - INFO - Cpu Usage Percent        : 2.5688
2025-11-26 15:37:34,125 - INFO - Ram Peak Usage Bytes     : 27292364800.0000
2025-11-26 15:37:34,125 - INFO - Disk Read Bytes          : 0.0000
2025-11-26 15:37:34,125 - INFO - Disk Write Bytes         : 376832.0000
2025-11-26 15:37:34,125 - INFO - Vram Peak Usage Bytes    : 6429543804.0000
2025-11-26 15:37:34,125 - INFO - Gpu Power Watts Avg      : 110.6734
2025-11-26 15:37:34,125 - INFO - Gpu Power Watts Peak     : 274.2660
2025-11-26 15:37:34,125 - INFO - Gpu Temp Celsius Avg     : 47.6944
2025-11-26 15:37:34,125 - INFO - Gpu Temp Celsius Peak    : 57.0000
2025-11-26 15:37:34,125 - INFO - Gpu Utilization Percent Avg: 16.7778
2025-11-26 15:37:34,125 - INFO - Gpu Utilization Percent Peak: 100.0000
2025-11-26 15:37:34,125 - INFO - Gpu Mem Used Bytes Avg   : 16489054208.0000
2025-11-26 15:37:34,125 - INFO - Gpu Mem Used Bytes Peak  : 16489054208.0000
2025-11-26 15:37:34,125 - INFO - Gpu Vram Used Bytes      : 16489054208.0000
2025-11-26 15:37:34,125 - INFO - Accuracy                 : 0.0062
2025-11-26 15:37:34,125 - INFO - Precision                : 0.0002
2025-11-26 15:37:34,125 - INFO - Recall                   : 0.0062
2025-11-26 15:37:34,125 - INFO - F1 Score                 : 0.0003
2025-11-26 15:37:34,125 - INFO - ==================================================
2025-11-26 15:38:00,012 - INFO - Época 3 concluída. Loss média: 5.2789
2025-11-26 15:38:00,012 - INFO - Taxa de aprendizado ajustada para: 0.100000
2025-11-26 15:38:00,013 - INFO - Iniciando inferência com o modelo SqueezeNet...
2025-11-26 15:38:03,082 - INFO - ==================================================
2025-11-26 15:38:03,082 - INFO - EXPERIMENT RESULTS
2025-11-26 15:38:03,082 - INFO - ==================================================
2025-11-26 15:38:03,082 - INFO - Elapsed Time Seconds     : 3.0501
2025-11-26 15:38:03,082 - INFO - Cpu Usage Percent        : 2.0375
2025-11-26 15:38:03,082 - INFO - Ram Peak Usage Bytes     : 27291996160.0000
2025-11-26 15:38:03,082 - INFO - Disk Read Bytes          : 0.0000
2025-11-26 15:38:03,082 - INFO - Disk Write Bytes         : 159744.0000
2025-11-26 15:38:03,082 - INFO - Vram Peak Usage Bytes    : 6429543804.0000
2025-11-26 15:38:03,082 - INFO - Gpu Power Watts Avg      : 117.4010
2025-11-26 15:38:03,082 - INFO - Gpu Power Watts Peak     : 276.1360
2025-11-26 15:38:03,082 - INFO - Gpu Temp Celsius Avg     : 48.1333
2025-11-26 15:38:03,082 - INFO - Gpu Temp Celsius Peak    : 58.0000
2025-11-26 15:38:03,082 - INFO - Gpu Utilization Percent Avg: 19.3333
2025-11-26 15:38:03,082 - INFO - Gpu Utilization Percent Peak: 100.0000
2025-11-26 15:38:03,082 - INFO - Gpu Mem Used Bytes Avg   : 19341180928.0000
2025-11-26 15:38:03,082 - INFO - Gpu Mem Used Bytes Peak  : 19341180928.0000
2025-11-26 15:38:03,082 - INFO - Gpu Vram Used Bytes      : 19341180928.0000
2025-11-26 15:38:03,082 - INFO - Accuracy                 : 0.0050
2025-11-26 15:38:03,082 - INFO - Precision                : 0.0000
2025-11-26 15:38:03,082 - INFO - Recall                   : 0.0050
2025-11-26 15:38:03,082 - INFO - F1 Score                 : 0.0000
2025-11-26 15:38:03,082 - INFO - ==================================================
2025-11-26 15:38:28,637 - INFO - Época 4 concluída. Loss média: 5.2996
2025-11-26 15:38:28,638 - INFO - Taxa de aprendizado ajustada para: 0.100000
2025-11-26 15:38:28,641 - INFO - Iniciando inferência com o modelo SqueezeNet...
2025-11-26 15:38:32,549 - INFO - ==================================================
2025-11-26 15:38:32,549 - INFO - EXPERIMENT RESULTS
2025-11-26 15:38:32,549 - INFO - ==================================================
2025-11-26 15:38:32,549 - INFO - Elapsed Time Seconds     : 3.8885
2025-11-26 15:38:32,549 - INFO - Cpu Usage Percent        : 2.4250
2025-11-26 15:38:32,549 - INFO - Ram Peak Usage Bytes     : 27292053504.0000
2025-11-26 15:38:32,549 - INFO - Disk Read Bytes          : 0.0000
2025-11-26 15:38:32,549 - INFO - Disk Write Bytes         : 4096.0000
2025-11-26 15:38:32,549 - INFO - Vram Peak Usage Bytes    : 6429543804.0000
2025-11-26 15:38:32,549 - INFO - Gpu Power Watts Avg      : 109.7128
2025-11-26 15:38:32,549 - INFO - Gpu Power Watts Peak     : 279.2570
2025-11-26 15:38:32,549 - INFO - Gpu Temp Celsius Avg     : 47.7105
2025-11-26 15:38:32,549 - INFO - Gpu Temp Celsius Peak    : 57.0000
2025-11-26 15:38:32,549 - INFO - Gpu Utilization Percent Avg: 16.3421
2025-11-26 15:38:32,549 - INFO - Gpu Utilization Percent Peak: 91.0000
2025-11-26 15:38:32,549 - INFO - Gpu Mem Used Bytes Avg   : 19341180928.0000
2025-11-26 15:38:32,549 - INFO - Gpu Mem Used Bytes Peak  : 19341180928.0000
2025-11-26 15:38:32,549 - INFO - Gpu Vram Used Bytes      : 19341180928.0000
2025-11-26 15:38:32,549 - INFO - Accuracy                 : 0.0050
2025-11-26 15:38:32,549 - INFO - Precision                : 0.0000
2025-11-26 15:38:32,549 - INFO - Recall                   : 0.0050
2025-11-26 15:38:32,549 - INFO - F1 Score                 : 0.0000
2025-11-26 15:38:32,549 - INFO - ==================================================
2025-11-26 15:38:57,299 - INFO - Época 5 concluída. Loss média: 5.2987
2025-11-26 15:38:57,300 - INFO - Taxa de aprendizado ajustada para: 0.100000
2025-11-26 15:38:57,301 - INFO - Iniciando inferência com o modelo SqueezeNet...
2025-11-26 15:39:01,359 - INFO - ==================================================
2025-11-26 15:39:01,359 - INFO - EXPERIMENT RESULTS
2025-11-26 15:39:01,359 - INFO - ==================================================
2025-11-26 15:39:01,359 - INFO - Elapsed Time Seconds     : 4.0390
2025-11-26 15:39:01,359 - INFO - Cpu Usage Percent        : 2.3062
2025-11-26 15:39:01,359 - INFO - Ram Peak Usage Bytes     : 27292094464.0000
2025-11-26 15:39:01,359 - INFO - Disk Read Bytes          : 0.0000
2025-11-26 15:39:01,359 - INFO - Disk Write Bytes         : 196608.0000
2025-11-26 15:39:01,359 - INFO - Vram Peak Usage Bytes    : 6429543804.0000
2025-11-26 15:39:01,359 - INFO - Gpu Power Watts Avg      : 108.5155
2025-11-26 15:39:01,359 - INFO - Gpu Power Watts Peak     : 272.1180
2025-11-26 15:39:01,359 - INFO - Gpu Temp Celsius Avg     : 48.1250
2025-11-26 15:39:01,359 - INFO - Gpu Temp Celsius Peak    : 57.0000
2025-11-26 15:39:01,359 - INFO - Gpu Utilization Percent Avg: 16.2500
2025-11-26 15:39:01,359 - INFO - Gpu Utilization Percent Peak: 100.0000
2025-11-26 15:39:01,359 - INFO - Gpu Mem Used Bytes Avg   : 19341180928.0000
2025-11-26 15:39:01,360 - INFO - Gpu Mem Used Bytes Peak  : 19341180928.0000
2025-11-26 15:39:01,360 - INFO - Gpu Vram Used Bytes      : 19341180928.0000
2025-11-26 15:39:01,360 - INFO - Accuracy                 : 0.0047
2025-11-26 15:39:01,360 - INFO - Precision                : 0.0001
2025-11-26 15:39:01,360 - INFO - Recall                   : 0.0047
2025-11-26 15:39:01,360 - INFO - F1 Score                 : 0.0001
2025-11-26 15:39:01,360 - INFO - ==================================================
2025-11-26 15:39:27,344 - INFO - Época 6 concluída. Loss média: 5.2963
2025-11-26 15:39:27,344 - INFO - Taxa de aprendizado ajustada para: 0.100000
2025-11-26 15:39:27,345 - INFO - Iniciando inferência com o modelo SqueezeNet...
2025-11-26 15:39:31,133 - INFO - ==================================================
2025-11-26 15:39:31,133 - INFO - EXPERIMENT RESULTS
2025-11-26 15:39:31,133 - INFO - ==================================================
2025-11-26 15:39:31,133 - INFO - Elapsed Time Seconds     : 3.7684
2025-11-26 15:39:31,133 - INFO - Cpu Usage Percent        : 2.4125
2025-11-26 15:39:31,133 - INFO - Ram Peak Usage Bytes     : 27292155904.0000
2025-11-26 15:39:31,133 - INFO - Disk Read Bytes          : 0.0000
2025-11-26 15:39:31,133 - INFO - Disk Write Bytes         : 221184.0000
2025-11-26 15:39:31,133 - INFO - Vram Peak Usage Bytes    : 6429543804.0000
2025-11-26 15:39:31,133 - INFO - Gpu Power Watts Avg      : 106.0465
2025-11-26 15:39:31,133 - INFO - Gpu Power Watts Peak     : 269.3220
2025-11-26 15:39:31,133 - INFO - Gpu Temp Celsius Avg     : 48.2432
2025-11-26 15:39:31,133 - INFO - Gpu Temp Celsius Peak    : 57.0000
2025-11-26 15:39:31,133 - INFO - Gpu Utilization Percent Avg: 17.9730
2025-11-26 15:39:31,133 - INFO - Gpu Utilization Percent Peak: 100.0000
2025-11-26 15:39:31,133 - INFO - Gpu Mem Used Bytes Avg   : 19341180928.0000
2025-11-26 15:39:31,133 - INFO - Gpu Mem Used Bytes Peak  : 19341180928.0000
2025-11-26 15:39:31,133 - INFO - Gpu Vram Used Bytes      : 19341180928.0000
2025-11-26 15:39:31,133 - INFO - Accuracy                 : 0.0069
2025-11-26 15:39:31,134 - INFO - Precision                : 0.0003
2025-11-26 15:39:31,134 - INFO - Recall                   : 0.0069
2025-11-26 15:39:31,134 - INFO - F1 Score                 : 0.0005
2025-11-26 15:39:31,134 - INFO - ==================================================
2025-11-26 15:39:53,883 - INFO - Época 7 concluída. Loss média: 5.2501
2025-11-26 15:39:53,883 - INFO - Taxa de aprendizado ajustada para: 0.100000
2025-11-26 15:39:53,884 - INFO - Iniciando inferência com o modelo SqueezeNet...
2025-11-26 15:39:57,967 - INFO - ==================================================
2025-11-26 15:39:57,967 - INFO - EXPERIMENT RESULTS
2025-11-26 15:39:57,967 - INFO - ==================================================
2025-11-26 15:39:57,967 - INFO - Elapsed Time Seconds     : 4.0634
2025-11-26 15:39:57,967 - INFO - Cpu Usage Percent        : 2.2000
2025-11-26 15:39:57,967 - INFO - Ram Peak Usage Bytes     : 27292250112.0000
2025-11-26 15:39:57,967 - INFO - Disk Read Bytes          : 0.0000
2025-11-26 15:39:57,967 - INFO - Disk Write Bytes         : 380928.0000
2025-11-26 15:39:57,967 - INFO - Vram Peak Usage Bytes    : 6429543804.0000
2025-11-26 15:39:57,967 - INFO - Gpu Power Watts Avg      : 102.2543
2025-11-26 15:39:57,967 - INFO - Gpu Power Watts Peak     : 273.7390
2025-11-26 15:39:57,967 - INFO - Gpu Temp Celsius Avg     : 47.9500
2025-11-26 15:39:57,967 - INFO - Gpu Temp Celsius Peak    : 56.0000
2025-11-26 15:39:57,967 - INFO - Gpu Utilization Percent Avg: 16.1500
2025-11-26 15:39:57,967 - INFO - Gpu Utilization Percent Peak: 100.0000
2025-11-26 15:39:57,967 - INFO - Gpu Mem Used Bytes Avg   : 19341180928.0000
2025-11-26 15:39:57,967 - INFO - Gpu Mem Used Bytes Peak  : 19341180928.0000
2025-11-26 15:39:57,967 - INFO - Gpu Vram Used Bytes      : 19341180928.0000
2025-11-26 15:39:57,967 - INFO - Accuracy                 : 0.0092
2025-11-26 15:39:57,967 - INFO - Precision                : 0.0002
2025-11-26 15:39:57,967 - INFO - Recall                   : 0.0092
2025-11-26 15:39:57,967 - INFO - F1 Score                 : 0.0003
2025-11-26 15:39:57,967 - INFO - ==================================================
2025-11-26 15:40:23,818 - INFO - Época 8 concluída. Loss média: 5.2258
2025-11-26 15:40:23,818 - INFO - Taxa de aprendizado ajustada para: 0.100000
2025-11-26 15:40:23,819 - INFO - Iniciando inferência com o modelo SqueezeNet...
2025-11-26 15:40:26,992 - INFO - ==================================================
2025-11-26 15:40:26,992 - INFO - EXPERIMENT RESULTS
2025-11-26 15:40:26,992 - INFO - ==================================================
2025-11-26 15:40:26,992 - INFO - Elapsed Time Seconds     : 3.1531
2025-11-26 15:40:26,992 - INFO - Cpu Usage Percent        : 1.9719
2025-11-26 15:40:26,992 - INFO - Ram Peak Usage Bytes     : 27292323840.0000
2025-11-26 15:40:26,992 - INFO - Disk Read Bytes          : 0.0000
2025-11-26 15:40:26,992 - INFO - Disk Write Bytes         : 0.0000
2025-11-26 15:40:26,992 - INFO - Vram Peak Usage Bytes    : 6429543804.0000
2025-11-26 15:40:26,992 - INFO - Gpu Power Watts Avg      : 115.6855
2025-11-26 15:40:26,992 - INFO - Gpu Power Watts Peak     : 292.4520
2025-11-26 15:40:26,992 - INFO - Gpu Temp Celsius Avg     : 48.8387
2025-11-26 15:40:26,992 - INFO - Gpu Temp Celsius Peak    : 58.0000
2025-11-26 15:40:26,992 - INFO - Gpu Utilization Percent Avg: 24.1290
2025-11-26 15:40:26,992 - INFO - Gpu Utilization Percent Peak: 100.0000
2025-11-26 15:40:26,992 - INFO - Gpu Mem Used Bytes Avg   : 19341180928.0000
2025-11-26 15:40:26,992 - INFO - Gpu Mem Used Bytes Peak  : 19341180928.0000
2025-11-26 15:40:26,992 - INFO - Gpu Vram Used Bytes      : 19341180928.0000
2025-11-26 15:40:26,992 - INFO - Accuracy                 : 0.0104
2025-11-26 15:40:26,992 - INFO - Precision                : 0.0002
2025-11-26 15:40:26,992 - INFO - Recall                   : 0.0104
2025-11-26 15:40:26,992 - INFO - F1 Score                 : 0.0004
2025-11-26 15:40:26,992 - INFO - ==================================================
2025-11-26 15:40:50,938 - INFO - Época 9 concluída. Loss média: 5.2098
2025-11-26 15:40:50,938 - INFO - Taxa de aprendizado ajustada para: 0.100000
2025-11-26 15:40:50,939 - INFO - Iniciando inferência com o modelo SqueezeNet...
2025-11-26 15:40:54,811 - INFO - ==================================================
2025-11-26 15:40:54,811 - INFO - EXPERIMENT RESULTS
2025-11-26 15:40:54,811 - INFO - ==================================================
2025-11-26 15:40:54,811 - INFO - Elapsed Time Seconds     : 3.8589
2025-11-26 15:40:54,811 - INFO - Cpu Usage Percent        : 2.3563
2025-11-26 15:40:54,811 - INFO - Ram Peak Usage Bytes     : 27292352512.0000
2025-11-26 15:40:54,811 - INFO - Disk Read Bytes          : 126976.0000
2025-11-26 15:40:54,811 - INFO - Disk Write Bytes         : 0.0000
2025-11-26 15:40:54,811 - INFO - Vram Peak Usage Bytes    : 6429543804.0000
2025-11-26 15:40:54,811 - INFO - Gpu Power Watts Avg      : 99.0279
2025-11-26 15:40:54,811 - INFO - Gpu Power Watts Peak     : 266.8440
2025-11-26 15:40:54,811 - INFO - Gpu Temp Celsius Avg     : 47.9211
2025-11-26 15:40:54,811 - INFO - Gpu Temp Celsius Peak    : 55.0000
2025-11-26 15:40:54,811 - INFO - Gpu Utilization Percent Avg: 15.5789
2025-11-26 15:40:54,811 - INFO - Gpu Utilization Percent Peak: 100.0000
2025-11-26 15:40:54,811 - INFO - Gpu Mem Used Bytes Avg   : 19341180928.0000
2025-11-26 15:40:54,811 - INFO - Gpu Mem Used Bytes Peak  : 19341180928.0000
2025-11-26 15:40:54,811 - INFO - Gpu Vram Used Bytes      : 19341180928.0000
2025-11-26 15:40:54,811 - INFO - Accuracy                 : 0.0118
2025-11-26 15:40:54,811 - INFO - Precision                : 0.0009
2025-11-26 15:40:54,811 - INFO - Recall                   : 0.0118
2025-11-26 15:40:54,811 - INFO - F1 Score                 : 0.0016
2025-11-26 15:40:54,811 - INFO - ==================================================
2025-11-26 15:41:21,283 - INFO - Época 10 concluída. Loss média: 5.1908
2025-11-26 15:41:21,283 - INFO - Taxa de aprendizado ajustada para: 0.100000
2025-11-26 15:41:21,285 - INFO - Iniciando inferência com o modelo SqueezeNet...
2025-11-26 15:41:25,151 - INFO - ==================================================
2025-11-26 15:41:25,151 - INFO - EXPERIMENT RESULTS
2025-11-26 15:41:25,151 - INFO - ==================================================
2025-11-26 15:41:25,151 - INFO - Elapsed Time Seconds     : 3.8462
2025-11-26 15:41:25,151 - INFO - Cpu Usage Percent        : 2.3563
2025-11-26 15:41:25,151 - INFO - Ram Peak Usage Bytes     : 27292422144.0000
2025-11-26 15:41:25,151 - INFO - Disk Read Bytes          : 0.0000
2025-11-26 15:41:25,151 - INFO - Disk Write Bytes         : 12288.0000
2025-11-26 15:41:25,151 - INFO - Vram Peak Usage Bytes    : 6429543804.0000
2025-11-26 15:41:25,151 - INFO - Gpu Power Watts Avg      : 104.4827
2025-11-26 15:41:25,152 - INFO - Gpu Power Watts Peak     : 287.0790
2025-11-26 15:41:25,152 - INFO - Gpu Temp Celsius Avg     : 47.6579
2025-11-26 15:41:25,152 - INFO - Gpu Temp Celsius Peak    : 56.0000
2025-11-26 15:41:25,152 - INFO - Gpu Utilization Percent Avg: 18.2105
2025-11-26 15:41:25,152 - INFO - Gpu Utilization Percent Peak: 100.0000
2025-11-26 15:41:25,152 - INFO - Gpu Mem Used Bytes Avg   : 19341180928.0000
2025-11-26 15:41:25,152 - INFO - Gpu Mem Used Bytes Peak  : 19341180928.0000
2025-11-26 15:41:25,152 - INFO - Gpu Vram Used Bytes      : 19341180928.0000
2025-11-26 15:41:25,152 - INFO - Accuracy                 : 0.0147
2025-11-26 15:41:25,152 - INFO - Precision                : 0.0010
2025-11-26 15:41:25,152 - INFO - Recall                   : 0.0147
2025-11-26 15:41:25,152 - INFO - F1 Score                 : 0.0017
2025-11-26 15:41:25,152 - INFO - ==================================================
2025-11-26 15:41:47,820 - INFO - Época 11 concluída. Loss média: 5.1740
2025-11-26 15:41:47,820 - INFO - Taxa de aprendizado ajustada para: 0.100000
2025-11-26 15:41:47,821 - INFO - Iniciando inferência com o modelo SqueezeNet...
2025-11-26 15:41:51,107 - INFO - ==================================================
2025-11-26 15:41:51,107 - INFO - EXPERIMENT RESULTS
2025-11-26 15:41:51,107 - INFO - ==================================================
2025-11-26 15:41:51,107 - INFO - Elapsed Time Seconds     : 3.2648
2025-11-26 15:41:51,107 - INFO - Cpu Usage Percent        : 1.9250
2025-11-26 15:41:51,107 - INFO - Ram Peak Usage Bytes     : 27292471296.0000
2025-11-26 15:41:51,107 - INFO - Disk Read Bytes          : 0.0000
2025-11-26 15:41:51,107 - INFO - Disk Write Bytes         : 122880.0000
2025-11-26 15:41:51,107 - INFO - Vram Peak Usage Bytes    : 6429543804.0000
2025-11-26 15:41:51,107 - INFO - Gpu Power Watts Avg      : 110.6222
2025-11-26 15:41:51,107 - INFO - Gpu Power Watts Peak     : 265.8140
2025-11-26 15:41:51,107 - INFO - Gpu Temp Celsius Avg     : 48.6875
2025-11-26 15:41:51,107 - INFO - Gpu Temp Celsius Peak    : 57.0000
2025-11-26 15:41:51,107 - INFO - Gpu Utilization Percent Avg: 18.3750
2025-11-26 15:41:51,107 - INFO - Gpu Utilization Percent Peak: 100.0000
2025-11-26 15:41:51,107 - INFO - Gpu Mem Used Bytes Avg   : 19341180928.0000
2025-11-26 15:41:51,107 - INFO - Gpu Mem Used Bytes Peak  : 19341180928.0000
2025-11-26 15:41:51,107 - INFO - Gpu Vram Used Bytes      : 19341180928.0000
2025-11-26 15:41:51,107 - INFO - Accuracy                 : 0.0149
2025-11-26 15:41:51,107 - INFO - Precision                : 0.0032
2025-11-26 15:41:51,107 - INFO - Recall                   : 0.0149
2025-11-26 15:41:51,107 - INFO - F1 Score                 : 0.0029
2025-11-26 15:41:51,107 - INFO - ==================================================
2025-11-26 15:42:13,753 - INFO - Época 12 concluída. Loss média: 5.1409
2025-11-26 15:42:13,753 - INFO - Taxa de aprendizado ajustada para: 0.100000
2025-11-26 15:42:13,754 - INFO - Iniciando inferência com o modelo SqueezeNet...
2025-11-26 15:42:16,838 - INFO - ==================================================
2025-11-26 15:42:16,838 - INFO - EXPERIMENT RESULTS
2025-11-26 15:42:16,839 - INFO - ==================================================
2025-11-26 15:42:16,839 - INFO - Elapsed Time Seconds     : 3.0636
2025-11-26 15:42:16,839 - INFO - Cpu Usage Percent        : 2.0094
2025-11-26 15:42:16,839 - INFO - Ram Peak Usage Bytes     : 27292504064.0000
2025-11-26 15:42:16,839 - INFO - Disk Read Bytes          : 0.0000
2025-11-26 15:42:16,839 - INFO - Disk Write Bytes         : 196608.0000
2025-11-26 15:42:16,839 - INFO - Vram Peak Usage Bytes    : 6429543804.0000
2025-11-26 15:42:16,839 - INFO - Gpu Power Watts Avg      : 121.1909
2025-11-26 15:42:16,839 - INFO - Gpu Power Watts Peak     : 282.6860
2025-11-26 15:42:16,839 - INFO - Gpu Temp Celsius Avg     : 49.1000
2025-11-26 15:42:16,839 - INFO - Gpu Temp Celsius Peak    : 58.0000
2025-11-26 15:42:16,839 - INFO - Gpu Utilization Percent Avg: 23.9000
2025-11-26 15:42:16,839 - INFO - Gpu Utilization Percent Peak: 100.0000
2025-11-26 15:42:16,839 - INFO - Gpu Mem Used Bytes Avg   : 19341180928.0000
2025-11-26 15:42:16,839 - INFO - Gpu Mem Used Bytes Peak  : 19341180928.0000
2025-11-26 15:42:16,839 - INFO - Gpu Vram Used Bytes      : 19341180928.0000
2025-11-26 15:42:16,839 - INFO - Accuracy                 : 0.0157
2025-11-26 15:42:16,839 - INFO - Precision                : 0.0031
2025-11-26 15:42:16,839 - INFO - Recall                   : 0.0157
2025-11-26 15:42:16,839 - INFO - F1 Score                 : 0.0038
2025-11-26 15:42:16,839 - INFO - ==================================================
2025-11-26 15:42:43,783 - INFO - Época 13 concluída. Loss média: 5.1011
2025-11-26 15:42:43,783 - INFO - Taxa de aprendizado ajustada para: 0.100000
2025-11-26 15:42:43,784 - INFO - Iniciando inferência com o modelo SqueezeNet...
2025-11-26 15:42:47,170 - INFO - ==================================================
2025-11-26 15:42:47,170 - INFO - EXPERIMENT RESULTS
2025-11-26 15:42:47,170 - INFO - ==================================================
2025-11-26 15:42:47,170 - INFO - Elapsed Time Seconds     : 3.3656
2025-11-26 15:42:47,170 - INFO - Cpu Usage Percent        : 1.8750
2025-11-26 15:42:47,170 - INFO - Ram Peak Usage Bytes     : 27292545024.0000
2025-11-26 15:42:47,170 - INFO - Disk Read Bytes          : 0.0000
2025-11-26 15:42:47,170 - INFO - Disk Write Bytes         : 0.0000
2025-11-26 15:42:47,171 - INFO - Vram Peak Usage Bytes    : 6429543804.0000
2025-11-26 15:42:47,171 - INFO - Gpu Power Watts Avg      : 113.2389
2025-11-26 15:42:47,171 - INFO - Gpu Power Watts Peak     : 270.1030
2025-11-26 15:42:47,171 - INFO - Gpu Temp Celsius Avg     : 48.2727
2025-11-26 15:42:47,171 - INFO - Gpu Temp Celsius Peak    : 58.0000
2025-11-26 15:42:47,171 - INFO - Gpu Utilization Percent Avg: 16.6061
2025-11-26 15:42:47,171 - INFO - Gpu Utilization Percent Peak: 100.0000
2025-11-26 15:42:47,171 - INFO - Gpu Mem Used Bytes Avg   : 19341180928.0000
2025-11-26 15:42:47,171 - INFO - Gpu Mem Used Bytes Peak  : 19341180928.0000
2025-11-26 15:42:47,171 - INFO - Gpu Vram Used Bytes      : 19341180928.0000
2025-11-26 15:42:47,171 - INFO - Accuracy                 : 0.0199
2025-11-26 15:42:47,171 - INFO - Precision                : 0.0041
2025-11-26 15:42:47,171 - INFO - Recall                   : 0.0199
2025-11-26 15:42:47,171 - INFO - F1 Score                 : 0.0046
2025-11-26 15:42:47,171 - INFO - ==================================================
2025-11-26 15:43:11,532 - INFO - Época 14 concluída. Loss média: 5.0683
2025-11-26 15:43:11,532 - INFO - Taxa de aprendizado ajustada para: 0.100000
2025-11-26 15:43:11,533 - INFO - Iniciando inferência com o modelo SqueezeNet...
2025-11-26 15:43:15,308 - INFO - ==================================================
2025-11-26 15:43:15,308 - INFO - EXPERIMENT RESULTS
2025-11-26 15:43:15,308 - INFO - ==================================================
2025-11-26 15:43:15,308 - INFO - Elapsed Time Seconds     : 3.7529
2025-11-26 15:43:15,308 - INFO - Cpu Usage Percent        : 2.4406
2025-11-26 15:43:15,308 - INFO - Ram Peak Usage Bytes     : 27297386496.0000
2025-11-26 15:43:15,308 - INFO - Disk Read Bytes          : 0.0000
2025-11-26 15:43:15,308 - INFO - Disk Write Bytes         : 200704.0000
2025-11-26 15:43:15,308 - INFO - Vram Peak Usage Bytes    : 6429543804.0000
2025-11-26 15:43:15,308 - INFO - Gpu Power Watts Avg      : 111.8447
2025-11-26 15:43:15,308 - INFO - Gpu Power Watts Peak     : 271.0620
2025-11-26 15:43:15,308 - INFO - Gpu Temp Celsius Avg     : 48.4865
2025-11-26 15:43:15,308 - INFO - Gpu Temp Celsius Peak    : 57.0000
2025-11-26 15:43:15,308 - INFO - Gpu Utilization Percent Avg: 19.5946
2025-11-26 15:43:15,308 - INFO - Gpu Utilization Percent Peak: 100.0000
2025-11-26 15:43:15,308 - INFO - Gpu Mem Used Bytes Avg   : 19341180928.0000
2025-11-26 15:43:15,308 - INFO - Gpu Mem Used Bytes Peak  : 19341180928.0000
2025-11-26 15:43:15,308 - INFO - Gpu Vram Used Bytes      : 19341180928.0000
2025-11-26 15:43:15,308 - INFO - Accuracy                 : 0.0261
2025-11-26 15:43:15,308 - INFO - Precision                : 0.0069
2025-11-26 15:43:15,308 - INFO - Recall                   : 0.0261
2025-11-26 15:43:15,308 - INFO - F1 Score                 : 0.0075
2025-11-26 15:43:15,308 - INFO - ==================================================
2025-11-26 15:43:38,719 - INFO - Época 15 concluída. Loss média: 5.0412
2025-11-26 15:43:38,719 - INFO - Taxa de aprendizado ajustada para: 0.100000
2025-11-26 15:43:38,720 - INFO - Iniciando inferência com o modelo SqueezeNet...
2025-11-26 15:43:42,010 - INFO - ==================================================
2025-11-26 15:43:42,010 - INFO - EXPERIMENT RESULTS
2025-11-26 15:43:42,010 - INFO - ==================================================
2025-11-26 15:43:42,010 - INFO - Elapsed Time Seconds     : 3.2680
2025-11-26 15:43:42,010 - INFO - Cpu Usage Percent        : 1.9688
2025-11-26 15:43:42,010 - INFO - Ram Peak Usage Bytes     : 27299094528.0000
2025-11-26 15:43:42,010 - INFO - Disk Read Bytes          : 0.0000
2025-11-26 15:43:42,010 - INFO - Disk Write Bytes         : 184320.0000
2025-11-26 15:43:42,010 - INFO - Vram Peak Usage Bytes    : 6429543804.0000
2025-11-26 15:43:42,010 - INFO - Gpu Power Watts Avg      : 115.0035
2025-11-26 15:43:42,010 - INFO - Gpu Power Watts Peak     : 281.7900
2025-11-26 15:43:42,010 - INFO - Gpu Temp Celsius Avg     : 48.8750
2025-11-26 15:43:42,010 - INFO - Gpu Temp Celsius Peak    : 58.0000
2025-11-26 15:43:42,010 - INFO - Gpu Utilization Percent Avg: 20.5625
2025-11-26 15:43:42,010 - INFO - Gpu Utilization Percent Peak: 100.0000
2025-11-26 15:43:42,010 - INFO - Gpu Mem Used Bytes Avg   : 19341180928.0000
2025-11-26 15:43:42,010 - INFO - Gpu Mem Used Bytes Peak  : 19341180928.0000
2025-11-26 15:43:42,010 - INFO - Gpu Vram Used Bytes      : 19341180928.0000
2025-11-26 15:43:42,010 - INFO - Accuracy                 : 0.0291
2025-11-26 15:43:42,010 - INFO - Precision                : 0.0092
2025-11-26 15:43:42,010 - INFO - Recall                   : 0.0291
2025-11-26 15:43:42,010 - INFO - F1 Score                 : 0.0086
2025-11-26 15:43:42,010 - INFO - ==================================================
2025-11-26 15:44:05,400 - INFO - Época 16 concluída. Loss média: 5.0213
2025-11-26 15:44:05,400 - INFO - Taxa de aprendizado ajustada para: 0.100000
2025-11-26 15:44:05,401 - INFO - Iniciando inferência com o modelo SqueezeNet...
2025-11-26 15:44:08,884 - INFO - ==================================================
2025-11-26 15:44:08,885 - INFO - EXPERIMENT RESULTS
2025-11-26 15:44:08,885 - INFO - ==================================================
2025-11-26 15:44:08,885 - INFO - Elapsed Time Seconds     : 3.4617
2025-11-26 15:44:08,885 - INFO - Cpu Usage Percent        : 1.8500
2025-11-26 15:44:08,885 - INFO - Ram Peak Usage Bytes     : 27299123200.0000
2025-11-26 15:44:08,885 - INFO - Disk Read Bytes          : 0.0000
2025-11-26 15:44:08,885 - INFO - Disk Write Bytes         : 372736.0000
2025-11-26 15:44:08,885 - INFO - Vram Peak Usage Bytes    : 6429543804.0000
2025-11-26 15:44:08,885 - INFO - Gpu Power Watts Avg      : 118.9821
2025-11-26 15:44:08,885 - INFO - Gpu Power Watts Peak     : 274.6160
2025-11-26 15:44:08,885 - INFO - Gpu Temp Celsius Avg     : 49.0000
2025-11-26 15:44:08,885 - INFO - Gpu Temp Celsius Peak    : 57.0000
2025-11-26 15:44:08,885 - INFO - Gpu Utilization Percent Avg: 18.3824
2025-11-26 15:44:08,885 - INFO - Gpu Utilization Percent Peak: 100.0000
2025-11-26 15:44:08,885 - INFO - Gpu Mem Used Bytes Avg   : 19341180928.0000
2025-11-26 15:44:08,885 - INFO - Gpu Mem Used Bytes Peak  : 19341180928.0000
2025-11-26 15:44:08,885 - INFO - Gpu Vram Used Bytes      : 19341180928.0000
2025-11-26 15:44:08,885 - INFO - Accuracy                 : 0.0285
2025-11-26 15:44:08,885 - INFO - Precision                : 0.0168
2025-11-26 15:44:08,885 - INFO - Recall                   : 0.0285
2025-11-26 15:44:08,885 - INFO - F1 Score                 : 0.0107
2025-11-26 15:44:08,885 - INFO - ==================================================
2025-11-26 15:44:31,964 - INFO - Época 17 concluída. Loss média: 4.9943
2025-11-26 15:44:31,964 - INFO - Taxa de aprendizado ajustada para: 0.100000
2025-11-26 15:44:31,965 - INFO - Iniciando inferência com o modelo SqueezeNet...
2025-11-26 15:44:35,230 - INFO - ==================================================
2025-11-26 15:44:35,230 - INFO - EXPERIMENT RESULTS
2025-11-26 15:44:35,230 - INFO - ==================================================
2025-11-26 15:44:35,230 - INFO - Elapsed Time Seconds     : 3.2438
2025-11-26 15:44:35,230 - INFO - Cpu Usage Percent        : 1.9844
2025-11-26 15:44:35,230 - INFO - Ram Peak Usage Bytes     : 27300851712.0000
2025-11-26 15:44:35,230 - INFO - Disk Read Bytes          : 0.0000
2025-11-26 15:44:35,230 - INFO - Disk Write Bytes         : 258048.0000
2025-11-26 15:44:35,230 - INFO - Vram Peak Usage Bytes    : 6429543804.0000
2025-11-26 15:44:35,230 - INFO - Gpu Power Watts Avg      : 113.8425
2025-11-26 15:44:35,230 - INFO - Gpu Power Watts Peak     : 257.8390
2025-11-26 15:44:35,230 - INFO - Gpu Temp Celsius Avg     : 49.0938
2025-11-26 15:44:35,230 - INFO - Gpu Temp Celsius Peak    : 58.0000
2025-11-26 15:44:35,230 - INFO - Gpu Utilization Percent Avg: 20.0625
2025-11-26 15:44:35,230 - INFO - Gpu Utilization Percent Peak: 100.0000
2025-11-26 15:44:35,231 - INFO - Gpu Mem Used Bytes Avg   : 19341180928.0000
2025-11-26 15:44:35,231 - INFO - Gpu Mem Used Bytes Peak  : 19341180928.0000
2025-11-26 15:44:35,231 - INFO - Gpu Vram Used Bytes      : 19341180928.0000
2025-11-26 15:44:35,231 - INFO - Accuracy                 : 0.0387
2025-11-26 15:44:35,231 - INFO - Precision                : 0.0191
2025-11-26 15:44:35,231 - INFO - Recall                   : 0.0387
2025-11-26 15:44:35,231 - INFO - F1 Score                 : 0.0137
2025-11-26 15:44:35,231 - INFO - ==================================================
2025-11-26 15:44:58,552 - INFO - Época 18 concluída. Loss média: 4.9510
2025-11-26 15:44:58,552 - INFO - Taxa de aprendizado ajustada para: 0.100000
2025-11-26 15:44:58,553 - INFO - Iniciando inferência com o modelo SqueezeNet...
2025-11-26 15:45:02,325 - INFO - ==================================================
2025-11-26 15:45:02,325 - INFO - EXPERIMENT RESULTS
2025-11-26 15:45:02,325 - INFO - ==================================================
2025-11-26 15:45:02,326 - INFO - Elapsed Time Seconds     : 3.7501
2025-11-26 15:45:02,326 - INFO - Cpu Usage Percent        : 2.4250
2025-11-26 15:45:02,326 - INFO - Ram Peak Usage Bytes     : 27305979904.0000
2025-11-26 15:45:02,326 - INFO - Disk Read Bytes          : 0.0000
2025-11-26 15:45:02,326 - INFO - Disk Write Bytes         : 4096.0000
2025-11-26 15:45:02,326 - INFO - Vram Peak Usage Bytes    : 6429543804.0000
2025-11-26 15:45:02,326 - INFO - Gpu Power Watts Avg      : 112.5555
2025-11-26 15:45:02,326 - INFO - Gpu Power Watts Peak     : 265.2370
2025-11-26 15:45:02,326 - INFO - Gpu Temp Celsius Avg     : 48.9459
2025-11-26 15:45:02,326 - INFO - Gpu Temp Celsius Peak    : 57.0000
2025-11-26 15:45:02,326 - INFO - Gpu Utilization Percent Avg: 16.7027
2025-11-26 15:45:02,326 - INFO - Gpu Utilization Percent Peak: 100.0000
2025-11-26 15:45:02,326 - INFO - Gpu Mem Used Bytes Avg   : 19609616384.0000
2025-11-26 15:45:02,326 - INFO - Gpu Mem Used Bytes Peak  : 19609616384.0000
2025-11-26 15:45:02,326 - INFO - Gpu Vram Used Bytes      : 19609616384.0000
2025-11-26 15:45:02,326 - INFO - Accuracy                 : 0.0399
2025-11-26 15:45:02,326 - INFO - Precision                : 0.0327
2025-11-26 15:45:02,326 - INFO - Recall                   : 0.0399
2025-11-26 15:45:02,326 - INFO - F1 Score                 : 0.0194
2025-11-26 15:45:02,326 - INFO - ==================================================
2025-11-26 15:45:26,320 - INFO - Época 19 concluída. Loss média: 4.9321
2025-11-26 15:45:26,320 - INFO - Taxa de aprendizado ajustada para: 0.100000
2025-11-26 15:45:26,321 - INFO - Iniciando inferência com o modelo SqueezeNet...
2025-11-26 15:45:29,393 - INFO - ==================================================
2025-11-26 15:45:29,394 - INFO - EXPERIMENT RESULTS
2025-11-26 15:45:29,394 - INFO - ==================================================
2025-11-26 15:45:29,394 - INFO - Elapsed Time Seconds     : 3.0506
2025-11-26 15:45:29,394 - INFO - Cpu Usage Percent        : 2.1000
2025-11-26 15:45:29,394 - INFO - Ram Peak Usage Bytes     : 27311939584.0000
2025-11-26 15:45:29,394 - INFO - Disk Read Bytes          : 0.0000
2025-11-26 15:45:29,394 - INFO - Disk Write Bytes         : 16384.0000
2025-11-26 15:45:29,394 - INFO - Vram Peak Usage Bytes    : 6429543804.0000
2025-11-26 15:45:29,394 - INFO - Gpu Power Watts Avg      : 122.5438
2025-11-26 15:45:29,394 - INFO - Gpu Power Watts Peak     : 287.9330
2025-11-26 15:45:29,394 - INFO - Gpu Temp Celsius Avg     : 49.5333
2025-11-26 15:45:29,394 - INFO - Gpu Temp Celsius Peak    : 58.0000
2025-11-26 15:45:29,394 - INFO - Gpu Utilization Percent Avg: 23.7667
2025-11-26 15:45:29,394 - INFO - Gpu Utilization Percent Peak: 99.0000
2025-11-26 15:45:29,394 - INFO - Gpu Mem Used Bytes Avg   : 19609616384.0000
2025-11-26 15:45:29,394 - INFO - Gpu Mem Used Bytes Peak  : 19609616384.0000
2025-11-26 15:45:29,394 - INFO - Gpu Vram Used Bytes      : 19609616384.0000
2025-11-26 15:45:29,394 - INFO - Accuracy                 : 0.0373
2025-11-26 15:45:29,394 - INFO - Precision                : 0.0257
2025-11-26 15:45:29,394 - INFO - Recall                   : 0.0373
2025-11-26 15:45:29,394 - INFO - F1 Score                 : 0.0195
2025-11-26 15:45:29,394 - INFO - ==================================================
2025-11-26 15:45:53,228 - INFO - Época 20 concluída. Loss média: 4.9007
2025-11-26 15:45:53,229 - INFO - Taxa de aprendizado ajustada para: 0.100000
2025-11-26 15:45:53,230 - INFO - Iniciando inferência com o modelo SqueezeNet...
2025-11-26 15:45:56,387 - INFO - ==================================================
2025-11-26 15:45:56,387 - INFO - EXPERIMENT RESULTS
2025-11-26 15:45:56,387 - INFO - ==================================================
2025-11-26 15:45:56,387 - INFO - Elapsed Time Seconds     : 3.1358
2025-11-26 15:45:56,387 - INFO - Cpu Usage Percent        : 1.9719
2025-11-26 15:45:56,387 - INFO - Ram Peak Usage Bytes     : 27311935488.0000
2025-11-26 15:45:56,387 - INFO - Disk Read Bytes          : 0.0000
2025-11-26 15:45:56,387 - INFO - Disk Write Bytes         : 208896.0000
2025-11-26 15:45:56,388 - INFO - Vram Peak Usage Bytes    : 6429543804.0000
2025-11-26 15:45:56,388 - INFO - Gpu Power Watts Avg      : 119.7594
2025-11-26 15:45:56,388 - INFO - Gpu Power Watts Peak     : 264.0340
2025-11-26 15:45:56,388 - INFO - Gpu Temp Celsius Avg     : 49.2258
2025-11-26 15:45:56,388 - INFO - Gpu Temp Celsius Peak    : 58.0000
2025-11-26 15:45:56,388 - INFO - Gpu Utilization Percent Avg: 22.2258
2025-11-26 15:45:56,388 - INFO - Gpu Utilization Percent Peak: 100.0000
2025-11-26 15:45:56,388 - INFO - Gpu Mem Used Bytes Avg   : 19609616384.0000
2025-11-26 15:45:56,388 - INFO - Gpu Mem Used Bytes Peak  : 19609616384.0000
2025-11-26 15:45:56,388 - INFO - Gpu Vram Used Bytes      : 19609616384.0000
2025-11-26 15:45:56,388 - INFO - Accuracy                 : 0.0395
2025-11-26 15:45:56,388 - INFO - Precision                : 0.0282
2025-11-26 15:45:56,388 - INFO - Recall                   : 0.0395
2025-11-26 15:45:56,388 - INFO - F1 Score                 : 0.0203
2025-11-26 15:45:56,388 - INFO - ==================================================
2025-11-26 15:46:20,186 - INFO - Época 21 concluída. Loss média: 4.8833
2025-11-26 15:46:20,186 - INFO - Taxa de aprendizado ajustada para: 0.100000
2025-11-26 15:46:20,187 - INFO - Iniciando inferência com o modelo SqueezeNet...
2025-11-26 15:46:23,962 - INFO - ==================================================
2025-11-26 15:46:23,962 - INFO - EXPERIMENT RESULTS
2025-11-26 15:46:23,962 - INFO - ==================================================
2025-11-26 15:46:23,962 - INFO - Elapsed Time Seconds     : 3.7533
2025-11-26 15:46:23,962 - INFO - Cpu Usage Percent        : 2.4406
2025-11-26 15:46:23,962 - INFO - Ram Peak Usage Bytes     : 27311988736.0000
2025-11-26 15:46:23,962 - INFO - Disk Read Bytes          : 0.0000
2025-11-26 15:46:23,962 - INFO - Disk Write Bytes         : 4096.0000
2025-11-26 15:46:23,962 - INFO - Vram Peak Usage Bytes    : 6429543804.0000
2025-11-26 15:46:23,962 - INFO - Gpu Power Watts Avg      : 104.0282
2025-11-26 15:46:23,962 - INFO - Gpu Power Watts Peak     : 285.2540
2025-11-26 15:46:23,962 - INFO - Gpu Temp Celsius Avg     : 48.4324
2025-11-26 15:46:23,962 - INFO - Gpu Temp Celsius Peak    : 58.0000
2025-11-26 15:46:23,962 - INFO - Gpu Utilization Percent Avg: 17.7838
2025-11-26 15:46:23,962 - INFO - Gpu Utilization Percent Peak: 100.0000
2025-11-26 15:46:23,962 - INFO - Gpu Mem Used Bytes Avg   : 19609616384.0000
2025-11-26 15:46:23,962 - INFO - Gpu Mem Used Bytes Peak  : 19609616384.0000
2025-11-26 15:46:23,962 - INFO - Gpu Vram Used Bytes      : 19609616384.0000
2025-11-26 15:46:23,962 - INFO - Accuracy                 : 0.0214
2025-11-26 15:46:23,963 - INFO - Precision                : 0.0089
2025-11-26 15:46:23,963 - INFO - Recall                   : 0.0214
2025-11-26 15:46:23,963 - INFO - F1 Score                 : 0.0085
2025-11-26 15:46:23,963 - INFO - ==================================================
2025-11-26 15:46:48,930 - INFO - Época 22 concluída. Loss média: 5.0022
2025-11-26 15:46:48,931 - INFO - Taxa de aprendizado ajustada para: 0.100000
2025-11-26 15:46:48,932 - INFO - Iniciando inferência com o modelo SqueezeNet...
2025-11-26 15:46:52,142 - INFO - ==================================================
2025-11-26 15:46:52,142 - INFO - EXPERIMENT RESULTS
2025-11-26 15:46:52,142 - INFO - ==================================================
2025-11-26 15:46:52,142 - INFO - Elapsed Time Seconds     : 3.1882
2025-11-26 15:46:52,142 - INFO - Cpu Usage Percent        : 2.0094
2025-11-26 15:46:52,142 - INFO - Ram Peak Usage Bytes     : 27319668736.0000
2025-11-26 15:46:52,142 - INFO - Disk Read Bytes          : 0.0000
2025-11-26 15:46:52,142 - INFO - Disk Write Bytes         : 0.0000
2025-11-26 15:46:52,142 - INFO - Vram Peak Usage Bytes    : 6429543804.0000
2025-11-26 15:46:52,142 - INFO - Gpu Power Watts Avg      : 119.8308
2025-11-26 15:46:52,142 - INFO - Gpu Power Watts Peak     : 269.4340
2025-11-26 15:46:52,142 - INFO - Gpu Temp Celsius Avg     : 49.1613
2025-11-26 15:46:52,142 - INFO - Gpu Temp Celsius Peak    : 57.0000
2025-11-26 15:46:52,142 - INFO - Gpu Utilization Percent Avg: 19.2258
2025-11-26 15:46:52,142 - INFO - Gpu Utilization Percent Peak: 100.0000
2025-11-26 15:46:52,142 - INFO - Gpu Mem Used Bytes Avg   : 19609616384.0000
2025-11-26 15:46:52,142 - INFO - Gpu Mem Used Bytes Peak  : 19609616384.0000
2025-11-26 15:46:52,142 - INFO - Gpu Vram Used Bytes      : 19609616384.0000
2025-11-26 15:46:52,142 - INFO - Accuracy                 : 0.0452
2025-11-26 15:46:52,142 - INFO - Precision                : 0.0339
2025-11-26 15:46:52,142 - INFO - Recall                   : 0.0452
2025-11-26 15:46:52,142 - INFO - F1 Score                 : 0.0258
2025-11-26 15:46:52,143 - INFO - ==================================================
2025-11-26 15:47:14,611 - INFO - Época 23 concluída. Loss média: 4.8908
2025-11-26 15:47:14,611 - INFO - Taxa de aprendizado ajustada para: 0.100000
2025-11-26 15:47:14,612 - INFO - Iniciando inferência com o modelo SqueezeNet...
2025-11-26 15:47:18,069 - INFO - ==================================================
2025-11-26 15:47:18,069 - INFO - EXPERIMENT RESULTS
2025-11-26 15:47:18,069 - INFO - ==================================================
2025-11-26 15:47:18,069 - INFO - Elapsed Time Seconds     : 3.4349
2025-11-26 15:47:18,069 - INFO - Cpu Usage Percent        : 1.8562
2025-11-26 15:47:18,069 - INFO - Ram Peak Usage Bytes     : 27323015168.0000
2025-11-26 15:47:18,069 - INFO - Disk Read Bytes          : 0.0000
2025-11-26 15:47:18,069 - INFO - Disk Write Bytes         : 274432.0000
2025-11-26 15:47:18,070 - INFO - Vram Peak Usage Bytes    : 6429543804.0000
2025-11-26 15:47:18,070 - INFO - Gpu Power Watts Avg      : 112.5611
2025-11-26 15:47:18,070 - INFO - Gpu Power Watts Peak     : 266.8610
2025-11-26 15:47:18,070 - INFO - Gpu Temp Celsius Avg     : 49.1765
2025-11-26 15:47:18,070 - INFO - Gpu Temp Celsius Peak    : 58.0000
2025-11-26 15:47:18,070 - INFO - Gpu Utilization Percent Avg: 19.5882
2025-11-26 15:47:18,070 - INFO - Gpu Utilization Percent Peak: 100.0000
2025-11-26 15:47:18,070 - INFO - Gpu Mem Used Bytes Avg   : 19609616384.0000
2025-11-26 15:47:18,070 - INFO - Gpu Mem Used Bytes Peak  : 19609616384.0000
2025-11-26 15:47:18,070 - INFO - Gpu Vram Used Bytes      : 19609616384.0000
2025-11-26 15:47:18,070 - INFO - Accuracy                 : 0.0457
2025-11-26 15:47:18,070 - INFO - Precision                : 0.0305
2025-11-26 15:47:18,070 - INFO - Recall                   : 0.0457
2025-11-26 15:47:18,070 - INFO - F1 Score                 : 0.0251
2025-11-26 15:47:18,070 - INFO - ==================================================
2025-11-26 15:47:42,712 - INFO - Época 24 concluída. Loss média: 4.8481
2025-11-26 15:47:42,712 - INFO - Taxa de aprendizado ajustada para: 0.100000
2025-11-26 15:47:42,713 - INFO - Iniciando inferência com o modelo SqueezeNet...
2025-11-26 15:47:45,978 - INFO - ==================================================
2025-11-26 15:47:45,978 - INFO - EXPERIMENT RESULTS
2025-11-26 15:47:45,978 - INFO - ==================================================
2025-11-26 15:47:45,978 - INFO - Elapsed Time Seconds     : 3.2426
2025-11-26 15:47:45,978 - INFO - Cpu Usage Percent        : 1.9563
2025-11-26 15:47:45,978 - INFO - Ram Peak Usage Bytes     : 27329441792.0000
2025-11-26 15:47:45,978 - INFO - Disk Read Bytes          : 0.0000
2025-11-26 15:47:45,978 - INFO - Disk Write Bytes         : 139264.0000
2025-11-26 15:47:45,978 - INFO - Vram Peak Usage Bytes    : 6429543804.0000
2025-11-26 15:47:45,978 - INFO - Gpu Power Watts Avg      : 111.8740
2025-11-26 15:47:45,978 - INFO - Gpu Power Watts Peak     : 271.4890
2025-11-26 15:47:45,978 - INFO - Gpu Temp Celsius Avg     : 49.3438
2025-11-26 15:47:45,978 - INFO - Gpu Temp Celsius Peak    : 58.0000
2025-11-26 15:47:45,978 - INFO - Gpu Utilization Percent Avg: 19.3125
2025-11-26 15:47:45,978 - INFO - Gpu Utilization Percent Peak: 100.0000
2025-11-26 15:47:45,978 - INFO - Gpu Mem Used Bytes Avg   : 19609616384.0000
2025-11-26 15:47:45,978 - INFO - Gpu Mem Used Bytes Peak  : 19609616384.0000
2025-11-26 15:47:45,978 - INFO - Gpu Vram Used Bytes      : 19609616384.0000
2025-11-26 15:47:45,978 - INFO - Accuracy                 : 0.0580
2025-11-26 15:47:45,978 - INFO - Precision                : 0.0414
2025-11-26 15:47:45,978 - INFO - Recall                   : 0.0580
2025-11-26 15:47:45,978 - INFO - F1 Score                 : 0.0313
2025-11-26 15:47:45,978 - INFO - ==================================================
2025-11-26 15:48:09,728 - INFO - Época 25 concluída. Loss média: 4.8346
2025-11-26 15:48:09,728 - INFO - Taxa de aprendizado ajustada para: 0.100000
2025-11-26 15:48:09,729 - INFO - Iniciando inferência com o modelo SqueezeNet...
2025-11-26 15:48:12,810 - INFO - ==================================================
2025-11-26 15:48:12,810 - INFO - EXPERIMENT RESULTS
2025-11-26 15:48:12,810 - INFO - ==================================================
2025-11-26 15:48:12,810 - INFO - Elapsed Time Seconds     : 3.0595
2025-11-26 15:48:12,810 - INFO - Cpu Usage Percent        : 2.0438
2025-11-26 15:48:12,810 - INFO - Ram Peak Usage Bytes     : 27329458176.0000
2025-11-26 15:48:12,810 - INFO - Disk Read Bytes          : 0.0000
2025-11-26 15:48:12,810 - INFO - Disk Write Bytes         : 0.0000
2025-11-26 15:48:12,810 - INFO - Vram Peak Usage Bytes    : 6429543804.0000
2025-11-26 15:48:12,810 - INFO - Gpu Power Watts Avg      : 121.3914
2025-11-26 15:48:12,810 - INFO - Gpu Power Watts Peak     : 278.4870
2025-11-26 15:48:12,810 - INFO - Gpu Temp Celsius Avg     : 49.2000
2025-11-26 15:48:12,810 - INFO - Gpu Temp Celsius Peak    : 59.0000
2025-11-26 15:48:12,810 - INFO - Gpu Utilization Percent Avg: 19.8667
2025-11-26 15:48:12,810 - INFO - Gpu Utilization Percent Peak: 100.0000
2025-11-26 15:48:12,810 - INFO - Gpu Mem Used Bytes Avg   : 19609616384.0000
2025-11-26 15:48:12,810 - INFO - Gpu Mem Used Bytes Peak  : 19609616384.0000
2025-11-26 15:48:12,810 - INFO - Gpu Vram Used Bytes      : 19609616384.0000
2025-11-26 15:48:12,810 - INFO - Accuracy                 : 0.0394
2025-11-26 15:48:12,810 - INFO - Precision                : 0.0343
2025-11-26 15:48:12,811 - INFO - Recall                   : 0.0394
2025-11-26 15:48:12,811 - INFO - F1 Score                 : 0.0190
2025-11-26 15:48:12,811 - INFO - ==================================================
2025-11-26 15:48:38,977 - INFO - Época 26 concluída. Loss média: 4.8391
2025-11-26 15:48:38,978 - INFO - Taxa de aprendizado ajustada para: 0.100000
2025-11-26 15:48:38,979 - INFO - Iniciando inferência com o modelo SqueezeNet...
2025-11-26 15:48:42,985 - INFO - ==================================================
2025-11-26 15:48:42,985 - INFO - EXPERIMENT RESULTS
2025-11-26 15:48:42,985 - INFO - ==================================================
2025-11-26 15:48:42,985 - INFO - Elapsed Time Seconds     : 3.9839
2025-11-26 15:48:42,985 - INFO - Cpu Usage Percent        : 2.2812
2025-11-26 15:48:42,985 - INFO - Ram Peak Usage Bytes     : 27329474560.0000
2025-11-26 15:48:42,985 - INFO - Disk Read Bytes          : 0.0000
2025-11-26 15:48:42,985 - INFO - Disk Write Bytes         : 8192.0000
2025-11-26 15:48:42,985 - INFO - Vram Peak Usage Bytes    : 6429543804.0000
2025-11-26 15:48:42,985 - INFO - Gpu Power Watts Avg      : 104.8307
2025-11-26 15:48:42,985 - INFO - Gpu Power Watts Peak     : 270.4700
2025-11-26 15:48:42,985 - INFO - Gpu Temp Celsius Avg     : 48.2821
2025-11-26 15:48:42,985 - INFO - Gpu Temp Celsius Peak    : 56.0000
2025-11-26 15:48:42,985 - INFO - Gpu Utilization Percent Avg: 14.9744
2025-11-26 15:48:42,985 - INFO - Gpu Utilization Percent Peak: 100.0000
2025-11-26 15:48:42,985 - INFO - Gpu Mem Used Bytes Avg   : 19609616384.0000
2025-11-26 15:48:42,985 - INFO - Gpu Mem Used Bytes Peak  : 19609616384.0000
2025-11-26 15:48:42,985 - INFO - Gpu Vram Used Bytes      : 19609616384.0000
2025-11-26 15:48:42,985 - INFO - Accuracy                 : 0.0602
2025-11-26 15:48:42,985 - INFO - Precision                : 0.0575
2025-11-26 15:48:42,986 - INFO - Recall                   : 0.0602
2025-11-26 15:48:42,986 - INFO - F1 Score                 : 0.0356
2025-11-26 15:48:42,986 - INFO - ==================================================
2025-11-26 15:49:06,283 - INFO - Época 27 concluída. Loss média: 4.7773
2025-11-26 15:49:06,283 - INFO - Taxa de aprendizado ajustada para: 0.100000
2025-11-26 15:49:06,284 - INFO - Iniciando inferência com o modelo SqueezeNet...
2025-11-26 15:49:09,403 - INFO - ==================================================
2025-11-26 15:49:09,404 - INFO - EXPERIMENT RESULTS
2025-11-26 15:49:09,404 - INFO - ==================================================
2025-11-26 15:49:09,404 - INFO - Elapsed Time Seconds     : 3.0968
2025-11-26 15:49:09,404 - INFO - Cpu Usage Percent        : 2.0187
2025-11-26 15:49:09,404 - INFO - Ram Peak Usage Bytes     : 27329585152.0000
2025-11-26 15:49:09,404 - INFO - Disk Read Bytes          : 0.0000
2025-11-26 15:49:09,404 - INFO - Disk Write Bytes         : 143360.0000
2025-11-26 15:49:09,404 - INFO - Vram Peak Usage Bytes    : 6429543804.0000
2025-11-26 15:49:09,404 - INFO - Gpu Power Watts Avg      : 117.7664
2025-11-26 15:49:09,404 - INFO - Gpu Power Watts Peak     : 264.0770
2025-11-26 15:49:09,404 - INFO - Gpu Temp Celsius Avg     : 49.0667
2025-11-26 15:49:09,404 - INFO - Gpu Temp Celsius Peak    : 56.0000
2025-11-26 15:49:09,404 - INFO - Gpu Utilization Percent Avg: 18.6667
2025-11-26 15:49:09,404 - INFO - Gpu Utilization Percent Peak: 100.0000
2025-11-26 15:49:09,404 - INFO - Gpu Mem Used Bytes Avg   : 19609616384.0000
2025-11-26 15:49:09,404 - INFO - Gpu Mem Used Bytes Peak  : 19609616384.0000
2025-11-26 15:49:09,404 - INFO - Gpu Vram Used Bytes      : 19609616384.0000
2025-11-26 15:49:09,404 - INFO - Accuracy                 : 0.0774
2025-11-26 15:49:09,404 - INFO - Precision                : 0.0783
2025-11-26 15:49:09,404 - INFO - Recall                   : 0.0774
2025-11-26 15:49:09,404 - INFO - F1 Score                 : 0.0539
2025-11-26 15:49:09,404 - INFO - ==================================================
2025-11-26 15:49:32,249 - INFO - Época 28 concluída. Loss média: 4.7422
2025-11-26 15:49:32,250 - INFO - Taxa de aprendizado ajustada para: 0.100000
2025-11-26 15:49:32,251 - INFO - Iniciando inferência com o modelo SqueezeNet...
2025-11-26 15:49:35,138 - INFO - ==================================================
2025-11-26 15:49:35,139 - INFO - EXPERIMENT RESULTS
2025-11-26 15:49:35,139 - INFO - ==================================================
2025-11-26 15:49:35,139 - INFO - Elapsed Time Seconds     : 2.8655
2025-11-26 15:49:35,139 - INFO - Cpu Usage Percent        : 2.2125
2025-11-26 15:49:35,139 - INFO - Ram Peak Usage Bytes     : 27329605632.0000
2025-11-26 15:49:35,139 - INFO - Disk Read Bytes          : 0.0000
2025-11-26 15:49:35,139 - INFO - Disk Write Bytes         : 126976.0000
2025-11-26 15:49:35,139 - INFO - Vram Peak Usage Bytes    : 6429543804.0000
2025-11-26 15:49:35,139 - INFO - Gpu Power Watts Avg      : 126.6153
2025-11-26 15:49:35,139 - INFO - Gpu Power Watts Peak     : 261.4820
2025-11-26 15:49:35,139 - INFO - Gpu Temp Celsius Avg     : 49.6429
2025-11-26 15:49:35,139 - INFO - Gpu Temp Celsius Peak    : 58.0000
2025-11-26 15:49:35,139 - INFO - Gpu Utilization Percent Avg: 22.7143
2025-11-26 15:49:35,139 - INFO - Gpu Utilization Percent Peak: 100.0000
2025-11-26 15:49:35,139 - INFO - Gpu Mem Used Bytes Avg   : 19676725248.0000
2025-11-26 15:49:35,139 - INFO - Gpu Mem Used Bytes Peak  : 19676725248.0000
2025-11-26 15:49:35,139 - INFO - Gpu Vram Used Bytes      : 19676725248.0000
2025-11-26 15:49:35,139 - INFO - Accuracy                 : 0.0646
2025-11-26 15:49:35,139 - INFO - Precision                : 0.0530
2025-11-26 15:49:35,139 - INFO - Recall                   : 0.0646
2025-11-26 15:49:35,139 - INFO - F1 Score                 : 0.0394
2025-11-26 15:49:35,139 - INFO - ==================================================
2025-11-26 15:49:57,891 - INFO - Época 29 concluída. Loss média: 4.7133
2025-11-26 15:49:57,891 - INFO - Taxa de aprendizado ajustada para: 0.100000
2025-11-26 15:49:57,892 - INFO - Iniciando inferência com o modelo SqueezeNet...
2025-11-26 15:50:00,993 - INFO - ==================================================
2025-11-26 15:50:00,993 - INFO - EXPERIMENT RESULTS
2025-11-26 15:50:00,993 - INFO - ==================================================
2025-11-26 15:50:00,993 - INFO - Elapsed Time Seconds     : 3.0791
2025-11-26 15:50:00,994 - INFO - Cpu Usage Percent        : 2.0094
2025-11-26 15:50:00,994 - INFO - Ram Peak Usage Bytes     : 27329667072.0000
2025-11-26 15:50:00,994 - INFO - Disk Read Bytes          : 0.0000
2025-11-26 15:50:00,994 - INFO - Disk Write Bytes         : 0.0000
2025-11-26 15:50:00,994 - INFO - Vram Peak Usage Bytes    : 6429543804.0000
2025-11-26 15:50:00,994 - INFO - Gpu Power Watts Avg      : 115.5376
2025-11-26 15:50:00,994 - INFO - Gpu Power Watts Peak     : 271.1210
2025-11-26 15:50:00,994 - INFO - Gpu Temp Celsius Avg     : 49.5667
2025-11-26 15:50:00,994 - INFO - Gpu Temp Celsius Peak    : 58.0000
2025-11-26 15:50:00,994 - INFO - Gpu Utilization Percent Avg: 22.3333
2025-11-26 15:50:00,994 - INFO - Gpu Utilization Percent Peak: 100.0000
2025-11-26 15:50:00,994 - INFO - Gpu Mem Used Bytes Avg   : 19676725248.0000
2025-11-26 15:50:00,994 - INFO - Gpu Mem Used Bytes Peak  : 19676725248.0000
2025-11-26 15:50:00,994 - INFO - Gpu Vram Used Bytes      : 19676725248.0000
2025-11-26 15:50:00,994 - INFO - Accuracy                 : 0.0747
2025-11-26 15:50:00,994 - INFO - Precision                : 0.0715
2025-11-26 15:50:00,994 - INFO - Recall                   : 0.0747
2025-11-26 15:50:00,994 - INFO - F1 Score                 : 0.0494
2025-11-26 15:50:00,994 - INFO - ==================================================
2025-11-26 15:50:27,570 - INFO - Época 30 concluída. Loss média: 4.7040
2025-11-26 15:50:27,570 - INFO - Taxa de aprendizado ajustada para: 0.010000
2025-11-26 15:50:27,571 - INFO - Iniciando inferência com o modelo SqueezeNet...
2025-11-26 15:50:30,930 - INFO - ==================================================
2025-11-26 15:50:30,930 - INFO - EXPERIMENT RESULTS
2025-11-26 15:50:30,930 - INFO - ==================================================
2025-11-26 15:50:30,930 - INFO - Elapsed Time Seconds     : 3.3372
2025-11-26 15:50:30,930 - INFO - Cpu Usage Percent        : 1.9000
2025-11-26 15:50:30,930 - INFO - Ram Peak Usage Bytes     : 27329691648.0000
2025-11-26 15:50:30,930 - INFO - Disk Read Bytes          : 0.0000
2025-11-26 15:50:30,930 - INFO - Disk Write Bytes         : 143360.0000
2025-11-26 15:50:30,931 - INFO - Vram Peak Usage Bytes    : 6429543804.0000
2025-11-26 15:50:30,931 - INFO - Gpu Power Watts Avg      : 123.3903
2025-11-26 15:50:30,931 - INFO - Gpu Power Watts Peak     : 280.0460
2025-11-26 15:50:30,931 - INFO - Gpu Temp Celsius Avg     : 49.3030
2025-11-26 15:50:30,931 - INFO - Gpu Temp Celsius Peak    : 58.0000
2025-11-26 15:50:30,931 - INFO - Gpu Utilization Percent Avg: 21.0909
2025-11-26 15:50:30,931 - INFO - Gpu Utilization Percent Peak: 100.0000
2025-11-26 15:50:30,931 - INFO - Gpu Mem Used Bytes Avg   : 19676725248.0000
2025-11-26 15:50:30,931 - INFO - Gpu Mem Used Bytes Peak  : 19676725248.0000
2025-11-26 15:50:30,931 - INFO - Gpu Vram Used Bytes      : 19676725248.0000
2025-11-26 15:50:30,931 - INFO - Accuracy                 : 0.0701
2025-11-26 15:50:30,931 - INFO - Precision                : 0.0620
2025-11-26 15:50:30,931 - INFO - Recall                   : 0.0701
2025-11-26 15:50:30,931 - INFO - F1 Score                 : 0.0474
2025-11-26 15:50:30,931 - INFO - ==================================================
2025-11-26 15:50:54,045 - INFO - Época 31 concluída. Loss média: 4.6000
2025-11-26 15:50:54,045 - INFO - Taxa de aprendizado ajustada para: 0.010000
2025-11-26 15:50:54,046 - INFO - Iniciando inferência com o modelo SqueezeNet...
2025-11-26 15:50:57,134 - INFO - ==================================================
2025-11-26 15:50:57,134 - INFO - EXPERIMENT RESULTS
2025-11-26 15:50:57,134 - INFO - ==================================================
2025-11-26 15:50:57,134 - INFO - Elapsed Time Seconds     : 3.0651
2025-11-26 15:50:57,134 - INFO - Cpu Usage Percent        : 2.0594
2025-11-26 15:50:57,134 - INFO - Ram Peak Usage Bytes     : 27329757184.0000
2025-11-26 15:50:57,134 - INFO - Disk Read Bytes          : 0.0000
2025-11-26 15:50:57,134 - INFO - Disk Write Bytes         : 450560.0000
2025-11-26 15:50:57,134 - INFO - Vram Peak Usage Bytes    : 6429543804.0000
2025-11-26 15:50:57,134 - INFO - Gpu Power Watts Avg      : 117.4107
2025-11-26 15:50:57,134 - INFO - Gpu Power Watts Peak     : 261.6550
2025-11-26 15:50:57,134 - INFO - Gpu Temp Celsius Avg     : 49.3333
2025-11-26 15:50:57,134 - INFO - Gpu Temp Celsius Peak    : 55.0000
2025-11-26 15:50:57,134 - INFO - Gpu Utilization Percent Avg: 19.0000
2025-11-26 15:50:57,134 - INFO - Gpu Utilization Percent Peak: 100.0000
2025-11-26 15:50:57,134 - INFO - Gpu Mem Used Bytes Avg   : 19676725248.0000
2025-11-26 15:50:57,134 - INFO - Gpu Mem Used Bytes Peak  : 19676725248.0000
2025-11-26 15:50:57,134 - INFO - Gpu Vram Used Bytes      : 19676725248.0000
2025-11-26 15:50:57,134 - INFO - Accuracy                 : 0.1054
2025-11-26 15:50:57,134 - INFO - Precision                : 0.0800
2025-11-26 15:50:57,134 - INFO - Recall                   : 0.1054
2025-11-26 15:50:57,134 - INFO - F1 Score                 : 0.0773
2025-11-26 15:50:57,134 - INFO - ==================================================
2025-11-26 15:51:20,058 - INFO - Época 32 concluída. Loss média: 4.5619
2025-11-26 15:51:20,058 - INFO - Taxa de aprendizado ajustada para: 0.010000
2025-11-26 15:51:20,059 - INFO - Iniciando inferência com o modelo SqueezeNet...
2025-11-26 15:51:23,360 - INFO - ==================================================
2025-11-26 15:51:23,360 - INFO - EXPERIMENT RESULTS
2025-11-26 15:51:23,360 - INFO - ==================================================
2025-11-26 15:51:23,360 - INFO - Elapsed Time Seconds     : 3.2786
2025-11-26 15:51:23,360 - INFO - Cpu Usage Percent        : 1.9812
2025-11-26 15:51:23,360 - INFO - Ram Peak Usage Bytes     : 27329777664.0000
2025-11-26 15:51:23,360 - INFO - Disk Read Bytes          : 0.0000
2025-11-26 15:51:23,360 - INFO - Disk Write Bytes         : 356352.0000
2025-11-26 15:51:23,360 - INFO - Vram Peak Usage Bytes    : 6429543804.0000
2025-11-26 15:51:23,360 - INFO - Gpu Power Watts Avg      : 115.5203
2025-11-26 15:51:23,360 - INFO - Gpu Power Watts Peak     : 273.8100
2025-11-26 15:51:23,360 - INFO - Gpu Temp Celsius Avg     : 49.2500
2025-11-26 15:51:23,360 - INFO - Gpu Temp Celsius Peak    : 56.0000
2025-11-26 15:51:23,361 - INFO - Gpu Utilization Percent Avg: 19.8750
2025-11-26 15:51:23,361 - INFO - Gpu Utilization Percent Peak: 100.0000
2025-11-26 15:51:23,361 - INFO - Gpu Mem Used Bytes Avg   : 19676725248.0000
2025-11-26 15:51:23,361 - INFO - Gpu Mem Used Bytes Peak  : 19676725248.0000
2025-11-26 15:51:23,361 - INFO - Gpu Vram Used Bytes      : 19676725248.0000
2025-11-26 15:51:23,361 - INFO - Accuracy                 : 0.1060
2025-11-26 15:51:23,361 - INFO - Precision                : 0.0792
2025-11-26 15:51:23,361 - INFO - Recall                   : 0.1060
2025-11-26 15:51:23,361 - INFO - F1 Score                 : 0.0768
2025-11-26 15:51:23,361 - INFO - ==================================================
2025-11-26 15:51:47,151 - INFO - Época 33 concluída. Loss média: 4.5512
2025-11-26 15:51:47,151 - INFO - Taxa de aprendizado ajustada para: 0.010000
2025-11-26 15:51:47,152 - INFO - Iniciando inferência com o modelo SqueezeNet...
2025-11-26 15:51:51,116 - INFO - ==================================================
2025-11-26 15:51:51,116 - INFO - EXPERIMENT RESULTS
2025-11-26 15:51:51,116 - INFO - ==================================================
2025-11-26 15:51:51,116 - INFO - Elapsed Time Seconds     : 3.9488
2025-11-26 15:51:51,116 - INFO - Cpu Usage Percent        : 2.3438
2025-11-26 15:51:51,116 - INFO - Ram Peak Usage Bytes     : 27329789952.0000
2025-11-26 15:51:51,116 - INFO - Disk Read Bytes          : 0.0000
2025-11-26 15:51:51,116 - INFO - Disk Write Bytes         : 249856.0000
2025-11-26 15:51:51,116 - INFO - Vram Peak Usage Bytes    : 6429543804.0000
2025-11-26 15:51:51,116 - INFO - Gpu Power Watts Avg      : 110.7464
2025-11-26 15:51:51,116 - INFO - Gpu Power Watts Peak     : 279.4640
2025-11-26 15:51:51,116 - INFO - Gpu Temp Celsius Avg     : 48.7692
2025-11-26 15:51:51,116 - INFO - Gpu Temp Celsius Peak    : 56.0000
2025-11-26 15:51:51,116 - INFO - Gpu Utilization Percent Avg: 18.0513
2025-11-26 15:51:51,116 - INFO - Gpu Utilization Percent Peak: 100.0000
2025-11-26 15:51:51,116 - INFO - Gpu Mem Used Bytes Avg   : 19676725248.0000
2025-11-26 15:51:51,116 - INFO - Gpu Mem Used Bytes Peak  : 19676725248.0000
2025-11-26 15:51:51,116 - INFO - Gpu Vram Used Bytes      : 19676725248.0000
2025-11-26 15:51:51,116 - INFO - Accuracy                 : 0.1114
2025-11-26 15:51:51,116 - INFO - Precision                : 0.0960
2025-11-26 15:51:51,116 - INFO - Recall                   : 0.1114
2025-11-26 15:51:51,116 - INFO - F1 Score                 : 0.0830
2025-11-26 15:51:51,116 - INFO - ==================================================
2025-11-26 15:52:14,156 - INFO - Época 34 concluída. Loss média: 4.5414
2025-11-26 15:52:14,156 - INFO - Taxa de aprendizado ajustada para: 0.010000
2025-11-26 15:52:14,157 - INFO - Iniciando inferência com o modelo SqueezeNet...
2025-11-26 15:52:17,861 - INFO - ==================================================
2025-11-26 15:52:17,861 - INFO - EXPERIMENT RESULTS
2025-11-26 15:52:17,861 - INFO - ==================================================
2025-11-26 15:52:17,861 - INFO - Elapsed Time Seconds     : 3.6800
2025-11-26 15:52:17,861 - INFO - Cpu Usage Percent        : 2.4531
2025-11-26 15:52:17,861 - INFO - Ram Peak Usage Bytes     : 27329818624.0000
2025-11-26 15:52:17,861 - INFO - Disk Read Bytes          : 0.0000
2025-11-26 15:52:17,861 - INFO - Disk Write Bytes         : 200704.0000
2025-11-26 15:52:17,861 - INFO - Vram Peak Usage Bytes    : 6429543804.0000
2025-11-26 15:52:17,861 - INFO - Gpu Power Watts Avg      : 110.2185
2025-11-26 15:52:17,861 - INFO - Gpu Power Watts Peak     : 281.0260
2025-11-26 15:52:17,861 - INFO - Gpu Temp Celsius Avg     : 48.9444
2025-11-26 15:52:17,861 - INFO - Gpu Temp Celsius Peak    : 57.0000
2025-11-26 15:52:17,861 - INFO - Gpu Utilization Percent Avg: 19.0833
2025-11-26 15:52:17,861 - INFO - Gpu Utilization Percent Peak: 100.0000
2025-11-26 15:52:17,861 - INFO - Gpu Mem Used Bytes Avg   : 19676725248.0000
2025-11-26 15:52:17,861 - INFO - Gpu Mem Used Bytes Peak  : 19676725248.0000
2025-11-26 15:52:17,861 - INFO - Gpu Vram Used Bytes      : 19676725248.0000
2025-11-26 15:52:17,861 - INFO - Accuracy                 : 0.1099
2025-11-26 15:52:17,861 - INFO - Precision                : 0.0897
2025-11-26 15:52:17,861 - INFO - Recall                   : 0.1099
2025-11-26 15:52:17,861 - INFO - F1 Score                 : 0.0833
2025-11-26 15:52:17,861 - INFO - ==================================================
2025-11-26 15:52:41,910 - INFO - Época 35 concluída. Loss média: 4.5357
2025-11-26 15:52:41,910 - INFO - Taxa de aprendizado ajustada para: 0.010000
2025-11-26 15:52:41,911 - INFO - Iniciando inferência com o modelo SqueezeNet...
2025-11-26 15:52:45,383 - INFO - ==================================================
2025-11-26 15:52:45,383 - INFO - EXPERIMENT RESULTS
2025-11-26 15:52:45,383 - INFO - ==================================================
2025-11-26 15:52:45,383 - INFO - Elapsed Time Seconds     : 3.4492
2025-11-26 15:52:45,383 - INFO - Cpu Usage Percent        : 1.8469
2025-11-26 15:52:45,383 - INFO - Ram Peak Usage Bytes     : 27329843200.0000
2025-11-26 15:52:45,383 - INFO - Disk Read Bytes          : 0.0000
2025-11-26 15:52:45,383 - INFO - Disk Write Bytes         : 0.0000
2025-11-26 15:52:45,383 - INFO - Vram Peak Usage Bytes    : 6429543804.0000
2025-11-26 15:52:45,383 - INFO - Gpu Power Watts Avg      : 109.8130
2025-11-26 15:52:45,383 - INFO - Gpu Power Watts Peak     : 269.0020
2025-11-26 15:52:45,383 - INFO - Gpu Temp Celsius Avg     : 49.1765
2025-11-26 15:52:45,383 - INFO - Gpu Temp Celsius Peak    : 58.0000
2025-11-26 15:52:45,383 - INFO - Gpu Utilization Percent Avg: 19.2647
2025-11-26 15:52:45,383 - INFO - Gpu Utilization Percent Peak: 100.0000
2025-11-26 15:52:45,383 - INFO - Gpu Mem Used Bytes Avg   : 19676725248.0000
2025-11-26 15:52:45,383 - INFO - Gpu Mem Used Bytes Peak  : 19676725248.0000
2025-11-26 15:52:45,383 - INFO - Gpu Vram Used Bytes      : 19676725248.0000
2025-11-26 15:52:45,384 - INFO - Accuracy                 : 0.1123
2025-11-26 15:52:45,384 - INFO - Precision                : 0.0885
2025-11-26 15:52:45,384 - INFO - Recall                   : 0.1123
2025-11-26 15:52:45,384 - INFO - F1 Score                 : 0.0838
2025-11-26 15:52:45,384 - INFO - ==================================================
2025-11-26 15:53:09,383 - INFO - Época 36 concluída. Loss média: 4.5209
2025-11-26 15:53:09,383 - INFO - Taxa de aprendizado ajustada para: 0.010000
2025-11-26 15:53:09,384 - INFO - Iniciando inferência com o modelo SqueezeNet...
2025-11-26 15:53:12,653 - INFO - ==================================================
2025-11-26 15:53:12,653 - INFO - EXPERIMENT RESULTS
2025-11-26 15:53:12,653 - INFO - ==================================================
2025-11-26 15:53:12,653 - INFO - Elapsed Time Seconds     : 3.2463
2025-11-26 15:53:12,653 - INFO - Cpu Usage Percent        : 1.9531
2025-11-26 15:53:12,653 - INFO - Ram Peak Usage Bytes     : 27330572288.0000
2025-11-26 15:53:12,653 - INFO - Disk Read Bytes          : 0.0000
2025-11-26 15:53:12,653 - INFO - Disk Write Bytes         : 192512.0000
2025-11-26 15:53:12,653 - INFO - Vram Peak Usage Bytes    : 6429543804.0000
2025-11-26 15:53:12,653 - INFO - Gpu Power Watts Avg      : 114.0705
2025-11-26 15:53:12,653 - INFO - Gpu Power Watts Peak     : 268.8340
2025-11-26 15:53:12,654 - INFO - Gpu Temp Celsius Avg     : 49.6250
2025-11-26 15:53:12,654 - INFO - Gpu Temp Celsius Peak    : 58.0000
2025-11-26 15:53:12,654 - INFO - Gpu Utilization Percent Avg: 20.3125
2025-11-26 15:53:12,654 - INFO - Gpu Utilization Percent Peak: 100.0000
2025-11-26 15:53:12,654 - INFO - Gpu Mem Used Bytes Avg   : 19676725248.0000
2025-11-26 15:53:12,654 - INFO - Gpu Mem Used Bytes Peak  : 19676725248.0000
2025-11-26 15:53:12,654 - INFO - Gpu Vram Used Bytes      : 19676725248.0000
2025-11-26 15:53:12,654 - INFO - Accuracy                 : 0.1115
2025-11-26 15:53:12,654 - INFO - Precision                : 0.0898
2025-11-26 15:53:12,654 - INFO - Recall                   : 0.1115
2025-11-26 15:53:12,654 - INFO - F1 Score                 : 0.0828
2025-11-26 15:53:12,654 - INFO - ==================================================
2025-11-26 15:53:35,770 - INFO - Época 37 concluída. Loss média: 4.5175
2025-11-26 15:53:35,770 - INFO - Taxa de aprendizado ajustada para: 0.010000
2025-11-26 15:53:35,770 - INFO - Iniciando inferência com o modelo SqueezeNet...
2025-11-26 15:53:38,729 - INFO - ==================================================
2025-11-26 15:53:38,729 - INFO - EXPERIMENT RESULTS
2025-11-26 15:53:38,729 - INFO - ==================================================
2025-11-26 15:53:38,729 - INFO - Elapsed Time Seconds     : 2.9360
2025-11-26 15:53:38,729 - INFO - Cpu Usage Percent        : 2.1406
2025-11-26 15:53:38,729 - INFO - Ram Peak Usage Bytes     : 27330600960.0000
2025-11-26 15:53:38,729 - INFO - Disk Read Bytes          : 0.0000
2025-11-26 15:53:38,729 - INFO - Disk Write Bytes         : 446464.0000
2025-11-26 15:53:38,729 - INFO - Vram Peak Usage Bytes    : 6429543804.0000
2025-11-26 15:53:38,729 - INFO - Gpu Power Watts Avg      : 123.8509
2025-11-26 15:53:38,729 - INFO - Gpu Power Watts Peak     : 285.8480
2025-11-26 15:53:38,729 - INFO - Gpu Temp Celsius Avg     : 50.2069
2025-11-26 15:53:38,729 - INFO - Gpu Temp Celsius Peak    : 57.0000
2025-11-26 15:53:38,729 - INFO - Gpu Utilization Percent Avg: 26.7241
2025-11-26 15:53:38,729 - INFO - Gpu Utilization Percent Peak: 100.0000
2025-11-26 15:53:38,729 - INFO - Gpu Mem Used Bytes Avg   : 19676725248.0000
2025-11-26 15:53:38,729 - INFO - Gpu Mem Used Bytes Peak  : 19676725248.0000
2025-11-26 15:53:38,729 - INFO - Gpu Vram Used Bytes      : 19676725248.0000
2025-11-26 15:53:38,729 - INFO - Accuracy                 : 0.1162
2025-11-26 15:53:38,729 - INFO - Precision                : 0.1020
2025-11-26 15:53:38,729 - INFO - Recall                   : 0.1162
2025-11-26 15:53:38,729 - INFO - F1 Score                 : 0.0892
2025-11-26 15:53:38,729 - INFO - ==================================================
2025-11-26 15:54:01,916 - INFO - Época 38 concluída. Loss média: 4.5076
2025-11-26 15:54:01,916 - INFO - Taxa de aprendizado ajustada para: 0.010000
2025-11-26 15:54:01,917 - INFO - Iniciando inferência com o modelo SqueezeNet...
2025-11-26 15:54:05,083 - INFO - ==================================================
2025-11-26 15:54:05,083 - INFO - EXPERIMENT RESULTS
2025-11-26 15:54:05,083 - INFO - ==================================================
2025-11-26 15:54:05,083 - INFO - Elapsed Time Seconds     : 3.1434
2025-11-26 15:54:05,083 - INFO - Cpu Usage Percent        : 2.0469
2025-11-26 15:54:05,083 - INFO - Ram Peak Usage Bytes     : 27330605056.0000
2025-11-26 15:54:05,083 - INFO - Disk Read Bytes          : 0.0000
2025-11-26 15:54:05,083 - INFO - Disk Write Bytes         : 4096.0000
2025-11-26 15:54:05,083 - INFO - Vram Peak Usage Bytes    : 6429543804.0000
2025-11-26 15:54:05,083 - INFO - Gpu Power Watts Avg      : 116.8897
2025-11-26 15:54:05,083 - INFO - Gpu Power Watts Peak     : 277.3670
2025-11-26 15:54:05,083 - INFO - Gpu Temp Celsius Avg     : 49.6452
2025-11-26 15:54:05,083 - INFO - Gpu Temp Celsius Peak    : 59.0000
2025-11-26 15:54:05,084 - INFO - Gpu Utilization Percent Avg: 18.9677
2025-11-26 15:54:05,084 - INFO - Gpu Utilization Percent Peak: 100.0000
2025-11-26 15:54:05,084 - INFO - Gpu Mem Used Bytes Avg   : 19676725248.0000
2025-11-26 15:54:05,084 - INFO - Gpu Mem Used Bytes Peak  : 19676725248.0000
2025-11-26 15:54:05,084 - INFO - Gpu Vram Used Bytes      : 19676725248.0000
2025-11-26 15:54:05,084 - INFO - Accuracy                 : 0.1159
2025-11-26 15:54:05,084 - INFO - Precision                : 0.0939
2025-11-26 15:54:05,084 - INFO - Recall                   : 0.1159
2025-11-26 15:54:05,084 - INFO - F1 Score                 : 0.0885
2025-11-26 15:54:05,084 - INFO - ==================================================
2025-11-26 15:54:28,486 - INFO - Época 39 concluída. Loss média: 4.4984
2025-11-26 15:54:28,486 - INFO - Taxa de aprendizado ajustada para: 0.010000
2025-11-26 15:54:28,487 - INFO - Iniciando inferência com o modelo SqueezeNet...
2025-11-26 15:54:32,278 - INFO - ==================================================
2025-11-26 15:54:32,278 - INFO - EXPERIMENT RESULTS
2025-11-26 15:54:32,278 - INFO - ==================================================
2025-11-26 15:54:32,278 - INFO - Elapsed Time Seconds     : 3.7680
2025-11-26 15:54:32,278 - INFO - Cpu Usage Percent        : 2.4312
2025-11-26 15:54:32,278 - INFO - Ram Peak Usage Bytes     : 27330711552.0000
2025-11-26 15:54:32,278 - INFO - Disk Read Bytes          : 0.0000
2025-11-26 15:54:32,278 - INFO - Disk Write Bytes         : 348160.0000
2025-11-26 15:54:32,278 - INFO - Vram Peak Usage Bytes    : 6429543804.0000
2025-11-26 15:54:32,278 - INFO - Gpu Power Watts Avg      : 100.4413
2025-11-26 15:54:32,278 - INFO - Gpu Power Watts Peak     : 269.5450
2025-11-26 15:54:32,278 - INFO - Gpu Temp Celsius Avg     : 49.0541
2025-11-26 15:54:32,279 - INFO - Gpu Temp Celsius Peak    : 57.0000
2025-11-26 15:54:32,279 - INFO - Gpu Utilization Percent Avg: 15.8378
2025-11-26 15:54:32,279 - INFO - Gpu Utilization Percent Peak: 100.0000
2025-11-26 15:54:32,279 - INFO - Gpu Mem Used Bytes Avg   : 19676725248.0000
2025-11-26 15:54:32,279 - INFO - Gpu Mem Used Bytes Peak  : 19676725248.0000
2025-11-26 15:54:32,279 - INFO - Gpu Vram Used Bytes      : 19676725248.0000
2025-11-26 15:54:32,279 - INFO - Accuracy                 : 0.1145
2025-11-26 15:54:32,279 - INFO - Precision                : 0.0971
2025-11-26 15:54:32,279 - INFO - Recall                   : 0.1145
2025-11-26 15:54:32,279 - INFO - F1 Score                 : 0.0866
2025-11-26 15:54:32,279 - INFO - ==================================================
2025-11-26 15:54:55,392 - INFO - Época 40 concluída. Loss média: 4.4957
2025-11-26 15:54:55,392 - INFO - Taxa de aprendizado ajustada para: 0.010000
2025-11-26 15:54:55,393 - INFO - Iniciando inferência com o modelo SqueezeNet...
2025-11-26 15:54:59,454 - INFO - ==================================================
2025-11-26 15:54:59,454 - INFO - EXPERIMENT RESULTS
2025-11-26 15:54:59,454 - INFO - ==================================================
2025-11-26 15:54:59,454 - INFO - Elapsed Time Seconds     : 4.0386
2025-11-26 15:54:59,454 - INFO - Cpu Usage Percent        : 2.2219
2025-11-26 15:54:59,454 - INFO - Ram Peak Usage Bytes     : 27330715648.0000
2025-11-26 15:54:59,454 - INFO - Disk Read Bytes          : 0.0000
2025-11-26 15:54:59,454 - INFO - Disk Write Bytes         : 401408.0000
2025-11-26 15:54:59,454 - INFO - Vram Peak Usage Bytes    : 6429543804.0000
2025-11-26 15:54:59,454 - INFO - Gpu Power Watts Avg      : 94.2515
2025-11-26 15:54:59,455 - INFO - Gpu Power Watts Peak     : 276.5480
2025-11-26 15:54:59,455 - INFO - Gpu Temp Celsius Avg     : 48.7000
2025-11-26 15:54:59,455 - INFO - Gpu Temp Celsius Peak    : 59.0000
2025-11-26 15:54:59,455 - INFO - Gpu Utilization Percent Avg: 13.9000
2025-11-26 15:54:59,455 - INFO - Gpu Utilization Percent Peak: 100.0000
2025-11-26 15:54:59,455 - INFO - Gpu Mem Used Bytes Avg   : 19676725248.0000
2025-11-26 15:54:59,455 - INFO - Gpu Mem Used Bytes Peak  : 19676725248.0000
2025-11-26 15:54:59,455 - INFO - Gpu Vram Used Bytes      : 19676725248.0000
2025-11-26 15:54:59,455 - INFO - Accuracy                 : 0.1168
2025-11-26 15:54:59,455 - INFO - Precision                : 0.0985
2025-11-26 15:54:59,455 - INFO - Recall                   : 0.1168
2025-11-26 15:54:59,455 - INFO - F1 Score                 : 0.0889
2025-11-26 15:54:59,455 - INFO - ==================================================
2025-11-26 15:55:22,732 - INFO - Época 41 concluída. Loss média: 4.4937
2025-11-26 15:55:22,732 - INFO - Taxa de aprendizado ajustada para: 0.010000
2025-11-26 15:55:22,733 - INFO - Iniciando inferência com o modelo SqueezeNet...
2025-11-26 15:55:25,900 - INFO - ==================================================
2025-11-26 15:55:25,900 - INFO - EXPERIMENT RESULTS
2025-11-26 15:55:25,900 - INFO - ==================================================
2025-11-26 15:55:25,900 - INFO - Elapsed Time Seconds     : 3.1441
2025-11-26 15:55:25,900 - INFO - Cpu Usage Percent        : 2.0187
2025-11-26 15:55:25,900 - INFO - Ram Peak Usage Bytes     : 27330719744.0000
2025-11-26 15:55:25,900 - INFO - Disk Read Bytes          : 0.0000
2025-11-26 15:55:25,900 - INFO - Disk Write Bytes         : 0.0000
2025-11-26 15:55:25,900 - INFO - Vram Peak Usage Bytes    : 6429543804.0000
2025-11-26 15:55:25,900 - INFO - Gpu Power Watts Avg      : 124.2635
2025-11-26 15:55:25,900 - INFO - Gpu Power Watts Peak     : 289.3450
2025-11-26 15:55:25,900 - INFO - Gpu Temp Celsius Avg     : 49.8710
2025-11-26 15:55:25,900 - INFO - Gpu Temp Celsius Peak    : 58.0000
2025-11-26 15:55:25,900 - INFO - Gpu Utilization Percent Avg: 24.5161
2025-11-26 15:55:25,900 - INFO - Gpu Utilization Percent Peak: 100.0000
2025-11-26 15:55:25,900 - INFO - Gpu Mem Used Bytes Avg   : 19676725248.0000
2025-11-26 15:55:25,900 - INFO - Gpu Mem Used Bytes Peak  : 19676725248.0000
2025-11-26 15:55:25,900 - INFO - Gpu Vram Used Bytes      : 19676725248.0000
2025-11-26 15:55:25,900 - INFO - Accuracy                 : 0.1100
2025-11-26 15:55:25,900 - INFO - Precision                : 0.0914
2025-11-26 15:55:25,900 - INFO - Recall                   : 0.1100
2025-11-26 15:55:25,900 - INFO - F1 Score                 : 0.0833
2025-11-26 15:55:25,900 - INFO - ==================================================
2025-11-26 15:55:49,103 - INFO - Época 42 concluída. Loss média: 4.4852
2025-11-26 15:55:49,103 - INFO - Taxa de aprendizado ajustada para: 0.010000
2025-11-26 15:55:49,104 - INFO - Iniciando inferência com o modelo SqueezeNet...
2025-11-26 15:55:52,273 - INFO - ==================================================
2025-11-26 15:55:52,273 - INFO - EXPERIMENT RESULTS
2025-11-26 15:55:52,273 - INFO - ==================================================
2025-11-26 15:55:52,273 - INFO - Elapsed Time Seconds     : 3.1459
2025-11-26 15:55:52,273 - INFO - Cpu Usage Percent        : 1.9656
2025-11-26 15:55:52,273 - INFO - Ram Peak Usage Bytes     : 27330736128.0000
2025-11-26 15:55:52,273 - INFO - Disk Read Bytes          : 0.0000
2025-11-26 15:55:52,273 - INFO - Disk Write Bytes         : 0.0000
2025-11-26 15:55:52,273 - INFO - Vram Peak Usage Bytes    : 6429543804.0000
2025-11-26 15:55:52,273 - INFO - Gpu Power Watts Avg      : 122.5392
2025-11-26 15:55:52,273 - INFO - Gpu Power Watts Peak     : 283.4410
2025-11-26 15:55:52,273 - INFO - Gpu Temp Celsius Avg     : 49.8710
2025-11-26 15:55:52,273 - INFO - Gpu Temp Celsius Peak    : 59.0000
2025-11-26 15:55:52,273 - INFO - Gpu Utilization Percent Avg: 24.2581
2025-11-26 15:55:52,273 - INFO - Gpu Utilization Percent Peak: 100.0000
2025-11-26 15:55:52,273 - INFO - Gpu Mem Used Bytes Avg   : 19676725248.0000
2025-11-26 15:55:52,273 - INFO - Gpu Mem Used Bytes Peak  : 19676725248.0000
2025-11-26 15:55:52,273 - INFO - Gpu Vram Used Bytes      : 19676725248.0000
2025-11-26 15:55:52,274 - INFO - Accuracy                 : 0.1179
2025-11-26 15:55:52,274 - INFO - Precision                : 0.0963
2025-11-26 15:55:52,274 - INFO - Recall                   : 0.1179
2025-11-26 15:55:52,274 - INFO - F1 Score                 : 0.0904
2025-11-26 15:55:52,274 - INFO - ==================================================
2025-11-26 15:56:15,079 - INFO - Época 43 concluída. Loss média: 4.4757
2025-11-26 15:56:15,079 - INFO - Taxa de aprendizado ajustada para: 0.010000
2025-11-26 15:56:15,080 - INFO - Iniciando inferência com o modelo SqueezeNet...
2025-11-26 15:56:18,856 - INFO - ==================================================
2025-11-26 15:56:18,856 - INFO - EXPERIMENT RESULTS
2025-11-26 15:56:18,856 - INFO - ==================================================
2025-11-26 15:56:18,856 - INFO - Elapsed Time Seconds     : 3.7535
2025-11-26 15:56:18,856 - INFO - Cpu Usage Percent        : 2.4469
2025-11-26 15:56:18,857 - INFO - Ram Peak Usage Bytes     : 27330732032.0000
2025-11-26 15:56:18,857 - INFO - Disk Read Bytes          : 0.0000
2025-11-26 15:56:18,857 - INFO - Disk Write Bytes         : 466944.0000
2025-11-26 15:56:18,857 - INFO - Vram Peak Usage Bytes    : 6429543804.0000
2025-11-26 15:56:18,857 - INFO - Gpu Power Watts Avg      : 106.6629
2025-11-26 15:56:18,857 - INFO - Gpu Power Watts Peak     : 273.8460
2025-11-26 15:56:18,857 - INFO - Gpu Temp Celsius Avg     : 49.4054
2025-11-26 15:56:18,857 - INFO - Gpu Temp Celsius Peak    : 58.0000
2025-11-26 15:56:18,857 - INFO - Gpu Utilization Percent Avg: 16.6216
2025-11-26 15:56:18,857 - INFO - Gpu Utilization Percent Peak: 100.0000
2025-11-26 15:56:18,857 - INFO - Gpu Mem Used Bytes Avg   : 19676725248.0000
2025-11-26 15:56:18,857 - INFO - Gpu Mem Used Bytes Peak  : 19676725248.0000
2025-11-26 15:56:18,857 - INFO - Gpu Vram Used Bytes      : 19676725248.0000
2025-11-26 15:56:18,857 - INFO - Accuracy                 : 0.1209
2025-11-26 15:56:18,857 - INFO - Precision                : 0.0995
2025-11-26 15:56:18,857 - INFO - Recall                   : 0.1209
2025-11-26 15:56:18,857 - INFO - F1 Score                 : 0.0937
2025-11-26 15:56:18,857 - INFO - ==================================================
2025-11-26 15:56:44,999 - INFO - Época 44 concluída. Loss média: 4.4680
2025-11-26 15:56:45,000 - INFO - Taxa de aprendizado ajustada para: 0.010000
2025-11-26 15:56:45,001 - INFO - Iniciando inferência com o modelo SqueezeNet...
2025-11-26 15:56:48,873 - INFO - ==================================================
2025-11-26 15:56:48,873 - INFO - EXPERIMENT RESULTS
2025-11-26 15:56:48,873 - INFO - ==================================================
2025-11-26 15:56:48,873 - INFO - Elapsed Time Seconds     : 3.8497
2025-11-26 15:56:48,873 - INFO - Cpu Usage Percent        : 2.3469
2025-11-26 15:56:48,873 - INFO - Ram Peak Usage Bytes     : 27330736128.0000
2025-11-26 15:56:48,873 - INFO - Disk Read Bytes          : 0.0000
2025-11-26 15:56:48,873 - INFO - Disk Write Bytes         : 139264.0000
2025-11-26 15:56:48,873 - INFO - Vram Peak Usage Bytes    : 6429543804.0000
2025-11-26 15:56:48,873 - INFO - Gpu Power Watts Avg      : 109.3455
2025-11-26 15:56:48,873 - INFO - Gpu Power Watts Peak     : 289.5770
2025-11-26 15:56:48,873 - INFO - Gpu Temp Celsius Avg     : 48.9737
2025-11-26 15:56:48,873 - INFO - Gpu Temp Celsius Peak    : 57.0000
2025-11-26 15:56:48,873 - INFO - Gpu Utilization Percent Avg: 19.3158
2025-11-26 15:56:48,874 - INFO - Gpu Utilization Percent Peak: 100.0000
2025-11-26 15:56:48,874 - INFO - Gpu Mem Used Bytes Avg   : 19676725248.0000
2025-11-26 15:56:48,874 - INFO - Gpu Mem Used Bytes Peak  : 19676725248.0000
2025-11-26 15:56:48,874 - INFO - Gpu Vram Used Bytes      : 19676725248.0000
2025-11-26 15:56:48,874 - INFO - Accuracy                 : 0.1214
2025-11-26 15:56:48,874 - INFO - Precision                : 0.0995
2025-11-26 15:56:48,874 - INFO - Recall                   : 0.1214
2025-11-26 15:56:48,874 - INFO - F1 Score                 : 0.0933
2025-11-26 15:56:48,874 - INFO - ==================================================
2025-11-26 15:57:11,581 - INFO - Época 45 concluída. Loss média: 4.4595
2025-11-26 15:57:11,582 - INFO - Taxa de aprendizado ajustada para: 0.010000
2025-11-26 15:57:11,583 - INFO - Iniciando inferência com o modelo SqueezeNet...
2025-11-26 15:57:15,386 - INFO - ==================================================
2025-11-26 15:57:15,386 - INFO - EXPERIMENT RESULTS
2025-11-26 15:57:15,386 - INFO - ==================================================
2025-11-26 15:57:15,386 - INFO - Elapsed Time Seconds     : 3.7808
2025-11-26 15:57:15,386 - INFO - Cpu Usage Percent        : 2.3469
2025-11-26 15:57:15,386 - INFO - Ram Peak Usage Bytes     : 27330736128.0000
2025-11-26 15:57:15,386 - INFO - Disk Read Bytes          : 0.0000
2025-11-26 15:57:15,387 - INFO - Disk Write Bytes         : 212992.0000
2025-11-26 15:57:15,387 - INFO - Vram Peak Usage Bytes    : 6429543804.0000
2025-11-26 15:57:15,387 - INFO - Gpu Power Watts Avg      : 102.0512
2025-11-26 15:57:15,387 - INFO - Gpu Power Watts Peak     : 282.9330
2025-11-26 15:57:15,387 - INFO - Gpu Temp Celsius Avg     : 48.7568
2025-11-26 15:57:15,387 - INFO - Gpu Temp Celsius Peak    : 57.0000
2025-11-26 15:57:15,387 - INFO - Gpu Utilization Percent Avg: 16.3243
2025-11-26 15:57:15,387 - INFO - Gpu Utilization Percent Peak: 100.0000
2025-11-26 15:57:15,387 - INFO - Gpu Mem Used Bytes Avg   : 19676725248.0000
2025-11-26 15:57:15,387 - INFO - Gpu Mem Used Bytes Peak  : 19676725248.0000
2025-11-26 15:57:15,387 - INFO - Gpu Vram Used Bytes      : 19676725248.0000
2025-11-26 15:57:15,387 - INFO - Accuracy                 : 0.1205
2025-11-26 15:57:15,387 - INFO - Precision                : 0.1034
2025-11-26 15:57:15,387 - INFO - Recall                   : 0.1205
2025-11-26 15:57:15,387 - INFO - F1 Score                 : 0.0938
2025-11-26 15:57:15,387 - INFO - ==================================================
2025-11-26 15:57:39,422 - INFO - Época 46 concluída. Loss média: 4.4612
2025-11-26 15:57:39,422 - INFO - Taxa de aprendizado ajustada para: 0.010000
2025-11-26 15:57:39,423 - INFO - Iniciando inferência com o modelo SqueezeNet...
2025-11-26 15:57:43,116 - INFO - ==================================================
2025-11-26 15:57:43,116 - INFO - EXPERIMENT RESULTS
2025-11-26 15:57:43,116 - INFO - ==================================================
2025-11-26 15:57:43,116 - INFO - Elapsed Time Seconds     : 3.6700
2025-11-26 15:57:43,116 - INFO - Cpu Usage Percent        : 2.4781
2025-11-26 15:57:43,116 - INFO - Ram Peak Usage Bytes     : 27330736128.0000
2025-11-26 15:57:43,116 - INFO - Disk Read Bytes          : 0.0000
2025-11-26 15:57:43,116 - INFO - Disk Write Bytes         : 282624.0000
2025-11-26 15:57:43,116 - INFO - Vram Peak Usage Bytes    : 6429543804.0000
2025-11-26 15:57:43,116 - INFO - Gpu Power Watts Avg      : 106.6237
2025-11-26 15:57:43,116 - INFO - Gpu Power Watts Peak     : 273.3420
2025-11-26 15:57:43,116 - INFO - Gpu Temp Celsius Avg     : 48.8056
2025-11-26 15:57:43,116 - INFO - Gpu Temp Celsius Peak    : 58.0000
2025-11-26 15:57:43,116 - INFO - Gpu Utilization Percent Avg: 15.7778
2025-11-26 15:57:43,116 - INFO - Gpu Utilization Percent Peak: 100.0000
2025-11-26 15:57:43,116 - INFO - Gpu Mem Used Bytes Avg   : 19676725248.0000
2025-11-26 15:57:43,116 - INFO - Gpu Mem Used Bytes Peak  : 19676725248.0000
2025-11-26 15:57:43,116 - INFO - Gpu Vram Used Bytes      : 19676725248.0000
2025-11-26 15:57:43,116 - INFO - Accuracy                 : 0.1261
2025-11-26 15:57:43,116 - INFO - Precision                : 0.1042
2025-11-26 15:57:43,117 - INFO - Recall                   : 0.1261
2025-11-26 15:57:43,117 - INFO - F1 Score                 : 0.0993
2025-11-26 15:57:43,117 - INFO - ==================================================
2025-11-26 15:58:05,968 - INFO - Época 47 concluída. Loss média: 4.4475
2025-11-26 15:58:05,969 - INFO - Taxa de aprendizado ajustada para: 0.010000
2025-11-26 15:58:05,970 - INFO - Iniciando inferência com o modelo SqueezeNet...
2025-11-26 15:58:09,461 - INFO - ==================================================
2025-11-26 15:58:09,462 - INFO - EXPERIMENT RESULTS
2025-11-26 15:58:09,462 - INFO - ==================================================
2025-11-26 15:58:09,462 - INFO - Elapsed Time Seconds     : 3.4691
2025-11-26 15:58:09,462 - INFO - Cpu Usage Percent        : 1.8656
2025-11-26 15:58:09,462 - INFO - Ram Peak Usage Bytes     : 27330740224.0000
2025-11-26 15:58:09,462 - INFO - Disk Read Bytes          : 0.0000
2025-11-26 15:58:09,462 - INFO - Disk Write Bytes         : 126976.0000
2025-11-26 15:58:09,462 - INFO - Vram Peak Usage Bytes    : 6429543804.0000
2025-11-26 15:58:09,462 - INFO - Gpu Power Watts Avg      : 118.5029
2025-11-26 15:58:09,462 - INFO - Gpu Power Watts Peak     : 287.8490
2025-11-26 15:58:09,462 - INFO - Gpu Temp Celsius Avg     : 49.4412
2025-11-26 15:58:09,462 - INFO - Gpu Temp Celsius Peak    : 59.0000
2025-11-26 15:58:09,462 - INFO - Gpu Utilization Percent Avg: 20.5294
2025-11-26 15:58:09,462 - INFO - Gpu Utilization Percent Peak: 100.0000
2025-11-26 15:58:09,462 - INFO - Gpu Mem Used Bytes Avg   : 19676725248.0000
2025-11-26 15:58:09,462 - INFO - Gpu Mem Used Bytes Peak  : 19676725248.0000
2025-11-26 15:58:09,462 - INFO - Gpu Vram Used Bytes      : 19676725248.0000
2025-11-26 15:58:09,462 - INFO - Accuracy                 : 0.1269
2025-11-26 15:58:09,462 - INFO - Precision                : 0.1040
2025-11-26 15:58:09,462 - INFO - Recall                   : 0.1269
2025-11-26 15:58:09,462 - INFO - F1 Score                 : 0.0995
2025-11-26 15:58:09,462 - INFO - ==================================================
2025-11-26 15:58:35,889 - INFO - Época 48 concluída. Loss média: 4.4459
2025-11-26 15:58:35,889 - INFO - Taxa de aprendizado ajustada para: 0.010000
2025-11-26 15:58:35,890 - INFO - Iniciando inferência com o modelo SqueezeNet...
2025-11-26 15:58:39,178 - INFO - ==================================================
2025-11-26 15:58:39,178 - INFO - EXPERIMENT RESULTS
2025-11-26 15:58:39,178 - INFO - ==================================================
2025-11-26 15:58:39,178 - INFO - Elapsed Time Seconds     : 3.2653
2025-11-26 15:58:39,178 - INFO - Cpu Usage Percent        : 1.9719
2025-11-26 15:58:39,178 - INFO - Ram Peak Usage Bytes     : 27330740224.0000
2025-11-26 15:58:39,178 - INFO - Disk Read Bytes          : 0.0000
2025-11-26 15:58:39,179 - INFO - Disk Write Bytes         : 0.0000
2025-11-26 15:58:39,179 - INFO - Vram Peak Usage Bytes    : 6429543804.0000
2025-11-26 15:58:39,179 - INFO - Gpu Power Watts Avg      : 119.4715
2025-11-26 15:58:39,179 - INFO - Gpu Power Watts Peak     : 289.9560
2025-11-26 15:58:39,179 - INFO - Gpu Temp Celsius Avg     : 49.0312
2025-11-26 15:58:39,179 - INFO - Gpu Temp Celsius Peak    : 56.0000
2025-11-26 15:58:39,179 - INFO - Gpu Utilization Percent Avg: 17.3750
2025-11-26 15:58:39,179 - INFO - Gpu Utilization Percent Peak: 100.0000
2025-11-26 15:58:39,179 - INFO - Gpu Mem Used Bytes Avg   : 19676725248.0000
2025-11-26 15:58:39,179 - INFO - Gpu Mem Used Bytes Peak  : 19676725248.0000
2025-11-26 15:58:39,179 - INFO - Gpu Vram Used Bytes      : 19676725248.0000
2025-11-26 15:58:39,179 - INFO - Accuracy                 : 0.1250
2025-11-26 15:58:39,179 - INFO - Precision                : 0.1047
2025-11-26 15:58:39,179 - INFO - Recall                   : 0.1250
2025-11-26 15:58:39,179 - INFO - F1 Score                 : 0.0983
2025-11-26 15:58:39,179 - INFO - ==================================================
2025-11-26 15:59:02,178 - INFO - Época 49 concluída. Loss média: 4.4425
2025-11-26 15:59:02,178 - INFO - Taxa de aprendizado ajustada para: 0.010000
2025-11-26 15:59:02,179 - INFO - Iniciando inferência com o modelo SqueezeNet...
2025-11-26 15:59:05,557 - INFO - ==================================================
2025-11-26 15:59:05,557 - INFO - EXPERIMENT RESULTS
2025-11-26 15:59:05,557 - INFO - ==================================================
2025-11-26 15:59:05,557 - INFO - Elapsed Time Seconds     : 3.3546
2025-11-26 15:59:05,557 - INFO - Cpu Usage Percent        : 1.8906
2025-11-26 15:59:05,557 - INFO - Ram Peak Usage Bytes     : 27330744320.0000
2025-11-26 15:59:05,557 - INFO - Disk Read Bytes          : 0.0000
2025-11-26 15:59:05,557 - INFO - Disk Write Bytes         : 0.0000
2025-11-26 15:59:05,557 - INFO - Vram Peak Usage Bytes    : 6429543804.0000
2025-11-26 15:59:05,557 - INFO - Gpu Power Watts Avg      : 116.2848
2025-11-26 15:59:05,557 - INFO - Gpu Power Watts Peak     : 268.3970
2025-11-26 15:59:05,557 - INFO - Gpu Temp Celsius Avg     : 49.4242
2025-11-26 15:59:05,557 - INFO - Gpu Temp Celsius Peak    : 58.0000
2025-11-26 15:59:05,557 - INFO - Gpu Utilization Percent Avg: 20.6667
2025-11-26 15:59:05,557 - INFO - Gpu Utilization Percent Peak: 100.0000
2025-11-26 15:59:05,557 - INFO - Gpu Mem Used Bytes Avg   : 19676725248.0000
2025-11-26 15:59:05,557 - INFO - Gpu Mem Used Bytes Peak  : 19676725248.0000
2025-11-26 15:59:05,557 - INFO - Gpu Vram Used Bytes      : 19676725248.0000
2025-11-26 15:59:05,557 - INFO - Accuracy                 : 0.1259
2025-11-26 15:59:05,557 - INFO - Precision                : 0.1080
2025-11-26 15:59:05,557 - INFO - Recall                   : 0.1259
2025-11-26 15:59:05,557 - INFO - F1 Score                 : 0.0991
2025-11-26 15:59:05,557 - INFO - ==================================================
2025-11-26 15:59:32,013 - INFO - Época 50 concluída. Loss média: 4.4365
2025-11-26 15:59:32,013 - INFO - Taxa de aprendizado ajustada para: 0.010000
2025-11-26 15:59:32,014 - INFO - Iniciando inferência com o modelo SqueezeNet...
2025-11-26 15:59:35,337 - INFO - ==================================================
2025-11-26 15:59:35,337 - INFO - EXPERIMENT RESULTS
2025-11-26 15:59:35,337 - INFO - ==================================================
2025-11-26 15:59:35,337 - INFO - Elapsed Time Seconds     : 3.2992
2025-11-26 15:59:35,337 - INFO - Cpu Usage Percent        : 2.0063
2025-11-26 15:59:35,337 - INFO - Ram Peak Usage Bytes     : 27330871296.0000
2025-11-26 15:59:35,337 - INFO - Disk Read Bytes          : 0.0000
2025-11-26 15:59:35,337 - INFO - Disk Write Bytes         : 151552.0000
2025-11-26 15:59:35,337 - INFO - Vram Peak Usage Bytes    : 6429543804.0000
2025-11-26 15:59:35,337 - INFO - Gpu Power Watts Avg      : 108.1280
2025-11-26 15:59:35,337 - INFO - Gpu Power Watts Peak     : 247.2590
2025-11-26 15:59:35,337 - INFO - Gpu Temp Celsius Avg     : 49.0625
2025-11-26 15:59:35,337 - INFO - Gpu Temp Celsius Peak    : 58.0000
2025-11-26 15:59:35,337 - INFO - Gpu Utilization Percent Avg: 22.1562
2025-11-26 15:59:35,337 - INFO - Gpu Utilization Percent Peak: 100.0000
2025-11-26 15:59:35,337 - INFO - Gpu Mem Used Bytes Avg   : 19676725248.0000
2025-11-26 15:59:35,337 - INFO - Gpu Mem Used Bytes Peak  : 19676725248.0000
2025-11-26 15:59:35,337 - INFO - Gpu Vram Used Bytes      : 19676725248.0000
2025-11-26 15:59:35,337 - INFO - Accuracy                 : 0.1337
2025-11-26 15:59:35,337 - INFO - Precision                : 0.1100
2025-11-26 15:59:35,337 - INFO - Recall                   : 0.1337
2025-11-26 15:59:35,337 - INFO - F1 Score                 : 0.1072
2025-11-26 15:59:35,337 - INFO - ==================================================
2025-11-26 16:00:01,291 - INFO - Época 51 concluída. Loss média: 4.4198
2025-11-26 16:00:01,292 - INFO - Taxa de aprendizado ajustada para: 0.010000
2025-11-26 16:00:01,293 - INFO - Iniciando inferência com o modelo SqueezeNet...
2025-11-26 16:00:04,853 - INFO - ==================================================
2025-11-26 16:00:04,853 - INFO - EXPERIMENT RESULTS
2025-11-26 16:00:04,853 - INFO - ==================================================
2025-11-26 16:00:04,853 - INFO - Elapsed Time Seconds     : 3.5455
2025-11-26 16:00:04,853 - INFO - Cpu Usage Percent        : 1.8250
2025-11-26 16:00:04,853 - INFO - Ram Peak Usage Bytes     : 27330883584.0000
2025-11-26 16:00:04,853 - INFO - Disk Read Bytes          : 0.0000
2025-11-26 16:00:04,853 - INFO - Disk Write Bytes         : 360448.0000
2025-11-26 16:00:04,853 - INFO - Vram Peak Usage Bytes    : 6429543804.0000
2025-11-26 16:00:04,853 - INFO - Gpu Power Watts Avg      : 112.0913
2025-11-26 16:00:04,853 - INFO - Gpu Power Watts Peak     : 271.0530
2025-11-26 16:00:04,853 - INFO - Gpu Temp Celsius Avg     : 48.5714
2025-11-26 16:00:04,853 - INFO - Gpu Temp Celsius Peak    : 57.0000
2025-11-26 16:00:04,853 - INFO - Gpu Utilization Percent Avg: 16.8571
2025-11-26 16:00:04,853 - INFO - Gpu Utilization Percent Peak: 100.0000
2025-11-26 16:00:04,853 - INFO - Gpu Mem Used Bytes Avg   : 19676725248.0000
2025-11-26 16:00:04,853 - INFO - Gpu Mem Used Bytes Peak  : 19676725248.0000
2025-11-26 16:00:04,853 - INFO - Gpu Vram Used Bytes      : 19676725248.0000
2025-11-26 16:00:04,853 - INFO - Accuracy                 : 0.1328
2025-11-26 16:00:04,853 - INFO - Precision                : 0.1181
2025-11-26 16:00:04,853 - INFO - Recall                   : 0.1328
2025-11-26 16:00:04,853 - INFO - F1 Score                 : 0.1027
2025-11-26 16:00:04,853 - INFO - ==================================================
2025-11-26 16:00:28,380 - INFO - Época 52 concluída. Loss média: 4.4144
2025-11-26 16:00:28,380 - INFO - Taxa de aprendizado ajustada para: 0.010000
2025-11-26 16:00:28,380 - INFO - Iniciando inferência com o modelo SqueezeNet...
2025-11-26 16:00:31,342 - INFO - ==================================================
2025-11-26 16:00:31,342 - INFO - EXPERIMENT RESULTS
2025-11-26 16:00:31,342 - INFO - ==================================================
2025-11-26 16:00:31,342 - INFO - Elapsed Time Seconds     : 2.9391
2025-11-26 16:00:31,342 - INFO - Cpu Usage Percent        : 2.1375
2025-11-26 16:00:31,342 - INFO - Ram Peak Usage Bytes     : 27330895872.0000
2025-11-26 16:00:31,342 - INFO - Disk Read Bytes          : 0.0000
2025-11-26 16:00:31,342 - INFO - Disk Write Bytes         : 0.0000
2025-11-26 16:00:31,342 - INFO - Vram Peak Usage Bytes    : 6429543804.0000
2025-11-26 16:00:31,342 - INFO - Gpu Power Watts Avg      : 120.7099
2025-11-26 16:00:31,342 - INFO - Gpu Power Watts Peak     : 276.4500
2025-11-26 16:00:31,342 - INFO - Gpu Temp Celsius Avg     : 49.7586
2025-11-26 16:00:31,342 - INFO - Gpu Temp Celsius Peak    : 59.0000
2025-11-26 16:00:31,342 - INFO - Gpu Utilization Percent Avg: 20.7241
2025-11-26 16:00:31,343 - INFO - Gpu Utilization Percent Peak: 99.0000
2025-11-26 16:00:31,343 - INFO - Gpu Mem Used Bytes Avg   : 19676725248.0000
2025-11-26 16:00:31,343 - INFO - Gpu Mem Used Bytes Peak  : 19676725248.0000
2025-11-26 16:00:31,343 - INFO - Gpu Vram Used Bytes      : 19676725248.0000
2025-11-26 16:00:31,343 - INFO - Accuracy                 : 0.1324
2025-11-26 16:00:31,343 - INFO - Precision                : 0.1132
2025-11-26 16:00:31,343 - INFO - Recall                   : 0.1324
2025-11-26 16:00:31,343 - INFO - F1 Score                 : 0.1033
2025-11-26 16:00:31,343 - INFO - ==================================================
2025-11-26 16:00:58,128 - INFO - Época 53 concluída. Loss média: 4.4157
2025-11-26 16:00:58,128 - INFO - Taxa de aprendizado ajustada para: 0.010000
2025-11-26 16:00:58,129 - INFO - Iniciando inferência com o modelo SqueezeNet...
2025-11-26 16:01:01,210 - INFO - ==================================================
2025-11-26 16:01:01,210 - INFO - EXPERIMENT RESULTS
2025-11-26 16:01:01,210 - INFO - ==================================================
2025-11-26 16:01:01,210 - INFO - Elapsed Time Seconds     : 3.0579
2025-11-26 16:01:01,210 - INFO - Cpu Usage Percent        : 2.1156
2025-11-26 16:01:01,210 - INFO - Ram Peak Usage Bytes     : 27330899968.0000
2025-11-26 16:01:01,210 - INFO - Disk Read Bytes          : 0.0000
2025-11-26 16:01:01,210 - INFO - Disk Write Bytes         : 163840.0000
2025-11-26 16:01:01,210 - INFO - Vram Peak Usage Bytes    : 6429543804.0000
2025-11-26 16:01:01,210 - INFO - Gpu Power Watts Avg      : 116.7442
2025-11-26 16:01:01,210 - INFO - Gpu Power Watts Peak     : 287.0480
2025-11-26 16:01:01,210 - INFO - Gpu Temp Celsius Avg     : 49.1333
2025-11-26 16:01:01,210 - INFO - Gpu Temp Celsius Peak    : 59.0000
2025-11-26 16:01:01,210 - INFO - Gpu Utilization Percent Avg: 20.1000
2025-11-26 16:01:01,210 - INFO - Gpu Utilization Percent Peak: 100.0000
2025-11-26 16:01:01,211 - INFO - Gpu Mem Used Bytes Avg   : 19676725248.0000
2025-11-26 16:01:01,211 - INFO - Gpu Mem Used Bytes Peak  : 19676725248.0000
2025-11-26 16:01:01,211 - INFO - Gpu Vram Used Bytes      : 19676725248.0000
2025-11-26 16:01:01,211 - INFO - Accuracy                 : 0.1308
2025-11-26 16:01:01,211 - INFO - Precision                : 0.1271
2025-11-26 16:01:01,211 - INFO - Recall                   : 0.1308
2025-11-26 16:01:01,211 - INFO - F1 Score                 : 0.1042
2025-11-26 16:01:01,211 - INFO - ==================================================
2025-11-26 16:01:23,546 - INFO - Época 54 concluída. Loss média: 4.4034
2025-11-26 16:01:23,547 - INFO - Taxa de aprendizado ajustada para: 0.010000
2025-11-26 16:01:23,548 - INFO - Iniciando inferência com o modelo SqueezeNet...
2025-11-26 16:01:27,642 - INFO - ==================================================
2025-11-26 16:01:27,642 - INFO - EXPERIMENT RESULTS
2025-11-26 16:01:27,642 - INFO - ==================================================
2025-11-26 16:01:27,642 - INFO - Elapsed Time Seconds     : 4.0713
2025-11-26 16:01:27,642 - INFO - Cpu Usage Percent        : 2.2094
2025-11-26 16:01:27,642 - INFO - Ram Peak Usage Bytes     : 27330899968.0000
2025-11-26 16:01:27,642 - INFO - Disk Read Bytes          : 0.0000
2025-11-26 16:01:27,642 - INFO - Disk Write Bytes         : 16384.0000
2025-11-26 16:01:27,642 - INFO - Vram Peak Usage Bytes    : 6429543804.0000
2025-11-26 16:01:27,642 - INFO - Gpu Power Watts Avg      : 97.6926
2025-11-26 16:01:27,642 - INFO - Gpu Power Watts Peak     : 269.0090
2025-11-26 16:01:27,642 - INFO - Gpu Temp Celsius Avg     : 48.5000
2025-11-26 16:01:27,642 - INFO - Gpu Temp Celsius Peak    : 57.0000
2025-11-26 16:01:27,642 - INFO - Gpu Utilization Percent Avg: 15.0250
2025-11-26 16:01:27,642 - INFO - Gpu Utilization Percent Peak: 100.0000
2025-11-26 16:01:27,642 - INFO - Gpu Mem Used Bytes Avg   : 19676725248.0000
2025-11-26 16:01:27,642 - INFO - Gpu Mem Used Bytes Peak  : 19676725248.0000
2025-11-26 16:01:27,642 - INFO - Gpu Vram Used Bytes      : 19676725248.0000
2025-11-26 16:01:27,643 - INFO - Accuracy                 : 0.1295
2025-11-26 16:01:27,643 - INFO - Precision                : 0.1285
2025-11-26 16:01:27,643 - INFO - Recall                   : 0.1295
2025-11-26 16:01:27,643 - INFO - F1 Score                 : 0.1053
2025-11-26 16:01:27,643 - INFO - ==================================================
2025-11-26 16:01:50,614 - INFO - Época 55 concluída. Loss média: 4.4056
2025-11-26 16:01:50,614 - INFO - Taxa de aprendizado ajustada para: 0.010000
2025-11-26 16:01:50,615 - INFO - Iniciando inferência com o modelo SqueezeNet...
2025-11-26 16:01:53,982 - INFO - ==================================================
2025-11-26 16:01:53,982 - INFO - EXPERIMENT RESULTS
2025-11-26 16:01:53,982 - INFO - ==================================================
2025-11-26 16:01:53,982 - INFO - Elapsed Time Seconds     : 3.3436
2025-11-26 16:01:53,982 - INFO - Cpu Usage Percent        : 1.9344
2025-11-26 16:01:53,982 - INFO - Ram Peak Usage Bytes     : 27330899968.0000
2025-11-26 16:01:53,982 - INFO - Disk Read Bytes          : 0.0000
2025-11-26 16:01:53,982 - INFO - Disk Write Bytes         : 192512.0000
2025-11-26 16:01:53,982 - INFO - Vram Peak Usage Bytes    : 6429543804.0000
2025-11-26 16:01:53,982 - INFO - Gpu Power Watts Avg      : 118.5009
2025-11-26 16:01:53,982 - INFO - Gpu Power Watts Peak     : 290.0430
2025-11-26 16:01:53,982 - INFO - Gpu Temp Celsius Avg     : 49.6970
2025-11-26 16:01:53,982 - INFO - Gpu Temp Celsius Peak    : 58.0000
2025-11-26 16:01:53,982 - INFO - Gpu Utilization Percent Avg: 22.3939
2025-11-26 16:01:53,982 - INFO - Gpu Utilization Percent Peak: 100.0000
2025-11-26 16:01:53,982 - INFO - Gpu Mem Used Bytes Avg   : 19676725248.0000
2025-11-26 16:01:53,982 - INFO - Gpu Mem Used Bytes Peak  : 19676725248.0000
2025-11-26 16:01:53,982 - INFO - Gpu Vram Used Bytes      : 19676725248.0000
2025-11-26 16:01:53,982 - INFO - Accuracy                 : 0.1314
2025-11-26 16:01:53,982 - INFO - Precision                : 0.1183
2025-11-26 16:01:53,982 - INFO - Recall                   : 0.1314
2025-11-26 16:01:53,982 - INFO - F1 Score                 : 0.1031
2025-11-26 16:01:53,982 - INFO - ==================================================
2025-11-26 16:02:17,203 - INFO - Época 56 concluída. Loss média: 4.3971
2025-11-26 16:02:17,203 - INFO - Taxa de aprendizado ajustada para: 0.010000
2025-11-26 16:02:17,204 - INFO - Iniciando inferência com o modelo SqueezeNet...
2025-11-26 16:02:21,072 - INFO - ==================================================
2025-11-26 16:02:21,072 - INFO - EXPERIMENT RESULTS
2025-11-26 16:02:21,072 - INFO - ==================================================
2025-11-26 16:02:21,072 - INFO - Elapsed Time Seconds     : 3.8449
2025-11-26 16:02:21,072 - INFO - Cpu Usage Percent        : 2.3719
2025-11-26 16:02:21,072 - INFO - Ram Peak Usage Bytes     : 27330899968.0000
2025-11-26 16:02:21,072 - INFO - Disk Read Bytes          : 0.0000
2025-11-26 16:02:21,072 - INFO - Disk Write Bytes         : 0.0000
2025-11-26 16:02:21,072 - INFO - Vram Peak Usage Bytes    : 6429543804.0000
2025-11-26 16:02:21,072 - INFO - Gpu Power Watts Avg      : 102.4726
2025-11-26 16:02:21,072 - INFO - Gpu Power Watts Peak     : 286.6900
2025-11-26 16:02:21,072 - INFO - Gpu Temp Celsius Avg     : 48.7105
2025-11-26 16:02:21,072 - INFO - Gpu Temp Celsius Peak    : 57.0000
2025-11-26 16:02:21,072 - INFO - Gpu Utilization Percent Avg: 17.6579
2025-11-26 16:02:21,072 - INFO - Gpu Utilization Percent Peak: 100.0000
2025-11-26 16:02:21,072 - INFO - Gpu Mem Used Bytes Avg   : 19676725248.0000
2025-11-26 16:02:21,072 - INFO - Gpu Mem Used Bytes Peak  : 19676725248.0000
2025-11-26 16:02:21,072 - INFO - Gpu Vram Used Bytes      : 19676725248.0000
2025-11-26 16:02:21,072 - INFO - Accuracy                 : 0.1426
2025-11-26 16:02:21,072 - INFO - Precision                : 0.1355
2025-11-26 16:02:21,072 - INFO - Recall                   : 0.1426
2025-11-26 16:02:21,072 - INFO - F1 Score                 : 0.1166
2025-11-26 16:02:21,072 - INFO - ==================================================
2025-11-26 16:02:45,634 - INFO - Época 57 concluída. Loss média: 4.3813
2025-11-26 16:02:45,634 - INFO - Taxa de aprendizado ajustada para: 0.010000
2025-11-26 16:02:45,636 - INFO - Iniciando inferência com o modelo SqueezeNet...
2025-11-26 16:02:49,404 - INFO - ==================================================
2025-11-26 16:02:49,404 - INFO - EXPERIMENT RESULTS
2025-11-26 16:02:49,404 - INFO - ==================================================
2025-11-26 16:02:49,405 - INFO - Elapsed Time Seconds     : 3.7461
2025-11-26 16:02:49,405 - INFO - Cpu Usage Percent        : 2.4281
2025-11-26 16:02:49,405 - INFO - Ram Peak Usage Bytes     : 27330904064.0000
2025-11-26 16:02:49,405 - INFO - Disk Read Bytes          : 0.0000
2025-11-26 16:02:49,405 - INFO - Disk Write Bytes         : 196608.0000
2025-11-26 16:02:49,405 - INFO - Vram Peak Usage Bytes    : 6429543804.0000
2025-11-26 16:02:49,405 - INFO - Gpu Power Watts Avg      : 102.3128
2025-11-26 16:02:49,405 - INFO - Gpu Power Watts Peak     : 273.3100
2025-11-26 16:02:49,405 - INFO - Gpu Temp Celsius Avg     : 48.6486
2025-11-26 16:02:49,405 - INFO - Gpu Temp Celsius Peak    : 59.0000
2025-11-26 16:02:49,405 - INFO - Gpu Utilization Percent Avg: 14.9730
2025-11-26 16:02:49,405 - INFO - Gpu Utilization Percent Peak: 100.0000
2025-11-26 16:02:49,405 - INFO - Gpu Mem Used Bytes Avg   : 19676725248.0000
2025-11-26 16:02:49,405 - INFO - Gpu Mem Used Bytes Peak  : 19676725248.0000
2025-11-26 16:02:49,405 - INFO - Gpu Vram Used Bytes      : 19676725248.0000
2025-11-26 16:02:49,405 - INFO - Accuracy                 : 0.1411
2025-11-26 16:02:49,405 - INFO - Precision                : 0.1200
2025-11-26 16:02:49,405 - INFO - Recall                   : 0.1411
2025-11-26 16:02:49,405 - INFO - F1 Score                 : 0.1130
2025-11-26 16:02:49,405 - INFO - ==================================================
2025-11-26 16:03:12,087 - INFO - Época 58 concluída. Loss média: 4.3808
2025-11-26 16:03:12,087 - INFO - Taxa de aprendizado ajustada para: 0.010000
2025-11-26 16:03:12,088 - INFO - Iniciando inferência com o modelo SqueezeNet...
2025-11-26 16:03:15,944 - INFO - ==================================================
2025-11-26 16:03:15,945 - INFO - EXPERIMENT RESULTS
2025-11-26 16:03:15,945 - INFO - ==================================================
2025-11-26 16:03:15,945 - INFO - Elapsed Time Seconds     : 3.8333
2025-11-26 16:03:15,945 - INFO - Cpu Usage Percent        : 2.3563
2025-11-26 16:03:15,945 - INFO - Ram Peak Usage Bytes     : 27330904064.0000
2025-11-26 16:03:15,945 - INFO - Disk Read Bytes          : 0.0000
2025-11-26 16:03:15,945 - INFO - Disk Write Bytes         : 507904.0000
2025-11-26 16:03:15,945 - INFO - Vram Peak Usage Bytes    : 6429543804.0000
2025-11-26 16:03:15,945 - INFO - Gpu Power Watts Avg      : 109.7302
2025-11-26 16:03:15,945 - INFO - Gpu Power Watts Peak     : 291.3910
2025-11-26 16:03:15,945 - INFO - Gpu Temp Celsius Avg     : 49.0789
2025-11-26 16:03:15,945 - INFO - Gpu Temp Celsius Peak    : 58.0000
2025-11-26 16:03:15,945 - INFO - Gpu Utilization Percent Avg: 19.6842
2025-11-26 16:03:15,945 - INFO - Gpu Utilization Percent Peak: 100.0000
2025-11-26 16:03:15,945 - INFO - Gpu Mem Used Bytes Avg   : 19676725248.0000
2025-11-26 16:03:15,945 - INFO - Gpu Mem Used Bytes Peak  : 19676725248.0000
2025-11-26 16:03:15,945 - INFO - Gpu Vram Used Bytes      : 19676725248.0000
2025-11-26 16:03:15,945 - INFO - Accuracy                 : 0.1431
2025-11-26 16:03:15,945 - INFO - Precision                : 0.1399
2025-11-26 16:03:15,945 - INFO - Recall                   : 0.1431
2025-11-26 16:03:15,945 - INFO - F1 Score                 : 0.1175
2025-11-26 16:03:15,945 - INFO - ==================================================
2025-11-26 16:03:40,204 - INFO - Época 59 concluída. Loss média: 4.3777
2025-11-26 16:03:40,204 - INFO - Taxa de aprendizado ajustada para: 0.010000
2025-11-26 16:03:40,205 - INFO - Iniciando inferência com o modelo SqueezeNet...
2025-11-26 16:03:44,268 - INFO - ==================================================
2025-11-26 16:03:44,268 - INFO - EXPERIMENT RESULTS
2025-11-26 16:03:44,268 - INFO - ==================================================
2025-11-26 16:03:44,268 - INFO - Elapsed Time Seconds     : 4.0398
2025-11-26 16:03:44,268 - INFO - Cpu Usage Percent        : 2.2125
2025-11-26 16:03:44,268 - INFO - Ram Peak Usage Bytes     : 27330908160.0000
2025-11-26 16:03:44,268 - INFO - Disk Read Bytes          : 0.0000
2025-11-26 16:03:44,268 - INFO - Disk Write Bytes         : 0.0000
2025-11-26 16:03:44,268 - INFO - Vram Peak Usage Bytes    : 6429543804.0000
2025-11-26 16:03:44,268 - INFO - Gpu Power Watts Avg      : 99.9468
2025-11-26 16:03:44,268 - INFO - Gpu Power Watts Peak     : 274.8150
2025-11-26 16:03:44,268 - INFO - Gpu Temp Celsius Avg     : 48.6250
2025-11-26 16:03:44,268 - INFO - Gpu Temp Celsius Peak    : 59.0000
2025-11-26 16:03:44,268 - INFO - Gpu Utilization Percent Avg: 14.3000
2025-11-26 16:03:44,268 - INFO - Gpu Utilization Percent Peak: 100.0000
2025-11-26 16:03:44,268 - INFO - Gpu Mem Used Bytes Avg   : 19676725248.0000
2025-11-26 16:03:44,268 - INFO - Gpu Mem Used Bytes Peak  : 19676725248.0000
2025-11-26 16:03:44,268 - INFO - Gpu Vram Used Bytes      : 19676725248.0000
2025-11-26 16:03:44,268 - INFO - Accuracy                 : 0.1478
2025-11-26 16:03:44,268 - INFO - Precision                : 0.1389
2025-11-26 16:03:44,268 - INFO - Recall                   : 0.1478
2025-11-26 16:03:44,268 - INFO - F1 Score                 : 0.1209
2025-11-26 16:03:44,268 - INFO - ==================================================
2025-11-26 16:04:10,223 - INFO - Época 60 concluída. Loss média: 4.3676
2025-11-26 16:04:10,223 - INFO - Taxa de aprendizado ajustada para: 0.001000
2025-11-26 16:04:10,224 - INFO - Iniciando inferência com o modelo SqueezeNet...
2025-11-26 16:04:13,700 - INFO - ==================================================
2025-11-26 16:04:13,701 - INFO - EXPERIMENT RESULTS
2025-11-26 16:04:13,701 - INFO - ==================================================
2025-11-26 16:04:13,701 - INFO - Elapsed Time Seconds     : 3.4535
2025-11-26 16:04:13,701 - INFO - Cpu Usage Percent        : 1.8375
2025-11-26 16:04:13,701 - INFO - Ram Peak Usage Bytes     : 27330908160.0000
2025-11-26 16:04:13,701 - INFO - Disk Read Bytes          : 0.0000
2025-11-26 16:04:13,701 - INFO - Disk Write Bytes         : 172032.0000
2025-11-26 16:04:13,701 - INFO - Vram Peak Usage Bytes    : 6429543804.0000
2025-11-26 16:04:13,701 - INFO - Gpu Power Watts Avg      : 118.0243
2025-11-26 16:04:13,701 - INFO - Gpu Power Watts Peak     : 280.7510
2025-11-26 16:04:13,701 - INFO - Gpu Temp Celsius Avg     : 49.2647
2025-11-26 16:04:13,701 - INFO - Gpu Temp Celsius Peak    : 58.0000
2025-11-26 16:04:13,701 - INFO - Gpu Utilization Percent Avg: 19.0588
2025-11-26 16:04:13,701 - INFO - Gpu Utilization Percent Peak: 100.0000
2025-11-26 16:04:13,701 - INFO - Gpu Mem Used Bytes Avg   : 19676725248.0000
2025-11-26 16:04:13,701 - INFO - Gpu Mem Used Bytes Peak  : 19676725248.0000
2025-11-26 16:04:13,701 - INFO - Gpu Vram Used Bytes      : 19676725248.0000
2025-11-26 16:04:13,701 - INFO - Accuracy                 : 0.1301
2025-11-26 16:04:13,701 - INFO - Precision                : 0.1202
2025-11-26 16:04:13,701 - INFO - Recall                   : 0.1301
2025-11-26 16:04:13,701 - INFO - F1 Score                 : 0.1025
2025-11-26 16:04:13,701 - INFO - ==================================================
2025-11-26 16:04:37,873 - INFO - Época 61 concluída. Loss média: 4.3441
2025-11-26 16:04:37,873 - INFO - Taxa de aprendizado ajustada para: 0.001000
2025-11-26 16:04:37,874 - INFO - Iniciando inferência com o modelo SqueezeNet...
2025-11-26 16:04:41,645 - INFO - ==================================================
2025-11-26 16:04:41,646 - INFO - EXPERIMENT RESULTS
2025-11-26 16:04:41,646 - INFO - ==================================================
2025-11-26 16:04:41,646 - INFO - Elapsed Time Seconds     : 3.7482
2025-11-26 16:04:41,646 - INFO - Cpu Usage Percent        : 2.4188
2025-11-26 16:04:41,646 - INFO - Ram Peak Usage Bytes     : 27330912256.0000
2025-11-26 16:04:41,646 - INFO - Disk Read Bytes          : 0.0000
2025-11-26 16:04:41,646 - INFO - Disk Write Bytes         : 204800.0000
2025-11-26 16:04:41,646 - INFO - Vram Peak Usage Bytes    : 6429543804.0000
2025-11-26 16:04:41,646 - INFO - Gpu Power Watts Avg      : 101.2203
2025-11-26 16:04:41,646 - INFO - Gpu Power Watts Peak     : 268.3380
2025-11-26 16:04:41,646 - INFO - Gpu Temp Celsius Avg     : 48.6757
2025-11-26 16:04:41,646 - INFO - Gpu Temp Celsius Peak    : 59.0000
2025-11-26 16:04:41,646 - INFO - Gpu Utilization Percent Avg: 16.1351
2025-11-26 16:04:41,646 - INFO - Gpu Utilization Percent Peak: 100.0000
2025-11-26 16:04:41,646 - INFO - Gpu Mem Used Bytes Avg   : 19676725248.0000
2025-11-26 16:04:41,646 - INFO - Gpu Mem Used Bytes Peak  : 19676725248.0000
2025-11-26 16:04:41,646 - INFO - Gpu Vram Used Bytes      : 19676725248.0000
2025-11-26 16:04:41,646 - INFO - Accuracy                 : 0.1548
2025-11-26 16:04:41,646 - INFO - Precision                : 0.1292
2025-11-26 16:04:41,646 - INFO - Recall                   : 0.1548
2025-11-26 16:04:41,646 - INFO - F1 Score                 : 0.1263
2025-11-26 16:04:41,646 - INFO - ==================================================
2025-11-26 16:05:04,595 - INFO - Época 62 concluída. Loss média: 4.3235
2025-11-26 16:05:04,595 - INFO - Taxa de aprendizado ajustada para: 0.001000
2025-11-26 16:05:04,596 - INFO - Iniciando inferência com o modelo SqueezeNet...
2025-11-26 16:05:07,967 - INFO - ==================================================
2025-11-26 16:05:07,967 - INFO - EXPERIMENT RESULTS
2025-11-26 16:05:07,967 - INFO - ==================================================
2025-11-26 16:05:07,967 - INFO - Elapsed Time Seconds     : 3.3485
2025-11-26 16:05:07,967 - INFO - Cpu Usage Percent        : 1.9219
2025-11-26 16:05:07,967 - INFO - Ram Peak Usage Bytes     : 27330912256.0000
2025-11-26 16:05:07,967 - INFO - Disk Read Bytes          : 0.0000
2025-11-26 16:05:07,967 - INFO - Disk Write Bytes         : 155648.0000
2025-11-26 16:05:07,968 - INFO - Vram Peak Usage Bytes    : 6429543804.0000
2025-11-26 16:05:07,968 - INFO - Gpu Power Watts Avg      : 116.1175
2025-11-26 16:05:07,968 - INFO - Gpu Power Watts Peak     : 272.9830
2025-11-26 16:05:07,968 - INFO - Gpu Temp Celsius Avg     : 49.6061
2025-11-26 16:05:07,968 - INFO - Gpu Temp Celsius Peak    : 58.0000
2025-11-26 16:05:07,968 - INFO - Gpu Utilization Percent Avg: 18.9697
2025-11-26 16:05:07,968 - INFO - Gpu Utilization Percent Peak: 100.0000
2025-11-26 16:05:07,968 - INFO - Gpu Mem Used Bytes Avg   : 19676725248.0000
2025-11-26 16:05:07,968 - INFO - Gpu Mem Used Bytes Peak  : 19676725248.0000
2025-11-26 16:05:07,968 - INFO - Gpu Vram Used Bytes      : 19676725248.0000
2025-11-26 16:05:07,968 - INFO - Accuracy                 : 0.1557
2025-11-26 16:05:07,968 - INFO - Precision                : 0.1296
2025-11-26 16:05:07,968 - INFO - Recall                   : 0.1557
2025-11-26 16:05:07,968 - INFO - F1 Score                 : 0.1277
2025-11-26 16:05:07,968 - INFO - ==================================================
2025-11-26 16:05:31,197 - INFO - Época 63 concluída. Loss média: 4.3234
2025-11-26 16:05:31,197 - INFO - Taxa de aprendizado ajustada para: 0.001000
2025-11-26 16:05:31,198 - INFO - Iniciando inferência com o modelo SqueezeNet...
2025-11-26 16:05:35,269 - INFO - ==================================================
2025-11-26 16:05:35,270 - INFO - EXPERIMENT RESULTS
2025-11-26 16:05:35,270 - INFO - ==================================================
2025-11-26 16:05:35,270 - INFO - Elapsed Time Seconds     : 4.0483
2025-11-26 16:05:35,270 - INFO - Cpu Usage Percent        : 2.2156
2025-11-26 16:05:35,270 - INFO - Ram Peak Usage Bytes     : 27331059712.0000
2025-11-26 16:05:35,270 - INFO - Disk Read Bytes          : 0.0000
2025-11-26 16:05:35,270 - INFO - Disk Write Bytes         : 12288.0000
2025-11-26 16:05:35,270 - INFO - Vram Peak Usage Bytes    : 6429543804.0000
2025-11-26 16:05:35,270 - INFO - Gpu Power Watts Avg      : 101.4931
2025-11-26 16:05:35,270 - INFO - Gpu Power Watts Peak     : 281.8690
2025-11-26 16:05:35,270 - INFO - Gpu Temp Celsius Avg     : 48.8250
2025-11-26 16:05:35,270 - INFO - Gpu Temp Celsius Peak    : 59.0000
2025-11-26 16:05:35,270 - INFO - Gpu Utilization Percent Avg: 14.6000
2025-11-26 16:05:35,270 - INFO - Gpu Utilization Percent Peak: 100.0000
2025-11-26 16:05:35,270 - INFO - Gpu Mem Used Bytes Avg   : 19676725248.0000
2025-11-26 16:05:35,270 - INFO - Gpu Mem Used Bytes Peak  : 19676725248.0000
2025-11-26 16:05:35,270 - INFO - Gpu Vram Used Bytes      : 19676725248.0000
2025-11-26 16:05:35,270 - INFO - Accuracy                 : 0.1583
2025-11-26 16:05:35,270 - INFO - Precision                : 0.1366
2025-11-26 16:05:35,270 - INFO - Recall                   : 0.1583
2025-11-26 16:05:35,270 - INFO - F1 Score                 : 0.1303
2025-11-26 16:05:35,270 - INFO - ==================================================
2025-11-26 16:05:58,890 - INFO - Época 64 concluída. Loss média: 4.3184
2025-11-26 16:05:58,890 - INFO - Taxa de aprendizado ajustada para: 0.001000
2025-11-26 16:05:58,892 - INFO - Iniciando inferência com o modelo SqueezeNet...
2025-11-26 16:06:01,972 - INFO - ==================================================
2025-11-26 16:06:01,972 - INFO - EXPERIMENT RESULTS
2025-11-26 16:06:01,972 - INFO - ==================================================
2025-11-26 16:06:01,972 - INFO - Elapsed Time Seconds     : 3.0578
2025-11-26 16:06:01,972 - INFO - Cpu Usage Percent        : 2.1156
2025-11-26 16:06:01,972 - INFO - Ram Peak Usage Bytes     : 27331067904.0000
2025-11-26 16:06:01,972 - INFO - Disk Read Bytes          : 0.0000
2025-11-26 16:06:01,972 - INFO - Disk Write Bytes         : 0.0000
2025-11-26 16:06:01,972 - INFO - Vram Peak Usage Bytes    : 6429543804.0000
2025-11-26 16:06:01,972 - INFO - Gpu Power Watts Avg      : 119.0995
2025-11-26 16:06:01,972 - INFO - Gpu Power Watts Peak     : 276.7550
2025-11-26 16:06:01,972 - INFO - Gpu Temp Celsius Avg     : 49.6333
2025-11-26 16:06:01,972 - INFO - Gpu Temp Celsius Peak    : 59.0000
2025-11-26 16:06:01,973 - INFO - Gpu Utilization Percent Avg: 18.6000
2025-11-26 16:06:01,973 - INFO - Gpu Utilization Percent Peak: 100.0000
2025-11-26 16:06:01,973 - INFO - Gpu Mem Used Bytes Avg   : 19676725248.0000
2025-11-26 16:06:01,973 - INFO - Gpu Mem Used Bytes Peak  : 19676725248.0000
2025-11-26 16:06:01,973 - INFO - Gpu Vram Used Bytes      : 19676725248.0000
2025-11-26 16:06:01,973 - INFO - Accuracy                 : 0.1586
2025-11-26 16:06:01,973 - INFO - Precision                : 0.1417
2025-11-26 16:06:01,973 - INFO - Recall                   : 0.1586
2025-11-26 16:06:01,973 - INFO - F1 Score                 : 0.1298
2025-11-26 16:06:01,973 - INFO - ==================================================
2025-11-26 16:06:28,476 - INFO - Época 65 concluída. Loss média: 4.3188
2025-11-26 16:06:28,476 - INFO - Taxa de aprendizado ajustada para: 0.001000
2025-11-26 16:06:28,477 - INFO - Iniciando inferência com o modelo SqueezeNet...
2025-11-26 16:06:31,676 - INFO - ==================================================
2025-11-26 16:06:31,676 - INFO - EXPERIMENT RESULTS
2025-11-26 16:06:31,676 - INFO - ==================================================
2025-11-26 16:06:31,677 - INFO - Elapsed Time Seconds     : 3.1763
2025-11-26 16:06:31,677 - INFO - Cpu Usage Percent        : 1.9875
2025-11-26 16:06:31,677 - INFO - Ram Peak Usage Bytes     : 27331067904.0000
2025-11-26 16:06:31,677 - INFO - Disk Read Bytes          : 0.0000
2025-11-26 16:06:31,677 - INFO - Disk Write Bytes         : 0.0000
2025-11-26 16:06:31,677 - INFO - Vram Peak Usage Bytes    : 6429543804.0000
2025-11-26 16:06:31,677 - INFO - Gpu Power Watts Avg      : 119.0441
2025-11-26 16:06:31,677 - INFO - Gpu Power Watts Peak     : 280.8830
2025-11-26 16:06:31,677 - INFO - Gpu Temp Celsius Avg     : 49.1290
2025-11-26 16:06:31,677 - INFO - Gpu Temp Celsius Peak    : 59.0000
2025-11-26 16:06:31,677 - INFO - Gpu Utilization Percent Avg: 21.1290
2025-11-26 16:06:31,677 - INFO - Gpu Utilization Percent Peak: 100.0000
2025-11-26 16:06:31,677 - INFO - Gpu Mem Used Bytes Avg   : 19676725248.0000
2025-11-26 16:06:31,677 - INFO - Gpu Mem Used Bytes Peak  : 19676725248.0000
2025-11-26 16:06:31,677 - INFO - Gpu Vram Used Bytes      : 19676725248.0000
2025-11-26 16:06:31,677 - INFO - Accuracy                 : 0.1602
2025-11-26 16:06:31,677 - INFO - Precision                : 0.1385
2025-11-26 16:06:31,677 - INFO - Recall                   : 0.1602
2025-11-26 16:06:31,677 - INFO - F1 Score                 : 0.1324
2025-11-26 16:06:31,677 - INFO - ==================================================
2025-11-26 16:06:57,560 - INFO - Época 66 concluída. Loss média: 4.3140
2025-11-26 16:06:57,560 - INFO - Taxa de aprendizado ajustada para: 0.001000
2025-11-26 16:06:57,561 - INFO - Iniciando inferência com o modelo SqueezeNet...
2025-11-26 16:07:00,827 - INFO - ==================================================
2025-11-26 16:07:00,827 - INFO - EXPERIMENT RESULTS
2025-11-26 16:07:00,827 - INFO - ==================================================
2025-11-26 16:07:00,827 - INFO - Elapsed Time Seconds     : 3.2428
2025-11-26 16:07:00,827 - INFO - Cpu Usage Percent        : 1.9469
2025-11-26 16:07:00,827 - INFO - Ram Peak Usage Bytes     : 27331072000.0000
2025-11-26 16:07:00,827 - INFO - Disk Read Bytes          : 0.0000
2025-11-26 16:07:00,827 - INFO - Disk Write Bytes         : 139264.0000
2025-11-26 16:07:00,827 - INFO - Vram Peak Usage Bytes    : 6429543804.0000
2025-11-26 16:07:00,827 - INFO - Gpu Power Watts Avg      : 116.0332
2025-11-26 16:07:00,827 - INFO - Gpu Power Watts Peak     : 277.9720
2025-11-26 16:07:00,827 - INFO - Gpu Temp Celsius Avg     : 49.3750
2025-11-26 16:07:00,828 - INFO - Gpu Temp Celsius Peak    : 58.0000
2025-11-26 16:07:00,828 - INFO - Gpu Utilization Percent Avg: 19.4375
2025-11-26 16:07:00,828 - INFO - Gpu Utilization Percent Peak: 100.0000
2025-11-26 16:07:00,828 - INFO - Gpu Mem Used Bytes Avg   : 19676725248.0000
2025-11-26 16:07:00,828 - INFO - Gpu Mem Used Bytes Peak  : 19676725248.0000
2025-11-26 16:07:00,828 - INFO - Gpu Vram Used Bytes      : 19676725248.0000
2025-11-26 16:07:00,828 - INFO - Accuracy                 : 0.1612
2025-11-26 16:07:00,828 - INFO - Precision                : 0.1445
2025-11-26 16:07:00,828 - INFO - Recall                   : 0.1612
2025-11-26 16:07:00,828 - INFO - F1 Score                 : 0.1334
2025-11-26 16:07:00,828 - INFO - ==================================================
2025-11-26 16:07:26,179 - INFO - Época 67 concluída. Loss média: 4.3120
2025-11-26 16:07:26,179 - INFO - Taxa de aprendizado ajustada para: 0.001000
2025-11-26 16:07:26,180 - INFO - Iniciando inferência com o modelo SqueezeNet...
2025-11-26 16:07:29,121 - INFO - ==================================================
2025-11-26 16:07:29,121 - INFO - EXPERIMENT RESULTS
2025-11-26 16:07:29,121 - INFO - ==================================================
2025-11-26 16:07:29,121 - INFO - Elapsed Time Seconds     : 2.9265
2025-11-26 16:07:29,121 - INFO - Cpu Usage Percent        : 2.0500
2025-11-26 16:07:29,121 - INFO - Ram Peak Usage Bytes     : 27334512640.0000
2025-11-26 16:07:29,121 - INFO - Disk Read Bytes          : 0.0000
2025-11-26 16:07:29,121 - INFO - Disk Write Bytes         : 147456.0000
2025-11-26 16:07:29,121 - INFO - Vram Peak Usage Bytes    : 6429543804.0000
2025-11-26 16:07:29,121 - INFO - Gpu Power Watts Avg      : 116.6452
2025-11-26 16:07:29,121 - INFO - Gpu Power Watts Peak     : 257.3750
2025-11-26 16:07:29,121 - INFO - Gpu Temp Celsius Avg     : 49.8276
2025-11-26 16:07:29,121 - INFO - Gpu Temp Celsius Peak    : 58.0000
2025-11-26 16:07:29,121 - INFO - Gpu Utilization Percent Avg: 19.5862
2025-11-26 16:07:29,121 - INFO - Gpu Utilization Percent Peak: 100.0000
2025-11-26 16:07:29,121 - INFO - Gpu Mem Used Bytes Avg   : 19676725248.0000
2025-11-26 16:07:29,121 - INFO - Gpu Mem Used Bytes Peak  : 19676725248.0000
2025-11-26 16:07:29,121 - INFO - Gpu Vram Used Bytes      : 19676725248.0000
2025-11-26 16:07:29,121 - INFO - Accuracy                 : 0.1599
2025-11-26 16:07:29,121 - INFO - Precision                : 0.1354
2025-11-26 16:07:29,121 - INFO - Recall                   : 0.1599
2025-11-26 16:07:29,121 - INFO - F1 Score                 : 0.1322
2025-11-26 16:07:29,121 - INFO - ==================================================
2025-11-26 16:07:53,056 - INFO - Época 68 concluída. Loss média: 4.3096
2025-11-26 16:07:53,056 - INFO - Taxa de aprendizado ajustada para: 0.001000
2025-11-26 16:07:53,057 - INFO - Iniciando inferência com o modelo SqueezeNet...
2025-11-26 16:07:56,459 - INFO - ==================================================
2025-11-26 16:07:56,459 - INFO - EXPERIMENT RESULTS
2025-11-26 16:07:56,459 - INFO - ==================================================
2025-11-26 16:07:56,459 - INFO - Elapsed Time Seconds     : 3.3865
2025-11-26 16:07:56,459 - INFO - Cpu Usage Percent        : 1.8813
2025-11-26 16:07:56,459 - INFO - Ram Peak Usage Bytes     : 27334516736.0000
2025-11-26 16:07:56,459 - INFO - Disk Read Bytes          : 0.0000
2025-11-26 16:07:56,459 - INFO - Disk Write Bytes         : 0.0000
2025-11-26 16:07:56,459 - INFO - Vram Peak Usage Bytes    : 6429543804.0000
2025-11-26 16:07:56,459 - INFO - Gpu Power Watts Avg      : 107.6787
2025-11-26 16:07:56,459 - INFO - Gpu Power Watts Peak     : 241.5210
2025-11-26 16:07:56,459 - INFO - Gpu Temp Celsius Avg     : 48.8788
2025-11-26 16:07:56,459 - INFO - Gpu Temp Celsius Peak    : 58.0000
2025-11-26 16:07:56,459 - INFO - Gpu Utilization Percent Avg: 17.2121
2025-11-26 16:07:56,459 - INFO - Gpu Utilization Percent Peak: 100.0000
2025-11-26 16:07:56,459 - INFO - Gpu Mem Used Bytes Avg   : 19676725248.0000
2025-11-26 16:07:56,459 - INFO - Gpu Mem Used Bytes Peak  : 19676725248.0000
2025-11-26 16:07:56,459 - INFO - Gpu Vram Used Bytes      : 19676725248.0000
2025-11-26 16:07:56,459 - INFO - Accuracy                 : 0.1606
2025-11-26 16:07:56,459 - INFO - Precision                : 0.1403
2025-11-26 16:07:56,459 - INFO - Recall                   : 0.1606
2025-11-26 16:07:56,459 - INFO - F1 Score                 : 0.1332
2025-11-26 16:07:56,460 - INFO - ==================================================
2025-11-26 16:08:19,375 - INFO - Época 69 concluída. Loss média: 4.3098
2025-11-26 16:08:19,375 - INFO - Taxa de aprendizado ajustada para: 0.001000
2025-11-26 16:08:19,376 - INFO - Iniciando inferência com o modelo SqueezeNet...
2025-11-26 16:08:23,169 - INFO - ==================================================
2025-11-26 16:08:23,169 - INFO - EXPERIMENT RESULTS
2025-11-26 16:08:23,169 - INFO - ==================================================
2025-11-26 16:08:23,169 - INFO - Elapsed Time Seconds     : 3.7702
2025-11-26 16:08:23,169 - INFO - Cpu Usage Percent        : 2.4375
2025-11-26 16:08:23,169 - INFO - Ram Peak Usage Bytes     : 27336200192.0000
2025-11-26 16:08:23,170 - INFO - Disk Read Bytes          : 0.0000
2025-11-26 16:08:23,170 - INFO - Disk Write Bytes         : 208896.0000
2025-11-26 16:08:23,170 - INFO - Vram Peak Usage Bytes    : 6429543804.0000
2025-11-26 16:08:23,170 - INFO - Gpu Power Watts Avg      : 106.8129
2025-11-26 16:08:23,170 - INFO - Gpu Power Watts Peak     : 276.7820
2025-11-26 16:08:23,170 - INFO - Gpu Temp Celsius Avg     : 49.1892
2025-11-26 16:08:23,170 - INFO - Gpu Temp Celsius Peak    : 58.0000
2025-11-26 16:08:23,170 - INFO - Gpu Utilization Percent Avg: 17.9189
2025-11-26 16:08:23,170 - INFO - Gpu Utilization Percent Peak: 100.0000
2025-11-26 16:08:23,170 - INFO - Gpu Mem Used Bytes Avg   : 19676725248.0000
2025-11-26 16:08:23,170 - INFO - Gpu Mem Used Bytes Peak  : 19676725248.0000
2025-11-26 16:08:23,170 - INFO - Gpu Vram Used Bytes      : 19676725248.0000
2025-11-26 16:08:23,170 - INFO - Accuracy                 : 0.1605
2025-11-26 16:08:23,170 - INFO - Precision                : 0.1422
2025-11-26 16:08:23,170 - INFO - Recall                   : 0.1605
2025-11-26 16:08:23,170 - INFO - F1 Score                 : 0.1323
2025-11-26 16:08:23,170 - INFO - ==================================================
2025-11-26 16:08:47,092 - INFO - Época 70 concluída. Loss média: 4.3113
2025-11-26 16:08:47,092 - INFO - Taxa de aprendizado ajustada para: 0.001000
2025-11-26 16:08:47,093 - INFO - Iniciando inferência com o modelo SqueezeNet...
2025-11-26 16:08:50,864 - INFO - ==================================================
2025-11-26 16:08:50,864 - INFO - EXPERIMENT RESULTS
2025-11-26 16:08:50,864 - INFO - ==================================================
2025-11-26 16:08:50,864 - INFO - Elapsed Time Seconds     : 3.7476
2025-11-26 16:08:50,864 - INFO - Cpu Usage Percent        : 2.4250
2025-11-26 16:08:50,864 - INFO - Ram Peak Usage Bytes     : 27336200192.0000
2025-11-26 16:08:50,864 - INFO - Disk Read Bytes          : 0.0000
2025-11-26 16:08:50,864 - INFO - Disk Write Bytes         : 139264.0000
2025-11-26 16:08:50,864 - INFO - Vram Peak Usage Bytes    : 6429543804.0000
2025-11-26 16:08:50,864 - INFO - Gpu Power Watts Avg      : 101.4740
2025-11-26 16:08:50,864 - INFO - Gpu Power Watts Peak     : 295.0610
2025-11-26 16:08:50,864 - INFO - Gpu Temp Celsius Avg     : 48.6757
2025-11-26 16:08:50,865 - INFO - Gpu Temp Celsius Peak    : 59.0000
2025-11-26 16:08:50,865 - INFO - Gpu Utilization Percent Avg: 17.8649
2025-11-26 16:08:50,865 - INFO - Gpu Utilization Percent Peak: 100.0000
2025-11-26 16:08:50,865 - INFO - Gpu Mem Used Bytes Avg   : 19676725248.0000
2025-11-26 16:08:50,865 - INFO - Gpu Mem Used Bytes Peak  : 19676725248.0000
2025-11-26 16:08:50,865 - INFO - Gpu Vram Used Bytes      : 19676725248.0000
2025-11-26 16:08:50,865 - INFO - Accuracy                 : 0.1602
2025-11-26 16:08:50,865 - INFO - Precision                : 0.1428
2025-11-26 16:08:50,865 - INFO - Recall                   : 0.1602
2025-11-26 16:08:50,865 - INFO - F1 Score                 : 0.1323
2025-11-26 16:08:50,865 - INFO - ==================================================
2025-11-26 16:09:14,338 - INFO - Época 71 concluída. Loss média: 4.3119
2025-11-26 16:09:14,338 - INFO - Taxa de aprendizado ajustada para: 0.001000
2025-11-26 16:09:14,339 - INFO - Iniciando inferência com o modelo SqueezeNet...
2025-11-26 16:09:18,202 - INFO - ==================================================
2025-11-26 16:09:18,202 - INFO - EXPERIMENT RESULTS
2025-11-26 16:09:18,202 - INFO - ==================================================
2025-11-26 16:09:18,202 - INFO - Elapsed Time Seconds     : 3.8395
2025-11-26 16:09:18,202 - INFO - Cpu Usage Percent        : 2.3281
2025-11-26 16:09:18,202 - INFO - Ram Peak Usage Bytes     : 27336204288.0000
2025-11-26 16:09:18,202 - INFO - Disk Read Bytes          : 0.0000
2025-11-26 16:09:18,202 - INFO - Disk Write Bytes         : 180224.0000
2025-11-26 16:09:18,202 - INFO - Vram Peak Usage Bytes    : 6429543804.0000
2025-11-26 16:09:18,202 - INFO - Gpu Power Watts Avg      : 105.1148
2025-11-26 16:09:18,202 - INFO - Gpu Power Watts Peak     : 278.9760
2025-11-26 16:09:18,202 - INFO - Gpu Temp Celsius Avg     : 48.8684
2025-11-26 16:09:18,202 - INFO - Gpu Temp Celsius Peak    : 59.0000
2025-11-26 16:09:18,203 - INFO - Gpu Utilization Percent Avg: 17.4737
2025-11-26 16:09:18,203 - INFO - Gpu Utilization Percent Peak: 100.0000
2025-11-26 16:09:18,203 - INFO - Gpu Mem Used Bytes Avg   : 19676725248.0000
2025-11-26 16:09:18,203 - INFO - Gpu Mem Used Bytes Peak  : 19676725248.0000
2025-11-26 16:09:18,203 - INFO - Gpu Vram Used Bytes      : 19676725248.0000
2025-11-26 16:09:18,203 - INFO - Accuracy                 : 0.1618
2025-11-26 16:09:18,203 - INFO - Precision                : 0.1432
2025-11-26 16:09:18,203 - INFO - Recall                   : 0.1618
2025-11-26 16:09:18,203 - INFO - F1 Score                 : 0.1338
2025-11-26 16:09:18,203 - INFO - ==================================================
2025-11-26 16:09:42,167 - INFO - Época 72 concluída. Loss média: 4.3074
2025-11-26 16:09:42,167 - INFO - Taxa de aprendizado ajustada para: 0.001000
2025-11-26 16:09:42,168 - INFO - Iniciando inferência com o modelo SqueezeNet...
2025-11-26 16:09:45,227 - INFO - ==================================================
2025-11-26 16:09:45,227 - INFO - EXPERIMENT RESULTS
2025-11-26 16:09:45,227 - INFO - ==================================================
2025-11-26 16:09:45,227 - INFO - Elapsed Time Seconds     : 3.0353
2025-11-26 16:09:45,227 - INFO - Cpu Usage Percent        : 2.0375
2025-11-26 16:09:45,227 - INFO - Ram Peak Usage Bytes     : 27336204288.0000
2025-11-26 16:09:45,227 - INFO - Disk Read Bytes          : 0.0000
2025-11-26 16:09:45,227 - INFO - Disk Write Bytes         : 0.0000
2025-11-26 16:09:45,227 - INFO - Vram Peak Usage Bytes    : 6429543804.0000
2025-11-26 16:09:45,227 - INFO - Gpu Power Watts Avg      : 123.7294
2025-11-26 16:09:45,227 - INFO - Gpu Power Watts Peak     : 283.6170
2025-11-26 16:09:45,227 - INFO - Gpu Temp Celsius Avg     : 49.4333
2025-11-26 16:09:45,227 - INFO - Gpu Temp Celsius Peak    : 58.0000
2025-11-26 16:09:45,227 - INFO - Gpu Utilization Percent Avg: 22.6667
2025-11-26 16:09:45,227 - INFO - Gpu Utilization Percent Peak: 100.0000
2025-11-26 16:09:45,227 - INFO - Gpu Mem Used Bytes Avg   : 19676725248.0000
2025-11-26 16:09:45,227 - INFO - Gpu Mem Used Bytes Peak  : 19676725248.0000
2025-11-26 16:09:45,227 - INFO - Gpu Vram Used Bytes      : 19676725248.0000
2025-11-26 16:09:45,227 - INFO - Accuracy                 : 0.1613
2025-11-26 16:09:45,227 - INFO - Precision                : 0.1436
2025-11-26 16:09:45,227 - INFO - Recall                   : 0.1613
2025-11-26 16:09:45,227 - INFO - F1 Score                 : 0.1330
2025-11-26 16:09:45,227 - INFO - ==================================================
2025-11-26 16:10:08,273 - INFO - Época 73 concluída. Loss média: 4.3058
2025-11-26 16:10:08,273 - INFO - Taxa de aprendizado ajustada para: 0.001000
2025-11-26 16:10:08,274 - INFO - Iniciando inferência com o modelo SqueezeNet...
2025-11-26 16:10:11,272 - INFO - ==================================================
2025-11-26 16:10:11,272 - INFO - EXPERIMENT RESULTS
2025-11-26 16:10:11,272 - INFO - ==================================================
2025-11-26 16:10:11,272 - INFO - Elapsed Time Seconds     : 2.9745
2025-11-26 16:10:11,272 - INFO - Cpu Usage Percent        : 2.1531
2025-11-26 16:10:11,272 - INFO - Ram Peak Usage Bytes     : 27336224768.0000
2025-11-26 16:10:11,272 - INFO - Disk Read Bytes          : 0.0000
2025-11-26 16:10:11,272 - INFO - Disk Write Bytes         : 143360.0000
2025-11-26 16:10:11,272 - INFO - Vram Peak Usage Bytes    : 6429543804.0000
2025-11-26 16:10:11,272 - INFO - Gpu Power Watts Avg      : 122.1972
2025-11-26 16:10:11,272 - INFO - Gpu Power Watts Peak     : 267.1450
2025-11-26 16:10:11,272 - INFO - Gpu Temp Celsius Avg     : 49.9310
2025-11-26 16:10:11,272 - INFO - Gpu Temp Celsius Peak    : 59.0000
2025-11-26 16:10:11,272 - INFO - Gpu Utilization Percent Avg: 21.9655
2025-11-26 16:10:11,272 - INFO - Gpu Utilization Percent Peak: 99.0000
2025-11-26 16:10:11,272 - INFO - Gpu Mem Used Bytes Avg   : 19676725248.0000
2025-11-26 16:10:11,272 - INFO - Gpu Mem Used Bytes Peak  : 19676725248.0000
2025-11-26 16:10:11,272 - INFO - Gpu Vram Used Bytes      : 19676725248.0000
2025-11-26 16:10:11,272 - INFO - Accuracy                 : 0.1595
2025-11-26 16:10:11,272 - INFO - Precision                : 0.1392
2025-11-26 16:10:11,272 - INFO - Recall                   : 0.1595
2025-11-26 16:10:11,272 - INFO - F1 Score                 : 0.1324
2025-11-26 16:10:11,272 - INFO - ==================================================
2025-11-26 16:10:34,755 - INFO - Época 74 concluída. Loss média: 4.3013
2025-11-26 16:10:34,756 - INFO - Taxa de aprendizado ajustada para: 0.001000
2025-11-26 16:10:34,757 - INFO - Iniciando inferência com o modelo SqueezeNet...
2025-11-26 16:10:37,836 - INFO - ==================================================
2025-11-26 16:10:37,836 - INFO - EXPERIMENT RESULTS
2025-11-26 16:10:37,837 - INFO - ==================================================
2025-11-26 16:10:37,837 - INFO - Elapsed Time Seconds     : 3.0566
2025-11-26 16:10:37,837 - INFO - Cpu Usage Percent        : 2.0844
2025-11-26 16:10:37,837 - INFO - Ram Peak Usage Bytes     : 27336245248.0000
2025-11-26 16:10:37,837 - INFO - Disk Read Bytes          : 0.0000
2025-11-26 16:10:37,837 - INFO - Disk Write Bytes         : 188416.0000
2025-11-26 16:10:37,837 - INFO - Vram Peak Usage Bytes    : 6429543804.0000
2025-11-26 16:10:37,837 - INFO - Gpu Power Watts Avg      : 132.7664
2025-11-26 16:10:37,837 - INFO - Gpu Power Watts Peak     : 289.1950
2025-11-26 16:10:37,837 - INFO - Gpu Temp Celsius Avg     : 50.1333
2025-11-26 16:10:37,837 - INFO - Gpu Temp Celsius Peak    : 58.0000
2025-11-26 16:10:37,837 - INFO - Gpu Utilization Percent Avg: 21.5667
2025-11-26 16:10:37,837 - INFO - Gpu Utilization Percent Peak: 100.0000
2025-11-26 16:10:37,837 - INFO - Gpu Mem Used Bytes Avg   : 19676725248.0000
2025-11-26 16:10:37,837 - INFO - Gpu Mem Used Bytes Peak  : 19676725248.0000
2025-11-26 16:10:37,837 - INFO - Gpu Vram Used Bytes      : 19676725248.0000
2025-11-26 16:10:37,837 - INFO - Accuracy                 : 0.1629
2025-11-26 16:10:37,837 - INFO - Precision                : 0.1448
2025-11-26 16:10:37,837 - INFO - Recall                   : 0.1629
2025-11-26 16:10:37,837 - INFO - F1 Score                 : 0.1349
2025-11-26 16:10:37,837 - INFO - ==================================================
2025-11-26 16:11:03,276 - INFO - Época 75 concluída. Loss média: 4.3024
2025-11-26 16:11:03,276 - INFO - Taxa de aprendizado ajustada para: 0.001000
2025-11-26 16:11:03,277 - INFO - Iniciando inferência com o modelo SqueezeNet...
2025-11-26 16:11:07,062 - INFO - ==================================================
2025-11-26 16:11:07,062 - INFO - EXPERIMENT RESULTS
2025-11-26 16:11:07,062 - INFO - ==================================================
2025-11-26 16:11:07,062 - INFO - Elapsed Time Seconds     : 3.7616
2025-11-26 16:11:07,062 - INFO - Cpu Usage Percent        : 2.4188
2025-11-26 16:11:07,062 - INFO - Ram Peak Usage Bytes     : 27336273920.0000
2025-11-26 16:11:07,062 - INFO - Disk Read Bytes          : 0.0000
2025-11-26 16:11:07,062 - INFO - Disk Write Bytes         : 0.0000
2025-11-26 16:11:07,062 - INFO - Vram Peak Usage Bytes    : 6429543804.0000
2025-11-26 16:11:07,062 - INFO - Gpu Power Watts Avg      : 102.9371
2025-11-26 16:11:07,062 - INFO - Gpu Power Watts Peak     : 275.2330
2025-11-26 16:11:07,062 - INFO - Gpu Temp Celsius Avg     : 48.5946
2025-11-26 16:11:07,062 - INFO - Gpu Temp Celsius Peak    : 59.0000
2025-11-26 16:11:07,062 - INFO - Gpu Utilization Percent Avg: 14.9189
2025-11-26 16:11:07,062 - INFO - Gpu Utilization Percent Peak: 100.0000
2025-11-26 16:11:07,062 - INFO - Gpu Mem Used Bytes Avg   : 19676725248.0000
2025-11-26 16:11:07,062 - INFO - Gpu Mem Used Bytes Peak  : 19676725248.0000
2025-11-26 16:11:07,062 - INFO - Gpu Vram Used Bytes      : 19676725248.0000
2025-11-26 16:11:07,062 - INFO - Accuracy                 : 0.1624
2025-11-26 16:11:07,062 - INFO - Precision                : 0.1427
2025-11-26 16:11:07,062 - INFO - Recall                   : 0.1624
2025-11-26 16:11:07,062 - INFO - F1 Score                 : 0.1342
2025-11-26 16:11:07,062 - INFO - ==================================================
2025-11-26 16:11:31,121 - INFO - Época 76 concluída. Loss média: 4.3032
2025-11-26 16:11:31,121 - INFO - Taxa de aprendizado ajustada para: 0.001000
2025-11-26 16:11:31,122 - INFO - Iniciando inferência com o modelo SqueezeNet...
2025-11-26 16:11:34,699 - INFO - ==================================================
2025-11-26 16:11:34,699 - INFO - EXPERIMENT RESULTS
2025-11-26 16:11:34,699 - INFO - ==================================================
2025-11-26 16:11:34,699 - INFO - Elapsed Time Seconds     : 3.5536
2025-11-26 16:11:34,699 - INFO - Cpu Usage Percent        : 1.7844
2025-11-26 16:11:34,699 - INFO - Ram Peak Usage Bytes     : 27336290304.0000
2025-11-26 16:11:34,699 - INFO - Disk Read Bytes          : 0.0000
2025-11-26 16:11:34,699 - INFO - Disk Write Bytes         : 344064.0000
2025-11-26 16:11:34,699 - INFO - Vram Peak Usage Bytes    : 6429543804.0000
2025-11-26 16:11:34,699 - INFO - Gpu Power Watts Avg      : 108.5679
2025-11-26 16:11:34,699 - INFO - Gpu Power Watts Peak     : 279.9160
2025-11-26 16:11:34,699 - INFO - Gpu Temp Celsius Avg     : 48.9714
2025-11-26 16:11:34,699 - INFO - Gpu Temp Celsius Peak    : 58.0000
2025-11-26 16:11:34,699 - INFO - Gpu Utilization Percent Avg: 20.1143
2025-11-26 16:11:34,699 - INFO - Gpu Utilization Percent Peak: 100.0000
2025-11-26 16:11:34,700 - INFO - Gpu Mem Used Bytes Avg   : 19676725248.0000
2025-11-26 16:11:34,700 - INFO - Gpu Mem Used Bytes Peak  : 19676725248.0000
2025-11-26 16:11:34,700 - INFO - Gpu Vram Used Bytes      : 19676725248.0000
2025-11-26 16:11:34,700 - INFO - Accuracy                 : 0.1632
2025-11-26 16:11:34,700 - INFO - Precision                : 0.1440
2025-11-26 16:11:34,700 - INFO - Recall                   : 0.1632
2025-11-26 16:11:34,700 - INFO - F1 Score                 : 0.1347
2025-11-26 16:11:34,700 - INFO - ==================================================
2025-11-26 16:12:00,360 - INFO - Época 77 concluída. Loss média: 4.2984
2025-11-26 16:12:00,360 - INFO - Taxa de aprendizado ajustada para: 0.001000
2025-11-26 16:12:00,361 - INFO - Iniciando inferência com o modelo SqueezeNet...
2025-11-26 16:12:03,666 - INFO - ==================================================
2025-11-26 16:12:03,666 - INFO - EXPERIMENT RESULTS
2025-11-26 16:12:03,666 - INFO - ==================================================
2025-11-26 16:12:03,666 - INFO - Elapsed Time Seconds     : 3.2821
2025-11-26 16:12:03,666 - INFO - Cpu Usage Percent        : 1.9812
2025-11-26 16:12:03,666 - INFO - Ram Peak Usage Bytes     : 27336306688.0000
2025-11-26 16:12:03,666 - INFO - Disk Read Bytes          : 0.0000
2025-11-26 16:12:03,666 - INFO - Disk Write Bytes         : 372736.0000
2025-11-26 16:12:03,666 - INFO - Vram Peak Usage Bytes    : 6429543804.0000
2025-11-26 16:12:03,666 - INFO - Gpu Power Watts Avg      : 129.2679
2025-11-26 16:12:03,666 - INFO - Gpu Power Watts Peak     : 277.6130
2025-11-26 16:12:03,666 - INFO - Gpu Temp Celsius Avg     : 49.4688
2025-11-26 16:12:03,666 - INFO - Gpu Temp Celsius Peak    : 58.0000
2025-11-26 16:12:03,666 - INFO - Gpu Utilization Percent Avg: 23.5625
2025-11-26 16:12:03,666 - INFO - Gpu Utilization Percent Peak: 100.0000
2025-11-26 16:12:03,666 - INFO - Gpu Mem Used Bytes Avg   : 19676725248.0000
2025-11-26 16:12:03,666 - INFO - Gpu Mem Used Bytes Peak  : 19676725248.0000
2025-11-26 16:12:03,666 - INFO - Gpu Vram Used Bytes      : 19676725248.0000
2025-11-26 16:12:03,666 - INFO - Accuracy                 : 0.1617
2025-11-26 16:12:03,666 - INFO - Precision                : 0.1432
2025-11-26 16:12:03,666 - INFO - Recall                   : 0.1617
2025-11-26 16:12:03,666 - INFO - F1 Score                 : 0.1335
2025-11-26 16:12:03,666 - INFO - ==================================================
2025-11-26 16:12:27,280 - INFO - Época 78 concluída. Loss média: 4.2975
2025-11-26 16:12:27,280 - INFO - Taxa de aprendizado ajustada para: 0.001000
2025-11-26 16:12:27,281 - INFO - Iniciando inferência com o modelo SqueezeNet...
2025-11-26 16:12:30,576 - INFO - ==================================================
2025-11-26 16:12:30,576 - INFO - EXPERIMENT RESULTS
2025-11-26 16:12:30,576 - INFO - ==================================================
2025-11-26 16:12:30,576 - INFO - Elapsed Time Seconds     : 3.2724
2025-11-26 16:12:30,576 - INFO - Cpu Usage Percent        : 2.0344
2025-11-26 16:12:30,576 - INFO - Ram Peak Usage Bytes     : 27336327168.0000
2025-11-26 16:12:30,576 - INFO - Disk Read Bytes          : 0.0000
2025-11-26 16:12:30,576 - INFO - Disk Write Bytes         : 8192.0000
2025-11-26 16:12:30,576 - INFO - Vram Peak Usage Bytes    : 6429543804.0000
2025-11-26 16:12:30,576 - INFO - Gpu Power Watts Avg      : 120.9268
2025-11-26 16:12:30,576 - INFO - Gpu Power Watts Peak     : 271.3670
2025-11-26 16:12:30,577 - INFO - Gpu Temp Celsius Avg     : 49.4375
2025-11-26 16:12:30,577 - INFO - Gpu Temp Celsius Peak    : 59.0000
2025-11-26 16:12:30,577 - INFO - Gpu Utilization Percent Avg: 22.7812
2025-11-26 16:12:30,577 - INFO - Gpu Utilization Percent Peak: 100.0000
2025-11-26 16:12:30,577 - INFO - Gpu Mem Used Bytes Avg   : 19676725248.0000
2025-11-26 16:12:30,577 - INFO - Gpu Mem Used Bytes Peak  : 19676725248.0000
2025-11-26 16:12:30,577 - INFO - Gpu Vram Used Bytes      : 19676725248.0000
2025-11-26 16:12:30,577 - INFO - Accuracy                 : 0.1645
2025-11-26 16:12:30,577 - INFO - Precision                : 0.1447
2025-11-26 16:12:30,577 - INFO - Recall                   : 0.1645
2025-11-26 16:12:30,577 - INFO - F1 Score                 : 0.1367
2025-11-26 16:12:30,577 - INFO - ==================================================
2025-11-26 16:12:52,613 - INFO - Época 79 concluída. Loss média: 4.3043
2025-11-26 16:12:52,613 - INFO - Taxa de aprendizado ajustada para: 0.001000
2025-11-26 16:12:52,614 - INFO - Iniciando inferência com o modelo SqueezeNet...
2025-11-26 16:12:56,281 - INFO - ==================================================
2025-11-26 16:12:56,282 - INFO - EXPERIMENT RESULTS
2025-11-26 16:12:56,282 - INFO - ==================================================
2025-11-26 16:12:56,282 - INFO - Elapsed Time Seconds     : 3.6442
2025-11-26 16:12:56,282 - INFO - Cpu Usage Percent        : 2.5719
2025-11-26 16:12:56,282 - INFO - Ram Peak Usage Bytes     : 27336527872.0000
2025-11-26 16:12:56,282 - INFO - Disk Read Bytes          : 0.0000
2025-11-26 16:12:56,282 - INFO - Disk Write Bytes         : 118784.0000
2025-11-26 16:12:56,282 - INFO - Vram Peak Usage Bytes    : 6429543804.0000
2025-11-26 16:12:56,282 - INFO - Gpu Power Watts Avg      : 117.1670
2025-11-26 16:12:56,282 - INFO - Gpu Power Watts Peak     : 288.5390
2025-11-26 16:12:56,282 - INFO - Gpu Temp Celsius Avg     : 48.8056
2025-11-26 16:12:56,282 - INFO - Gpu Temp Celsius Peak    : 55.0000
2025-11-26 16:12:56,282 - INFO - Gpu Utilization Percent Avg: 18.5833
2025-11-26 16:12:56,282 - INFO - Gpu Utilization Percent Peak: 94.0000
2025-11-26 16:12:56,282 - INFO - Gpu Mem Used Bytes Avg   : 19676725248.0000
2025-11-26 16:12:56,282 - INFO - Gpu Mem Used Bytes Peak  : 19676725248.0000
2025-11-26 16:12:56,282 - INFO - Gpu Vram Used Bytes      : 19676725248.0000
2025-11-26 16:12:56,282 - INFO - Accuracy                 : 0.1624
2025-11-26 16:12:56,282 - INFO - Precision                : 0.1436
2025-11-26 16:12:56,282 - INFO - Recall                   : 0.1624
2025-11-26 16:12:56,282 - INFO - F1 Score                 : 0.1355
2025-11-26 16:12:56,282 - INFO - ==================================================
2025-11-26 16:13:19,563 - INFO - Época 80 concluída. Loss média: 4.2968
2025-11-26 16:13:19,564 - INFO - Taxa de aprendizado ajustada para: 0.001000
2025-11-26 16:13:19,565 - INFO - Iniciando inferência com o modelo SqueezeNet...
2025-11-26 16:13:23,042 - INFO - ==================================================
2025-11-26 16:13:23,042 - INFO - EXPERIMENT RESULTS
2025-11-26 16:13:23,042 - INFO - ==================================================
2025-11-26 16:13:23,042 - INFO - Elapsed Time Seconds     : 3.4627
2025-11-26 16:13:23,042 - INFO - Cpu Usage Percent        : 1.8313
2025-11-26 16:13:23,042 - INFO - Ram Peak Usage Bytes     : 27336548352.0000
2025-11-26 16:13:23,042 - INFO - Disk Read Bytes          : 0.0000
2025-11-26 16:13:23,042 - INFO - Disk Write Bytes         : 196608.0000
2025-11-26 16:13:23,042 - INFO - Vram Peak Usage Bytes    : 6429543804.0000
2025-11-26 16:13:23,042 - INFO - Gpu Power Watts Avg      : 122.9465
2025-11-26 16:13:23,042 - INFO - Gpu Power Watts Peak     : 277.3260
2025-11-26 16:13:23,043 - INFO - Gpu Temp Celsius Avg     : 49.1471
2025-11-26 16:13:23,043 - INFO - Gpu Temp Celsius Peak    : 58.0000
2025-11-26 16:13:23,043 - INFO - Gpu Utilization Percent Avg: 20.2353
2025-11-26 16:13:23,043 - INFO - Gpu Utilization Percent Peak: 100.0000
2025-11-26 16:13:23,043 - INFO - Gpu Mem Used Bytes Avg   : 19676725248.0000
2025-11-26 16:13:23,043 - INFO - Gpu Mem Used Bytes Peak  : 19676725248.0000
2025-11-26 16:13:23,043 - INFO - Gpu Vram Used Bytes      : 19676725248.0000
2025-11-26 16:13:23,043 - INFO - Accuracy                 : 0.1627
2025-11-26 16:13:23,043 - INFO - Precision                : 0.1432
2025-11-26 16:13:23,043 - INFO - Recall                   : 0.1627
2025-11-26 16:13:23,043 - INFO - F1 Score                 : 0.1353
2025-11-26 16:13:23,043 - INFO - ==================================================
2025-11-26 16:13:46,126 - INFO - Época 81 concluída. Loss média: 4.2959
2025-11-26 16:13:46,126 - INFO - Taxa de aprendizado ajustada para: 0.001000
2025-11-26 16:13:46,127 - INFO - Iniciando inferência com o modelo SqueezeNet...
2025-11-26 16:13:49,116 - INFO - ==================================================
2025-11-26 16:13:49,116 - INFO - EXPERIMENT RESULTS
2025-11-26 16:13:49,116 - INFO - ==================================================
2025-11-26 16:13:49,116 - INFO - Elapsed Time Seconds     : 2.9656
2025-11-26 16:13:49,116 - INFO - Cpu Usage Percent        : 2.1500
2025-11-26 16:13:49,116 - INFO - Ram Peak Usage Bytes     : 27336568832.0000
2025-11-26 16:13:49,116 - INFO - Disk Read Bytes          : 0.0000
2025-11-26 16:13:49,116 - INFO - Disk Write Bytes         : 323584.0000
2025-11-26 16:13:49,116 - INFO - Vram Peak Usage Bytes    : 6429543804.0000
2025-11-26 16:13:49,116 - INFO - Gpu Power Watts Avg      : 124.0748
2025-11-26 16:13:49,116 - INFO - Gpu Power Watts Peak     : 272.2790
2025-11-26 16:13:49,116 - INFO - Gpu Temp Celsius Avg     : 49.7241
2025-11-26 16:13:49,116 - INFO - Gpu Temp Celsius Peak    : 57.0000
2025-11-26 16:13:49,116 - INFO - Gpu Utilization Percent Avg: 22.7586
2025-11-26 16:13:49,116 - INFO - Gpu Utilization Percent Peak: 100.0000
2025-11-26 16:13:49,116 - INFO - Gpu Mem Used Bytes Avg   : 19676725248.0000
2025-11-26 16:13:49,116 - INFO - Gpu Mem Used Bytes Peak  : 19676725248.0000
2025-11-26 16:13:49,116 - INFO - Gpu Vram Used Bytes      : 19676725248.0000
2025-11-26 16:13:49,116 - INFO - Accuracy                 : 0.1628
2025-11-26 16:13:49,116 - INFO - Precision                : 0.1424
2025-11-26 16:13:49,116 - INFO - Recall                   : 0.1628
2025-11-26 16:13:49,116 - INFO - F1 Score                 : 0.1346
2025-11-26 16:13:49,116 - INFO - ==================================================
2025-11-26 16:14:12,793 - INFO - Época 82 concluída. Loss média: 4.2954
2025-11-26 16:14:12,794 - INFO - Taxa de aprendizado ajustada para: 0.001000
2025-11-26 16:14:12,795 - INFO - Iniciando inferência com o modelo SqueezeNet...
2025-11-26 16:14:16,185 - INFO - ==================================================
2025-11-26 16:14:16,185 - INFO - EXPERIMENT RESULTS
2025-11-26 16:14:16,185 - INFO - ==================================================
2025-11-26 16:14:16,186 - INFO - Elapsed Time Seconds     : 3.3676
2025-11-26 16:14:16,186 - INFO - Cpu Usage Percent        : 1.8844
2025-11-26 16:14:16,186 - INFO - Ram Peak Usage Bytes     : 27336589312.0000
2025-11-26 16:14:16,186 - INFO - Disk Read Bytes          : 0.0000
2025-11-26 16:14:16,186 - INFO - Disk Write Bytes         : 204800.0000
2025-11-26 16:14:16,186 - INFO - Vram Peak Usage Bytes    : 6429543804.0000
2025-11-26 16:14:16,186 - INFO - Gpu Power Watts Avg      : 120.0374
2025-11-26 16:14:16,186 - INFO - Gpu Power Watts Peak     : 262.8130
2025-11-26 16:14:16,186 - INFO - Gpu Temp Celsius Avg     : 49.0303
2025-11-26 16:14:16,186 - INFO - Gpu Temp Celsius Peak    : 58.0000
2025-11-26 16:14:16,186 - INFO - Gpu Utilization Percent Avg: 21.6970
2025-11-26 16:14:16,186 - INFO - Gpu Utilization Percent Peak: 100.0000
2025-11-26 16:14:16,186 - INFO - Gpu Mem Used Bytes Avg   : 19676725248.0000
2025-11-26 16:14:16,186 - INFO - Gpu Mem Used Bytes Peak  : 19676725248.0000
2025-11-26 16:14:16,186 - INFO - Gpu Vram Used Bytes      : 19676725248.0000
2025-11-26 16:14:16,186 - INFO - Accuracy                 : 0.1625
2025-11-26 16:14:16,186 - INFO - Precision                : 0.1401
2025-11-26 16:14:16,186 - INFO - Recall                   : 0.1625
2025-11-26 16:14:16,186 - INFO - F1 Score                 : 0.1347
2025-11-26 16:14:16,186 - INFO - ==================================================
2025-11-26 16:14:39,616 - INFO - Época 83 concluída. Loss média: 4.2930
2025-11-26 16:14:39,616 - INFO - Taxa de aprendizado ajustada para: 0.001000
2025-11-26 16:14:39,617 - INFO - Iniciando inferência com o modelo SqueezeNet...
2025-11-26 16:14:43,081 - INFO - ==================================================
2025-11-26 16:14:43,081 - INFO - EXPERIMENT RESULTS
2025-11-26 16:14:43,081 - INFO - ==================================================
2025-11-26 16:14:43,081 - INFO - Elapsed Time Seconds     : 3.4403
2025-11-26 16:14:43,081 - INFO - Cpu Usage Percent        : 1.8344
2025-11-26 16:14:43,081 - INFO - Ram Peak Usage Bytes     : 27336609792.0000
2025-11-26 16:14:43,081 - INFO - Disk Read Bytes          : 0.0000
2025-11-26 16:14:43,081 - INFO - Disk Write Bytes         : 126976.0000
2025-11-26 16:14:43,081 - INFO - Vram Peak Usage Bytes    : 6429543804.0000
2025-11-26 16:14:43,081 - INFO - Gpu Power Watts Avg      : 114.8721
2025-11-26 16:14:43,081 - INFO - Gpu Power Watts Peak     : 273.6140
2025-11-26 16:14:43,081 - INFO - Gpu Temp Celsius Avg     : 49.0000
2025-11-26 16:14:43,081 - INFO - Gpu Temp Celsius Peak    : 58.0000
2025-11-26 16:14:43,081 - INFO - Gpu Utilization Percent Avg: 18.1765
2025-11-26 16:14:43,081 - INFO - Gpu Utilization Percent Peak: 100.0000
2025-11-26 16:14:43,081 - INFO - Gpu Mem Used Bytes Avg   : 19676725248.0000
2025-11-26 16:14:43,081 - INFO - Gpu Mem Used Bytes Peak  : 19676725248.0000
2025-11-26 16:14:43,081 - INFO - Gpu Vram Used Bytes      : 19676725248.0000
2025-11-26 16:14:43,081 - INFO - Accuracy                 : 0.1652
2025-11-26 16:14:43,081 - INFO - Precision                : 0.1437
2025-11-26 16:14:43,081 - INFO - Recall                   : 0.1652
2025-11-26 16:14:43,081 - INFO - F1 Score                 : 0.1368
2025-11-26 16:14:43,081 - INFO - ==================================================
2025-11-26 16:15:06,347 - INFO - Época 84 concluída. Loss média: 4.2929
2025-11-26 16:15:06,347 - INFO - Taxa de aprendizado ajustada para: 0.001000
2025-11-26 16:15:06,348 - INFO - Iniciando inferência com o modelo SqueezeNet...
2025-11-26 16:15:09,200 - INFO - ==================================================
2025-11-26 16:15:09,200 - INFO - EXPERIMENT RESULTS
2025-11-26 16:15:09,200 - INFO - ==================================================
2025-11-26 16:15:09,200 - INFO - Elapsed Time Seconds     : 2.8368
2025-11-26 16:15:09,200 - INFO - Cpu Usage Percent        : 2.1906
2025-11-26 16:15:09,200 - INFO - Ram Peak Usage Bytes     : 27336626176.0000
2025-11-26 16:15:09,200 - INFO - Disk Read Bytes          : 0.0000
2025-11-26 16:15:09,200 - INFO - Disk Write Bytes         : 0.0000
2025-11-26 16:15:09,200 - INFO - Vram Peak Usage Bytes    : 6429543804.0000
2025-11-26 16:15:09,200 - INFO - Gpu Power Watts Avg      : 128.8118
2025-11-26 16:15:09,200 - INFO - Gpu Power Watts Peak     : 287.6670
2025-11-26 16:15:09,200 - INFO - Gpu Temp Celsius Avg     : 49.5357
2025-11-26 16:15:09,200 - INFO - Gpu Temp Celsius Peak    : 58.0000
2025-11-26 16:15:09,200 - INFO - Gpu Utilization Percent Avg: 21.4286
2025-11-26 16:15:09,200 - INFO - Gpu Utilization Percent Peak: 100.0000
2025-11-26 16:15:09,200 - INFO - Gpu Mem Used Bytes Avg   : 19676725248.0000
2025-11-26 16:15:09,200 - INFO - Gpu Mem Used Bytes Peak  : 19676725248.0000
2025-11-26 16:15:09,200 - INFO - Gpu Vram Used Bytes      : 19676725248.0000
2025-11-26 16:15:09,200 - INFO - Accuracy                 : 0.1632
2025-11-26 16:15:09,200 - INFO - Precision                : 0.1430
2025-11-26 16:15:09,200 - INFO - Recall                   : 0.1632
2025-11-26 16:15:09,200 - INFO - F1 Score                 : 0.1345
2025-11-26 16:15:09,200 - INFO - ==================================================
2025-11-26 16:15:31,205 - INFO - Época 85 concluída. Loss média: 4.2937
2025-11-26 16:15:31,206 - INFO - Taxa de aprendizado ajustada para: 0.001000
2025-11-26 16:15:31,207 - INFO - Iniciando inferência com o modelo SqueezeNet...
2025-11-26 16:15:35,080 - INFO - ==================================================
2025-11-26 16:15:35,080 - INFO - EXPERIMENT RESULTS
2025-11-26 16:15:35,080 - INFO - ==================================================
2025-11-26 16:15:35,080 - INFO - Elapsed Time Seconds     : 3.8506
2025-11-26 16:15:35,081 - INFO - Cpu Usage Percent        : 2.3625
2025-11-26 16:15:35,081 - INFO - Ram Peak Usage Bytes     : 27336650752.0000
2025-11-26 16:15:35,081 - INFO - Disk Read Bytes          : 0.0000
2025-11-26 16:15:35,081 - INFO - Disk Write Bytes         : 184320.0000
2025-11-26 16:15:35,081 - INFO - Vram Peak Usage Bytes    : 6429543804.0000
2025-11-26 16:15:35,081 - INFO - Gpu Power Watts Avg      : 94.9664
2025-11-26 16:15:35,081 - INFO - Gpu Power Watts Peak     : 275.6690
2025-11-26 16:15:35,081 - INFO - Gpu Temp Celsius Avg     : 48.5000
2025-11-26 16:15:35,081 - INFO - Gpu Temp Celsius Peak    : 59.0000
2025-11-26 16:15:35,081 - INFO - Gpu Utilization Percent Avg: 14.6842
2025-11-26 16:15:35,081 - INFO - Gpu Utilization Percent Peak: 100.0000
2025-11-26 16:15:35,081 - INFO - Gpu Mem Used Bytes Avg   : 19676725248.0000
2025-11-26 16:15:35,081 - INFO - Gpu Mem Used Bytes Peak  : 19676725248.0000
2025-11-26 16:15:35,081 - INFO - Gpu Vram Used Bytes      : 19676725248.0000
2025-11-26 16:15:35,081 - INFO - Accuracy                 : 0.1641
2025-11-26 16:15:35,081 - INFO - Precision                : 0.1502
2025-11-26 16:15:35,081 - INFO - Recall                   : 0.1641
2025-11-26 16:15:35,081 - INFO - F1 Score                 : 0.1362
2025-11-26 16:15:35,081 - INFO - ==================================================
2025-11-26 16:16:01,327 - INFO - Época 86 concluída. Loss média: 4.2882
2025-11-26 16:16:01,328 - INFO - Taxa de aprendizado ajustada para: 0.001000
2025-11-26 16:16:01,329 - INFO - Iniciando inferência com o modelo SqueezeNet...
2025-11-26 16:16:04,424 - INFO - ==================================================
2025-11-26 16:16:04,424 - INFO - EXPERIMENT RESULTS
2025-11-26 16:16:04,424 - INFO - ==================================================
2025-11-26 16:16:04,424 - INFO - Elapsed Time Seconds     : 3.0722
2025-11-26 16:16:04,424 - INFO - Cpu Usage Percent        : 2.0250
2025-11-26 16:16:04,424 - INFO - Ram Peak Usage Bytes     : 27336667136.0000
2025-11-26 16:16:04,424 - INFO - Disk Read Bytes          : 0.0000
2025-11-26 16:16:04,424 - INFO - Disk Write Bytes         : 0.0000
2025-11-26 16:16:04,424 - INFO - Vram Peak Usage Bytes    : 6429543804.0000
2025-11-26 16:16:04,424 - INFO - Gpu Power Watts Avg      : 118.2704
2025-11-26 16:16:04,424 - INFO - Gpu Power Watts Peak     : 287.4680
2025-11-26 16:16:04,424 - INFO - Gpu Temp Celsius Avg     : 49.0000
2025-11-26 16:16:04,424 - INFO - Gpu Temp Celsius Peak    : 58.0000
2025-11-26 16:16:04,424 - INFO - Gpu Utilization Percent Avg: 21.9000
2025-11-26 16:16:04,424 - INFO - Gpu Utilization Percent Peak: 100.0000
2025-11-26 16:16:04,424 - INFO - Gpu Mem Used Bytes Avg   : 19676725248.0000
2025-11-26 16:16:04,424 - INFO - Gpu Mem Used Bytes Peak  : 19676725248.0000
2025-11-26 16:16:04,424 - INFO - Gpu Vram Used Bytes      : 19676725248.0000
2025-11-26 16:16:04,424 - INFO - Accuracy                 : 0.1643
2025-11-26 16:16:04,424 - INFO - Precision                : 0.1445
2025-11-26 16:16:04,424 - INFO - Recall                   : 0.1643
2025-11-26 16:16:04,424 - INFO - F1 Score                 : 0.1363
2025-11-26 16:16:04,424 - INFO - ==================================================
2025-11-26 16:16:26,879 - INFO - Época 87 concluída. Loss média: 4.2870
2025-11-26 16:16:26,879 - INFO - Taxa de aprendizado ajustada para: 0.001000
2025-11-26 16:16:26,880 - INFO - Iniciando inferência com o modelo SqueezeNet...
2025-11-26 16:16:30,363 - INFO - ==================================================
2025-11-26 16:16:30,363 - INFO - EXPERIMENT RESULTS
2025-11-26 16:16:30,363 - INFO - ==================================================
2025-11-26 16:16:30,363 - INFO - Elapsed Time Seconds     : 3.4597
2025-11-26 16:16:30,363 - INFO - Cpu Usage Percent        : 1.8594
2025-11-26 16:16:30,363 - INFO - Ram Peak Usage Bytes     : 27337469952.0000
2025-11-26 16:16:30,363 - INFO - Disk Read Bytes          : 0.0000
2025-11-26 16:16:30,363 - INFO - Disk Write Bytes         : 196608.0000
2025-11-26 16:16:30,363 - INFO - Vram Peak Usage Bytes    : 6429543804.0000
2025-11-26 16:16:30,363 - INFO - Gpu Power Watts Avg      : 115.5675
2025-11-26 16:16:30,363 - INFO - Gpu Power Watts Peak     : 274.2520
2025-11-26 16:16:30,363 - INFO - Gpu Temp Celsius Avg     : 49.1176
2025-11-26 16:16:30,363 - INFO - Gpu Temp Celsius Peak    : 58.0000
2025-11-26 16:16:30,363 - INFO - Gpu Utilization Percent Avg: 19.1176
2025-11-26 16:16:30,364 - INFO - Gpu Utilization Percent Peak: 100.0000
2025-11-26 16:16:30,364 - INFO - Gpu Mem Used Bytes Avg   : 19676725248.0000
2025-11-26 16:16:30,364 - INFO - Gpu Mem Used Bytes Peak  : 19676725248.0000
2025-11-26 16:16:30,364 - INFO - Gpu Vram Used Bytes      : 19676725248.0000
2025-11-26 16:16:30,364 - INFO - Accuracy                 : 0.1638
2025-11-26 16:16:30,364 - INFO - Precision                : 0.1440
2025-11-26 16:16:30,364 - INFO - Recall                   : 0.1638
2025-11-26 16:16:30,364 - INFO - F1 Score                 : 0.1360
2025-11-26 16:16:30,364 - INFO - ==================================================
2025-11-26 16:16:54,466 - INFO - Época 88 concluída. Loss média: 4.2888
2025-11-26 16:16:54,466 - INFO - Taxa de aprendizado ajustada para: 0.001000
2025-11-26 16:16:54,467 - INFO - Iniciando inferência com o modelo SqueezeNet...
2025-11-26 16:16:58,255 - INFO - ==================================================
2025-11-26 16:16:58,255 - INFO - EXPERIMENT RESULTS
2025-11-26 16:16:58,255 - INFO - ==================================================
2025-11-26 16:16:58,255 - INFO - Elapsed Time Seconds     : 3.7650
2025-11-26 16:16:58,255 - INFO - Cpu Usage Percent        : 2.4219
2025-11-26 16:16:58,255 - INFO - Ram Peak Usage Bytes     : 27337469952.0000
2025-11-26 16:16:58,255 - INFO - Disk Read Bytes          : 0.0000
2025-11-26 16:16:58,255 - INFO - Disk Write Bytes         : 90112.0000
2025-11-26 16:16:58,255 - INFO - Vram Peak Usage Bytes    : 6429543804.0000
2025-11-26 16:16:58,255 - INFO - Gpu Power Watts Avg      : 101.7460
2025-11-26 16:16:58,255 - INFO - Gpu Power Watts Peak     : 270.7820
2025-11-26 16:16:58,255 - INFO - Gpu Temp Celsius Avg     : 48.4324
2025-11-26 16:16:58,255 - INFO - Gpu Temp Celsius Peak    : 58.0000
2025-11-26 16:16:58,255 - INFO - Gpu Utilization Percent Avg: 15.7027
2025-11-26 16:16:58,255 - INFO - Gpu Utilization Percent Peak: 100.0000
2025-11-26 16:16:58,255 - INFO - Gpu Mem Used Bytes Avg   : 19676725248.0000
2025-11-26 16:16:58,255 - INFO - Gpu Mem Used Bytes Peak  : 19676725248.0000
2025-11-26 16:16:58,255 - INFO - Gpu Vram Used Bytes      : 19676725248.0000
2025-11-26 16:16:58,255 - INFO - Accuracy                 : 0.1634
2025-11-26 16:16:58,255 - INFO - Precision                : 0.1455
2025-11-26 16:16:58,255 - INFO - Recall                   : 0.1634
2025-11-26 16:16:58,256 - INFO - F1 Score                 : 0.1357
2025-11-26 16:16:58,256 - INFO - ==================================================
2025-11-26 16:17:24,208 - INFO - Época 89 concluída. Loss média: 4.2809
2025-11-26 16:17:24,208 - INFO - Taxa de aprendizado ajustada para: 0.001000
2025-11-26 16:17:24,209 - INFO - Iniciando inferência com o modelo SqueezeNet...
2025-11-26 16:17:27,212 - INFO - ==================================================
2025-11-26 16:17:27,212 - INFO - EXPERIMENT RESULTS
2025-11-26 16:17:27,212 - INFO - ==================================================
2025-11-26 16:17:27,212 - INFO - Elapsed Time Seconds     : 2.9795
2025-11-26 16:17:27,212 - INFO - Cpu Usage Percent        : 2.2125
2025-11-26 16:17:27,212 - INFO - Ram Peak Usage Bytes     : 27337469952.0000
2025-11-26 16:17:27,212 - INFO - Disk Read Bytes          : 0.0000
2025-11-26 16:17:27,212 - INFO - Disk Write Bytes         : 237568.0000
2025-11-26 16:17:27,212 - INFO - Vram Peak Usage Bytes    : 6429543804.0000
2025-11-26 16:17:27,212 - INFO - Gpu Power Watts Avg      : 120.6191
2025-11-26 16:17:27,212 - INFO - Gpu Power Watts Peak     : 286.5250
2025-11-26 16:17:27,212 - INFO - Gpu Temp Celsius Avg     : 49.2414
2025-11-26 16:17:27,212 - INFO - Gpu Temp Celsius Peak    : 57.0000
2025-11-26 16:17:27,212 - INFO - Gpu Utilization Percent Avg: 21.7931
2025-11-26 16:17:27,212 - INFO - Gpu Utilization Percent Peak: 100.0000
2025-11-26 16:17:27,212 - INFO - Gpu Mem Used Bytes Avg   : 19676725248.0000
2025-11-26 16:17:27,212 - INFO - Gpu Mem Used Bytes Peak  : 19676725248.0000
2025-11-26 16:17:27,212 - INFO - Gpu Vram Used Bytes      : 19676725248.0000
2025-11-26 16:17:27,212 - INFO - Accuracy                 : 0.1643
2025-11-26 16:17:27,212 - INFO - Precision                : 0.1412
2025-11-26 16:17:27,212 - INFO - Recall                   : 0.1643
2025-11-26 16:17:27,212 - INFO - F1 Score                 : 0.1360
2025-11-26 16:17:27,213 - INFO - ==================================================
2025-11-26 16:17:50,679 - INFO - Época 90 concluída. Loss média: 4.2848
2025-11-26 16:17:50,679 - INFO - Taxa de aprendizado ajustada para: 0.000100
2025-11-26 16:17:50,680 - INFO - Iniciando inferência com o modelo SqueezeNet...
2025-11-26 16:17:54,183 - INFO - ==================================================
2025-11-26 16:17:54,183 - INFO - EXPERIMENT RESULTS
2025-11-26 16:17:54,183 - INFO - ==================================================
2025-11-26 16:17:54,183 - INFO - Elapsed Time Seconds     : 3.4801
2025-11-26 16:17:54,183 - INFO - Cpu Usage Percent        : 1.8313
2025-11-26 16:17:54,183 - INFO - Ram Peak Usage Bytes     : 27337678848.0000
2025-11-26 16:17:54,183 - INFO - Disk Read Bytes          : 0.0000
2025-11-26 16:17:54,183 - INFO - Disk Write Bytes         : 0.0000
2025-11-26 16:17:54,183 - INFO - Vram Peak Usage Bytes    : 6429543804.0000
2025-11-26 16:17:54,183 - INFO - Gpu Power Watts Avg      : 116.8079
2025-11-26 16:17:54,183 - INFO - Gpu Power Watts Peak     : 280.5270
2025-11-26 16:17:54,183 - INFO - Gpu Temp Celsius Avg     : 49.0588
2025-11-26 16:17:54,183 - INFO - Gpu Temp Celsius Peak    : 58.0000
2025-11-26 16:17:54,183 - INFO - Gpu Utilization Percent Avg: 21.8235
2025-11-26 16:17:54,183 - INFO - Gpu Utilization Percent Peak: 100.0000
2025-11-26 16:17:54,183 - INFO - Gpu Mem Used Bytes Avg   : 19676725248.0000
2025-11-26 16:17:54,183 - INFO - Gpu Mem Used Bytes Peak  : 19676725248.0000
2025-11-26 16:17:54,183 - INFO - Gpu Vram Used Bytes      : 19676725248.0000
2025-11-26 16:17:54,183 - INFO - Accuracy                 : 0.1666
2025-11-26 16:17:54,184 - INFO - Precision                : 0.1423
2025-11-26 16:17:54,184 - INFO - Recall                   : 0.1666
2025-11-26 16:17:54,184 - INFO - F1 Score                 : 0.1376
2025-11-26 16:17:54,184 - INFO - ==================================================
2025-11-26 16:18:20,784 - INFO - Época 91 concluída. Loss média: 4.2803
2025-11-26 16:18:20,784 - INFO - Taxa de aprendizado ajustada para: 0.000100
2025-11-26 16:18:20,785 - INFO - Iniciando inferência com o modelo SqueezeNet...
2025-11-26 16:18:24,563 - INFO - ==================================================
2025-11-26 16:18:24,563 - INFO - EXPERIMENT RESULTS
2025-11-26 16:18:24,563 - INFO - ==================================================
2025-11-26 16:18:24,563 - INFO - Elapsed Time Seconds     : 3.7533
2025-11-26 16:18:24,563 - INFO - Cpu Usage Percent        : 2.4312
2025-11-26 16:18:24,563 - INFO - Ram Peak Usage Bytes     : 27337678848.0000
2025-11-26 16:18:24,563 - INFO - Disk Read Bytes          : 0.0000
2025-11-26 16:18:24,563 - INFO - Disk Write Bytes         : 4096.0000
2025-11-26 16:18:24,563 - INFO - Vram Peak Usage Bytes    : 6429543804.0000
2025-11-26 16:18:24,563 - INFO - Gpu Power Watts Avg      : 110.6952
2025-11-26 16:18:24,563 - INFO - Gpu Power Watts Peak     : 286.1290
2025-11-26 16:18:24,563 - INFO - Gpu Temp Celsius Avg     : 48.7568
2025-11-26 16:18:24,563 - INFO - Gpu Temp Celsius Peak    : 57.0000
2025-11-26 16:18:24,563 - INFO - Gpu Utilization Percent Avg: 19.8919
2025-11-26 16:18:24,563 - INFO - Gpu Utilization Percent Peak: 100.0000
2025-11-26 16:18:24,563 - INFO - Gpu Mem Used Bytes Avg   : 19676725248.0000
2025-11-26 16:18:24,563 - INFO - Gpu Mem Used Bytes Peak  : 19676725248.0000
2025-11-26 16:18:24,563 - INFO - Gpu Vram Used Bytes      : 19676725248.0000
2025-11-26 16:18:24,563 - INFO - Accuracy                 : 0.1678
2025-11-26 16:18:24,563 - INFO - Precision                : 0.1476
2025-11-26 16:18:24,563 - INFO - Recall                   : 0.1678
2025-11-26 16:18:24,563 - INFO - F1 Score                 : 0.1398
2025-11-26 16:18:24,563 - INFO - ==================================================
2025-11-26 16:18:49,057 - INFO - Época 92 concluída. Loss média: 4.2762
2025-11-26 16:18:49,057 - INFO - Taxa de aprendizado ajustada para: 0.000100
2025-11-26 16:18:49,058 - INFO - Iniciando inferência com o modelo SqueezeNet...
2025-11-26 16:18:52,356 - INFO - ==================================================
2025-11-26 16:18:52,356 - INFO - EXPERIMENT RESULTS
2025-11-26 16:18:52,356 - INFO - ==================================================
2025-11-26 16:18:52,356 - INFO - Elapsed Time Seconds     : 3.2748
2025-11-26 16:18:52,356 - INFO - Cpu Usage Percent        : 1.9281
2025-11-26 16:18:52,356 - INFO - Ram Peak Usage Bytes     : 27337678848.0000
2025-11-26 16:18:52,356 - INFO - Disk Read Bytes          : 0.0000
2025-11-26 16:18:52,356 - INFO - Disk Write Bytes         : 114688.0000
2025-11-26 16:18:52,356 - INFO - Vram Peak Usage Bytes    : 6429543804.0000
2025-11-26 16:18:52,356 - INFO - Gpu Power Watts Avg      : 114.8711
2025-11-26 16:18:52,356 - INFO - Gpu Power Watts Peak     : 281.7330
2025-11-26 16:18:52,356 - INFO - Gpu Temp Celsius Avg     : 49.0312
2025-11-26 16:18:52,356 - INFO - Gpu Temp Celsius Peak    : 58.0000
2025-11-26 16:18:52,356 - INFO - Gpu Utilization Percent Avg: 22.9375
2025-11-26 16:18:52,356 - INFO - Gpu Utilization Percent Peak: 100.0000
2025-11-26 16:18:52,356 - INFO - Gpu Mem Used Bytes Avg   : 19676725248.0000
2025-11-26 16:18:52,356 - INFO - Gpu Mem Used Bytes Peak  : 19676725248.0000
2025-11-26 16:18:52,356 - INFO - Gpu Vram Used Bytes      : 19676725248.0000
2025-11-26 16:18:52,356 - INFO - Accuracy                 : 0.1674
2025-11-26 16:18:52,356 - INFO - Precision                : 0.1460
2025-11-26 16:18:52,356 - INFO - Recall                   : 0.1674
2025-11-26 16:18:52,356 - INFO - F1 Score                 : 0.1396
2025-11-26 16:18:52,356 - INFO - ==================================================
2025-11-26 16:19:16,109 - INFO - Época 93 concluída. Loss média: 4.2762
2025-11-26 16:19:16,109 - INFO - Taxa de aprendizado ajustada para: 0.000100
2025-11-26 16:19:16,110 - INFO - Iniciando inferência com o modelo SqueezeNet...
2025-11-26 16:19:19,302 - INFO - ==================================================
2025-11-26 16:19:19,303 - INFO - EXPERIMENT RESULTS
2025-11-26 16:19:19,303 - INFO - ==================================================
2025-11-26 16:19:19,303 - INFO - Elapsed Time Seconds     : 3.1696
2025-11-26 16:19:19,303 - INFO - Cpu Usage Percent        : 2.0406
2025-11-26 16:19:19,303 - INFO - Ram Peak Usage Bytes     : 27337691136.0000
2025-11-26 16:19:19,303 - INFO - Disk Read Bytes          : 0.0000
2025-11-26 16:19:19,303 - INFO - Disk Write Bytes         : 196608.0000
2025-11-26 16:19:19,303 - INFO - Vram Peak Usage Bytes    : 6429543804.0000
2025-11-26 16:19:19,303 - INFO - Gpu Power Watts Avg      : 115.5943
2025-11-26 16:19:19,303 - INFO - Gpu Power Watts Peak     : 271.3110
2025-11-26 16:19:19,303 - INFO - Gpu Temp Celsius Avg     : 49.2903
2025-11-26 16:19:19,303 - INFO - Gpu Temp Celsius Peak    : 57.0000
2025-11-26 16:19:19,303 - INFO - Gpu Utilization Percent Avg: 21.0323
2025-11-26 16:19:19,303 - INFO - Gpu Utilization Percent Peak: 100.0000
2025-11-26 16:19:19,303 - INFO - Gpu Mem Used Bytes Avg   : 19676725248.0000
2025-11-26 16:19:19,303 - INFO - Gpu Mem Used Bytes Peak  : 19676725248.0000
2025-11-26 16:19:19,303 - INFO - Gpu Vram Used Bytes      : 19676725248.0000
2025-11-26 16:19:19,303 - INFO - Accuracy                 : 0.1680
2025-11-26 16:19:19,303 - INFO - Precision                : 0.1488
2025-11-26 16:19:19,303 - INFO - Recall                   : 0.1680
2025-11-26 16:19:19,303 - INFO - F1 Score                 : 0.1403
2025-11-26 16:19:19,303 - INFO - ==================================================
2025-11-26 16:19:45,488 - INFO - Época 94 concluída. Loss média: 4.2818
2025-11-26 16:19:45,488 - INFO - Taxa de aprendizado ajustada para: 0.000100
2025-11-26 16:19:45,489 - INFO - Iniciando inferência com o modelo SqueezeNet...
2025-11-26 16:19:49,280 - INFO - ==================================================
2025-11-26 16:19:49,280 - INFO - EXPERIMENT RESULTS
2025-11-26 16:19:49,280 - INFO - ==================================================
2025-11-26 16:19:49,280 - INFO - Elapsed Time Seconds     : 3.7676
2025-11-26 16:19:49,280 - INFO - Cpu Usage Percent        : 2.3563
2025-11-26 16:19:49,280 - INFO - Ram Peak Usage Bytes     : 27337691136.0000
2025-11-26 16:19:49,280 - INFO - Disk Read Bytes          : 0.0000
2025-11-26 16:19:49,280 - INFO - Disk Write Bytes         : 204800.0000
2025-11-26 16:19:49,280 - INFO - Vram Peak Usage Bytes    : 6429543804.0000
2025-11-26 16:19:49,280 - INFO - Gpu Power Watts Avg      : 102.4480
2025-11-26 16:19:49,280 - INFO - Gpu Power Watts Peak     : 294.7500
2025-11-26 16:19:49,280 - INFO - Gpu Temp Celsius Avg     : 48.6757
2025-11-26 16:19:49,280 - INFO - Gpu Temp Celsius Peak    : 57.0000
2025-11-26 16:19:49,280 - INFO - Gpu Utilization Percent Avg: 18.6486
2025-11-26 16:19:49,280 - INFO - Gpu Utilization Percent Peak: 100.0000
2025-11-26 16:19:49,280 - INFO - Gpu Mem Used Bytes Avg   : 19676725248.0000
2025-11-26 16:19:49,280 - INFO - Gpu Mem Used Bytes Peak  : 19676725248.0000
2025-11-26 16:19:49,280 - INFO - Gpu Vram Used Bytes      : 19676725248.0000
2025-11-26 16:19:49,280 - INFO - Accuracy                 : 0.1667
2025-11-26 16:19:49,280 - INFO - Precision                : 0.1458
2025-11-26 16:19:49,280 - INFO - Recall                   : 0.1667
2025-11-26 16:19:49,280 - INFO - F1 Score                 : 0.1391
2025-11-26 16:19:49,280 - INFO - ==================================================
2025-11-26 16:20:15,833 - INFO - Época 95 concluída. Loss média: 4.2743
2025-11-26 16:20:15,833 - INFO - Taxa de aprendizado ajustada para: 0.000100
2025-11-26 16:20:15,834 - INFO - Iniciando inferência com o modelo SqueezeNet...
2025-11-26 16:20:19,204 - INFO - ==================================================
2025-11-26 16:20:19,204 - INFO - EXPERIMENT RESULTS
2025-11-26 16:20:19,204 - INFO - ==================================================
2025-11-26 16:20:19,204 - INFO - Elapsed Time Seconds     : 3.3470
2025-11-26 16:20:19,204 - INFO - Cpu Usage Percent        : 1.9219
2025-11-26 16:20:19,204 - INFO - Ram Peak Usage Bytes     : 27337691136.0000
2025-11-26 16:20:19,204 - INFO - Disk Read Bytes          : 0.0000
2025-11-26 16:20:19,204 - INFO - Disk Write Bytes         : 12288.0000
2025-11-26 16:20:19,204 - INFO - Vram Peak Usage Bytes    : 6429543804.0000
2025-11-26 16:20:19,204 - INFO - Gpu Power Watts Avg      : 118.6069
2025-11-26 16:20:19,204 - INFO - Gpu Power Watts Peak     : 283.2220
2025-11-26 16:20:19,204 - INFO - Gpu Temp Celsius Avg     : 49.0606
2025-11-26 16:20:19,204 - INFO - Gpu Temp Celsius Peak    : 57.0000
2025-11-26 16:20:19,204 - INFO - Gpu Utilization Percent Avg: 20.0909
2025-11-26 16:20:19,204 - INFO - Gpu Utilization Percent Peak: 100.0000
2025-11-26 16:20:19,204 - INFO - Gpu Mem Used Bytes Avg   : 19676725248.0000
2025-11-26 16:20:19,204 - INFO - Gpu Mem Used Bytes Peak  : 19676725248.0000
2025-11-26 16:20:19,204 - INFO - Gpu Vram Used Bytes      : 19676725248.0000
2025-11-26 16:20:19,204 - INFO - Accuracy                 : 0.1676
2025-11-26 16:20:19,204 - INFO - Precision                : 0.1468
2025-11-26 16:20:19,204 - INFO - Recall                   : 0.1676
2025-11-26 16:20:19,204 - INFO - F1 Score                 : 0.1399
2025-11-26 16:20:19,204 - INFO - ==================================================
2025-11-26 16:20:45,383 - INFO - Época 96 concluída. Loss média: 4.2783
2025-11-26 16:20:45,383 - INFO - Taxa de aprendizado ajustada para: 0.000100
2025-11-26 16:20:45,384 - INFO - Iniciando inferência com o modelo SqueezeNet...
2025-11-26 16:20:48,663 - INFO - ==================================================
2025-11-26 16:20:48,663 - INFO - EXPERIMENT RESULTS
2025-11-26 16:20:48,663 - INFO - ==================================================
2025-11-26 16:20:48,663 - INFO - Elapsed Time Seconds     : 3.2556
2025-11-26 16:20:48,663 - INFO - Cpu Usage Percent        : 1.9375
2025-11-26 16:20:48,663 - INFO - Ram Peak Usage Bytes     : 27337695232.0000
2025-11-26 16:20:48,663 - INFO - Disk Read Bytes          : 0.0000
2025-11-26 16:20:48,663 - INFO - Disk Write Bytes         : 0.0000
2025-11-26 16:20:48,663 - INFO - Vram Peak Usage Bytes    : 6429543804.0000
2025-11-26 16:20:48,663 - INFO - Gpu Power Watts Avg      : 112.9701
2025-11-26 16:20:48,663 - INFO - Gpu Power Watts Peak     : 269.1230
2025-11-26 16:20:48,663 - INFO - Gpu Temp Celsius Avg     : 49.3125
2025-11-26 16:20:48,663 - INFO - Gpu Temp Celsius Peak    : 59.0000
2025-11-26 16:20:48,663 - INFO - Gpu Utilization Percent Avg: 20.6562
2025-11-26 16:20:48,663 - INFO - Gpu Utilization Percent Peak: 100.0000
2025-11-26 16:20:48,663 - INFO - Gpu Mem Used Bytes Avg   : 19676725248.0000
2025-11-26 16:20:48,663 - INFO - Gpu Mem Used Bytes Peak  : 19676725248.0000
2025-11-26 16:20:48,663 - INFO - Gpu Vram Used Bytes      : 19676725248.0000
2025-11-26 16:20:48,663 - INFO - Accuracy                 : 0.1677
2025-11-26 16:20:48,663 - INFO - Precision                : 0.1456
2025-11-26 16:20:48,663 - INFO - Recall                   : 0.1677
2025-11-26 16:20:48,663 - INFO - F1 Score                 : 0.1400
2025-11-26 16:20:48,663 - INFO - ==================================================
2025-11-26 16:21:11,805 - INFO - Época 97 concluída. Loss média: 4.2779
2025-11-26 16:21:11,806 - INFO - Taxa de aprendizado ajustada para: 0.000100
2025-11-26 16:21:11,807 - INFO - Iniciando inferência com o modelo SqueezeNet...
2025-11-26 16:21:15,869 - INFO - ==================================================
2025-11-26 16:21:15,869 - INFO - EXPERIMENT RESULTS
2025-11-26 16:21:15,869 - INFO - ==================================================
2025-11-26 16:21:15,869 - INFO - Elapsed Time Seconds     : 4.0393
2025-11-26 16:21:15,869 - INFO - Cpu Usage Percent        : 2.3125
2025-11-26 16:21:15,869 - INFO - Ram Peak Usage Bytes     : 27337699328.0000
2025-11-26 16:21:15,869 - INFO - Disk Read Bytes          : 0.0000
2025-11-26 16:21:15,869 - INFO - Disk Write Bytes         : 0.0000
2025-11-26 16:21:15,869 - INFO - Vram Peak Usage Bytes    : 6429543804.0000
2025-11-26 16:21:15,869 - INFO - Gpu Power Watts Avg      : 111.7729
2025-11-26 16:21:15,869 - INFO - Gpu Power Watts Peak     : 278.7300
2025-11-26 16:21:15,869 - INFO - Gpu Temp Celsius Avg     : 48.9250
2025-11-26 16:21:15,869 - INFO - Gpu Temp Celsius Peak    : 58.0000
2025-11-26 16:21:15,869 - INFO - Gpu Utilization Percent Avg: 16.3250
2025-11-26 16:21:15,869 - INFO - Gpu Utilization Percent Peak: 100.0000
2025-11-26 16:21:15,870 - INFO - Gpu Mem Used Bytes Avg   : 19676725248.0000
2025-11-26 16:21:15,870 - INFO - Gpu Mem Used Bytes Peak  : 19676725248.0000
2025-11-26 16:21:15,870 - INFO - Gpu Vram Used Bytes      : 19676725248.0000
2025-11-26 16:21:15,870 - INFO - Accuracy                 : 0.1673
2025-11-26 16:21:15,870 - INFO - Precision                : 0.1452
2025-11-26 16:21:15,870 - INFO - Recall                   : 0.1673
2025-11-26 16:21:15,870 - INFO - F1 Score                 : 0.1395
2025-11-26 16:21:15,870 - INFO - ==================================================
2025-11-26 16:21:40,439 - INFO - Época 98 concluída. Loss média: 4.2788
2025-11-26 16:21:40,439 - INFO - Taxa de aprendizado ajustada para: 0.000100
2025-11-26 16:21:40,440 - INFO - Iniciando inferência com o modelo SqueezeNet...
2025-11-26 16:21:43,824 - INFO - ==================================================
2025-11-26 16:21:43,824 - INFO - EXPERIMENT RESULTS
2025-11-26 16:21:43,824 - INFO - ==================================================
2025-11-26 16:21:43,824 - INFO - Elapsed Time Seconds     : 3.3602
2025-11-26 16:21:43,824 - INFO - Cpu Usage Percent        : 1.9344
2025-11-26 16:21:43,824 - INFO - Ram Peak Usage Bytes     : 27337699328.0000
2025-11-26 16:21:43,824 - INFO - Disk Read Bytes          : 0.0000
2025-11-26 16:21:43,824 - INFO - Disk Write Bytes         : 110592.0000
2025-11-26 16:21:43,824 - INFO - Vram Peak Usage Bytes    : 6429543804.0000
2025-11-26 16:21:43,824 - INFO - Gpu Power Watts Avg      : 107.8403
2025-11-26 16:21:43,824 - INFO - Gpu Power Watts Peak     : 274.7350
2025-11-26 16:21:43,824 - INFO - Gpu Temp Celsius Avg     : 48.8182
2025-11-26 16:21:43,824 - INFO - Gpu Temp Celsius Peak    : 59.0000
2025-11-26 16:21:43,824 - INFO - Gpu Utilization Percent Avg: 18.9091
2025-11-26 16:21:43,824 - INFO - Gpu Utilization Percent Peak: 100.0000
2025-11-26 16:21:43,824 - INFO - Gpu Mem Used Bytes Avg   : 19676725248.0000
2025-11-26 16:21:43,824 - INFO - Gpu Mem Used Bytes Peak  : 19676725248.0000
2025-11-26 16:21:43,824 - INFO - Gpu Vram Used Bytes      : 19676725248.0000
2025-11-26 16:21:43,824 - INFO - Accuracy                 : 0.1676
2025-11-26 16:21:43,824 - INFO - Precision                : 0.1456
2025-11-26 16:21:43,824 - INFO - Recall                   : 0.1676
2025-11-26 16:21:43,824 - INFO - F1 Score                 : 0.1399
2025-11-26 16:21:43,824 - INFO - ==================================================
2025-11-26 16:22:09,822 - INFO - Época 99 concluída. Loss média: 4.2747
2025-11-26 16:22:09,822 - INFO - Taxa de aprendizado ajustada para: 0.000100
2025-11-26 16:22:09,823 - INFO - Iniciando inferência com o modelo SqueezeNet...
2025-11-26 16:22:13,903 - INFO - ==================================================
2025-11-26 16:22:13,903 - INFO - EXPERIMENT RESULTS
2025-11-26 16:22:13,903 - INFO - ==================================================
2025-11-26 16:22:13,903 - INFO - Elapsed Time Seconds     : 4.0572
2025-11-26 16:22:13,903 - INFO - Cpu Usage Percent        : 2.2094
2025-11-26 16:22:13,903 - INFO - Ram Peak Usage Bytes     : 27337695232.0000
2025-11-26 16:22:13,904 - INFO - Disk Read Bytes          : 0.0000
2025-11-26 16:22:13,904 - INFO - Disk Write Bytes         : 0.0000
2025-11-26 16:22:13,904 - INFO - Vram Peak Usage Bytes    : 6429543804.0000
2025-11-26 16:22:13,904 - INFO - Gpu Power Watts Avg      : 101.5615
2025-11-26 16:22:13,904 - INFO - Gpu Power Watts Peak     : 287.4140
2025-11-26 16:22:13,904 - INFO - Gpu Temp Celsius Avg     : 48.1500
2025-11-26 16:22:13,904 - INFO - Gpu Temp Celsius Peak    : 56.0000
2025-11-26 16:22:13,904 - INFO - Gpu Utilization Percent Avg: 17.0250
2025-11-26 16:22:13,904 - INFO - Gpu Utilization Percent Peak: 100.0000
2025-11-26 16:22:13,904 - INFO - Gpu Mem Used Bytes Avg   : 19676725248.0000
2025-11-26 16:22:13,904 - INFO - Gpu Mem Used Bytes Peak  : 19676725248.0000
2025-11-26 16:22:13,904 - INFO - Gpu Vram Used Bytes      : 19676725248.0000
2025-11-26 16:22:13,904 - INFO - Accuracy                 : 0.1671
2025-11-26 16:22:13,904 - INFO - Precision                : 0.1449
2025-11-26 16:22:13,904 - INFO - Recall                   : 0.1671
2025-11-26 16:22:13,904 - INFO - F1 Score                 : 0.1392
2025-11-26 16:22:13,904 - INFO - ==================================================
2025-11-26 16:22:38,026 - INFO - Época 100 concluída. Loss média: 4.2794
2025-11-26 16:22:38,026 - INFO - Taxa de aprendizado ajustada para: 0.000100
2025-11-26 16:22:38,027 - INFO - Iniciando inferência com o modelo SqueezeNet...
2025-11-26 16:22:41,390 - INFO - ==================================================
2025-11-26 16:22:41,390 - INFO - EXPERIMENT RESULTS
2025-11-26 16:22:41,390 - INFO - ==================================================
2025-11-26 16:22:41,390 - INFO - Elapsed Time Seconds     : 3.3402
2025-11-26 16:22:41,391 - INFO - Cpu Usage Percent        : 1.9094
2025-11-26 16:22:41,391 - INFO - Ram Peak Usage Bytes     : 27337715712.0000
2025-11-26 16:22:41,391 - INFO - Disk Read Bytes          : 0.0000
2025-11-26 16:22:41,391 - INFO - Disk Write Bytes         : 0.0000
2025-11-26 16:22:41,391 - INFO - Vram Peak Usage Bytes    : 6429543804.0000
2025-11-26 16:22:41,391 - INFO - Gpu Power Watts Avg      : 121.4723
2025-11-26 16:22:41,391 - INFO - Gpu Power Watts Peak     : 287.9480
2025-11-26 16:22:41,391 - INFO - Gpu Temp Celsius Avg     : 49.2727
2025-11-26 16:22:41,391 - INFO - Gpu Temp Celsius Peak    : 58.0000
2025-11-26 16:22:41,391 - INFO - Gpu Utilization Percent Avg: 22.2424
2025-11-26 16:22:41,391 - INFO - Gpu Utilization Percent Peak: 100.0000
2025-11-26 16:22:41,391 - INFO - Gpu Mem Used Bytes Avg   : 19676725248.0000
2025-11-26 16:22:41,391 - INFO - Gpu Mem Used Bytes Peak  : 19676725248.0000
2025-11-26 16:22:41,391 - INFO - Gpu Vram Used Bytes      : 19676725248.0000
2025-11-26 16:22:41,391 - INFO - Accuracy                 : 0.1671
2025-11-26 16:22:41,391 - INFO - Precision                : 0.1456
2025-11-26 16:22:41,391 - INFO - Recall                   : 0.1671
2025-11-26 16:22:41,391 - INFO - F1 Score                 : 0.1392
2025-11-26 16:22:41,391 - INFO - ==================================================
2025-11-26 16:22:41,442 - INFO - Métricas de performance do treinamento:
2025-11-26 16:22:41,442 - INFO - ==================================================
2025-11-26 16:22:41,442 - INFO - EXPERIMENT RESULTS
2025-11-26 16:22:41,442 - INFO - ==================================================
2025-11-26 16:22:41,442 - INFO - Elapsed Time Seconds     : 2774.3873
2025-11-26 16:22:41,442 - INFO - Cpu Usage Percent        : 4.2406
2025-11-26 16:22:41,442 - INFO - Ram Peak Usage Bytes     : 27337842688.0000
2025-11-26 16:22:41,442 - INFO - Disk Read Bytes          : 57171968.0000
2025-11-26 16:22:41,442 - INFO - Disk Write Bytes         : 502394880.0000
2025-11-26 16:22:41,442 - INFO - Vram Peak Usage Bytes    : 6429543804.0000
2025-11-26 16:22:41,442 - INFO - Gpu Power Watts Avg      : 214.5590
2025-11-26 16:22:41,442 - INFO - Gpu Power Watts Peak     : 316.0780
2025-11-26 16:22:41,442 - INFO - Gpu Temp Celsius Avg     : 54.3920
2025-11-26 16:22:41,442 - INFO - Gpu Temp Celsius Peak    : 65.0000
2025-11-26 16:22:41,442 - INFO - Gpu Utilization Percent Avg: 65.0582
2025-11-26 16:22:41,442 - INFO - Gpu Utilization Percent Peak: 100.0000
2025-11-26 16:22:41,442 - INFO - Gpu Mem Used Bytes Avg   : 19490426102.4147
2025-11-26 16:22:41,442 - INFO - Gpu Mem Used Bytes Peak  : 19676725248.0000
2025-11-26 16:22:41,442 - INFO - Gpu Vram Used Bytes      : 19676725248.0000
2025-11-26 16:22:41,442 - INFO - ==================================================
2025-11-26 16:22:41,789 - INFO - Modelo salvo em: trained_models/squeezenet_final.pth
2025-11-26 16:22:41,798 - INFO - Pipeline de treinamento concluído. Modelo salvo em: trained_models/squeezenet_final.pth
2025-11-26 16:22:41,798 - INFO - Iniciando pipeline de inferência para avaliação final no conjunto de validação...
2025-11-26 16:22:41,839 - INFO - Iniciando inferência com o modelo SqueezeNet...
2025-11-26 16:22:45,323 - INFO - ==================================================
2025-11-26 16:22:45,323 - INFO - EXPERIMENT RESULTS
2025-11-26 16:22:45,323 - INFO - ==================================================
2025-11-26 16:22:45,323 - INFO - Elapsed Time Seconds     : 3.4613
2025-11-26 16:22:45,323 - INFO - Cpu Usage Percent        : 1.7500
2025-11-26 16:22:45,323 - INFO - Ram Peak Usage Bytes     : 27321110528.0000
2025-11-26 16:22:45,323 - INFO - Disk Read Bytes          : 0.0000
2025-11-26 16:22:45,323 - INFO - Disk Write Bytes         : 188416.0000
2025-11-26 16:22:45,323 - INFO - Vram Peak Usage Bytes    : 6326539824.0000
2025-11-26 16:22:45,323 - INFO - Gpu Power Watts Avg      : 94.7050
2025-11-26 16:22:45,323 - INFO - Gpu Power Watts Peak     : 161.7430
2025-11-26 16:22:45,323 - INFO - Gpu Temp Celsius Avg     : 47.8824
2025-11-26 16:22:45,324 - INFO - Gpu Temp Celsius Peak    : 57.0000
2025-11-26 16:22:45,324 - INFO - Gpu Utilization Percent Avg: 18.7647
2025-11-26 16:22:45,324 - INFO - Gpu Utilization Percent Peak: 100.0000
2025-11-26 16:22:45,324 - INFO - Gpu Mem Used Bytes Avg   : 19676725248.0000
2025-11-26 16:22:45,324 - INFO - Gpu Mem Used Bytes Peak  : 19676725248.0000
2025-11-26 16:22:45,324 - INFO - Gpu Vram Used Bytes      : 19676725248.0000
2025-11-26 16:22:45,324 - INFO - Accuracy                 : 0.1671
2025-11-26 16:22:45,324 - INFO - Precision                : 0.1456
2025-11-26 16:22:45,324 - INFO - Recall                   : 0.1671
2025-11-26 16:22:45,324 - INFO - F1 Score                 : 0.1392
2025-11-26 16:22:45,324 - INFO - ==================================================
2025-11-26 16:22:45,324 - INFO - Projeto executado com sucesso!
