2025-11-28 21:43:29,148 - INFO - ==================================================
2025-11-28 21:43:29,148 - INFO - EXPERIMENT CONFIGURATION
2025-11-28 21:43:29,148 - INFO - ==================================================
2025-11-28 21:43:29,148 - INFO - Model Name          : xception
2025-11-28 21:43:29,148 - INFO - Config File         : configs/xception_config.yaml
2025-11-28 21:43:29,148 - INFO - Train Data          : /scratch/ehdmenezes//tiny-imagenet-200/train
2025-11-28 21:43:29,148 - INFO - Validation Data     : /scratch/ehdmenezes//tiny-imagenet-200/val
2025-11-28 21:43:29,148 - INFO - model_params        : {'num_classes': 200}
2025-11-28 21:43:29,148 - INFO - train_params        : {'epochs': 100, 'batch_size': 256, 'learning_rate': 0.1}
2025-11-28 21:43:29,148 - INFO - inference_params    : {'batch_size': 256}
2025-11-28 21:43:29,148 - INFO - scheduler_params    : {'type': 'StepLR', 'step_size': 30, 'gamma': 0.1}
2025-11-28 21:43:29,148 - INFO - ==================================================
2025-11-28 21:43:29,167 - INFO - Semente aleatória para esta execução foi fixada em: 72
2025-11-28 21:43:29,167 - INFO - Configuração de treinamento: {'model_params': {'num_classes': 200}, 'train_params': {'epochs': 100, 'batch_size': 256, 'learning_rate': 0.1}, 'inference_params': {'batch_size': 256}, 'scheduler_params': {'type': 'StepLR', 'step_size': 30, 'gamma': 0.1}}
2025-11-28 21:43:29,888 - INFO - Usando otimizador SGD com momento e weight decay.
2025-11-28 21:43:29,888 - INFO - Usando StepLR scheduler com step_size=30 e gamma=0.1.
2025-11-28 21:43:29,888 - INFO - AMP (Automatic Mixed Precision) ativado.
2025-11-28 21:43:29,888 - INFO - Iniciando treinamento do modelo xception no dispositivo cuda.
2025-11-28 21:45:07,842 - INFO - Época 1 concluída. Loss média: 4.9288
2025-11-28 21:45:07,843 - INFO - Taxa de aprendizado ajustada para: 0.100000
2025-11-28 21:45:07,844 - INFO - Iniciando inferência com o modelo Xception...
2025-11-28 21:45:12,026 - INFO - ==================================================
2025-11-28 21:45:12,026 - INFO - EXPERIMENT RESULTS
2025-11-28 21:45:12,026 - INFO - ==================================================
2025-11-28 21:45:12,026 - INFO - Elapsed Time Seconds     : 4.1590
2025-11-28 21:45:12,026 - INFO - Cpu Usage Percent        : 3.9062
2025-11-28 21:45:12,026 - INFO - Ram Peak Usage Bytes     : 10273882112.0000
2025-11-28 21:45:12,026 - INFO - Disk Read Bytes          : 24576.0000
2025-11-28 21:45:12,026 - INFO - Disk Write Bytes         : 2969600.0000
2025-11-28 21:45:12,026 - INFO - Vram Peak Usage Bytes    : 3290121708.0000
2025-11-28 21:45:12,026 - INFO - Gpu Power Watts Avg      : 278.0475
2025-11-28 21:45:12,026 - INFO - Gpu Power Watts Peak     : 372.7950
2025-11-28 21:45:12,026 - INFO - Gpu Temp Celsius Avg     : 61.3902
2025-11-28 21:45:12,026 - INFO - Gpu Temp Celsius Peak    : 68.0000
2025-11-28 21:45:12,026 - INFO - Gpu Utilization Percent Avg: 69.6585
2025-11-28 21:45:12,026 - INFO - Gpu Utilization Percent Peak: 100.0000
2025-11-28 21:45:12,026 - INFO - Gpu Mem Used Bytes Avg   : 22279290880.0000
2025-11-28 21:45:12,026 - INFO - Gpu Mem Used Bytes Peak  : 22279290880.0000
2025-11-28 21:45:12,027 - INFO - Gpu Vram Used Bytes      : 22279290880.0000
2025-11-28 21:45:12,027 - INFO - Accuracy                 : 0.0736
2025-11-28 21:45:12,027 - INFO - Precision                : 0.0634
2025-11-28 21:45:12,027 - INFO - Recall                   : 0.0736
2025-11-28 21:45:12,027 - INFO - F1 Score                 : 0.0457
2025-11-28 21:45:12,027 - INFO - ==================================================
2025-11-28 21:46:49,075 - INFO - Época 2 concluída. Loss média: 4.5567
2025-11-28 21:46:49,075 - INFO - Taxa de aprendizado ajustada para: 0.100000
2025-11-28 21:46:49,078 - INFO - Iniciando inferência com o modelo Xception...
2025-11-28 21:46:53,470 - INFO - ==================================================
2025-11-28 21:46:53,470 - INFO - EXPERIMENT RESULTS
2025-11-28 21:46:53,470 - INFO - ==================================================
2025-11-28 21:46:53,470 - INFO - Elapsed Time Seconds     : 4.3690
2025-11-28 21:46:53,470 - INFO - Cpu Usage Percent        : 3.7563
2025-11-28 21:46:53,470 - INFO - Ram Peak Usage Bytes     : 10276163584.0000
2025-11-28 21:46:53,470 - INFO - Disk Read Bytes          : 0.0000
2025-11-28 21:46:53,470 - INFO - Disk Write Bytes         : 0.0000
2025-11-28 21:46:53,470 - INFO - Vram Peak Usage Bytes    : 3290121708.0000
2025-11-28 21:46:53,470 - INFO - Gpu Power Watts Avg      : 263.6670
2025-11-28 21:46:53,470 - INFO - Gpu Power Watts Peak     : 372.1750
2025-11-28 21:46:53,470 - INFO - Gpu Temp Celsius Avg     : 61.0465
2025-11-28 21:46:53,470 - INFO - Gpu Temp Celsius Peak    : 68.0000
2025-11-28 21:46:53,470 - INFO - Gpu Utilization Percent Avg: 65.0000
2025-11-28 21:46:53,470 - INFO - Gpu Utilization Percent Peak: 100.0000
2025-11-28 21:46:53,470 - INFO - Gpu Mem Used Bytes Avg   : 22514171904.0000
2025-11-28 21:46:53,470 - INFO - Gpu Mem Used Bytes Peak  : 22514171904.0000
2025-11-28 21:46:53,470 - INFO - Gpu Vram Used Bytes      : 22514171904.0000
2025-11-28 21:46:53,470 - INFO - Accuracy                 : 0.1197
2025-11-28 21:46:53,470 - INFO - Precision                : 0.1433
2025-11-28 21:46:53,470 - INFO - Recall                   : 0.1197
2025-11-28 21:46:53,470 - INFO - F1 Score                 : 0.0919
2025-11-28 21:46:53,470 - INFO - ==================================================
2025-11-28 21:48:30,379 - INFO - Época 3 concluída. Loss média: 4.2832
2025-11-28 21:48:30,380 - INFO - Taxa de aprendizado ajustada para: 0.100000
2025-11-28 21:48:30,383 - INFO - Iniciando inferência com o modelo Xception...
2025-11-28 21:48:34,777 - INFO - ==================================================
2025-11-28 21:48:34,778 - INFO - EXPERIMENT RESULTS
2025-11-28 21:48:34,778 - INFO - ==================================================
2025-11-28 21:48:34,778 - INFO - Elapsed Time Seconds     : 4.3724
2025-11-28 21:48:34,778 - INFO - Cpu Usage Percent        : 3.5531
2025-11-28 21:48:34,778 - INFO - Ram Peak Usage Bytes     : 10276368384.0000
2025-11-28 21:48:34,778 - INFO - Disk Read Bytes          : 0.0000
2025-11-28 21:48:34,778 - INFO - Disk Write Bytes         : 12288.0000
2025-11-28 21:48:34,778 - INFO - Vram Peak Usage Bytes    : 3290121708.0000
2025-11-28 21:48:34,778 - INFO - Gpu Power Watts Avg      : 264.1568
2025-11-28 21:48:34,778 - INFO - Gpu Power Watts Peak     : 376.9730
2025-11-28 21:48:34,778 - INFO - Gpu Temp Celsius Avg     : 61.2093
2025-11-28 21:48:34,778 - INFO - Gpu Temp Celsius Peak    : 68.0000
2025-11-28 21:48:34,778 - INFO - Gpu Utilization Percent Avg: 66.1395
2025-11-28 21:48:34,778 - INFO - Gpu Utilization Percent Peak: 100.0000
2025-11-28 21:48:34,778 - INFO - Gpu Mem Used Bytes Avg   : 22514171904.0000
2025-11-28 21:48:34,778 - INFO - Gpu Mem Used Bytes Peak  : 22514171904.0000
2025-11-28 21:48:34,778 - INFO - Gpu Vram Used Bytes      : 22514171904.0000
2025-11-28 21:48:34,778 - INFO - Accuracy                 : 0.1610
2025-11-28 21:48:34,778 - INFO - Precision                : 0.2009
2025-11-28 21:48:34,778 - INFO - Recall                   : 0.1610
2025-11-28 21:48:34,778 - INFO - F1 Score                 : 0.1396
2025-11-28 21:48:34,778 - INFO - ==================================================
2025-11-28 21:50:11,546 - INFO - Época 4 concluída. Loss média: 4.0565
2025-11-28 21:50:11,546 - INFO - Taxa de aprendizado ajustada para: 0.100000
2025-11-28 21:50:11,550 - INFO - Iniciando inferência com o modelo Xception...
2025-11-28 21:50:15,465 - INFO - ==================================================
2025-11-28 21:50:15,465 - INFO - EXPERIMENT RESULTS
2025-11-28 21:50:15,465 - INFO - ==================================================
2025-11-28 21:50:15,465 - INFO - Elapsed Time Seconds     : 3.8929
2025-11-28 21:50:15,465 - INFO - Cpu Usage Percent        : 3.5812
2025-11-28 21:50:15,465 - INFO - Ram Peak Usage Bytes     : 10279067648.0000
2025-11-28 21:50:15,465 - INFO - Disk Read Bytes          : 0.0000
2025-11-28 21:50:15,465 - INFO - Disk Write Bytes         : 69632.0000
2025-11-28 21:50:15,465 - INFO - Vram Peak Usage Bytes    : 3290121708.0000
2025-11-28 21:50:15,465 - INFO - Gpu Power Watts Avg      : 288.7097
2025-11-28 21:50:15,465 - INFO - Gpu Power Watts Peak     : 373.6630
2025-11-28 21:50:15,465 - INFO - Gpu Temp Celsius Avg     : 62.4474
2025-11-28 21:50:15,465 - INFO - Gpu Temp Celsius Peak    : 67.0000
2025-11-28 21:50:15,465 - INFO - Gpu Utilization Percent Avg: 75.3421
2025-11-28 21:50:15,465 - INFO - Gpu Utilization Percent Peak: 100.0000
2025-11-28 21:50:15,465 - INFO - Gpu Mem Used Bytes Avg   : 22514171904.0000
2025-11-28 21:50:15,465 - INFO - Gpu Mem Used Bytes Peak  : 22514171904.0000
2025-11-28 21:50:15,465 - INFO - Gpu Vram Used Bytes      : 22514171904.0000
2025-11-28 21:50:15,465 - INFO - Accuracy                 : 0.2100
2025-11-28 21:50:15,465 - INFO - Precision                : 0.2546
2025-11-28 21:50:15,465 - INFO - Recall                   : 0.2100
2025-11-28 21:50:15,465 - INFO - F1 Score                 : 0.1778
2025-11-28 21:50:15,465 - INFO - ==================================================
2025-11-28 21:51:52,406 - INFO - Época 5 concluída. Loss média: 3.8653
2025-11-28 21:51:52,407 - INFO - Taxa de aprendizado ajustada para: 0.100000
2025-11-28 21:51:52,410 - INFO - Iniciando inferência com o modelo Xception...
2025-11-28 21:51:56,415 - INFO - ==================================================
2025-11-28 21:51:56,415 - INFO - EXPERIMENT RESULTS
2025-11-28 21:51:56,415 - INFO - ==================================================
2025-11-28 21:51:56,415 - INFO - Elapsed Time Seconds     : 3.9825
2025-11-28 21:51:56,415 - INFO - Cpu Usage Percent        : 4.1813
2025-11-28 21:51:56,415 - INFO - Ram Peak Usage Bytes     : 10299219968.0000
2025-11-28 21:51:56,415 - INFO - Disk Read Bytes          : 0.0000
2025-11-28 21:51:56,415 - INFO - Disk Write Bytes         : 487424.0000
2025-11-28 21:51:56,415 - INFO - Vram Peak Usage Bytes    : 3290121708.0000
2025-11-28 21:51:56,415 - INFO - Gpu Power Watts Avg      : 284.8530
2025-11-28 21:51:56,415 - INFO - Gpu Power Watts Peak     : 376.8050
2025-11-28 21:51:56,415 - INFO - Gpu Temp Celsius Avg     : 62.1795
2025-11-28 21:51:56,415 - INFO - Gpu Temp Celsius Peak    : 68.0000
2025-11-28 21:51:56,416 - INFO - Gpu Utilization Percent Avg: 69.9487
2025-11-28 21:51:56,416 - INFO - Gpu Utilization Percent Peak: 100.0000
2025-11-28 21:51:56,416 - INFO - Gpu Mem Used Bytes Avg   : 22514171904.0000
2025-11-28 21:51:56,416 - INFO - Gpu Mem Used Bytes Peak  : 22514171904.0000
2025-11-28 21:51:56,416 - INFO - Gpu Vram Used Bytes      : 22514171904.0000
2025-11-28 21:51:56,416 - INFO - Accuracy                 : 0.2412
2025-11-28 21:51:56,416 - INFO - Precision                : 0.3068
2025-11-28 21:51:56,416 - INFO - Recall                   : 0.2412
2025-11-28 21:51:56,416 - INFO - F1 Score                 : 0.2160
2025-11-28 21:51:56,416 - INFO - ==================================================
2025-11-28 21:53:33,582 - INFO - Época 6 concluída. Loss média: 3.7394
2025-11-28 21:53:33,582 - INFO - Taxa de aprendizado ajustada para: 0.100000
2025-11-28 21:53:33,586 - INFO - Iniciando inferência com o modelo Xception...
2025-11-28 21:53:37,402 - INFO - ==================================================
2025-11-28 21:53:37,402 - INFO - EXPERIMENT RESULTS
2025-11-28 21:53:37,402 - INFO - ==================================================
2025-11-28 21:53:37,402 - INFO - Elapsed Time Seconds     : 3.7936
2025-11-28 21:53:37,402 - INFO - Cpu Usage Percent        : 3.6812
2025-11-28 21:53:37,402 - INFO - Ram Peak Usage Bytes     : 10306555904.0000
2025-11-28 21:53:37,402 - INFO - Disk Read Bytes          : 0.0000
2025-11-28 21:53:37,402 - INFO - Disk Write Bytes         : 245760.0000
2025-11-28 21:53:37,402 - INFO - Vram Peak Usage Bytes    : 3290121708.0000
2025-11-28 21:53:37,402 - INFO - Gpu Power Watts Avg      : 290.9831
2025-11-28 21:53:37,402 - INFO - Gpu Power Watts Peak     : 375.1760
2025-11-28 21:53:37,402 - INFO - Gpu Temp Celsius Avg     : 63.0811
2025-11-28 21:53:37,402 - INFO - Gpu Temp Celsius Peak    : 68.0000
2025-11-28 21:53:37,402 - INFO - Gpu Utilization Percent Avg: 75.7027
2025-11-28 21:53:37,402 - INFO - Gpu Utilization Percent Peak: 100.0000
2025-11-28 21:53:37,402 - INFO - Gpu Mem Used Bytes Avg   : 22514171904.0000
2025-11-28 21:53:37,402 - INFO - Gpu Mem Used Bytes Peak  : 22514171904.0000
2025-11-28 21:53:37,402 - INFO - Gpu Vram Used Bytes      : 22514171904.0000
2025-11-28 21:53:37,402 - INFO - Accuracy                 : 0.2672
2025-11-28 21:53:37,402 - INFO - Precision                : 0.3466
2025-11-28 21:53:37,402 - INFO - Recall                   : 0.2672
2025-11-28 21:53:37,402 - INFO - F1 Score                 : 0.2437
2025-11-28 21:53:37,402 - INFO - ==================================================
2025-11-28 21:55:14,608 - INFO - Época 7 concluída. Loss média: 3.6280
2025-11-28 21:55:14,608 - INFO - Taxa de aprendizado ajustada para: 0.100000
2025-11-28 21:55:14,612 - INFO - Iniciando inferência com o modelo Xception...
2025-11-28 21:55:18,412 - INFO - ==================================================
2025-11-28 21:55:18,412 - INFO - EXPERIMENT RESULTS
2025-11-28 21:55:18,412 - INFO - ==================================================
2025-11-28 21:55:18,412 - INFO - Elapsed Time Seconds     : 3.7780
2025-11-28 21:55:18,412 - INFO - Cpu Usage Percent        : 3.6562
2025-11-28 21:55:18,412 - INFO - Ram Peak Usage Bytes     : 10456838144.0000
2025-11-28 21:55:18,412 - INFO - Disk Read Bytes          : 0.0000
2025-11-28 21:55:18,412 - INFO - Disk Write Bytes         : 323584.0000
2025-11-28 21:55:18,412 - INFO - Vram Peak Usage Bytes    : 3290121708.0000
2025-11-28 21:55:18,412 - INFO - Gpu Power Watts Avg      : 294.7383
2025-11-28 21:55:18,412 - INFO - Gpu Power Watts Peak     : 373.2780
2025-11-28 21:55:18,412 - INFO - Gpu Temp Celsius Avg     : 63.1892
2025-11-28 21:55:18,412 - INFO - Gpu Temp Celsius Peak    : 68.0000
2025-11-28 21:55:18,413 - INFO - Gpu Utilization Percent Avg: 75.8378
2025-11-28 21:55:18,413 - INFO - Gpu Utilization Percent Peak: 100.0000
2025-11-28 21:55:18,413 - INFO - Gpu Mem Used Bytes Avg   : 22514171904.0000
2025-11-28 21:55:18,413 - INFO - Gpu Mem Used Bytes Peak  : 22514171904.0000
2025-11-28 21:55:18,413 - INFO - Gpu Vram Used Bytes      : 22514171904.0000
2025-11-28 21:55:18,413 - INFO - Accuracy                 : 0.2556
2025-11-28 21:55:18,413 - INFO - Precision                : 0.3586
2025-11-28 21:55:18,413 - INFO - Recall                   : 0.2556
2025-11-28 21:55:18,413 - INFO - F1 Score                 : 0.2462
2025-11-28 21:55:18,413 - INFO - ==================================================
2025-11-28 21:56:55,658 - INFO - Época 8 concluída. Loss média: 3.5485
2025-11-28 21:56:55,658 - INFO - Taxa de aprendizado ajustada para: 0.100000
2025-11-28 21:56:55,661 - INFO - Iniciando inferência com o modelo Xception...
2025-11-28 21:56:59,747 - INFO - ==================================================
2025-11-28 21:56:59,747 - INFO - EXPERIMENT RESULTS
2025-11-28 21:56:59,747 - INFO - ==================================================
2025-11-28 21:56:59,747 - INFO - Elapsed Time Seconds     : 4.0634
2025-11-28 21:56:59,747 - INFO - Cpu Usage Percent        : 3.4312
2025-11-28 21:56:59,747 - INFO - Ram Peak Usage Bytes     : 10470576128.0000
2025-11-28 21:56:59,747 - INFO - Disk Read Bytes          : 0.0000
2025-11-28 21:56:59,747 - INFO - Disk Write Bytes         : 274432.0000
2025-11-28 21:56:59,747 - INFO - Vram Peak Usage Bytes    : 3290121708.0000
2025-11-28 21:56:59,747 - INFO - Gpu Power Watts Avg      : 280.9914
2025-11-28 21:56:59,747 - INFO - Gpu Power Watts Peak     : 374.3720
2025-11-28 21:56:59,747 - INFO - Gpu Temp Celsius Avg     : 62.4500
2025-11-28 21:56:59,747 - INFO - Gpu Temp Celsius Peak    : 68.0000
2025-11-28 21:56:59,748 - INFO - Gpu Utilization Percent Avg: 69.9500
2025-11-28 21:56:59,748 - INFO - Gpu Utilization Percent Peak: 100.0000
2025-11-28 21:56:59,748 - INFO - Gpu Mem Used Bytes Avg   : 22514171904.0000
2025-11-28 21:56:59,748 - INFO - Gpu Mem Used Bytes Peak  : 22514171904.0000
2025-11-28 21:56:59,748 - INFO - Gpu Vram Used Bytes      : 22514171904.0000
2025-11-28 21:56:59,748 - INFO - Accuracy                 : 0.2980
2025-11-28 21:56:59,748 - INFO - Precision                : 0.3931
2025-11-28 21:56:59,748 - INFO - Recall                   : 0.2980
2025-11-28 21:56:59,748 - INFO - F1 Score                 : 0.2874
2025-11-28 21:56:59,748 - INFO - ==================================================
2025-11-28 21:58:36,345 - INFO - Época 9 concluída. Loss média: 3.4729
2025-11-28 21:58:36,346 - INFO - Taxa de aprendizado ajustada para: 0.100000
2025-11-28 21:58:36,349 - INFO - Iniciando inferência com o modelo Xception...
2025-11-28 21:58:40,204 - INFO - ==================================================
2025-11-28 21:58:40,204 - INFO - EXPERIMENT RESULTS
2025-11-28 21:58:40,204 - INFO - ==================================================
2025-11-28 21:58:40,204 - INFO - Elapsed Time Seconds     : 3.8322
2025-11-28 21:58:40,204 - INFO - Cpu Usage Percent        : 3.6437
2025-11-28 21:58:40,204 - INFO - Ram Peak Usage Bytes     : 10477768704.0000
2025-11-28 21:58:40,204 - INFO - Disk Read Bytes          : 0.0000
2025-11-28 21:58:40,204 - INFO - Disk Write Bytes         : 421888.0000
2025-11-28 21:58:40,204 - INFO - Vram Peak Usage Bytes    : 3290121708.0000
2025-11-28 21:58:40,204 - INFO - Gpu Power Watts Avg      : 288.9481
2025-11-28 21:58:40,204 - INFO - Gpu Power Watts Peak     : 377.6650
2025-11-28 21:58:40,204 - INFO - Gpu Temp Celsius Avg     : 63.3784
2025-11-28 21:58:40,204 - INFO - Gpu Temp Celsius Peak    : 68.0000
2025-11-28 21:58:40,204 - INFO - Gpu Utilization Percent Avg: 75.4054
2025-11-28 21:58:40,204 - INFO - Gpu Utilization Percent Peak: 100.0000
2025-11-28 21:58:40,204 - INFO - Gpu Mem Used Bytes Avg   : 22514171904.0000
2025-11-28 21:58:40,204 - INFO - Gpu Mem Used Bytes Peak  : 22514171904.0000
2025-11-28 21:58:40,204 - INFO - Gpu Vram Used Bytes      : 22514171904.0000
2025-11-28 21:58:40,204 - INFO - Accuracy                 : 0.3131
2025-11-28 21:58:40,204 - INFO - Precision                : 0.4136
2025-11-28 21:58:40,204 - INFO - Recall                   : 0.3131
2025-11-28 21:58:40,204 - INFO - F1 Score                 : 0.3007
2025-11-28 21:58:40,204 - INFO - ==================================================
2025-11-28 22:00:17,140 - INFO - Época 10 concluída. Loss média: 3.4158
2025-11-28 22:00:17,140 - INFO - Taxa de aprendizado ajustada para: 0.100000
2025-11-28 22:00:17,144 - INFO - Iniciando inferência com o modelo Xception...
2025-11-28 22:00:21,370 - INFO - ==================================================
2025-11-28 22:00:21,371 - INFO - EXPERIMENT RESULTS
2025-11-28 22:00:21,371 - INFO - ==================================================
2025-11-28 22:00:21,371 - INFO - Elapsed Time Seconds     : 4.2120
2025-11-28 22:00:21,371 - INFO - Cpu Usage Percent        : 4.0344
2025-11-28 22:00:21,371 - INFO - Ram Peak Usage Bytes     : 10481696768.0000
2025-11-28 22:00:21,371 - INFO - Disk Read Bytes          : 0.0000
2025-11-28 22:00:21,371 - INFO - Disk Write Bytes         : 135168.0000
2025-11-28 22:00:21,371 - INFO - Vram Peak Usage Bytes    : 3290121708.0000
2025-11-28 22:00:21,371 - INFO - Gpu Power Watts Avg      : 263.6883
2025-11-28 22:00:21,371 - INFO - Gpu Power Watts Peak     : 373.3020
2025-11-28 22:00:21,371 - INFO - Gpu Temp Celsius Avg     : 61.9024
2025-11-28 22:00:21,371 - INFO - Gpu Temp Celsius Peak    : 68.0000
2025-11-28 22:00:21,371 - INFO - Gpu Utilization Percent Avg: 67.4634
2025-11-28 22:00:21,371 - INFO - Gpu Utilization Percent Peak: 100.0000
2025-11-28 22:00:21,371 - INFO - Gpu Mem Used Bytes Avg   : 22514171904.0000
2025-11-28 22:00:21,371 - INFO - Gpu Mem Used Bytes Peak  : 22514171904.0000
2025-11-28 22:00:21,371 - INFO - Gpu Vram Used Bytes      : 22514171904.0000
2025-11-28 22:00:21,371 - INFO - Accuracy                 : 0.3218
2025-11-28 22:00:21,371 - INFO - Precision                : 0.4278
2025-11-28 22:00:21,371 - INFO - Recall                   : 0.3218
2025-11-28 22:00:21,371 - INFO - F1 Score                 : 0.3161
2025-11-28 22:00:21,371 - INFO - ==================================================
2025-11-28 22:01:58,197 - INFO - Época 11 concluída. Loss média: 3.3545
2025-11-28 22:01:58,198 - INFO - Taxa de aprendizado ajustada para: 0.100000
2025-11-28 22:01:58,201 - INFO - Iniciando inferência com o modelo Xception...
2025-11-28 22:02:02,015 - INFO - ==================================================
2025-11-28 22:02:02,015 - INFO - EXPERIMENT RESULTS
2025-11-28 22:02:02,015 - INFO - ==================================================
2025-11-28 22:02:02,015 - INFO - Elapsed Time Seconds     : 3.7916
2025-11-28 22:02:02,015 - INFO - Cpu Usage Percent        : 3.7500
2025-11-28 22:02:02,015 - INFO - Ram Peak Usage Bytes     : 10481901568.0000
2025-11-28 22:02:02,015 - INFO - Disk Read Bytes          : 0.0000
2025-11-28 22:02:02,015 - INFO - Disk Write Bytes         : 249856.0000
2025-11-28 22:02:02,015 - INFO - Vram Peak Usage Bytes    : 3290121708.0000
2025-11-28 22:02:02,015 - INFO - Gpu Power Watts Avg      : 296.4799
2025-11-28 22:02:02,015 - INFO - Gpu Power Watts Peak     : 376.2290
2025-11-28 22:02:02,015 - INFO - Gpu Temp Celsius Avg     : 63.5135
2025-11-28 22:02:02,015 - INFO - Gpu Temp Celsius Peak    : 68.0000
2025-11-28 22:02:02,015 - INFO - Gpu Utilization Percent Avg: 75.4595
2025-11-28 22:02:02,015 - INFO - Gpu Utilization Percent Peak: 100.0000
2025-11-28 22:02:02,015 - INFO - Gpu Mem Used Bytes Avg   : 22514171904.0000
2025-11-28 22:02:02,015 - INFO - Gpu Mem Used Bytes Peak  : 22514171904.0000
2025-11-28 22:02:02,015 - INFO - Gpu Vram Used Bytes      : 22514171904.0000
2025-11-28 22:02:02,015 - INFO - Accuracy                 : 0.2901
2025-11-28 22:02:02,015 - INFO - Precision                : 0.4137
2025-11-28 22:02:02,016 - INFO - Recall                   : 0.2901
2025-11-28 22:02:02,016 - INFO - F1 Score                 : 0.2788
2025-11-28 22:02:02,016 - INFO - ==================================================
2025-11-28 22:03:38,790 - INFO - Época 12 concluída. Loss média: 3.3204
2025-11-28 22:03:38,790 - INFO - Taxa de aprendizado ajustada para: 0.100000
2025-11-28 22:03:38,793 - INFO - Iniciando inferência com o modelo Xception...
2025-11-28 22:03:42,622 - INFO - ==================================================
2025-11-28 22:03:42,622 - INFO - EXPERIMENT RESULTS
2025-11-28 22:03:42,622 - INFO - ==================================================
2025-11-28 22:03:42,622 - INFO - Elapsed Time Seconds     : 3.8059
2025-11-28 22:03:42,622 - INFO - Cpu Usage Percent        : 3.7531
2025-11-28 22:03:42,622 - INFO - Ram Peak Usage Bytes     : 10482020352.0000
2025-11-28 22:03:42,622 - INFO - Disk Read Bytes          : 0.0000
2025-11-28 22:03:42,622 - INFO - Disk Write Bytes         : 12288.0000
2025-11-28 22:03:42,622 - INFO - Vram Peak Usage Bytes    : 3290121708.0000
2025-11-28 22:03:42,622 - INFO - Gpu Power Watts Avg      : 290.1156
2025-11-28 22:03:42,622 - INFO - Gpu Power Watts Peak     : 374.4740
2025-11-28 22:03:42,622 - INFO - Gpu Temp Celsius Avg     : 62.8649
2025-11-28 22:03:42,622 - INFO - Gpu Temp Celsius Peak    : 68.0000
2025-11-28 22:03:42,622 - INFO - Gpu Utilization Percent Avg: 75.5405
2025-11-28 22:03:42,622 - INFO - Gpu Utilization Percent Peak: 100.0000
2025-11-28 22:03:42,622 - INFO - Gpu Mem Used Bytes Avg   : 22514171904.0000
2025-11-28 22:03:42,622 - INFO - Gpu Mem Used Bytes Peak  : 22514171904.0000
2025-11-28 22:03:42,622 - INFO - Gpu Vram Used Bytes      : 22514171904.0000
2025-11-28 22:03:42,622 - INFO - Accuracy                 : 0.2741
2025-11-28 22:03:42,622 - INFO - Precision                : 0.4248
2025-11-28 22:03:42,622 - INFO - Recall                   : 0.2741
2025-11-28 22:03:42,622 - INFO - F1 Score                 : 0.2595
2025-11-28 22:03:42,622 - INFO - ==================================================
2025-11-28 22:05:19,495 - INFO - Época 13 concluída. Loss média: 3.2696
2025-11-28 22:05:19,495 - INFO - Taxa de aprendizado ajustada para: 0.100000
2025-11-28 22:05:19,499 - INFO - Iniciando inferência com o modelo Xception...
2025-11-28 22:05:23,583 - INFO - ==================================================
2025-11-28 22:05:23,583 - INFO - EXPERIMENT RESULTS
2025-11-28 22:05:23,583 - INFO - ==================================================
2025-11-28 22:05:23,583 - INFO - Elapsed Time Seconds     : 4.0616
2025-11-28 22:05:23,583 - INFO - Cpu Usage Percent        : 3.9688
2025-11-28 22:05:23,583 - INFO - Ram Peak Usage Bytes     : 10484932608.0000
2025-11-28 22:05:23,583 - INFO - Disk Read Bytes          : 0.0000
2025-11-28 22:05:23,583 - INFO - Disk Write Bytes         : 438272.0000
2025-11-28 22:05:23,583 - INFO - Vram Peak Usage Bytes    : 3290121708.0000
2025-11-28 22:05:23,583 - INFO - Gpu Power Watts Avg      : 276.8159
2025-11-28 22:05:23,583 - INFO - Gpu Power Watts Peak     : 376.1210
2025-11-28 22:05:23,583 - INFO - Gpu Temp Celsius Avg     : 61.9750
2025-11-28 22:05:23,583 - INFO - Gpu Temp Celsius Peak    : 68.0000
2025-11-28 22:05:23,583 - INFO - Gpu Utilization Percent Avg: 68.4250
2025-11-28 22:05:23,583 - INFO - Gpu Utilization Percent Peak: 100.0000
2025-11-28 22:05:23,583 - INFO - Gpu Mem Used Bytes Avg   : 22514171904.0000
2025-11-28 22:05:23,583 - INFO - Gpu Mem Used Bytes Peak  : 22514171904.0000
2025-11-28 22:05:23,583 - INFO - Gpu Vram Used Bytes      : 22514171904.0000
2025-11-28 22:05:23,583 - INFO - Accuracy                 : 0.3591
2025-11-28 22:05:23,583 - INFO - Precision                : 0.4628
2025-11-28 22:05:23,583 - INFO - Recall                   : 0.3591
2025-11-28 22:05:23,583 - INFO - F1 Score                 : 0.3558
2025-11-28 22:05:23,584 - INFO - ==================================================
2025-11-28 22:07:00,707 - INFO - Época 14 concluída. Loss média: 3.2435
2025-11-28 22:07:00,708 - INFO - Taxa de aprendizado ajustada para: 0.100000
2025-11-28 22:07:00,711 - INFO - Iniciando inferência com o modelo Xception...
2025-11-28 22:07:04,587 - INFO - ==================================================
2025-11-28 22:07:04,587 - INFO - EXPERIMENT RESULTS
2025-11-28 22:07:04,588 - INFO - ==================================================
2025-11-28 22:07:04,588 - INFO - Elapsed Time Seconds     : 3.8539
2025-11-28 22:07:04,588 - INFO - Cpu Usage Percent        : 3.6000
2025-11-28 22:07:04,588 - INFO - Ram Peak Usage Bytes     : 10485071872.0000
2025-11-28 22:07:04,588 - INFO - Disk Read Bytes          : 0.0000
2025-11-28 22:07:04,588 - INFO - Disk Write Bytes         : 24576.0000
2025-11-28 22:07:04,588 - INFO - Vram Peak Usage Bytes    : 3290121708.0000
2025-11-28 22:07:04,588 - INFO - Gpu Power Watts Avg      : 288.3962
2025-11-28 22:07:04,588 - INFO - Gpu Power Watts Peak     : 373.0350
2025-11-28 22:07:04,588 - INFO - Gpu Temp Celsius Avg     : 62.2368
2025-11-28 22:07:04,588 - INFO - Gpu Temp Celsius Peak    : 67.0000
2025-11-28 22:07:04,588 - INFO - Gpu Utilization Percent Avg: 73.8158
2025-11-28 22:07:04,588 - INFO - Gpu Utilization Percent Peak: 100.0000
2025-11-28 22:07:04,588 - INFO - Gpu Mem Used Bytes Avg   : 22514171904.0000
2025-11-28 22:07:04,588 - INFO - Gpu Mem Used Bytes Peak  : 22514171904.0000
2025-11-28 22:07:04,588 - INFO - Gpu Vram Used Bytes      : 22514171904.0000
2025-11-28 22:07:04,588 - INFO - Accuracy                 : 0.3489
2025-11-28 22:07:04,588 - INFO - Precision                : 0.4753
2025-11-28 22:07:04,588 - INFO - Recall                   : 0.3489
2025-11-28 22:07:04,588 - INFO - F1 Score                 : 0.3359
2025-11-28 22:07:04,588 - INFO - ==================================================
2025-11-28 22:08:41,719 - INFO - Época 15 concluída. Loss média: 3.2072
2025-11-28 22:08:41,719 - INFO - Taxa de aprendizado ajustada para: 0.100000
2025-11-28 22:08:41,722 - INFO - Iniciando inferência com o modelo Xception...
2025-11-28 22:08:45,519 - INFO - ==================================================
2025-11-28 22:08:45,519 - INFO - EXPERIMENT RESULTS
2025-11-28 22:08:45,519 - INFO - ==================================================
2025-11-28 22:08:45,519 - INFO - Elapsed Time Seconds     : 3.7742
2025-11-28 22:08:45,519 - INFO - Cpu Usage Percent        : 3.6938
2025-11-28 22:08:45,519 - INFO - Ram Peak Usage Bytes     : 10485067776.0000
2025-11-28 22:08:45,519 - INFO - Disk Read Bytes          : 0.0000
2025-11-28 22:08:45,519 - INFO - Disk Write Bytes         : 434176.0000
2025-11-28 22:08:45,519 - INFO - Vram Peak Usage Bytes    : 3290121708.0000
2025-11-28 22:08:45,519 - INFO - Gpu Power Watts Avg      : 293.6784
2025-11-28 22:08:45,519 - INFO - Gpu Power Watts Peak     : 374.5640
2025-11-28 22:08:45,519 - INFO - Gpu Temp Celsius Avg     : 62.6757
2025-11-28 22:08:45,519 - INFO - Gpu Temp Celsius Peak    : 68.0000
2025-11-28 22:08:45,519 - INFO - Gpu Utilization Percent Avg: 76.2703
2025-11-28 22:08:45,519 - INFO - Gpu Utilization Percent Peak: 100.0000
2025-11-28 22:08:45,519 - INFO - Gpu Mem Used Bytes Avg   : 22514171904.0000
2025-11-28 22:08:45,519 - INFO - Gpu Mem Used Bytes Peak  : 22514171904.0000
2025-11-28 22:08:45,520 - INFO - Gpu Vram Used Bytes      : 22514171904.0000
2025-11-28 22:08:45,520 - INFO - Accuracy                 : 0.3856
2025-11-28 22:08:45,520 - INFO - Precision                : 0.4654
2025-11-28 22:08:45,520 - INFO - Recall                   : 0.3856
2025-11-28 22:08:45,520 - INFO - F1 Score                 : 0.3803
2025-11-28 22:08:45,520 - INFO - ==================================================
2025-11-28 22:10:22,203 - INFO - Época 16 concluída. Loss média: 3.1731
2025-11-28 22:10:22,204 - INFO - Taxa de aprendizado ajustada para: 0.100000
2025-11-28 22:10:22,205 - INFO - Iniciando inferência com o modelo Xception...
2025-11-28 22:10:25,876 - INFO - ==================================================
2025-11-28 22:10:25,876 - INFO - EXPERIMENT RESULTS
2025-11-28 22:10:25,876 - INFO - ==================================================
2025-11-28 22:10:25,876 - INFO - Elapsed Time Seconds     : 3.6568
2025-11-28 22:10:25,876 - INFO - Cpu Usage Percent        : 3.7687
2025-11-28 22:10:25,876 - INFO - Ram Peak Usage Bytes     : 10485075968.0000
2025-11-28 22:10:25,876 - INFO - Disk Read Bytes          : 0.0000
2025-11-28 22:10:25,876 - INFO - Disk Write Bytes         : 8192.0000
2025-11-28 22:10:25,876 - INFO - Vram Peak Usage Bytes    : 3290121708.0000
2025-11-28 22:10:25,876 - INFO - Gpu Power Watts Avg      : 296.1257
2025-11-28 22:10:25,876 - INFO - Gpu Power Watts Peak     : 373.1040
2025-11-28 22:10:25,876 - INFO - Gpu Temp Celsius Avg     : 62.9444
2025-11-28 22:10:25,876 - INFO - Gpu Temp Celsius Peak    : 68.0000
2025-11-28 22:10:25,876 - INFO - Gpu Utilization Percent Avg: 75.7778
2025-11-28 22:10:25,876 - INFO - Gpu Utilization Percent Peak: 100.0000
2025-11-28 22:10:25,877 - INFO - Gpu Mem Used Bytes Avg   : 22514171904.0000
2025-11-28 22:10:25,877 - INFO - Gpu Mem Used Bytes Peak  : 22514171904.0000
2025-11-28 22:10:25,877 - INFO - Gpu Vram Used Bytes      : 22514171904.0000
2025-11-28 22:10:25,877 - INFO - Accuracy                 : 0.3571
2025-11-28 22:10:25,877 - INFO - Precision                : 0.4741
2025-11-28 22:10:25,877 - INFO - Recall                   : 0.3571
2025-11-28 22:10:25,877 - INFO - F1 Score                 : 0.3601
2025-11-28 22:10:25,877 - INFO - ==================================================
2025-11-28 22:12:02,380 - INFO - Época 17 concluída. Loss média: 3.1416
2025-11-28 22:12:02,381 - INFO - Taxa de aprendizado ajustada para: 0.100000
2025-11-28 22:12:02,384 - INFO - Iniciando inferência com o modelo Xception...
2025-11-28 22:12:06,287 - INFO - ==================================================
2025-11-28 22:12:06,287 - INFO - EXPERIMENT RESULTS
2025-11-28 22:12:06,287 - INFO - ==================================================
2025-11-28 22:12:06,287 - INFO - Elapsed Time Seconds     : 3.8802
2025-11-28 22:12:06,287 - INFO - Cpu Usage Percent        : 3.5844
2025-11-28 22:12:06,287 - INFO - Ram Peak Usage Bytes     : 10485100544.0000
2025-11-28 22:12:06,287 - INFO - Disk Read Bytes          : 0.0000
2025-11-28 22:12:06,287 - INFO - Disk Write Bytes         : 438272.0000
2025-11-28 22:12:06,287 - INFO - Vram Peak Usage Bytes    : 3290121708.0000
2025-11-28 22:12:06,287 - INFO - Gpu Power Watts Avg      : 281.7662
2025-11-28 22:12:06,287 - INFO - Gpu Power Watts Peak     : 377.3310
2025-11-28 22:12:06,287 - INFO - Gpu Temp Celsius Avg     : 62.5526
2025-11-28 22:12:06,287 - INFO - Gpu Temp Celsius Peak    : 68.0000
2025-11-28 22:12:06,287 - INFO - Gpu Utilization Percent Avg: 70.8421
2025-11-28 22:12:06,287 - INFO - Gpu Utilization Percent Peak: 100.0000
2025-11-28 22:12:06,287 - INFO - Gpu Mem Used Bytes Avg   : 22514171904.0000
2025-11-28 22:12:06,287 - INFO - Gpu Mem Used Bytes Peak  : 22514171904.0000
2025-11-28 22:12:06,287 - INFO - Gpu Vram Used Bytes      : 22514171904.0000
2025-11-28 22:12:06,287 - INFO - Accuracy                 : 0.4105
2025-11-28 22:12:06,287 - INFO - Precision                : 0.4948
2025-11-28 22:12:06,287 - INFO - Recall                   : 0.4105
2025-11-28 22:12:06,287 - INFO - F1 Score                 : 0.4022
2025-11-28 22:12:06,287 - INFO - ==================================================
2025-11-28 22:13:43,481 - INFO - Época 18 concluída. Loss média: 3.1231
2025-11-28 22:13:43,481 - INFO - Taxa de aprendizado ajustada para: 0.100000
2025-11-28 22:13:43,484 - INFO - Iniciando inferência com o modelo Xception...
2025-11-28 22:13:47,473 - INFO - ==================================================
2025-11-28 22:13:47,473 - INFO - EXPERIMENT RESULTS
2025-11-28 22:13:47,473 - INFO - ==================================================
2025-11-28 22:13:47,473 - INFO - Elapsed Time Seconds     : 3.9667
2025-11-28 22:13:47,473 - INFO - Cpu Usage Percent        : 3.4750
2025-11-28 22:13:47,473 - INFO - Ram Peak Usage Bytes     : 10485264384.0000
2025-11-28 22:13:47,473 - INFO - Disk Read Bytes          : 0.0000
2025-11-28 22:13:47,474 - INFO - Disk Write Bytes         : 417792.0000
2025-11-28 22:13:47,474 - INFO - Vram Peak Usage Bytes    : 3290121708.0000
2025-11-28 22:13:47,474 - INFO - Gpu Power Watts Avg      : 277.2767
2025-11-28 22:13:47,474 - INFO - Gpu Power Watts Peak     : 374.1520
2025-11-28 22:13:47,474 - INFO - Gpu Temp Celsius Avg     : 62.1026
2025-11-28 22:13:47,474 - INFO - Gpu Temp Celsius Peak    : 68.0000
2025-11-28 22:13:47,474 - INFO - Gpu Utilization Percent Avg: 69.7436
2025-11-28 22:13:47,474 - INFO - Gpu Utilization Percent Peak: 100.0000
2025-11-28 22:13:47,474 - INFO - Gpu Mem Used Bytes Avg   : 22514171904.0000
2025-11-28 22:13:47,474 - INFO - Gpu Mem Used Bytes Peak  : 22514171904.0000
2025-11-28 22:13:47,474 - INFO - Gpu Vram Used Bytes      : 22514171904.0000
2025-11-28 22:13:47,474 - INFO - Accuracy                 : 0.3950
2025-11-28 22:13:47,474 - INFO - Precision                : 0.4931
2025-11-28 22:13:47,474 - INFO - Recall                   : 0.3950
2025-11-28 22:13:47,474 - INFO - F1 Score                 : 0.3837
2025-11-28 22:13:47,474 - INFO - ==================================================
2025-11-28 22:15:24,152 - INFO - Época 19 concluída. Loss média: 3.1053
2025-11-28 22:15:24,152 - INFO - Taxa de aprendizado ajustada para: 0.100000
2025-11-28 22:15:24,156 - INFO - Iniciando inferência com o modelo Xception...
2025-11-28 22:15:27,965 - INFO - ==================================================
2025-11-28 22:15:27,966 - INFO - EXPERIMENT RESULTS
2025-11-28 22:15:27,966 - INFO - ==================================================
2025-11-28 22:15:27,966 - INFO - Elapsed Time Seconds     : 3.7875
2025-11-28 22:15:27,966 - INFO - Cpu Usage Percent        : 3.6875
2025-11-28 22:15:27,966 - INFO - Ram Peak Usage Bytes     : 10485284864.0000
2025-11-28 22:15:27,966 - INFO - Disk Read Bytes          : 0.0000
2025-11-28 22:15:27,966 - INFO - Disk Write Bytes         : 139264.0000
2025-11-28 22:15:27,966 - INFO - Vram Peak Usage Bytes    : 3290121708.0000
2025-11-28 22:15:27,966 - INFO - Gpu Power Watts Avg      : 301.9555
2025-11-28 22:15:27,966 - INFO - Gpu Power Watts Peak     : 376.6950
2025-11-28 22:15:27,966 - INFO - Gpu Temp Celsius Avg     : 63.3514
2025-11-28 22:15:27,966 - INFO - Gpu Temp Celsius Peak    : 68.0000
2025-11-28 22:15:27,966 - INFO - Gpu Utilization Percent Avg: 76.3243
2025-11-28 22:15:27,966 - INFO - Gpu Utilization Percent Peak: 100.0000
2025-11-28 22:15:27,966 - INFO - Gpu Mem Used Bytes Avg   : 22514171904.0000
2025-11-28 22:15:27,966 - INFO - Gpu Mem Used Bytes Peak  : 22514171904.0000
2025-11-28 22:15:27,966 - INFO - Gpu Vram Used Bytes      : 22514171904.0000
2025-11-28 22:15:27,966 - INFO - Accuracy                 : 0.3671
2025-11-28 22:15:27,966 - INFO - Precision                : 0.4840
2025-11-28 22:15:27,966 - INFO - Recall                   : 0.3671
2025-11-28 22:15:27,966 - INFO - F1 Score                 : 0.3603
2025-11-28 22:15:27,966 - INFO - ==================================================
2025-11-28 22:17:04,651 - INFO - Época 20 concluída. Loss média: 3.0799
2025-11-28 22:17:04,652 - INFO - Taxa de aprendizado ajustada para: 0.100000
2025-11-28 22:17:04,655 - INFO - Iniciando inferência com o modelo Xception...
2025-11-28 22:17:08,851 - INFO - ==================================================
2025-11-28 22:17:08,851 - INFO - EXPERIMENT RESULTS
2025-11-28 22:17:08,851 - INFO - ==================================================
2025-11-28 22:17:08,851 - INFO - Elapsed Time Seconds     : 4.1738
2025-11-28 22:17:08,851 - INFO - Cpu Usage Percent        : 3.6156
2025-11-28 22:17:08,851 - INFO - Ram Peak Usage Bytes     : 10485325824.0000
2025-11-28 22:17:08,851 - INFO - Disk Read Bytes          : 0.0000
2025-11-28 22:17:08,851 - INFO - Disk Write Bytes         : 344064.0000
2025-11-28 22:17:08,851 - INFO - Vram Peak Usage Bytes    : 3290121708.0000
2025-11-28 22:17:08,852 - INFO - Gpu Power Watts Avg      : 277.0946
2025-11-28 22:17:08,852 - INFO - Gpu Power Watts Peak     : 377.8530
2025-11-28 22:17:08,852 - INFO - Gpu Temp Celsius Avg     : 61.8780
2025-11-28 22:17:08,852 - INFO - Gpu Temp Celsius Peak    : 68.0000
2025-11-28 22:17:08,852 - INFO - Gpu Utilization Percent Avg: 66.4878
2025-11-28 22:17:08,852 - INFO - Gpu Utilization Percent Peak: 100.0000
2025-11-28 22:17:08,852 - INFO - Gpu Mem Used Bytes Avg   : 22514171904.0000
2025-11-28 22:17:08,852 - INFO - Gpu Mem Used Bytes Peak  : 22514171904.0000
2025-11-28 22:17:08,852 - INFO - Gpu Vram Used Bytes      : 22514171904.0000
2025-11-28 22:17:08,852 - INFO - Accuracy                 : 0.3678
2025-11-28 22:17:08,852 - INFO - Precision                : 0.5044
2025-11-28 22:17:08,852 - INFO - Recall                   : 0.3678
2025-11-28 22:17:08,852 - INFO - F1 Score                 : 0.3694
2025-11-28 22:17:08,852 - INFO - ==================================================
2025-11-28 22:18:45,961 - INFO - Época 21 concluída. Loss média: 3.0602
2025-11-28 22:18:45,962 - INFO - Taxa de aprendizado ajustada para: 0.100000
2025-11-28 22:18:45,965 - INFO - Iniciando inferência com o modelo Xception...
2025-11-28 22:18:49,842 - INFO - ==================================================
2025-11-28 22:18:49,842 - INFO - EXPERIMENT RESULTS
2025-11-28 22:18:49,842 - INFO - ==================================================
2025-11-28 22:18:49,842 - INFO - Elapsed Time Seconds     : 3.8550
2025-11-28 22:18:49,842 - INFO - Cpu Usage Percent        : 3.6156
2025-11-28 22:18:49,842 - INFO - Ram Peak Usage Bytes     : 10485325824.0000
2025-11-28 22:18:49,842 - INFO - Disk Read Bytes          : 0.0000
2025-11-28 22:18:49,842 - INFO - Disk Write Bytes         : 184320.0000
2025-11-28 22:18:49,842 - INFO - Vram Peak Usage Bytes    : 3290121708.0000
2025-11-28 22:18:49,842 - INFO - Gpu Power Watts Avg      : 289.4571
2025-11-28 22:18:49,843 - INFO - Gpu Power Watts Peak     : 376.5980
2025-11-28 22:18:49,843 - INFO - Gpu Temp Celsius Avg     : 62.8158
2025-11-28 22:18:49,843 - INFO - Gpu Temp Celsius Peak    : 68.0000
2025-11-28 22:18:49,843 - INFO - Gpu Utilization Percent Avg: 73.5789
2025-11-28 22:18:49,843 - INFO - Gpu Utilization Percent Peak: 100.0000
2025-11-28 22:18:49,843 - INFO - Gpu Mem Used Bytes Avg   : 22514171904.0000
2025-11-28 22:18:49,843 - INFO - Gpu Mem Used Bytes Peak  : 22514171904.0000
2025-11-28 22:18:49,843 - INFO - Gpu Vram Used Bytes      : 22514171904.0000
2025-11-28 22:18:49,843 - INFO - Accuracy                 : 0.4219
2025-11-28 22:18:49,843 - INFO - Precision                : 0.5219
2025-11-28 22:18:49,843 - INFO - Recall                   : 0.4219
2025-11-28 22:18:49,843 - INFO - F1 Score                 : 0.4222
2025-11-28 22:18:49,843 - INFO - ==================================================
2025-11-28 22:20:26,703 - INFO - Época 22 concluída. Loss média: 3.0427
2025-11-28 22:20:26,703 - INFO - Taxa de aprendizado ajustada para: 0.100000
2025-11-28 22:20:26,707 - INFO - Iniciando inferência com o modelo Xception...
2025-11-28 22:20:31,119 - INFO - ==================================================
2025-11-28 22:20:31,119 - INFO - EXPERIMENT RESULTS
2025-11-28 22:20:31,119 - INFO - ==================================================
2025-11-28 22:20:31,119 - INFO - Elapsed Time Seconds     : 4.3899
2025-11-28 22:20:31,119 - INFO - Cpu Usage Percent        : 3.7313
2025-11-28 22:20:31,119 - INFO - Ram Peak Usage Bytes     : 10485510144.0000
2025-11-28 22:20:31,119 - INFO - Disk Read Bytes          : 0.0000
2025-11-28 22:20:31,119 - INFO - Disk Write Bytes         : 8192.0000
2025-11-28 22:20:31,119 - INFO - Vram Peak Usage Bytes    : 3290121708.0000
2025-11-28 22:20:31,119 - INFO - Gpu Power Watts Avg      : 261.2990
2025-11-28 22:20:31,119 - INFO - Gpu Power Watts Peak     : 372.3020
2025-11-28 22:20:31,119 - INFO - Gpu Temp Celsius Avg     : 61.0000
2025-11-28 22:20:31,119 - INFO - Gpu Temp Celsius Peak    : 67.0000
2025-11-28 22:20:31,119 - INFO - Gpu Utilization Percent Avg: 65.5814
2025-11-28 22:20:31,119 - INFO - Gpu Utilization Percent Peak: 100.0000
2025-11-28 22:20:31,120 - INFO - Gpu Mem Used Bytes Avg   : 22514171904.0000
2025-11-28 22:20:31,120 - INFO - Gpu Mem Used Bytes Peak  : 22514171904.0000
2025-11-28 22:20:31,120 - INFO - Gpu Vram Used Bytes      : 22514171904.0000
2025-11-28 22:20:31,120 - INFO - Accuracy                 : 0.3979
2025-11-28 22:20:31,120 - INFO - Precision                : 0.4911
2025-11-28 22:20:31,120 - INFO - Recall                   : 0.3979
2025-11-28 22:20:31,120 - INFO - F1 Score                 : 0.3932
2025-11-28 22:20:31,120 - INFO - ==================================================
2025-11-28 22:22:08,013 - INFO - Época 23 concluída. Loss média: 3.0315
2025-11-28 22:22:08,014 - INFO - Taxa de aprendizado ajustada para: 0.100000
2025-11-28 22:22:08,017 - INFO - Iniciando inferência com o modelo Xception...
2025-11-28 22:22:11,927 - INFO - ==================================================
2025-11-28 22:22:11,928 - INFO - EXPERIMENT RESULTS
2025-11-28 22:22:11,928 - INFO - ==================================================
2025-11-28 22:22:11,928 - INFO - Elapsed Time Seconds     : 3.8880
2025-11-28 22:22:11,928 - INFO - Cpu Usage Percent        : 3.6406
2025-11-28 22:22:11,928 - INFO - Ram Peak Usage Bytes     : 10485522432.0000
2025-11-28 22:22:11,928 - INFO - Disk Read Bytes          : 0.0000
2025-11-28 22:22:11,928 - INFO - Disk Write Bytes         : 266240.0000
2025-11-28 22:22:11,928 - INFO - Vram Peak Usage Bytes    : 3290121708.0000
2025-11-28 22:22:11,928 - INFO - Gpu Power Watts Avg      : 284.5488
2025-11-28 22:22:11,928 - INFO - Gpu Power Watts Peak     : 376.9410
2025-11-28 22:22:11,928 - INFO - Gpu Temp Celsius Avg     : 62.7895
2025-11-28 22:22:11,928 - INFO - Gpu Temp Celsius Peak    : 68.0000
2025-11-28 22:22:11,928 - INFO - Gpu Utilization Percent Avg: 71.8684
2025-11-28 22:22:11,928 - INFO - Gpu Utilization Percent Peak: 100.0000
2025-11-28 22:22:11,928 - INFO - Gpu Mem Used Bytes Avg   : 22514171904.0000
2025-11-28 22:22:11,928 - INFO - Gpu Mem Used Bytes Peak  : 22514171904.0000
2025-11-28 22:22:11,928 - INFO - Gpu Vram Used Bytes      : 22514171904.0000
2025-11-28 22:22:11,928 - INFO - Accuracy                 : 0.4096
2025-11-28 22:22:11,928 - INFO - Precision                : 0.5233
2025-11-28 22:22:11,928 - INFO - Recall                   : 0.4096
2025-11-28 22:22:11,928 - INFO - F1 Score                 : 0.4043
2025-11-28 22:22:11,928 - INFO - ==================================================
2025-11-28 22:23:49,135 - INFO - Época 24 concluída. Loss média: 3.0147
2025-11-28 22:23:49,136 - INFO - Taxa de aprendizado ajustada para: 0.100000
2025-11-28 22:23:49,139 - INFO - Iniciando inferência com o modelo Xception...
2025-11-28 22:23:52,969 - INFO - ==================================================
2025-11-28 22:23:52,969 - INFO - EXPERIMENT RESULTS
2025-11-28 22:23:52,969 - INFO - ==================================================
2025-11-28 22:23:52,969 - INFO - Elapsed Time Seconds     : 3.8077
2025-11-28 22:23:52,969 - INFO - Cpu Usage Percent        : 3.6844
2025-11-28 22:23:52,969 - INFO - Ram Peak Usage Bytes     : 10485571584.0000
2025-11-28 22:23:52,969 - INFO - Disk Read Bytes          : 0.0000
2025-11-28 22:23:52,969 - INFO - Disk Write Bytes         : 0.0000
2025-11-28 22:23:52,969 - INFO - Vram Peak Usage Bytes    : 3290121708.0000
2025-11-28 22:23:52,969 - INFO - Gpu Power Watts Avg      : 292.5582
2025-11-28 22:23:52,970 - INFO - Gpu Power Watts Peak     : 377.2270
2025-11-28 22:23:52,970 - INFO - Gpu Temp Celsius Avg     : 63.2703
2025-11-28 22:23:52,970 - INFO - Gpu Temp Celsius Peak    : 68.0000
2025-11-28 22:23:52,970 - INFO - Gpu Utilization Percent Avg: 74.4324
2025-11-28 22:23:52,970 - INFO - Gpu Utilization Percent Peak: 100.0000
2025-11-28 22:23:52,970 - INFO - Gpu Mem Used Bytes Avg   : 22514171904.0000
2025-11-28 22:23:52,970 - INFO - Gpu Mem Used Bytes Peak  : 22514171904.0000
2025-11-28 22:23:52,970 - INFO - Gpu Vram Used Bytes      : 22514171904.0000
2025-11-28 22:23:52,970 - INFO - Accuracy                 : 0.3651
2025-11-28 22:23:52,970 - INFO - Precision                : 0.5085
2025-11-28 22:23:52,970 - INFO - Recall                   : 0.3651
2025-11-28 22:23:52,970 - INFO - F1 Score                 : 0.3679
2025-11-28 22:23:52,970 - INFO - ==================================================
2025-11-28 22:25:29,723 - INFO - Época 25 concluída. Loss média: 3.0034
2025-11-28 22:25:29,724 - INFO - Taxa de aprendizado ajustada para: 0.100000
2025-11-28 22:25:29,727 - INFO - Iniciando inferência com o modelo Xception...
2025-11-28 22:25:33,825 - INFO - ==================================================
2025-11-28 22:25:33,825 - INFO - EXPERIMENT RESULTS
2025-11-28 22:25:33,825 - INFO - ==================================================
2025-11-28 22:25:33,825 - INFO - Elapsed Time Seconds     : 4.0755
2025-11-28 22:25:33,825 - INFO - Cpu Usage Percent        : 3.4656
2025-11-28 22:25:33,825 - INFO - Ram Peak Usage Bytes     : 10485850112.0000
2025-11-28 22:25:33,825 - INFO - Disk Read Bytes          : 0.0000
2025-11-28 22:25:33,825 - INFO - Disk Write Bytes         : 8192.0000
2025-11-28 22:25:33,825 - INFO - Vram Peak Usage Bytes    : 3290121708.0000
2025-11-28 22:25:33,825 - INFO - Gpu Power Watts Avg      : 278.2296
2025-11-28 22:25:33,825 - INFO - Gpu Power Watts Peak     : 374.2900
2025-11-28 22:25:33,825 - INFO - Gpu Temp Celsius Avg     : 61.9750
2025-11-28 22:25:33,825 - INFO - Gpu Temp Celsius Peak    : 67.0000
2025-11-28 22:25:33,825 - INFO - Gpu Utilization Percent Avg: 69.6250
2025-11-28 22:25:33,825 - INFO - Gpu Utilization Percent Peak: 100.0000
2025-11-28 22:25:33,825 - INFO - Gpu Mem Used Bytes Avg   : 22514171904.0000
2025-11-28 22:25:33,825 - INFO - Gpu Mem Used Bytes Peak  : 22514171904.0000
2025-11-28 22:25:33,825 - INFO - Gpu Vram Used Bytes      : 22514171904.0000
2025-11-28 22:25:33,825 - INFO - Accuracy                 : 0.4423
2025-11-28 22:25:33,825 - INFO - Precision                : 0.5331
2025-11-28 22:25:33,825 - INFO - Recall                   : 0.4423
2025-11-28 22:25:33,825 - INFO - F1 Score                 : 0.4385
2025-11-28 22:25:33,826 - INFO - ==================================================
2025-11-28 22:27:10,856 - INFO - Época 26 concluída. Loss média: 2.9923
2025-11-28 22:27:10,859 - INFO - Taxa de aprendizado ajustada para: 0.100000
2025-11-28 22:27:10,862 - INFO - Iniciando inferência com o modelo Xception...
2025-11-28 22:27:15,176 - INFO - ==================================================
2025-11-28 22:27:15,176 - INFO - EXPERIMENT RESULTS
2025-11-28 22:27:15,176 - INFO - ==================================================
2025-11-28 22:27:15,176 - INFO - Elapsed Time Seconds     : 4.2913
2025-11-28 22:27:15,176 - INFO - Cpu Usage Percent        : 3.9188
2025-11-28 22:27:15,176 - INFO - Ram Peak Usage Bytes     : 10485936128.0000
2025-11-28 22:27:15,176 - INFO - Disk Read Bytes          : 0.0000
2025-11-28 22:27:15,176 - INFO - Disk Write Bytes         : 479232.0000
2025-11-28 22:27:15,176 - INFO - Vram Peak Usage Bytes    : 3290121708.0000
2025-11-28 22:27:15,176 - INFO - Gpu Power Watts Avg      : 265.3372
2025-11-28 22:27:15,176 - INFO - Gpu Power Watts Peak     : 376.0360
2025-11-28 22:27:15,176 - INFO - Gpu Temp Celsius Avg     : 61.5238
2025-11-28 22:27:15,176 - INFO - Gpu Temp Celsius Peak    : 68.0000
2025-11-28 22:27:15,176 - INFO - Gpu Utilization Percent Avg: 67.1429
2025-11-28 22:27:15,176 - INFO - Gpu Utilization Percent Peak: 100.0000
2025-11-28 22:27:15,176 - INFO - Gpu Mem Used Bytes Avg   : 22514171904.0000
2025-11-28 22:27:15,176 - INFO - Gpu Mem Used Bytes Peak  : 22514171904.0000
2025-11-28 22:27:15,176 - INFO - Gpu Vram Used Bytes      : 22514171904.0000
2025-11-28 22:27:15,176 - INFO - Accuracy                 : 0.4114
2025-11-28 22:27:15,176 - INFO - Precision                : 0.5310
2025-11-28 22:27:15,176 - INFO - Recall                   : 0.4114
2025-11-28 22:27:15,177 - INFO - F1 Score                 : 0.4158
2025-11-28 22:27:15,177 - INFO - ==================================================
2025-11-28 22:28:52,078 - INFO - Época 27 concluída. Loss média: 2.9812
2025-11-28 22:28:52,079 - INFO - Taxa de aprendizado ajustada para: 0.100000
2025-11-28 22:28:52,082 - INFO - Iniciando inferência com o modelo Xception...
2025-11-28 22:28:56,305 - INFO - ==================================================
2025-11-28 22:28:56,305 - INFO - EXPERIMENT RESULTS
2025-11-28 22:28:56,305 - INFO - ==================================================
2025-11-28 22:28:56,305 - INFO - Elapsed Time Seconds     : 4.2003
2025-11-28 22:28:56,305 - INFO - Cpu Usage Percent        : 3.5250
2025-11-28 22:28:56,305 - INFO - Ram Peak Usage Bytes     : 10486013952.0000
2025-11-28 22:28:56,305 - INFO - Disk Read Bytes          : 0.0000
2025-11-28 22:28:56,305 - INFO - Disk Write Bytes         : 421888.0000
2025-11-28 22:28:56,305 - INFO - Vram Peak Usage Bytes    : 3290121708.0000
2025-11-28 22:28:56,305 - INFO - Gpu Power Watts Avg      : 264.8380
2025-11-28 22:28:56,305 - INFO - Gpu Power Watts Peak     : 373.7390
2025-11-28 22:28:56,305 - INFO - Gpu Temp Celsius Avg     : 61.6341
2025-11-28 22:28:56,305 - INFO - Gpu Temp Celsius Peak    : 67.0000
2025-11-28 22:28:56,305 - INFO - Gpu Utilization Percent Avg: 65.7805
2025-11-28 22:28:56,305 - INFO - Gpu Utilization Percent Peak: 100.0000
2025-11-28 22:28:56,305 - INFO - Gpu Mem Used Bytes Avg   : 22514171904.0000
2025-11-28 22:28:56,306 - INFO - Gpu Mem Used Bytes Peak  : 22514171904.0000
2025-11-28 22:28:56,306 - INFO - Gpu Vram Used Bytes      : 22514171904.0000
2025-11-28 22:28:56,306 - INFO - Accuracy                 : 0.4051
2025-11-28 22:28:56,306 - INFO - Precision                : 0.5232
2025-11-28 22:28:56,306 - INFO - Recall                   : 0.4051
2025-11-28 22:28:56,306 - INFO - F1 Score                 : 0.4122
2025-11-28 22:28:56,306 - INFO - ==================================================
2025-11-28 22:30:33,229 - INFO - Época 28 concluída. Loss média: 2.9681
2025-11-28 22:30:33,229 - INFO - Taxa de aprendizado ajustada para: 0.100000
2025-11-28 22:30:33,232 - INFO - Iniciando inferência com o modelo Xception...
2025-11-28 22:30:37,338 - INFO - ==================================================
2025-11-28 22:30:37,338 - INFO - EXPERIMENT RESULTS
2025-11-28 22:30:37,338 - INFO - ==================================================
2025-11-28 22:30:37,338 - INFO - Elapsed Time Seconds     : 4.0829
2025-11-28 22:30:37,338 - INFO - Cpu Usage Percent        : 4.0344
2025-11-28 22:30:37,338 - INFO - Ram Peak Usage Bytes     : 10486341632.0000
2025-11-28 22:30:37,338 - INFO - Disk Read Bytes          : 0.0000
2025-11-28 22:30:37,338 - INFO - Disk Write Bytes         : 434176.0000
2025-11-28 22:30:37,338 - INFO - Vram Peak Usage Bytes    : 3290121708.0000
2025-11-28 22:30:37,338 - INFO - Gpu Power Watts Avg      : 276.2241
2025-11-28 22:30:37,338 - INFO - Gpu Power Watts Peak     : 372.7190
2025-11-28 22:30:37,338 - INFO - Gpu Temp Celsius Avg     : 61.8500
2025-11-28 22:30:37,338 - INFO - Gpu Temp Celsius Peak    : 68.0000
2025-11-28 22:30:37,338 - INFO - Gpu Utilization Percent Avg: 68.3750
2025-11-28 22:30:37,338 - INFO - Gpu Utilization Percent Peak: 100.0000
2025-11-28 22:30:37,338 - INFO - Gpu Mem Used Bytes Avg   : 22514171904.0000
2025-11-28 22:30:37,338 - INFO - Gpu Mem Used Bytes Peak  : 22514171904.0000
2025-11-28 22:30:37,338 - INFO - Gpu Vram Used Bytes      : 22514171904.0000
2025-11-28 22:30:37,338 - INFO - Accuracy                 : 0.3761
2025-11-28 22:30:37,338 - INFO - Precision                : 0.5327
2025-11-28 22:30:37,338 - INFO - Recall                   : 0.3761
2025-11-28 22:30:37,338 - INFO - F1 Score                 : 0.3773
2025-11-28 22:30:37,338 - INFO - ==================================================
2025-11-28 22:32:14,695 - INFO - Época 29 concluída. Loss média: 2.9597
2025-11-28 22:32:14,696 - INFO - Taxa de aprendizado ajustada para: 0.100000
2025-11-28 22:32:14,699 - INFO - Iniciando inferência com o modelo Xception...
2025-11-28 22:32:18,985 - INFO - ==================================================
2025-11-28 22:32:18,985 - INFO - EXPERIMENT RESULTS
2025-11-28 22:32:18,985 - INFO - ==================================================
2025-11-28 22:32:18,985 - INFO - Elapsed Time Seconds     : 4.2634
2025-11-28 22:32:18,985 - INFO - Cpu Usage Percent        : 3.9062
2025-11-28 22:32:18,985 - INFO - Ram Peak Usage Bytes     : 10486460416.0000
2025-11-28 22:32:18,985 - INFO - Disk Read Bytes          : 0.0000
2025-11-28 22:32:18,985 - INFO - Disk Write Bytes         : 290816.0000
2025-11-28 22:32:18,985 - INFO - Vram Peak Usage Bytes    : 3290121708.0000
2025-11-28 22:32:18,985 - INFO - Gpu Power Watts Avg      : 266.3788
2025-11-28 22:32:18,985 - INFO - Gpu Power Watts Peak     : 372.3610
2025-11-28 22:32:18,985 - INFO - Gpu Temp Celsius Avg     : 61.5000
2025-11-28 22:32:18,985 - INFO - Gpu Temp Celsius Peak    : 67.0000
2025-11-28 22:32:18,985 - INFO - Gpu Utilization Percent Avg: 67.1667
2025-11-28 22:32:18,985 - INFO - Gpu Utilization Percent Peak: 100.0000
2025-11-28 22:32:18,985 - INFO - Gpu Mem Used Bytes Avg   : 22514171904.0000
2025-11-28 22:32:18,985 - INFO - Gpu Mem Used Bytes Peak  : 22514171904.0000
2025-11-28 22:32:18,985 - INFO - Gpu Vram Used Bytes      : 22514171904.0000
2025-11-28 22:32:18,985 - INFO - Accuracy                 : 0.4522
2025-11-28 22:32:18,985 - INFO - Precision                : 0.5377
2025-11-28 22:32:18,985 - INFO - Recall                   : 0.4522
2025-11-28 22:32:18,985 - INFO - F1 Score                 : 0.4514
2025-11-28 22:32:18,985 - INFO - ==================================================
2025-11-28 22:33:55,898 - INFO - Época 30 concluída. Loss média: 2.9420
2025-11-28 22:33:55,898 - INFO - Taxa de aprendizado ajustada para: 0.010000
2025-11-28 22:33:55,902 - INFO - Iniciando inferência com o modelo Xception...
2025-11-28 22:33:59,779 - INFO - ==================================================
2025-11-28 22:33:59,779 - INFO - EXPERIMENT RESULTS
2025-11-28 22:33:59,779 - INFO - ==================================================
2025-11-28 22:33:59,779 - INFO - Elapsed Time Seconds     : 3.8549
2025-11-28 22:33:59,779 - INFO - Cpu Usage Percent        : 3.5906
2025-11-28 22:33:59,779 - INFO - Ram Peak Usage Bytes     : 10486530048.0000
2025-11-28 22:33:59,779 - INFO - Disk Read Bytes          : 0.0000
2025-11-28 22:33:59,779 - INFO - Disk Write Bytes         : 655360.0000
2025-11-28 22:33:59,779 - INFO - Vram Peak Usage Bytes    : 3290121708.0000
2025-11-28 22:33:59,779 - INFO - Gpu Power Watts Avg      : 287.7699
2025-11-28 22:33:59,779 - INFO - Gpu Power Watts Peak     : 372.9380
2025-11-28 22:33:59,779 - INFO - Gpu Temp Celsius Avg     : 62.6053
2025-11-28 22:33:59,779 - INFO - Gpu Temp Celsius Peak    : 68.0000
2025-11-28 22:33:59,779 - INFO - Gpu Utilization Percent Avg: 73.5263
2025-11-28 22:33:59,779 - INFO - Gpu Utilization Percent Peak: 100.0000
2025-11-28 22:33:59,779 - INFO - Gpu Mem Used Bytes Avg   : 22514171904.0000
2025-11-28 22:33:59,779 - INFO - Gpu Mem Used Bytes Peak  : 22514171904.0000
2025-11-28 22:33:59,779 - INFO - Gpu Vram Used Bytes      : 22514171904.0000
2025-11-28 22:33:59,779 - INFO - Accuracy                 : 0.4316
2025-11-28 22:33:59,779 - INFO - Precision                : 0.5395
2025-11-28 22:33:59,779 - INFO - Recall                   : 0.4316
2025-11-28 22:33:59,779 - INFO - F1 Score                 : 0.4309
2025-11-28 22:33:59,779 - INFO - ==================================================
2025-11-28 22:35:36,564 - INFO - Época 31 concluída. Loss média: 2.5624
2025-11-28 22:35:36,565 - INFO - Taxa de aprendizado ajustada para: 0.010000
2025-11-28 22:35:36,568 - INFO - Iniciando inferência com o modelo Xception...
2025-11-28 22:35:40,679 - INFO - ==================================================
2025-11-28 22:35:40,679 - INFO - EXPERIMENT RESULTS
2025-11-28 22:35:40,679 - INFO - ==================================================
2025-11-28 22:35:40,680 - INFO - Elapsed Time Seconds     : 4.0892
2025-11-28 22:35:40,680 - INFO - Cpu Usage Percent        : 4.0500
2025-11-28 22:35:40,680 - INFO - Ram Peak Usage Bytes     : 10486575104.0000
2025-11-28 22:35:40,680 - INFO - Disk Read Bytes          : 0.0000
2025-11-28 22:35:40,680 - INFO - Disk Write Bytes         : 393216.0000
2025-11-28 22:35:40,680 - INFO - Vram Peak Usage Bytes    : 3290121708.0000
2025-11-28 22:35:40,680 - INFO - Gpu Power Watts Avg      : 273.5357
2025-11-28 22:35:40,680 - INFO - Gpu Power Watts Peak     : 376.8090
2025-11-28 22:35:40,680 - INFO - Gpu Temp Celsius Avg     : 61.9500
2025-11-28 22:35:40,680 - INFO - Gpu Temp Celsius Peak    : 68.0000
2025-11-28 22:35:40,680 - INFO - Gpu Utilization Percent Avg: 68.1250
2025-11-28 22:35:40,680 - INFO - Gpu Utilization Percent Peak: 100.0000
2025-11-28 22:35:40,680 - INFO - Gpu Mem Used Bytes Avg   : 22514171904.0000
2025-11-28 22:35:40,680 - INFO - Gpu Mem Used Bytes Peak  : 22514171904.0000
2025-11-28 22:35:40,680 - INFO - Gpu Vram Used Bytes      : 22514171904.0000
2025-11-28 22:35:40,680 - INFO - Accuracy                 : 0.6110
2025-11-28 22:35:40,680 - INFO - Precision                : 0.6133
2025-11-28 22:35:40,680 - INFO - Recall                   : 0.6110
2025-11-28 22:35:40,680 - INFO - F1 Score                 : 0.6070
2025-11-28 22:35:40,680 - INFO - ==================================================
2025-11-28 22:37:17,311 - INFO - Época 32 concluída. Loss média: 2.4330
2025-11-28 22:37:17,311 - INFO - Taxa de aprendizado ajustada para: 0.010000
2025-11-28 22:37:17,315 - INFO - Iniciando inferência com o modelo Xception...
2025-11-28 22:37:21,420 - INFO - ==================================================
2025-11-28 22:37:21,420 - INFO - EXPERIMENT RESULTS
2025-11-28 22:37:21,420 - INFO - ==================================================
2025-11-28 22:37:21,420 - INFO - Elapsed Time Seconds     : 4.0831
2025-11-28 22:37:21,420 - INFO - Cpu Usage Percent        : 4.0469
2025-11-28 22:37:21,420 - INFO - Ram Peak Usage Bytes     : 10487132160.0000
2025-11-28 22:37:21,420 - INFO - Disk Read Bytes          : 0.0000
2025-11-28 22:37:21,420 - INFO - Disk Write Bytes         : 0.0000
2025-11-28 22:37:21,420 - INFO - Vram Peak Usage Bytes    : 3290121708.0000
2025-11-28 22:37:21,420 - INFO - Gpu Power Watts Avg      : 277.6516
2025-11-28 22:37:21,420 - INFO - Gpu Power Watts Peak     : 371.1350
2025-11-28 22:37:21,420 - INFO - Gpu Temp Celsius Avg     : 61.9500
2025-11-28 22:37:21,420 - INFO - Gpu Temp Celsius Peak    : 68.0000
2025-11-28 22:37:21,420 - INFO - Gpu Utilization Percent Avg: 69.0500
2025-11-28 22:37:21,420 - INFO - Gpu Utilization Percent Peak: 100.0000
2025-11-28 22:37:21,420 - INFO - Gpu Mem Used Bytes Avg   : 22514171904.0000
2025-11-28 22:37:21,420 - INFO - Gpu Mem Used Bytes Peak  : 22514171904.0000
2025-11-28 22:37:21,420 - INFO - Gpu Vram Used Bytes      : 22514171904.0000
2025-11-28 22:37:21,420 - INFO - Accuracy                 : 0.6177
2025-11-28 22:37:21,420 - INFO - Precision                : 0.6211
2025-11-28 22:37:21,420 - INFO - Recall                   : 0.6177
2025-11-28 22:37:21,420 - INFO - F1 Score                 : 0.6142
2025-11-28 22:37:21,420 - INFO - ==================================================
2025-11-28 22:38:58,389 - INFO - Época 33 concluída. Loss média: 2.3875
2025-11-28 22:38:58,389 - INFO - Taxa de aprendizado ajustada para: 0.010000
2025-11-28 22:38:58,393 - INFO - Iniciando inferência com o modelo Xception...
2025-11-28 22:39:02,203 - INFO - ==================================================
2025-11-28 22:39:02,203 - INFO - EXPERIMENT RESULTS
2025-11-28 22:39:02,203 - INFO - ==================================================
2025-11-28 22:39:02,203 - INFO - Elapsed Time Seconds     : 3.7879
2025-11-28 22:39:02,203 - INFO - Cpu Usage Percent        : 3.7375
2025-11-28 22:39:02,203 - INFO - Ram Peak Usage Bytes     : 10487136256.0000
2025-11-28 22:39:02,203 - INFO - Disk Read Bytes          : 0.0000
2025-11-28 22:39:02,203 - INFO - Disk Write Bytes         : 548864.0000
2025-11-28 22:39:02,203 - INFO - Vram Peak Usage Bytes    : 3290121708.0000
2025-11-28 22:39:02,203 - INFO - Gpu Power Watts Avg      : 291.3608
2025-11-28 22:39:02,203 - INFO - Gpu Power Watts Peak     : 371.9850
2025-11-28 22:39:02,203 - INFO - Gpu Temp Celsius Avg     : 62.7568
2025-11-28 22:39:02,203 - INFO - Gpu Temp Celsius Peak    : 68.0000
2025-11-28 22:39:02,203 - INFO - Gpu Utilization Percent Avg: 75.2432
2025-11-28 22:39:02,204 - INFO - Gpu Utilization Percent Peak: 100.0000
2025-11-28 22:39:02,204 - INFO - Gpu Mem Used Bytes Avg   : 22547726336.0000
2025-11-28 22:39:02,204 - INFO - Gpu Mem Used Bytes Peak  : 22547726336.0000
2025-11-28 22:39:02,204 - INFO - Gpu Vram Used Bytes      : 22547726336.0000
2025-11-28 22:39:02,204 - INFO - Accuracy                 : 0.6252
2025-11-28 22:39:02,204 - INFO - Precision                : 0.6331
2025-11-28 22:39:02,204 - INFO - Recall                   : 0.6252
2025-11-28 22:39:02,204 - INFO - F1 Score                 : 0.6237
2025-11-28 22:39:02,204 - INFO - ==================================================
2025-11-28 22:40:39,024 - INFO - Época 34 concluída. Loss média: 2.3437
2025-11-28 22:40:39,027 - INFO - Taxa de aprendizado ajustada para: 0.010000
2025-11-28 22:40:39,030 - INFO - Iniciando inferência com o modelo Xception...
2025-11-28 22:40:43,150 - INFO - ==================================================
2025-11-28 22:40:43,151 - INFO - EXPERIMENT RESULTS
2025-11-28 22:40:43,151 - INFO - ==================================================
2025-11-28 22:40:43,151 - INFO - Elapsed Time Seconds     : 4.0980
2025-11-28 22:40:43,151 - INFO - Cpu Usage Percent        : 3.3844
2025-11-28 22:40:43,151 - INFO - Ram Peak Usage Bytes     : 10487136256.0000
2025-11-28 22:40:43,151 - INFO - Disk Read Bytes          : 0.0000
2025-11-28 22:40:43,151 - INFO - Disk Write Bytes         : 217088.0000
2025-11-28 22:40:43,151 - INFO - Vram Peak Usage Bytes    : 3290121708.0000
2025-11-28 22:40:43,151 - INFO - Gpu Power Watts Avg      : 274.7221
2025-11-28 22:40:43,151 - INFO - Gpu Power Watts Peak     : 372.3690
2025-11-28 22:40:43,151 - INFO - Gpu Temp Celsius Avg     : 61.5250
2025-11-28 22:40:43,151 - INFO - Gpu Temp Celsius Peak    : 67.0000
2025-11-28 22:40:43,151 - INFO - Gpu Utilization Percent Avg: 69.2500
2025-11-28 22:40:43,151 - INFO - Gpu Utilization Percent Peak: 100.0000
2025-11-28 22:40:43,151 - INFO - Gpu Mem Used Bytes Avg   : 22547726336.0000
2025-11-28 22:40:43,151 - INFO - Gpu Mem Used Bytes Peak  : 22547726336.0000
2025-11-28 22:40:43,151 - INFO - Gpu Vram Used Bytes      : 22547726336.0000
2025-11-28 22:40:43,151 - INFO - Accuracy                 : 0.6258
2025-11-28 22:40:43,151 - INFO - Precision                : 0.6323
2025-11-28 22:40:43,151 - INFO - Recall                   : 0.6258
2025-11-28 22:40:43,151 - INFO - F1 Score                 : 0.6230
2025-11-28 22:40:43,151 - INFO - ==================================================
2025-11-28 22:42:19,835 - INFO - Época 35 concluída. Loss média: 2.3164
2025-11-28 22:42:19,836 - INFO - Taxa de aprendizado ajustada para: 0.010000
2025-11-28 22:42:19,839 - INFO - Iniciando inferência com o modelo Xception...
2025-11-28 22:42:24,047 - INFO - ==================================================
2025-11-28 22:42:24,047 - INFO - EXPERIMENT RESULTS
2025-11-28 22:42:24,047 - INFO - ==================================================
2025-11-28 22:42:24,047 - INFO - Elapsed Time Seconds     : 4.1856
2025-11-28 22:42:24,047 - INFO - Cpu Usage Percent        : 3.9719
2025-11-28 22:42:24,047 - INFO - Ram Peak Usage Bytes     : 10487320576.0000
2025-11-28 22:42:24,047 - INFO - Disk Read Bytes          : 0.0000
2025-11-28 22:42:24,047 - INFO - Disk Write Bytes         : 0.0000
2025-11-28 22:42:24,047 - INFO - Vram Peak Usage Bytes    : 3290121708.0000
2025-11-28 22:42:24,047 - INFO - Gpu Power Watts Avg      : 265.6854
2025-11-28 22:42:24,047 - INFO - Gpu Power Watts Peak     : 370.0210
2025-11-28 22:42:24,047 - INFO - Gpu Temp Celsius Avg     : 61.3415
2025-11-28 22:42:24,047 - INFO - Gpu Temp Celsius Peak    : 67.0000
2025-11-28 22:42:24,047 - INFO - Gpu Utilization Percent Avg: 66.3171
2025-11-28 22:42:24,047 - INFO - Gpu Utilization Percent Peak: 100.0000
2025-11-28 22:42:24,047 - INFO - Gpu Mem Used Bytes Avg   : 22547726336.0000
2025-11-28 22:42:24,047 - INFO - Gpu Mem Used Bytes Peak  : 22547726336.0000
2025-11-28 22:42:24,047 - INFO - Gpu Vram Used Bytes      : 22547726336.0000
2025-11-28 22:42:24,047 - INFO - Accuracy                 : 0.6297
2025-11-28 22:42:24,047 - INFO - Precision                : 0.6394
2025-11-28 22:42:24,047 - INFO - Recall                   : 0.6297
2025-11-28 22:42:24,047 - INFO - F1 Score                 : 0.6294
2025-11-28 22:42:24,047 - INFO - ==================================================
2025-11-28 22:44:01,062 - INFO - Época 36 concluída. Loss média: 2.2830
2025-11-28 22:44:01,063 - INFO - Taxa de aprendizado ajustada para: 0.010000
2025-11-28 22:44:01,064 - INFO - Iniciando inferência com o modelo Xception...
2025-11-28 22:44:04,849 - INFO - ==================================================
2025-11-28 22:44:04,850 - INFO - EXPERIMENT RESULTS
2025-11-28 22:44:04,850 - INFO - ==================================================
2025-11-28 22:44:04,850 - INFO - Elapsed Time Seconds     : 3.7635
2025-11-28 22:44:04,850 - INFO - Cpu Usage Percent        : 3.6187
2025-11-28 22:44:04,850 - INFO - Ram Peak Usage Bytes     : 10487341056.0000
2025-11-28 22:44:04,850 - INFO - Disk Read Bytes          : 0.0000
2025-11-28 22:44:04,850 - INFO - Disk Write Bytes         : 167936.0000
2025-11-28 22:44:04,850 - INFO - Vram Peak Usage Bytes    : 3290121708.0000
2025-11-28 22:44:04,850 - INFO - Gpu Power Watts Avg      : 297.1699
2025-11-28 22:44:04,850 - INFO - Gpu Power Watts Peak     : 375.5500
2025-11-28 22:44:04,850 - INFO - Gpu Temp Celsius Avg     : 63.0000
2025-11-28 22:44:04,850 - INFO - Gpu Temp Celsius Peak    : 68.0000
2025-11-28 22:44:04,850 - INFO - Gpu Utilization Percent Avg: 78.3514
2025-11-28 22:44:04,850 - INFO - Gpu Utilization Percent Peak: 100.0000
2025-11-28 22:44:04,850 - INFO - Gpu Mem Used Bytes Avg   : 22547726336.0000
2025-11-28 22:44:04,850 - INFO - Gpu Mem Used Bytes Peak  : 22547726336.0000
2025-11-28 22:44:04,850 - INFO - Gpu Vram Used Bytes      : 22547726336.0000
2025-11-28 22:44:04,850 - INFO - Accuracy                 : 0.6271
2025-11-28 22:44:04,850 - INFO - Precision                : 0.6331
2025-11-28 22:44:04,850 - INFO - Recall                   : 0.6271
2025-11-28 22:44:04,850 - INFO - F1 Score                 : 0.6240
2025-11-28 22:44:04,850 - INFO - ==================================================
2025-11-28 22:45:42,162 - INFO - Época 37 concluída. Loss média: 2.2610
2025-11-28 22:45:42,163 - INFO - Taxa de aprendizado ajustada para: 0.010000
2025-11-28 22:45:42,166 - INFO - Iniciando inferência com o modelo Xception...
2025-11-28 22:45:46,057 - INFO - ==================================================
2025-11-28 22:45:46,058 - INFO - EXPERIMENT RESULTS
2025-11-28 22:45:46,058 - INFO - ==================================================
2025-11-28 22:45:46,058 - INFO - Elapsed Time Seconds     : 3.8698
2025-11-28 22:45:46,058 - INFO - Cpu Usage Percent        : 3.6000
2025-11-28 22:45:46,058 - INFO - Ram Peak Usage Bytes     : 10487361536.0000
2025-11-28 22:45:46,058 - INFO - Disk Read Bytes          : 0.0000
2025-11-28 22:45:46,058 - INFO - Disk Write Bytes         : 126976.0000
2025-11-28 22:45:46,058 - INFO - Vram Peak Usage Bytes    : 3290121708.0000
2025-11-28 22:45:46,058 - INFO - Gpu Power Watts Avg      : 283.7908
2025-11-28 22:45:46,058 - INFO - Gpu Power Watts Peak     : 376.4740
2025-11-28 22:45:46,058 - INFO - Gpu Temp Celsius Avg     : 62.7632
2025-11-28 22:45:46,058 - INFO - Gpu Temp Celsius Peak    : 68.0000
2025-11-28 22:45:46,058 - INFO - Gpu Utilization Percent Avg: 71.8158
2025-11-28 22:45:46,058 - INFO - Gpu Utilization Percent Peak: 100.0000
2025-11-28 22:45:46,058 - INFO - Gpu Mem Used Bytes Avg   : 22547726336.0000
2025-11-28 22:45:46,058 - INFO - Gpu Mem Used Bytes Peak  : 22547726336.0000
2025-11-28 22:45:46,058 - INFO - Gpu Vram Used Bytes      : 22547726336.0000
2025-11-28 22:45:46,058 - INFO - Accuracy                 : 0.6345
2025-11-28 22:45:46,058 - INFO - Precision                : 0.6427
2025-11-28 22:45:46,058 - INFO - Recall                   : 0.6345
2025-11-28 22:45:46,058 - INFO - F1 Score                 : 0.6325
2025-11-28 22:45:46,058 - INFO - ==================================================
2025-11-28 22:47:22,882 - INFO - Época 38 concluída. Loss média: 2.2363
2025-11-28 22:47:22,883 - INFO - Taxa de aprendizado ajustada para: 0.010000
2025-11-28 22:47:22,886 - INFO - Iniciando inferência com o modelo Xception...
2025-11-28 22:47:27,072 - INFO - ==================================================
2025-11-28 22:47:27,072 - INFO - EXPERIMENT RESULTS
2025-11-28 22:47:27,072 - INFO - ==================================================
2025-11-28 22:47:27,072 - INFO - Elapsed Time Seconds     : 4.1639
2025-11-28 22:47:27,072 - INFO - Cpu Usage Percent        : 4.0000
2025-11-28 22:47:27,072 - INFO - Ram Peak Usage Bytes     : 10487369728.0000
2025-11-28 22:47:27,072 - INFO - Disk Read Bytes          : 0.0000
2025-11-28 22:47:27,072 - INFO - Disk Write Bytes         : 4096.0000
2025-11-28 22:47:27,072 - INFO - Vram Peak Usage Bytes    : 3290121708.0000
2025-11-28 22:47:27,072 - INFO - Gpu Power Watts Avg      : 268.2369
2025-11-28 22:47:27,072 - INFO - Gpu Power Watts Peak     : 371.3050
2025-11-28 22:47:27,072 - INFO - Gpu Temp Celsius Avg     : 61.7317
2025-11-28 22:47:27,072 - INFO - Gpu Temp Celsius Peak    : 68.0000
2025-11-28 22:47:27,072 - INFO - Gpu Utilization Percent Avg: 66.3171
2025-11-28 22:47:27,072 - INFO - Gpu Utilization Percent Peak: 100.0000
2025-11-28 22:47:27,072 - INFO - Gpu Mem Used Bytes Avg   : 22547726336.0000
2025-11-28 22:47:27,072 - INFO - Gpu Mem Used Bytes Peak  : 22547726336.0000
2025-11-28 22:47:27,072 - INFO - Gpu Vram Used Bytes      : 22547726336.0000
2025-11-28 22:47:27,072 - INFO - Accuracy                 : 0.6352
2025-11-28 22:47:27,072 - INFO - Precision                : 0.6432
2025-11-28 22:47:27,072 - INFO - Recall                   : 0.6352
2025-11-28 22:47:27,072 - INFO - F1 Score                 : 0.6323
2025-11-28 22:47:27,072 - INFO - ==================================================
2025-11-28 22:49:03,980 - INFO - Época 39 concluída. Loss média: 2.2204
2025-11-28 22:49:03,981 - INFO - Taxa de aprendizado ajustada para: 0.010000
2025-11-28 22:49:03,984 - INFO - Iniciando inferência com o modelo Xception...
2025-11-28 22:49:08,262 - INFO - ==================================================
2025-11-28 22:49:08,262 - INFO - EXPERIMENT RESULTS
2025-11-28 22:49:08,262 - INFO - ==================================================
2025-11-28 22:49:08,262 - INFO - Elapsed Time Seconds     : 4.2563
2025-11-28 22:49:08,262 - INFO - Cpu Usage Percent        : 3.8750
2025-11-28 22:49:08,262 - INFO - Ram Peak Usage Bytes     : 10487373824.0000
2025-11-28 22:49:08,262 - INFO - Disk Read Bytes          : 0.0000
2025-11-28 22:49:08,262 - INFO - Disk Write Bytes         : 0.0000
2025-11-28 22:49:08,262 - INFO - Vram Peak Usage Bytes    : 3290121708.0000
2025-11-28 22:49:08,262 - INFO - Gpu Power Watts Avg      : 270.8341
2025-11-28 22:49:08,262 - INFO - Gpu Power Watts Peak     : 375.6140
2025-11-28 22:49:08,262 - INFO - Gpu Temp Celsius Avg     : 61.5952
2025-11-28 22:49:08,262 - INFO - Gpu Temp Celsius Peak    : 68.0000
2025-11-28 22:49:08,262 - INFO - Gpu Utilization Percent Avg: 67.5476
2025-11-28 22:49:08,262 - INFO - Gpu Utilization Percent Peak: 100.0000
2025-11-28 22:49:08,262 - INFO - Gpu Mem Used Bytes Avg   : 22547726336.0000
2025-11-28 22:49:08,262 - INFO - Gpu Mem Used Bytes Peak  : 22547726336.0000
2025-11-28 22:49:08,262 - INFO - Gpu Vram Used Bytes      : 22547726336.0000
2025-11-28 22:49:08,262 - INFO - Accuracy                 : 0.6321
2025-11-28 22:49:08,262 - INFO - Precision                : 0.6427
2025-11-28 22:49:08,262 - INFO - Recall                   : 0.6321
2025-11-28 22:49:08,263 - INFO - F1 Score                 : 0.6309
2025-11-28 22:49:08,263 - INFO - ==================================================
2025-11-28 22:50:45,199 - INFO - Época 40 concluída. Loss média: 2.1972
2025-11-28 22:50:45,200 - INFO - Taxa de aprendizado ajustada para: 0.010000
2025-11-28 22:50:45,203 - INFO - Iniciando inferência com o modelo Xception...
2025-11-28 22:50:48,981 - INFO - ==================================================
2025-11-28 22:50:48,982 - INFO - EXPERIMENT RESULTS
2025-11-28 22:50:48,982 - INFO - ==================================================
2025-11-28 22:50:48,982 - INFO - Elapsed Time Seconds     : 3.7561
2025-11-28 22:50:48,982 - INFO - Cpu Usage Percent        : 3.7531
2025-11-28 22:50:48,982 - INFO - Ram Peak Usage Bytes     : 10487717888.0000
2025-11-28 22:50:48,982 - INFO - Disk Read Bytes          : 0.0000
2025-11-28 22:50:48,982 - INFO - Disk Write Bytes         : 274432.0000
2025-11-28 22:50:48,982 - INFO - Vram Peak Usage Bytes    : 3290121708.0000
2025-11-28 22:50:48,982 - INFO - Gpu Power Watts Avg      : 291.4352
2025-11-28 22:50:48,982 - INFO - Gpu Power Watts Peak     : 373.4330
2025-11-28 22:50:48,982 - INFO - Gpu Temp Celsius Avg     : 63.1892
2025-11-28 22:50:48,982 - INFO - Gpu Temp Celsius Peak    : 68.0000
2025-11-28 22:50:48,982 - INFO - Gpu Utilization Percent Avg: 75.1892
2025-11-28 22:50:48,982 - INFO - Gpu Utilization Percent Peak: 100.0000
2025-11-28 22:50:48,982 - INFO - Gpu Mem Used Bytes Avg   : 22547726336.0000
2025-11-28 22:50:48,982 - INFO - Gpu Mem Used Bytes Peak  : 22547726336.0000
2025-11-28 22:50:48,982 - INFO - Gpu Vram Used Bytes      : 22547726336.0000
2025-11-28 22:50:48,982 - INFO - Accuracy                 : 0.6262
2025-11-28 22:50:48,982 - INFO - Precision                : 0.6420
2025-11-28 22:50:48,982 - INFO - Recall                   : 0.6262
2025-11-28 22:50:48,982 - INFO - F1 Score                 : 0.6258
2025-11-28 22:50:48,982 - INFO - ==================================================
2025-11-28 22:52:26,620 - INFO - Época 41 concluída. Loss média: 2.1800
2025-11-28 22:52:26,620 - INFO - Taxa de aprendizado ajustada para: 0.010000
2025-11-28 22:52:26,624 - INFO - Iniciando inferência com o modelo Xception...
2025-11-28 22:52:30,512 - INFO - ==================================================
2025-11-28 22:52:30,512 - INFO - EXPERIMENT RESULTS
2025-11-28 22:52:30,512 - INFO - ==================================================
2025-11-28 22:52:30,512 - INFO - Elapsed Time Seconds     : 3.8662
2025-11-28 22:52:30,512 - INFO - Cpu Usage Percent        : 3.7031
2025-11-28 22:52:30,512 - INFO - Ram Peak Usage Bytes     : 10487791616.0000
2025-11-28 22:52:30,512 - INFO - Disk Read Bytes          : 0.0000
2025-11-28 22:52:30,512 - INFO - Disk Write Bytes         : 0.0000
2025-11-28 22:52:30,512 - INFO - Vram Peak Usage Bytes    : 3290121708.0000
2025-11-28 22:52:30,512 - INFO - Gpu Power Watts Avg      : 289.1558
2025-11-28 22:52:30,512 - INFO - Gpu Power Watts Peak     : 372.2020
2025-11-28 22:52:30,512 - INFO - Gpu Temp Celsius Avg     : 62.8421
2025-11-28 22:52:30,512 - INFO - Gpu Temp Celsius Peak    : 68.0000
2025-11-28 22:52:30,512 - INFO - Gpu Utilization Percent Avg: 74.2368
2025-11-28 22:52:30,512 - INFO - Gpu Utilization Percent Peak: 100.0000
2025-11-28 22:52:30,512 - INFO - Gpu Mem Used Bytes Avg   : 22547726336.0000
2025-11-28 22:52:30,512 - INFO - Gpu Mem Used Bytes Peak  : 22547726336.0000
2025-11-28 22:52:30,512 - INFO - Gpu Vram Used Bytes      : 22547726336.0000
2025-11-28 22:52:30,512 - INFO - Accuracy                 : 0.6364
2025-11-28 22:52:30,512 - INFO - Precision                : 0.6481
2025-11-28 22:52:30,512 - INFO - Recall                   : 0.6364
2025-11-28 22:52:30,512 - INFO - F1 Score                 : 0.6351
2025-11-28 22:52:30,512 - INFO - ==================================================
2025-11-28 22:54:07,183 - INFO - Época 42 concluída. Loss média: 2.1583
2025-11-28 22:54:07,183 - INFO - Taxa de aprendizado ajustada para: 0.010000
2025-11-28 22:54:07,186 - INFO - Iniciando inferência com o modelo Xception...
2025-11-28 22:54:11,394 - INFO - ==================================================
2025-11-28 22:54:11,394 - INFO - EXPERIMENT RESULTS
2025-11-28 22:54:11,394 - INFO - ==================================================
2025-11-28 22:54:11,394 - INFO - Elapsed Time Seconds     : 4.1859
2025-11-28 22:54:11,394 - INFO - Cpu Usage Percent        : 3.9031
2025-11-28 22:54:11,395 - INFO - Ram Peak Usage Bytes     : 10487877632.0000
2025-11-28 22:54:11,395 - INFO - Disk Read Bytes          : 0.0000
2025-11-28 22:54:11,395 - INFO - Disk Write Bytes         : 1073152.0000
2025-11-28 22:54:11,395 - INFO - Vram Peak Usage Bytes    : 3290121708.0000
2025-11-28 22:54:11,395 - INFO - Gpu Power Watts Avg      : 266.6936
2025-11-28 22:54:11,395 - INFO - Gpu Power Watts Peak     : 373.8810
2025-11-28 22:54:11,395 - INFO - Gpu Temp Celsius Avg     : 61.6829
2025-11-28 22:54:11,395 - INFO - Gpu Temp Celsius Peak    : 68.0000
2025-11-28 22:54:11,395 - INFO - Gpu Utilization Percent Avg: 65.4878
2025-11-28 22:54:11,395 - INFO - Gpu Utilization Percent Peak: 100.0000
2025-11-28 22:54:11,395 - INFO - Gpu Mem Used Bytes Avg   : 22547726336.0000
2025-11-28 22:54:11,395 - INFO - Gpu Mem Used Bytes Peak  : 22547726336.0000
2025-11-28 22:54:11,395 - INFO - Gpu Vram Used Bytes      : 22547726336.0000
2025-11-28 22:54:11,395 - INFO - Accuracy                 : 0.6336
2025-11-28 22:54:11,395 - INFO - Precision                : 0.6454
2025-11-28 22:54:11,395 - INFO - Recall                   : 0.6336
2025-11-28 22:54:11,395 - INFO - F1 Score                 : 0.6318
2025-11-28 22:54:11,395 - INFO - ==================================================
2025-11-28 22:55:48,314 - INFO - Época 43 concluída. Loss média: 2.1469
2025-11-28 22:55:48,314 - INFO - Taxa de aprendizado ajustada para: 0.010000
2025-11-28 22:55:48,318 - INFO - Iniciando inferência com o modelo Xception...
2025-11-28 22:55:52,388 - INFO - ==================================================
2025-11-28 22:55:52,388 - INFO - EXPERIMENT RESULTS
2025-11-28 22:55:52,388 - INFO - ==================================================
2025-11-28 22:55:52,388 - INFO - Elapsed Time Seconds     : 4.0487
2025-11-28 22:55:52,388 - INFO - Cpu Usage Percent        : 3.4188
2025-11-28 22:55:52,388 - INFO - Ram Peak Usage Bytes     : 10487951360.0000
2025-11-28 22:55:52,388 - INFO - Disk Read Bytes          : 0.0000
2025-11-28 22:55:52,388 - INFO - Disk Write Bytes         : 421888.0000
2025-11-28 22:55:52,388 - INFO - Vram Peak Usage Bytes    : 3290121708.0000
2025-11-28 22:55:52,389 - INFO - Gpu Power Watts Avg      : 277.2252
2025-11-28 22:55:52,389 - INFO - Gpu Power Watts Peak     : 372.9210
2025-11-28 22:55:52,389 - INFO - Gpu Temp Celsius Avg     : 61.8500
2025-11-28 22:55:52,389 - INFO - Gpu Temp Celsius Peak    : 67.0000
2025-11-28 22:55:52,389 - INFO - Gpu Utilization Percent Avg: 69.7000
2025-11-28 22:55:52,389 - INFO - Gpu Utilization Percent Peak: 100.0000
2025-11-28 22:55:52,389 - INFO - Gpu Mem Used Bytes Avg   : 22547726336.0000
2025-11-28 22:55:52,389 - INFO - Gpu Mem Used Bytes Peak  : 22547726336.0000
2025-11-28 22:55:52,389 - INFO - Gpu Vram Used Bytes      : 22547726336.0000
2025-11-28 22:55:52,389 - INFO - Accuracy                 : 0.6331
2025-11-28 22:55:52,389 - INFO - Precision                : 0.6511
2025-11-28 22:55:52,389 - INFO - Recall                   : 0.6331
2025-11-28 22:55:52,389 - INFO - F1 Score                 : 0.6336
2025-11-28 22:55:52,389 - INFO - ==================================================
2025-11-28 22:57:29,068 - INFO - Época 44 concluída. Loss média: 2.1420
2025-11-28 22:57:29,068 - INFO - Taxa de aprendizado ajustada para: 0.010000
2025-11-28 22:57:29,072 - INFO - Iniciando inferência com o modelo Xception...
2025-11-28 22:57:33,474 - INFO - ==================================================
2025-11-28 22:57:33,474 - INFO - EXPERIMENT RESULTS
2025-11-28 22:57:33,474 - INFO - ==================================================
2025-11-28 22:57:33,474 - INFO - Elapsed Time Seconds     : 4.3801
2025-11-28 22:57:33,474 - INFO - Cpu Usage Percent        : 3.8031
2025-11-28 22:57:33,474 - INFO - Ram Peak Usage Bytes     : 10488037376.0000
2025-11-28 22:57:33,474 - INFO - Disk Read Bytes          : 0.0000
2025-11-28 22:57:33,474 - INFO - Disk Write Bytes         : 8192.0000
2025-11-28 22:57:33,474 - INFO - Vram Peak Usage Bytes    : 3290121708.0000
2025-11-28 22:57:33,474 - INFO - Gpu Power Watts Avg      : 261.7536
2025-11-28 22:57:33,474 - INFO - Gpu Power Watts Peak     : 372.2770
2025-11-28 22:57:33,474 - INFO - Gpu Temp Celsius Avg     : 60.6744
2025-11-28 22:57:33,474 - INFO - Gpu Temp Celsius Peak    : 67.0000
2025-11-28 22:57:33,474 - INFO - Gpu Utilization Percent Avg: 64.7442
2025-11-28 22:57:33,474 - INFO - Gpu Utilization Percent Peak: 100.0000
2025-11-28 22:57:33,474 - INFO - Gpu Mem Used Bytes Avg   : 22547726336.0000
2025-11-28 22:57:33,474 - INFO - Gpu Mem Used Bytes Peak  : 22547726336.0000
2025-11-28 22:57:33,474 - INFO - Gpu Vram Used Bytes      : 22547726336.0000
2025-11-28 22:57:33,474 - INFO - Accuracy                 : 0.6375
2025-11-28 22:57:33,474 - INFO - Precision                : 0.6482
2025-11-28 22:57:33,474 - INFO - Recall                   : 0.6375
2025-11-28 22:57:33,474 - INFO - F1 Score                 : 0.6370
2025-11-28 22:57:33,474 - INFO - ==================================================
2025-11-28 22:59:10,341 - INFO - Época 45 concluída. Loss média: 2.1112
2025-11-28 22:59:10,342 - INFO - Taxa de aprendizado ajustada para: 0.010000
2025-11-28 22:59:10,345 - INFO - Iniciando inferência com o modelo Xception...
2025-11-28 22:59:14,333 - INFO - ==================================================
2025-11-28 22:59:14,333 - INFO - EXPERIMENT RESULTS
2025-11-28 22:59:14,334 - INFO - ==================================================
2025-11-28 22:59:14,334 - INFO - Elapsed Time Seconds     : 3.9743
2025-11-28 22:59:14,334 - INFO - Cpu Usage Percent        : 3.5219
2025-11-28 22:59:14,334 - INFO - Ram Peak Usage Bytes     : 10488086528.0000
2025-11-28 22:59:14,334 - INFO - Disk Read Bytes          : 0.0000
2025-11-28 22:59:14,334 - INFO - Disk Write Bytes         : 475136.0000
2025-11-28 22:59:14,334 - INFO - Vram Peak Usage Bytes    : 3290121708.0000
2025-11-28 22:59:14,334 - INFO - Gpu Power Watts Avg      : 280.5537
2025-11-28 22:59:14,334 - INFO - Gpu Power Watts Peak     : 374.3600
2025-11-28 22:59:14,334 - INFO - Gpu Temp Celsius Avg     : 62.1795
2025-11-28 22:59:14,334 - INFO - Gpu Temp Celsius Peak    : 68.0000
2025-11-28 22:59:14,334 - INFO - Gpu Utilization Percent Avg: 70.5128
2025-11-28 22:59:14,334 - INFO - Gpu Utilization Percent Peak: 100.0000
2025-11-28 22:59:14,334 - INFO - Gpu Mem Used Bytes Avg   : 22581280768.0000
2025-11-28 22:59:14,334 - INFO - Gpu Mem Used Bytes Peak  : 22581280768.0000
2025-11-28 22:59:14,334 - INFO - Gpu Vram Used Bytes      : 22581280768.0000
2025-11-28 22:59:14,334 - INFO - Accuracy                 : 0.6323
2025-11-28 22:59:14,334 - INFO - Precision                : 0.6506
2025-11-28 22:59:14,334 - INFO - Recall                   : 0.6323
2025-11-28 22:59:14,334 - INFO - F1 Score                 : 0.6336
2025-11-28 22:59:14,334 - INFO - ==================================================
2025-11-28 23:00:50,991 - INFO - Época 46 concluída. Loss média: 2.1039
2025-11-28 23:00:50,991 - INFO - Taxa de aprendizado ajustada para: 0.010000
2025-11-28 23:00:50,994 - INFO - Iniciando inferência com o modelo Xception...
2025-11-28 23:00:54,919 - INFO - ==================================================
2025-11-28 23:00:54,919 - INFO - EXPERIMENT RESULTS
2025-11-28 23:00:54,919 - INFO - ==================================================
2025-11-28 23:00:54,919 - INFO - Elapsed Time Seconds     : 3.9026
2025-11-28 23:00:54,919 - INFO - Cpu Usage Percent        : 3.6500
2025-11-28 23:00:54,919 - INFO - Ram Peak Usage Bytes     : 10488147968.0000
2025-11-28 23:00:54,919 - INFO - Disk Read Bytes          : 0.0000
2025-11-28 23:00:54,919 - INFO - Disk Write Bytes         : 442368.0000
2025-11-28 23:00:54,919 - INFO - Vram Peak Usage Bytes    : 3290121708.0000
2025-11-28 23:00:54,919 - INFO - Gpu Power Watts Avg      : 283.0453
2025-11-28 23:00:54,919 - INFO - Gpu Power Watts Peak     : 376.1250
2025-11-28 23:00:54,919 - INFO - Gpu Temp Celsius Avg     : 62.4737
2025-11-28 23:00:54,919 - INFO - Gpu Temp Celsius Peak    : 68.0000
2025-11-28 23:00:54,920 - INFO - Gpu Utilization Percent Avg: 71.4211
2025-11-28 23:00:54,920 - INFO - Gpu Utilization Percent Peak: 100.0000
2025-11-28 23:00:54,920 - INFO - Gpu Mem Used Bytes Avg   : 22581280768.0000
2025-11-28 23:00:54,920 - INFO - Gpu Mem Used Bytes Peak  : 22581280768.0000
2025-11-28 23:00:54,920 - INFO - Gpu Vram Used Bytes      : 22581280768.0000
2025-11-28 23:00:54,920 - INFO - Accuracy                 : 0.6371
2025-11-28 23:00:54,920 - INFO - Precision                : 0.6506
2025-11-28 23:00:54,920 - INFO - Recall                   : 0.6371
2025-11-28 23:00:54,920 - INFO - F1 Score                 : 0.6353
2025-11-28 23:00:54,920 - INFO - ==================================================
2025-11-28 23:02:31,863 - INFO - Época 47 concluída. Loss média: 2.0898
2025-11-28 23:02:31,864 - INFO - Taxa de aprendizado ajustada para: 0.010000
2025-11-28 23:02:31,867 - INFO - Iniciando inferência com o modelo Xception...
2025-11-28 23:02:35,844 - INFO - ==================================================
2025-11-28 23:02:35,844 - INFO - EXPERIMENT RESULTS
2025-11-28 23:02:35,844 - INFO - ==================================================
2025-11-28 23:02:35,844 - INFO - Elapsed Time Seconds     : 3.9552
2025-11-28 23:02:35,844 - INFO - Cpu Usage Percent        : 3.5406
2025-11-28 23:02:35,844 - INFO - Ram Peak Usage Bytes     : 10491113472.0000
2025-11-28 23:02:35,844 - INFO - Disk Read Bytes          : 0.0000
2025-11-28 23:02:35,844 - INFO - Disk Write Bytes         : 409600.0000
2025-11-28 23:02:35,844 - INFO - Vram Peak Usage Bytes    : 3290121708.0000
2025-11-28 23:02:35,844 - INFO - Gpu Power Watts Avg      : 285.9968
2025-11-28 23:02:35,844 - INFO - Gpu Power Watts Peak     : 374.8380
2025-11-28 23:02:35,844 - INFO - Gpu Temp Celsius Avg     : 62.5897
2025-11-28 23:02:35,844 - INFO - Gpu Temp Celsius Peak    : 68.0000
2025-11-28 23:02:35,845 - INFO - Gpu Utilization Percent Avg: 72.9487
2025-11-28 23:02:35,845 - INFO - Gpu Utilization Percent Peak: 100.0000
2025-11-28 23:02:35,845 - INFO - Gpu Mem Used Bytes Avg   : 22581280768.0000
2025-11-28 23:02:35,845 - INFO - Gpu Mem Used Bytes Peak  : 22581280768.0000
2025-11-28 23:02:35,845 - INFO - Gpu Vram Used Bytes      : 22581280768.0000
2025-11-28 23:02:35,845 - INFO - Accuracy                 : 0.6281
2025-11-28 23:02:35,845 - INFO - Precision                : 0.6447
2025-11-28 23:02:35,845 - INFO - Recall                   : 0.6281
2025-11-28 23:02:35,845 - INFO - F1 Score                 : 0.6286
2025-11-28 23:02:35,845 - INFO - ==================================================
2025-11-28 23:04:12,667 - INFO - Época 48 concluída. Loss média: 2.0770
2025-11-28 23:04:12,668 - INFO - Taxa de aprendizado ajustada para: 0.010000
2025-11-28 23:04:12,671 - INFO - Iniciando inferência com o modelo Xception...
2025-11-28 23:04:17,261 - INFO - ==================================================
2025-11-28 23:04:17,261 - INFO - EXPERIMENT RESULTS
2025-11-28 23:04:17,261 - INFO - ==================================================
2025-11-28 23:04:17,261 - INFO - Elapsed Time Seconds     : 4.5680
2025-11-28 23:04:17,261 - INFO - Cpu Usage Percent        : 3.6250
2025-11-28 23:04:17,261 - INFO - Ram Peak Usage Bytes     : 10492882944.0000
2025-11-28 23:04:17,261 - INFO - Disk Read Bytes          : 0.0000
2025-11-28 23:04:17,261 - INFO - Disk Write Bytes         : 286720.0000
2025-11-28 23:04:17,261 - INFO - Vram Peak Usage Bytes    : 3290121708.0000
2025-11-28 23:04:17,261 - INFO - Gpu Power Watts Avg      : 252.8303
2025-11-28 23:04:17,261 - INFO - Gpu Power Watts Peak     : 371.0150
2025-11-28 23:04:17,261 - INFO - Gpu Temp Celsius Avg     : 60.4222
2025-11-28 23:04:17,261 - INFO - Gpu Temp Celsius Peak    : 67.0000
2025-11-28 23:04:17,261 - INFO - Gpu Utilization Percent Avg: 60.9778
2025-11-28 23:04:17,261 - INFO - Gpu Utilization Percent Peak: 100.0000
2025-11-28 23:04:17,262 - INFO - Gpu Mem Used Bytes Avg   : 22581280768.0000
2025-11-28 23:04:17,262 - INFO - Gpu Mem Used Bytes Peak  : 22581280768.0000
2025-11-28 23:04:17,262 - INFO - Gpu Vram Used Bytes      : 22581280768.0000
2025-11-28 23:04:17,262 - INFO - Accuracy                 : 0.6375
2025-11-28 23:04:17,262 - INFO - Precision                : 0.6554
2025-11-28 23:04:17,262 - INFO - Recall                   : 0.6375
2025-11-28 23:04:17,262 - INFO - F1 Score                 : 0.6377
2025-11-28 23:04:17,262 - INFO - ==================================================
2025-11-28 23:05:53,880 - INFO - Época 49 concluída. Loss média: 2.0606
2025-11-28 23:05:53,881 - INFO - Taxa de aprendizado ajustada para: 0.010000
2025-11-28 23:05:53,884 - INFO - Iniciando inferência com o modelo Xception...
2025-11-28 23:05:57,775 - INFO - ==================================================
2025-11-28 23:05:57,775 - INFO - EXPERIMENT RESULTS
2025-11-28 23:05:57,775 - INFO - ==================================================
2025-11-28 23:05:57,776 - INFO - Elapsed Time Seconds     : 3.8689
2025-11-28 23:05:57,776 - INFO - Cpu Usage Percent        : 3.8438
2025-11-28 23:05:57,776 - INFO - Ram Peak Usage Bytes     : 10492968960.0000
2025-11-28 23:05:57,776 - INFO - Disk Read Bytes          : 0.0000
2025-11-28 23:05:57,776 - INFO - Disk Write Bytes         : 450560.0000
2025-11-28 23:05:57,776 - INFO - Vram Peak Usage Bytes    : 3290121708.0000
2025-11-28 23:05:57,776 - INFO - Gpu Power Watts Avg      : 283.0859
2025-11-28 23:05:57,776 - INFO - Gpu Power Watts Peak     : 375.6800
2025-11-28 23:05:57,776 - INFO - Gpu Temp Celsius Avg     : 62.6053
2025-11-28 23:05:57,776 - INFO - Gpu Temp Celsius Peak    : 68.0000
2025-11-28 23:05:57,776 - INFO - Gpu Utilization Percent Avg: 72.9737
2025-11-28 23:05:57,776 - INFO - Gpu Utilization Percent Peak: 100.0000
2025-11-28 23:05:57,776 - INFO - Gpu Mem Used Bytes Avg   : 22581280768.0000
2025-11-28 23:05:57,776 - INFO - Gpu Mem Used Bytes Peak  : 22581280768.0000
2025-11-28 23:05:57,776 - INFO - Gpu Vram Used Bytes      : 22581280768.0000
2025-11-28 23:05:57,776 - INFO - Accuracy                 : 0.6231
2025-11-28 23:05:57,776 - INFO - Precision                : 0.6469
2025-11-28 23:05:57,776 - INFO - Recall                   : 0.6231
2025-11-28 23:05:57,776 - INFO - F1 Score                 : 0.6240
2025-11-28 23:05:57,776 - INFO - ==================================================
2025-11-28 23:07:35,000 - INFO - Época 50 concluída. Loss média: 2.0525
2025-11-28 23:07:35,001 - INFO - Taxa de aprendizado ajustada para: 0.010000
2025-11-28 23:07:35,004 - INFO - Iniciando inferência com o modelo Xception...
2025-11-28 23:07:38,930 - INFO - ==================================================
2025-11-28 23:07:38,930 - INFO - EXPERIMENT RESULTS
2025-11-28 23:07:38,930 - INFO - ==================================================
2025-11-28 23:07:38,930 - INFO - Elapsed Time Seconds     : 3.9044
2025-11-28 23:07:38,930 - INFO - Cpu Usage Percent        : 3.5844
2025-11-28 23:07:38,930 - INFO - Ram Peak Usage Bytes     : 10493706240.0000
2025-11-28 23:07:38,930 - INFO - Disk Read Bytes          : 0.0000
2025-11-28 23:07:38,930 - INFO - Disk Write Bytes         : 270336.0000
2025-11-28 23:07:38,930 - INFO - Vram Peak Usage Bytes    : 3290121708.0000
2025-11-28 23:07:38,931 - INFO - Gpu Power Watts Avg      : 283.7321
2025-11-28 23:07:38,931 - INFO - Gpu Power Watts Peak     : 372.9750
2025-11-28 23:07:38,931 - INFO - Gpu Temp Celsius Avg     : 62.5789
2025-11-28 23:07:38,931 - INFO - Gpu Temp Celsius Peak    : 68.0000
2025-11-28 23:07:38,931 - INFO - Gpu Utilization Percent Avg: 73.6053
2025-11-28 23:07:38,931 - INFO - Gpu Utilization Percent Peak: 100.0000
2025-11-28 23:07:38,931 - INFO - Gpu Mem Used Bytes Avg   : 22581280768.0000
2025-11-28 23:07:38,931 - INFO - Gpu Mem Used Bytes Peak  : 22581280768.0000
2025-11-28 23:07:38,931 - INFO - Gpu Vram Used Bytes      : 22581280768.0000
2025-11-28 23:07:38,931 - INFO - Accuracy                 : 0.6283
2025-11-28 23:07:38,931 - INFO - Precision                : 0.6481
2025-11-28 23:07:38,931 - INFO - Recall                   : 0.6283
2025-11-28 23:07:38,931 - INFO - F1 Score                 : 0.6295
2025-11-28 23:07:38,931 - INFO - ==================================================
2025-11-28 23:09:15,534 - INFO - Época 51 concluída. Loss média: 2.0378
2025-11-28 23:09:15,535 - INFO - Taxa de aprendizado ajustada para: 0.010000
2025-11-28 23:09:15,538 - INFO - Iniciando inferência com o modelo Xception...
2025-11-28 23:09:19,648 - INFO - ==================================================
2025-11-28 23:09:19,648 - INFO - EXPERIMENT RESULTS
2025-11-28 23:09:19,648 - INFO - ==================================================
2025-11-28 23:09:19,648 - INFO - Elapsed Time Seconds     : 4.0877
2025-11-28 23:09:19,648 - INFO - Cpu Usage Percent        : 4.0438
2025-11-28 23:09:19,648 - INFO - Ram Peak Usage Bytes     : 10493702144.0000
2025-11-28 23:09:19,648 - INFO - Disk Read Bytes          : 0.0000
2025-11-28 23:09:19,648 - INFO - Disk Write Bytes         : 421888.0000
2025-11-28 23:09:19,648 - INFO - Vram Peak Usage Bytes    : 3290121708.0000
2025-11-28 23:09:19,648 - INFO - Gpu Power Watts Avg      : 274.3859
2025-11-28 23:09:19,648 - INFO - Gpu Power Watts Peak     : 373.4760
2025-11-28 23:09:19,648 - INFO - Gpu Temp Celsius Avg     : 61.5500
2025-11-28 23:09:19,648 - INFO - Gpu Temp Celsius Peak    : 68.0000
2025-11-28 23:09:19,648 - INFO - Gpu Utilization Percent Avg: 68.2250
2025-11-28 23:09:19,648 - INFO - Gpu Utilization Percent Peak: 100.0000
2025-11-28 23:09:19,648 - INFO - Gpu Mem Used Bytes Avg   : 22581280768.0000
2025-11-28 23:09:19,648 - INFO - Gpu Mem Used Bytes Peak  : 22581280768.0000
2025-11-28 23:09:19,648 - INFO - Gpu Vram Used Bytes      : 22581280768.0000
2025-11-28 23:09:19,648 - INFO - Accuracy                 : 0.6199
2025-11-28 23:09:19,648 - INFO - Precision                : 0.6423
2025-11-28 23:09:19,648 - INFO - Recall                   : 0.6199
2025-11-28 23:09:19,648 - INFO - F1 Score                 : 0.6206
2025-11-28 23:09:19,648 - INFO - ==================================================
2025-11-28 23:10:56,575 - INFO - Época 52 concluída. Loss média: 2.0277
2025-11-28 23:10:56,576 - INFO - Taxa de aprendizado ajustada para: 0.010000
2025-11-28 23:10:56,579 - INFO - Iniciando inferência com o modelo Xception...
2025-11-28 23:11:00,785 - INFO - ==================================================
2025-11-28 23:11:00,786 - INFO - EXPERIMENT RESULTS
2025-11-28 23:11:00,786 - INFO - ==================================================
2025-11-28 23:11:00,786 - INFO - Elapsed Time Seconds     : 4.1920
2025-11-28 23:11:00,786 - INFO - Cpu Usage Percent        : 3.9875
2025-11-28 23:11:00,786 - INFO - Ram Peak Usage Bytes     : 10493726720.0000
2025-11-28 23:11:00,786 - INFO - Disk Read Bytes          : 0.0000
2025-11-28 23:11:00,786 - INFO - Disk Write Bytes         : 335872.0000
2025-11-28 23:11:00,786 - INFO - Vram Peak Usage Bytes    : 3290121708.0000
2025-11-28 23:11:00,786 - INFO - Gpu Power Watts Avg      : 269.4528
2025-11-28 23:11:00,786 - INFO - Gpu Power Watts Peak     : 374.8930
2025-11-28 23:11:00,786 - INFO - Gpu Temp Celsius Avg     : 61.3415
2025-11-28 23:11:00,786 - INFO - Gpu Temp Celsius Peak    : 67.0000
2025-11-28 23:11:00,786 - INFO - Gpu Utilization Percent Avg: 67.1220
2025-11-28 23:11:00,786 - INFO - Gpu Utilization Percent Peak: 100.0000
2025-11-28 23:11:00,786 - INFO - Gpu Mem Used Bytes Avg   : 22581280768.0000
2025-11-28 23:11:00,786 - INFO - Gpu Mem Used Bytes Peak  : 22581280768.0000
2025-11-28 23:11:00,786 - INFO - Gpu Vram Used Bytes      : 22581280768.0000
2025-11-28 23:11:00,786 - INFO - Accuracy                 : 0.6182
2025-11-28 23:11:00,786 - INFO - Precision                : 0.6376
2025-11-28 23:11:00,786 - INFO - Recall                   : 0.6182
2025-11-28 23:11:00,786 - INFO - F1 Score                 : 0.6164
2025-11-28 23:11:00,786 - INFO - ==================================================
2025-11-28 23:12:37,641 - INFO - Época 53 concluída. Loss média: 2.0190
2025-11-28 23:12:37,642 - INFO - Taxa de aprendizado ajustada para: 0.010000
2025-11-28 23:12:37,645 - INFO - Iniciando inferência com o modelo Xception...
2025-11-28 23:12:41,418 - INFO - ==================================================
2025-11-28 23:12:41,418 - INFO - EXPERIMENT RESULTS
2025-11-28 23:12:41,418 - INFO - ==================================================
2025-11-28 23:12:41,418 - INFO - Elapsed Time Seconds     : 3.7505
2025-11-28 23:12:41,418 - INFO - Cpu Usage Percent        : 3.7656
2025-11-28 23:12:41,418 - INFO - Ram Peak Usage Bytes     : 10493718528.0000
2025-11-28 23:12:41,418 - INFO - Disk Read Bytes          : 0.0000
2025-11-28 23:12:41,418 - INFO - Disk Write Bytes         : 274432.0000
2025-11-28 23:12:41,418 - INFO - Vram Peak Usage Bytes    : 3290121708.0000
2025-11-28 23:12:41,418 - INFO - Gpu Power Watts Avg      : 296.4469
2025-11-28 23:12:41,418 - INFO - Gpu Power Watts Peak     : 375.9920
2025-11-28 23:12:41,418 - INFO - Gpu Temp Celsius Avg     : 62.8919
2025-11-28 23:12:41,418 - INFO - Gpu Temp Celsius Peak    : 68.0000
2025-11-28 23:12:41,418 - INFO - Gpu Utilization Percent Avg: 77.4324
2025-11-28 23:12:41,418 - INFO - Gpu Utilization Percent Peak: 100.0000
2025-11-28 23:12:41,418 - INFO - Gpu Mem Used Bytes Avg   : 22581280768.0000
2025-11-28 23:12:41,418 - INFO - Gpu Mem Used Bytes Peak  : 22581280768.0000
2025-11-28 23:12:41,418 - INFO - Gpu Vram Used Bytes      : 22581280768.0000
2025-11-28 23:12:41,418 - INFO - Accuracy                 : 0.6270
2025-11-28 23:12:41,418 - INFO - Precision                : 0.6497
2025-11-28 23:12:41,418 - INFO - Recall                   : 0.6270
2025-11-28 23:12:41,418 - INFO - F1 Score                 : 0.6274
2025-11-28 23:12:41,418 - INFO - ==================================================
2025-11-28 23:14:18,159 - INFO - Época 54 concluída. Loss média: 2.0029
2025-11-28 23:14:18,159 - INFO - Taxa de aprendizado ajustada para: 0.010000
2025-11-28 23:14:18,163 - INFO - Iniciando inferência com o modelo Xception...
2025-11-28 23:14:22,636 - INFO - ==================================================
2025-11-28 23:14:22,636 - INFO - EXPERIMENT RESULTS
2025-11-28 23:14:22,636 - INFO - ==================================================
2025-11-28 23:14:22,636 - INFO - Elapsed Time Seconds     : 4.4509
2025-11-28 23:14:22,636 - INFO - Cpu Usage Percent        : 3.6375
2025-11-28 23:14:22,636 - INFO - Ram Peak Usage Bytes     : 10493747200.0000
2025-11-28 23:14:22,636 - INFO - Disk Read Bytes          : 0.0000
2025-11-28 23:14:22,636 - INFO - Disk Write Bytes         : 442368.0000
2025-11-28 23:14:22,636 - INFO - Vram Peak Usage Bytes    : 3290121708.0000
2025-11-28 23:14:22,636 - INFO - Gpu Power Watts Avg      : 259.1521
2025-11-28 23:14:22,636 - INFO - Gpu Power Watts Peak     : 374.8630
2025-11-28 23:14:22,636 - INFO - Gpu Temp Celsius Avg     : 60.3182
2025-11-28 23:14:22,636 - INFO - Gpu Temp Celsius Peak    : 67.0000
2025-11-28 23:14:22,636 - INFO - Gpu Utilization Percent Avg: 63.4545
2025-11-28 23:14:22,636 - INFO - Gpu Utilization Percent Peak: 100.0000
2025-11-28 23:14:22,636 - INFO - Gpu Mem Used Bytes Avg   : 22581280768.0000
2025-11-28 23:14:22,636 - INFO - Gpu Mem Used Bytes Peak  : 22581280768.0000
2025-11-28 23:14:22,636 - INFO - Gpu Vram Used Bytes      : 22581280768.0000
2025-11-28 23:14:22,636 - INFO - Accuracy                 : 0.6247
2025-11-28 23:14:22,636 - INFO - Precision                : 0.6430
2025-11-28 23:14:22,636 - INFO - Recall                   : 0.6247
2025-11-28 23:14:22,636 - INFO - F1 Score                 : 0.6245
2025-11-28 23:14:22,636 - INFO - ==================================================
2025-11-28 23:15:59,606 - INFO - Época 55 concluída. Loss média: 1.9979
2025-11-28 23:15:59,606 - INFO - Taxa de aprendizado ajustada para: 0.010000
2025-11-28 23:15:59,609 - INFO - Iniciando inferência com o modelo Xception...
2025-11-28 23:16:03,493 - INFO - ==================================================
2025-11-28 23:16:03,493 - INFO - EXPERIMENT RESULTS
2025-11-28 23:16:03,494 - INFO - ==================================================
2025-11-28 23:16:03,494 - INFO - Elapsed Time Seconds     : 3.8616
2025-11-28 23:16:03,494 - INFO - Cpu Usage Percent        : 3.5844
2025-11-28 23:16:03,494 - INFO - Ram Peak Usage Bytes     : 10493771776.0000
2025-11-28 23:16:03,494 - INFO - Disk Read Bytes          : 0.0000
2025-11-28 23:16:03,494 - INFO - Disk Write Bytes         : 491520.0000
2025-11-28 23:16:03,494 - INFO - Vram Peak Usage Bytes    : 3290121708.0000
2025-11-28 23:16:03,494 - INFO - Gpu Power Watts Avg      : 291.7878
2025-11-28 23:16:03,494 - INFO - Gpu Power Watts Peak     : 374.6910
2025-11-28 23:16:03,494 - INFO - Gpu Temp Celsius Avg     : 62.8947
2025-11-28 23:16:03,494 - INFO - Gpu Temp Celsius Peak    : 68.0000
2025-11-28 23:16:03,494 - INFO - Gpu Utilization Percent Avg: 74.5526
2025-11-28 23:16:03,494 - INFO - Gpu Utilization Percent Peak: 100.0000
2025-11-28 23:16:03,494 - INFO - Gpu Mem Used Bytes Avg   : 22581280768.0000
2025-11-28 23:16:03,494 - INFO - Gpu Mem Used Bytes Peak  : 22581280768.0000
2025-11-28 23:16:03,494 - INFO - Gpu Vram Used Bytes      : 22581280768.0000
2025-11-28 23:16:03,494 - INFO - Accuracy                 : 0.6267
2025-11-28 23:16:03,494 - INFO - Precision                : 0.6421
2025-11-28 23:16:03,494 - INFO - Recall                   : 0.6267
2025-11-28 23:16:03,494 - INFO - F1 Score                 : 0.6248
2025-11-28 23:16:03,494 - INFO - ==================================================
2025-11-28 23:17:40,090 - INFO - Época 56 concluída. Loss média: 1.9838
2025-11-28 23:17:40,090 - INFO - Taxa de aprendizado ajustada para: 0.010000
2025-11-28 23:17:40,094 - INFO - Iniciando inferência com o modelo Xception...
2025-11-28 23:17:44,186 - INFO - ==================================================
2025-11-28 23:17:44,187 - INFO - EXPERIMENT RESULTS
2025-11-28 23:17:44,187 - INFO - ==================================================
2025-11-28 23:17:44,187 - INFO - Elapsed Time Seconds     : 4.0706
2025-11-28 23:17:44,187 - INFO - Cpu Usage Percent        : 4.0312
2025-11-28 23:17:44,187 - INFO - Ram Peak Usage Bytes     : 10493849600.0000
2025-11-28 23:17:44,187 - INFO - Disk Read Bytes          : 0.0000
2025-11-28 23:17:44,187 - INFO - Disk Write Bytes         : 282624.0000
2025-11-28 23:17:44,187 - INFO - Vram Peak Usage Bytes    : 3290121708.0000
2025-11-28 23:17:44,187 - INFO - Gpu Power Watts Avg      : 274.5429
2025-11-28 23:17:44,187 - INFO - Gpu Power Watts Peak     : 375.6490
2025-11-28 23:17:44,187 - INFO - Gpu Temp Celsius Avg     : 62.2500
2025-11-28 23:17:44,187 - INFO - Gpu Temp Celsius Peak    : 68.0000
2025-11-28 23:17:44,187 - INFO - Gpu Utilization Percent Avg: 68.4500
2025-11-28 23:17:44,187 - INFO - Gpu Utilization Percent Peak: 100.0000
2025-11-28 23:17:44,187 - INFO - Gpu Mem Used Bytes Avg   : 22581280768.0000
2025-11-28 23:17:44,187 - INFO - Gpu Mem Used Bytes Peak  : 22581280768.0000
2025-11-28 23:17:44,187 - INFO - Gpu Vram Used Bytes      : 22581280768.0000
2025-11-28 23:17:44,187 - INFO - Accuracy                 : 0.6261
2025-11-28 23:17:44,187 - INFO - Precision                : 0.6379
2025-11-28 23:17:44,187 - INFO - Recall                   : 0.6261
2025-11-28 23:17:44,187 - INFO - F1 Score                 : 0.6228
2025-11-28 23:17:44,187 - INFO - ==================================================
2025-11-28 23:19:21,229 - INFO - Época 57 concluída. Loss média: 1.9785
2025-11-28 23:19:21,230 - INFO - Taxa de aprendizado ajustada para: 0.010000
2025-11-28 23:19:21,233 - INFO - Iniciando inferência com o modelo Xception...
2025-11-28 23:19:25,784 - INFO - ==================================================
2025-11-28 23:19:25,784 - INFO - EXPERIMENT RESULTS
2025-11-28 23:19:25,784 - INFO - ==================================================
2025-11-28 23:19:25,784 - INFO - Elapsed Time Seconds     : 4.5290
2025-11-28 23:19:25,784 - INFO - Cpu Usage Percent        : 3.6719
2025-11-28 23:19:25,784 - INFO - Ram Peak Usage Bytes     : 10493911040.0000
2025-11-28 23:19:25,784 - INFO - Disk Read Bytes          : 0.0000
2025-11-28 23:19:25,784 - INFO - Disk Write Bytes         : 294912.0000
2025-11-28 23:19:25,784 - INFO - Vram Peak Usage Bytes    : 3290121708.0000
2025-11-28 23:19:25,784 - INFO - Gpu Power Watts Avg      : 254.8498
2025-11-28 23:19:25,785 - INFO - Gpu Power Watts Peak     : 371.6330
2025-11-28 23:19:25,785 - INFO - Gpu Temp Celsius Avg     : 60.9773
2025-11-28 23:19:25,785 - INFO - Gpu Temp Celsius Peak    : 68.0000
2025-11-28 23:19:25,785 - INFO - Gpu Utilization Percent Avg: 62.8864
2025-11-28 23:19:25,785 - INFO - Gpu Utilization Percent Peak: 100.0000
2025-11-28 23:19:25,785 - INFO - Gpu Mem Used Bytes Avg   : 22581280768.0000
2025-11-28 23:19:25,785 - INFO - Gpu Mem Used Bytes Peak  : 22581280768.0000
2025-11-28 23:19:25,785 - INFO - Gpu Vram Used Bytes      : 22581280768.0000
2025-11-28 23:19:25,785 - INFO - Accuracy                 : 0.6234
2025-11-28 23:19:25,785 - INFO - Precision                : 0.6404
2025-11-28 23:19:25,785 - INFO - Recall                   : 0.6234
2025-11-28 23:19:25,785 - INFO - F1 Score                 : 0.6225
2025-11-28 23:19:25,785 - INFO - ==================================================
2025-11-28 23:21:02,588 - INFO - Época 58 concluída. Loss média: 1.9697
2025-11-28 23:21:02,588 - INFO - Taxa de aprendizado ajustada para: 0.010000
2025-11-28 23:21:02,591 - INFO - Iniciando inferência com o modelo Xception...
2025-11-28 23:21:06,683 - INFO - ==================================================
2025-11-28 23:21:06,684 - INFO - EXPERIMENT RESULTS
2025-11-28 23:21:06,684 - INFO - ==================================================
2025-11-28 23:21:06,684 - INFO - Elapsed Time Seconds     : 4.0701
2025-11-28 23:21:06,684 - INFO - Cpu Usage Percent        : 4.0687
2025-11-28 23:21:06,684 - INFO - Ram Peak Usage Bytes     : 10493976576.0000
2025-11-28 23:21:06,684 - INFO - Disk Read Bytes          : 0.0000
2025-11-28 23:21:06,684 - INFO - Disk Write Bytes         : 335872.0000
2025-11-28 23:21:06,684 - INFO - Vram Peak Usage Bytes    : 3290121708.0000
2025-11-28 23:21:06,684 - INFO - Gpu Power Watts Avg      : 275.0665
2025-11-28 23:21:06,684 - INFO - Gpu Power Watts Peak     : 374.4410
2025-11-28 23:21:06,684 - INFO - Gpu Temp Celsius Avg     : 62.2000
2025-11-28 23:21:06,684 - INFO - Gpu Temp Celsius Peak    : 68.0000
2025-11-28 23:21:06,684 - INFO - Gpu Utilization Percent Avg: 69.8500
2025-11-28 23:21:06,684 - INFO - Gpu Utilization Percent Peak: 100.0000
2025-11-28 23:21:06,684 - INFO - Gpu Mem Used Bytes Avg   : 22581280768.0000
2025-11-28 23:21:06,684 - INFO - Gpu Mem Used Bytes Peak  : 22581280768.0000
2025-11-28 23:21:06,684 - INFO - Gpu Vram Used Bytes      : 22581280768.0000
2025-11-28 23:21:06,684 - INFO - Accuracy                 : 0.6242
2025-11-28 23:21:06,684 - INFO - Precision                : 0.6465
2025-11-28 23:21:06,684 - INFO - Recall                   : 0.6242
2025-11-28 23:21:06,684 - INFO - F1 Score                 : 0.6253
2025-11-28 23:21:06,684 - INFO - ==================================================
2025-11-28 23:22:43,435 - INFO - Época 59 concluída. Loss média: 1.9577
2025-11-28 23:22:43,439 - INFO - Taxa de aprendizado ajustada para: 0.010000
2025-11-28 23:22:43,442 - INFO - Iniciando inferência com o modelo Xception...
2025-11-28 23:22:47,455 - INFO - ==================================================
2025-11-28 23:22:47,455 - INFO - EXPERIMENT RESULTS
2025-11-28 23:22:47,455 - INFO - ==================================================
2025-11-28 23:22:47,455 - INFO - Elapsed Time Seconds     : 3.9909
2025-11-28 23:22:47,455 - INFO - Cpu Usage Percent        : 3.5469
2025-11-28 23:22:47,455 - INFO - Ram Peak Usage Bytes     : 10494054400.0000
2025-11-28 23:22:47,455 - INFO - Disk Read Bytes          : 0.0000
2025-11-28 23:22:47,455 - INFO - Disk Write Bytes         : 589824.0000
2025-11-28 23:22:47,456 - INFO - Vram Peak Usage Bytes    : 3290121708.0000
2025-11-28 23:22:47,456 - INFO - Gpu Power Watts Avg      : 285.9616
2025-11-28 23:22:47,456 - INFO - Gpu Power Watts Peak     : 372.8390
2025-11-28 23:22:47,456 - INFO - Gpu Temp Celsius Avg     : 62.4615
2025-11-28 23:22:47,456 - INFO - Gpu Temp Celsius Peak    : 68.0000
2025-11-28 23:22:47,456 - INFO - Gpu Utilization Percent Avg: 72.0256
2025-11-28 23:22:47,456 - INFO - Gpu Utilization Percent Peak: 100.0000
2025-11-28 23:22:47,456 - INFO - Gpu Mem Used Bytes Avg   : 22581280768.0000
2025-11-28 23:22:47,456 - INFO - Gpu Mem Used Bytes Peak  : 22581280768.0000
2025-11-28 23:22:47,456 - INFO - Gpu Vram Used Bytes      : 22581280768.0000
2025-11-28 23:22:47,456 - INFO - Accuracy                 : 0.6200
2025-11-28 23:22:47,456 - INFO - Precision                : 0.6451
2025-11-28 23:22:47,456 - INFO - Recall                   : 0.6200
2025-11-28 23:22:47,456 - INFO - F1 Score                 : 0.6213
2025-11-28 23:22:47,456 - INFO - ==================================================
2025-11-28 23:24:24,666 - INFO - Época 60 concluída. Loss média: 1.9482
2025-11-28 23:24:24,667 - INFO - Taxa de aprendizado ajustada para: 0.001000
2025-11-28 23:24:24,670 - INFO - Iniciando inferência com o modelo Xception...
2025-11-28 23:24:28,991 - INFO - ==================================================
2025-11-28 23:24:28,991 - INFO - EXPERIMENT RESULTS
2025-11-28 23:24:28,991 - INFO - ==================================================
2025-11-28 23:24:28,991 - INFO - Elapsed Time Seconds     : 4.2987
2025-11-28 23:24:28,991 - INFO - Cpu Usage Percent        : 3.8156
2025-11-28 23:24:28,991 - INFO - Ram Peak Usage Bytes     : 10494107648.0000
2025-11-28 23:24:28,991 - INFO - Disk Read Bytes          : 0.0000
2025-11-28 23:24:28,991 - INFO - Disk Write Bytes         : 274432.0000
2025-11-28 23:24:28,991 - INFO - Vram Peak Usage Bytes    : 3290121708.0000
2025-11-28 23:24:28,991 - INFO - Gpu Power Watts Avg      : 268.1894
2025-11-28 23:24:28,991 - INFO - Gpu Power Watts Peak     : 375.4550
2025-11-28 23:24:28,991 - INFO - Gpu Temp Celsius Avg     : 61.4524
2025-11-28 23:24:28,991 - INFO - Gpu Temp Celsius Peak    : 68.0000
2025-11-28 23:24:28,991 - INFO - Gpu Utilization Percent Avg: 65.2857
2025-11-28 23:24:28,991 - INFO - Gpu Utilization Percent Peak: 100.0000
2025-11-28 23:24:28,991 - INFO - Gpu Mem Used Bytes Avg   : 22581280768.0000
2025-11-28 23:24:28,991 - INFO - Gpu Mem Used Bytes Peak  : 22581280768.0000
2025-11-28 23:24:28,991 - INFO - Gpu Vram Used Bytes      : 22581280768.0000
2025-11-28 23:24:28,991 - INFO - Accuracy                 : 0.6121
2025-11-28 23:24:28,991 - INFO - Precision                : 0.6377
2025-11-28 23:24:28,991 - INFO - Recall                   : 0.6121
2025-11-28 23:24:28,991 - INFO - F1 Score                 : 0.6132
2025-11-28 23:24:28,991 - INFO - ==================================================
2025-11-28 23:26:05,975 - INFO - Época 61 concluída. Loss média: 1.7836
2025-11-28 23:26:05,975 - INFO - Taxa de aprendizado ajustada para: 0.001000
2025-11-28 23:26:05,978 - INFO - Iniciando inferência com o modelo Xception...
2025-11-28 23:26:10,113 - INFO - ==================================================
2025-11-28 23:26:10,113 - INFO - EXPERIMENT RESULTS
2025-11-28 23:26:10,113 - INFO - ==================================================
2025-11-28 23:26:10,113 - INFO - Elapsed Time Seconds     : 4.1119
2025-11-28 23:26:10,113 - INFO - Cpu Usage Percent        : 3.4969
2025-11-28 23:26:10,113 - INFO - Ram Peak Usage Bytes     : 10494210048.0000
2025-11-28 23:26:10,113 - INFO - Disk Read Bytes          : 0.0000
2025-11-28 23:26:10,113 - INFO - Disk Write Bytes         : 77824.0000
2025-11-28 23:26:10,113 - INFO - Vram Peak Usage Bytes    : 3290121708.0000
2025-11-28 23:26:10,113 - INFO - Gpu Power Watts Avg      : 274.0402
2025-11-28 23:26:10,113 - INFO - Gpu Power Watts Peak     : 371.1100
2025-11-28 23:26:10,113 - INFO - Gpu Temp Celsius Avg     : 61.7750
2025-11-28 23:26:10,113 - INFO - Gpu Temp Celsius Peak    : 68.0000
2025-11-28 23:26:10,113 - INFO - Gpu Utilization Percent Avg: 68.0500
2025-11-28 23:26:10,113 - INFO - Gpu Utilization Percent Peak: 100.0000
2025-11-28 23:26:10,113 - INFO - Gpu Mem Used Bytes Avg   : 22581280768.0000
2025-11-28 23:26:10,113 - INFO - Gpu Mem Used Bytes Peak  : 22581280768.0000
2025-11-28 23:26:10,113 - INFO - Gpu Vram Used Bytes      : 22581280768.0000
2025-11-28 23:26:10,113 - INFO - Accuracy                 : 0.6673
2025-11-28 23:26:10,113 - INFO - Precision                : 0.6685
2025-11-28 23:26:10,113 - INFO - Recall                   : 0.6673
2025-11-28 23:26:10,113 - INFO - F1 Score                 : 0.6652
2025-11-28 23:26:10,113 - INFO - ==================================================
2025-11-28 23:27:46,853 - INFO - Época 62 concluída. Loss média: 1.7204
2025-11-28 23:27:46,853 - INFO - Taxa de aprendizado ajustada para: 0.001000
2025-11-28 23:27:46,857 - INFO - Iniciando inferência com o modelo Xception...
2025-11-28 23:27:50,958 - INFO - ==================================================
2025-11-28 23:27:50,958 - INFO - EXPERIMENT RESULTS
2025-11-28 23:27:50,958 - INFO - ==================================================
2025-11-28 23:27:50,958 - INFO - Elapsed Time Seconds     : 4.0791
2025-11-28 23:27:50,958 - INFO - Cpu Usage Percent        : 3.4094
2025-11-28 23:27:50,958 - INFO - Ram Peak Usage Bytes     : 10494271488.0000
2025-11-28 23:27:50,958 - INFO - Disk Read Bytes          : 0.0000
2025-11-28 23:27:50,958 - INFO - Disk Write Bytes         : 700416.0000
2025-11-28 23:27:50,958 - INFO - Vram Peak Usage Bytes    : 3290121708.0000
2025-11-28 23:27:50,958 - INFO - Gpu Power Watts Avg      : 281.1630
2025-11-28 23:27:50,958 - INFO - Gpu Power Watts Peak     : 375.1540
2025-11-28 23:27:50,958 - INFO - Gpu Temp Celsius Avg     : 61.8750
2025-11-28 23:27:50,958 - INFO - Gpu Temp Celsius Peak    : 67.0000
2025-11-28 23:27:50,958 - INFO - Gpu Utilization Percent Avg: 71.9250
2025-11-28 23:27:50,958 - INFO - Gpu Utilization Percent Peak: 100.0000
2025-11-28 23:27:50,958 - INFO - Gpu Mem Used Bytes Avg   : 22581280768.0000
2025-11-28 23:27:50,958 - INFO - Gpu Mem Used Bytes Peak  : 22581280768.0000
2025-11-28 23:27:50,958 - INFO - Gpu Vram Used Bytes      : 22581280768.0000
2025-11-28 23:27:50,958 - INFO - Accuracy                 : 0.6683
2025-11-28 23:27:50,958 - INFO - Precision                : 0.6699
2025-11-28 23:27:50,958 - INFO - Recall                   : 0.6683
2025-11-28 23:27:50,958 - INFO - F1 Score                 : 0.6668
2025-11-28 23:27:50,958 - INFO - ==================================================
2025-11-28 23:29:27,579 - INFO - Época 63 concluída. Loss média: 1.6967
2025-11-28 23:29:27,580 - INFO - Taxa de aprendizado ajustada para: 0.001000
2025-11-28 23:29:27,583 - INFO - Iniciando inferência com o modelo Xception...
2025-11-28 23:29:31,563 - INFO - ==================================================
2025-11-28 23:29:31,563 - INFO - EXPERIMENT RESULTS
2025-11-28 23:29:31,563 - INFO - ==================================================
2025-11-28 23:29:31,563 - INFO - Elapsed Time Seconds     : 3.9579
2025-11-28 23:29:31,563 - INFO - Cpu Usage Percent        : 3.6094
2025-11-28 23:29:31,563 - INFO - Ram Peak Usage Bytes     : 10494844928.0000
2025-11-28 23:29:31,563 - INFO - Disk Read Bytes          : 0.0000
2025-11-28 23:29:31,563 - INFO - Disk Write Bytes         : 274432.0000
2025-11-28 23:29:31,563 - INFO - Vram Peak Usage Bytes    : 3290121708.0000
2025-11-28 23:29:31,563 - INFO - Gpu Power Watts Avg      : 282.6896
2025-11-28 23:29:31,563 - INFO - Gpu Power Watts Peak     : 371.7490
2025-11-28 23:29:31,563 - INFO - Gpu Temp Celsius Avg     : 62.0513
2025-11-28 23:29:31,564 - INFO - Gpu Temp Celsius Peak    : 67.0000
2025-11-28 23:29:31,564 - INFO - Gpu Utilization Percent Avg: 71.6410
2025-11-28 23:29:31,564 - INFO - Gpu Utilization Percent Peak: 100.0000
2025-11-28 23:29:31,564 - INFO - Gpu Mem Used Bytes Avg   : 22581280768.0000
2025-11-28 23:29:31,564 - INFO - Gpu Mem Used Bytes Peak  : 22581280768.0000
2025-11-28 23:29:31,564 - INFO - Gpu Vram Used Bytes      : 22581280768.0000
2025-11-28 23:29:31,564 - INFO - Accuracy                 : 0.6675
2025-11-28 23:29:31,564 - INFO - Precision                : 0.6699
2025-11-28 23:29:31,564 - INFO - Recall                   : 0.6675
2025-11-28 23:29:31,564 - INFO - F1 Score                 : 0.6657
2025-11-28 23:29:31,564 - INFO - ==================================================
2025-11-28 23:31:08,208 - INFO - Época 64 concluída. Loss média: 1.6824
2025-11-28 23:31:08,209 - INFO - Taxa de aprendizado ajustada para: 0.001000
2025-11-28 23:31:08,210 - INFO - Iniciando inferência com o modelo Xception...
2025-11-28 23:31:12,495 - INFO - ==================================================
2025-11-28 23:31:12,495 - INFO - EXPERIMENT RESULTS
2025-11-28 23:31:12,495 - INFO - ==================================================
2025-11-28 23:31:12,495 - INFO - Elapsed Time Seconds     : 4.2634
2025-11-28 23:31:12,495 - INFO - Cpu Usage Percent        : 3.3406
2025-11-28 23:31:12,495 - INFO - Ram Peak Usage Bytes     : 10494930944.0000
2025-11-28 23:31:12,495 - INFO - Disk Read Bytes          : 0.0000
2025-11-28 23:31:12,496 - INFO - Disk Write Bytes         : 479232.0000
2025-11-28 23:31:12,496 - INFO - Vram Peak Usage Bytes    : 3290121708.0000
2025-11-28 23:31:12,496 - INFO - Gpu Power Watts Avg      : 265.4646
2025-11-28 23:31:12,496 - INFO - Gpu Power Watts Peak     : 373.4970
2025-11-28 23:31:12,496 - INFO - Gpu Temp Celsius Avg     : 60.8810
2025-11-28 23:31:12,496 - INFO - Gpu Temp Celsius Peak    : 67.0000
2025-11-28 23:31:12,496 - INFO - Gpu Utilization Percent Avg: 66.7619
2025-11-28 23:31:12,496 - INFO - Gpu Utilization Percent Peak: 100.0000
2025-11-28 23:31:12,496 - INFO - Gpu Mem Used Bytes Avg   : 22581280768.0000
2025-11-28 23:31:12,496 - INFO - Gpu Mem Used Bytes Peak  : 22581280768.0000
2025-11-28 23:31:12,496 - INFO - Gpu Vram Used Bytes      : 22581280768.0000
2025-11-28 23:31:12,496 - INFO - Accuracy                 : 0.6654
2025-11-28 23:31:12,496 - INFO - Precision                : 0.6685
2025-11-28 23:31:12,496 - INFO - Recall                   : 0.6654
2025-11-28 23:31:12,496 - INFO - F1 Score                 : 0.6642
2025-11-28 23:31:12,496 - INFO - ==================================================
2025-11-28 23:32:49,426 - INFO - Época 65 concluída. Loss média: 1.6661
2025-11-28 23:32:49,427 - INFO - Taxa de aprendizado ajustada para: 0.001000
2025-11-28 23:32:49,430 - INFO - Iniciando inferência com o modelo Xception...
2025-11-28 23:32:53,357 - INFO - ==================================================
2025-11-28 23:32:53,357 - INFO - EXPERIMENT RESULTS
2025-11-28 23:32:53,357 - INFO - ==================================================
2025-11-28 23:32:53,357 - INFO - Elapsed Time Seconds     : 3.9052
2025-11-28 23:32:53,357 - INFO - Cpu Usage Percent        : 3.6500
2025-11-28 23:32:53,357 - INFO - Ram Peak Usage Bytes     : 10494992384.0000
2025-11-28 23:32:53,357 - INFO - Disk Read Bytes          : 0.0000
2025-11-28 23:32:53,357 - INFO - Disk Write Bytes         : 262144.0000
2025-11-28 23:32:53,357 - INFO - Vram Peak Usage Bytes    : 3290121708.0000
2025-11-28 23:32:53,357 - INFO - Gpu Power Watts Avg      : 287.7337
2025-11-28 23:32:53,357 - INFO - Gpu Power Watts Peak     : 374.1510
2025-11-28 23:32:53,357 - INFO - Gpu Temp Celsius Avg     : 62.2895
2025-11-28 23:32:53,357 - INFO - Gpu Temp Celsius Peak    : 68.0000
2025-11-28 23:32:53,357 - INFO - Gpu Utilization Percent Avg: 75.0526
2025-11-28 23:32:53,357 - INFO - Gpu Utilization Percent Peak: 100.0000
2025-11-28 23:32:53,357 - INFO - Gpu Mem Used Bytes Avg   : 22581280768.0000
2025-11-28 23:32:53,357 - INFO - Gpu Mem Used Bytes Peak  : 22581280768.0000
2025-11-28 23:32:53,358 - INFO - Gpu Vram Used Bytes      : 22581280768.0000
2025-11-28 23:32:53,358 - INFO - Accuracy                 : 0.6654
2025-11-28 23:32:53,358 - INFO - Precision                : 0.6687
2025-11-28 23:32:53,358 - INFO - Recall                   : 0.6654
2025-11-28 23:32:53,358 - INFO - F1 Score                 : 0.6640
2025-11-28 23:32:53,358 - INFO - ==================================================
2025-11-28 23:34:30,351 - INFO - Época 66 concluída. Loss média: 1.6603
2025-11-28 23:34:30,352 - INFO - Taxa de aprendizado ajustada para: 0.001000
2025-11-28 23:34:30,355 - INFO - Iniciando inferência com o modelo Xception...
2025-11-28 23:34:34,133 - INFO - ==================================================
2025-11-28 23:34:34,133 - INFO - EXPERIMENT RESULTS
2025-11-28 23:34:34,133 - INFO - ==================================================
2025-11-28 23:34:34,133 - INFO - Elapsed Time Seconds     : 3.7558
2025-11-28 23:34:34,133 - INFO - Cpu Usage Percent        : 3.6781
2025-11-28 23:34:34,133 - INFO - Ram Peak Usage Bytes     : 10495352832.0000
2025-11-28 23:34:34,133 - INFO - Disk Read Bytes          : 0.0000
2025-11-28 23:34:34,133 - INFO - Disk Write Bytes         : 540672.0000
2025-11-28 23:34:34,133 - INFO - Vram Peak Usage Bytes    : 3290121708.0000
2025-11-28 23:34:34,133 - INFO - Gpu Power Watts Avg      : 290.9704
2025-11-28 23:34:34,133 - INFO - Gpu Power Watts Peak     : 375.2030
2025-11-28 23:34:34,133 - INFO - Gpu Temp Celsius Avg     : 62.7568
2025-11-28 23:34:34,133 - INFO - Gpu Temp Celsius Peak    : 68.0000
2025-11-28 23:34:34,133 - INFO - Gpu Utilization Percent Avg: 75.7027
2025-11-28 23:34:34,133 - INFO - Gpu Utilization Percent Peak: 100.0000
2025-11-28 23:34:34,133 - INFO - Gpu Mem Used Bytes Avg   : 22581280768.0000
2025-11-28 23:34:34,133 - INFO - Gpu Mem Used Bytes Peak  : 22581280768.0000
2025-11-28 23:34:34,133 - INFO - Gpu Vram Used Bytes      : 22581280768.0000
2025-11-28 23:34:34,133 - INFO - Accuracy                 : 0.6637
2025-11-28 23:34:34,134 - INFO - Precision                : 0.6654
2025-11-28 23:34:34,134 - INFO - Recall                   : 0.6637
2025-11-28 23:34:34,134 - INFO - F1 Score                 : 0.6618
2025-11-28 23:34:34,134 - INFO - ==================================================
2025-11-28 23:36:11,005 - INFO - Época 67 concluída. Loss média: 1.6479
2025-11-28 23:36:11,005 - INFO - Taxa de aprendizado ajustada para: 0.001000
2025-11-28 23:36:11,008 - INFO - Iniciando inferência com o modelo Xception...
2025-11-28 23:36:14,902 - INFO - ==================================================
2025-11-28 23:36:14,902 - INFO - EXPERIMENT RESULTS
2025-11-28 23:36:14,902 - INFO - ==================================================
2025-11-28 23:36:14,902 - INFO - Elapsed Time Seconds     : 3.8714
2025-11-28 23:36:14,902 - INFO - Cpu Usage Percent        : 3.6250
2025-11-28 23:36:14,902 - INFO - Ram Peak Usage Bytes     : 10495377408.0000
2025-11-28 23:36:14,902 - INFO - Disk Read Bytes          : 0.0000
2025-11-28 23:36:14,902 - INFO - Disk Write Bytes         : 282624.0000
2025-11-28 23:36:14,902 - INFO - Vram Peak Usage Bytes    : 3290121708.0000
2025-11-28 23:36:14,902 - INFO - Gpu Power Watts Avg      : 290.5608
2025-11-28 23:36:14,902 - INFO - Gpu Power Watts Peak     : 374.3530
2025-11-28 23:36:14,902 - INFO - Gpu Temp Celsius Avg     : 62.3947
2025-11-28 23:36:14,902 - INFO - Gpu Temp Celsius Peak    : 68.0000
2025-11-28 23:36:14,902 - INFO - Gpu Utilization Percent Avg: 73.9474
2025-11-28 23:36:14,902 - INFO - Gpu Utilization Percent Peak: 100.0000
2025-11-28 23:36:14,902 - INFO - Gpu Mem Used Bytes Avg   : 22581280768.0000
2025-11-28 23:36:14,902 - INFO - Gpu Mem Used Bytes Peak  : 22581280768.0000
2025-11-28 23:36:14,902 - INFO - Gpu Vram Used Bytes      : 22581280768.0000
2025-11-28 23:36:14,902 - INFO - Accuracy                 : 0.6694
2025-11-28 23:36:14,902 - INFO - Precision                : 0.6737
2025-11-28 23:36:14,902 - INFO - Recall                   : 0.6694
2025-11-28 23:36:14,902 - INFO - F1 Score                 : 0.6686
2025-11-28 23:36:14,902 - INFO - ==================================================
2025-11-28 23:37:51,845 - INFO - Época 68 concluída. Loss média: 1.6408
2025-11-28 23:37:51,846 - INFO - Taxa de aprendizado ajustada para: 0.001000
2025-11-28 23:37:51,849 - INFO - Iniciando inferência com o modelo Xception...
2025-11-28 23:37:56,332 - INFO - ==================================================
2025-11-28 23:37:56,332 - INFO - EXPERIMENT RESULTS
2025-11-28 23:37:56,332 - INFO - ==================================================
2025-11-28 23:37:56,332 - INFO - Elapsed Time Seconds     : 4.4603
2025-11-28 23:37:56,332 - INFO - Cpu Usage Percent        : 3.3406
2025-11-28 23:37:56,332 - INFO - Ram Peak Usage Bytes     : 10495385600.0000
2025-11-28 23:37:56,332 - INFO - Disk Read Bytes          : 0.0000
2025-11-28 23:37:56,332 - INFO - Disk Write Bytes         : 0.0000
2025-11-28 23:37:56,332 - INFO - Vram Peak Usage Bytes    : 3290121708.0000
2025-11-28 23:37:56,332 - INFO - Gpu Power Watts Avg      : 253.0824
2025-11-28 23:37:56,332 - INFO - Gpu Power Watts Peak     : 372.3680
2025-11-28 23:37:56,332 - INFO - Gpu Temp Celsius Avg     : 60.5909
2025-11-28 23:37:56,332 - INFO - Gpu Temp Celsius Peak    : 67.0000
2025-11-28 23:37:56,332 - INFO - Gpu Utilization Percent Avg: 62.3409
2025-11-28 23:37:56,332 - INFO - Gpu Utilization Percent Peak: 100.0000
2025-11-28 23:37:56,332 - INFO - Gpu Mem Used Bytes Avg   : 22581280768.0000
2025-11-28 23:37:56,332 - INFO - Gpu Mem Used Bytes Peak  : 22581280768.0000
2025-11-28 23:37:56,332 - INFO - Gpu Vram Used Bytes      : 22581280768.0000
2025-11-28 23:37:56,332 - INFO - Accuracy                 : 0.6677
2025-11-28 23:37:56,332 - INFO - Precision                : 0.6705
2025-11-28 23:37:56,332 - INFO - Recall                   : 0.6677
2025-11-28 23:37:56,332 - INFO - F1 Score                 : 0.6664
2025-11-28 23:37:56,332 - INFO - ==================================================
2025-11-28 23:39:32,956 - INFO - Época 69 concluída. Loss média: 1.6382
2025-11-28 23:39:32,956 - INFO - Taxa de aprendizado ajustada para: 0.001000
2025-11-28 23:39:32,959 - INFO - Iniciando inferência com o modelo Xception...
2025-11-28 23:39:36,743 - INFO - ==================================================
2025-11-28 23:39:36,743 - INFO - EXPERIMENT RESULTS
2025-11-28 23:39:36,743 - INFO - ==================================================
2025-11-28 23:39:36,743 - INFO - Elapsed Time Seconds     : 3.7617
2025-11-28 23:39:36,743 - INFO - Cpu Usage Percent        : 3.7281
2025-11-28 23:39:36,743 - INFO - Ram Peak Usage Bytes     : 10495393792.0000
2025-11-28 23:39:36,743 - INFO - Disk Read Bytes          : 0.0000
2025-11-28 23:39:36,743 - INFO - Disk Write Bytes         : 4096.0000
2025-11-28 23:39:36,743 - INFO - Vram Peak Usage Bytes    : 3290121708.0000
2025-11-28 23:39:36,743 - INFO - Gpu Power Watts Avg      : 290.5121
2025-11-28 23:39:36,743 - INFO - Gpu Power Watts Peak     : 372.0810
2025-11-28 23:39:36,743 - INFO - Gpu Temp Celsius Avg     : 62.8649
2025-11-28 23:39:36,744 - INFO - Gpu Temp Celsius Peak    : 68.0000
2025-11-28 23:39:36,744 - INFO - Gpu Utilization Percent Avg: 77.0811
2025-11-28 23:39:36,744 - INFO - Gpu Utilization Percent Peak: 100.0000
2025-11-28 23:39:36,744 - INFO - Gpu Mem Used Bytes Avg   : 22581280768.0000
2025-11-28 23:39:36,744 - INFO - Gpu Mem Used Bytes Peak  : 22581280768.0000
2025-11-28 23:39:36,744 - INFO - Gpu Vram Used Bytes      : 22581280768.0000
2025-11-28 23:39:36,744 - INFO - Accuracy                 : 0.6670
2025-11-28 23:39:36,744 - INFO - Precision                : 0.6687
2025-11-28 23:39:36,744 - INFO - Recall                   : 0.6670
2025-11-28 23:39:36,744 - INFO - F1 Score                 : 0.6653
2025-11-28 23:39:36,744 - INFO - ==================================================
2025-11-28 23:41:13,838 - INFO - Época 70 concluída. Loss média: 1.6284
2025-11-28 23:41:13,839 - INFO - Taxa de aprendizado ajustada para: 0.001000
2025-11-28 23:41:13,842 - INFO - Iniciando inferência com o modelo Xception...
2025-11-28 23:41:17,788 - INFO - ==================================================
2025-11-28 23:41:17,789 - INFO - EXPERIMENT RESULTS
2025-11-28 23:41:17,789 - INFO - ==================================================
2025-11-28 23:41:17,789 - INFO - Elapsed Time Seconds     : 3.9245
2025-11-28 23:41:17,789 - INFO - Cpu Usage Percent        : 3.6000
2025-11-28 23:41:17,789 - INFO - Ram Peak Usage Bytes     : 10495401984.0000
2025-11-28 23:41:17,789 - INFO - Disk Read Bytes          : 0.0000
2025-11-28 23:41:17,789 - INFO - Disk Write Bytes         : 278528.0000
2025-11-28 23:41:17,789 - INFO - Vram Peak Usage Bytes    : 3290121708.0000
2025-11-28 23:41:17,789 - INFO - Gpu Power Watts Avg      : 289.1361
2025-11-28 23:41:17,789 - INFO - Gpu Power Watts Peak     : 371.6180
2025-11-28 23:41:17,789 - INFO - Gpu Temp Celsius Avg     : 62.4737
2025-11-28 23:41:17,789 - INFO - Gpu Temp Celsius Peak    : 68.0000
2025-11-28 23:41:17,789 - INFO - Gpu Utilization Percent Avg: 73.9474
2025-11-28 23:41:17,789 - INFO - Gpu Utilization Percent Peak: 100.0000
2025-11-28 23:41:17,789 - INFO - Gpu Mem Used Bytes Avg   : 22581280768.0000
2025-11-28 23:41:17,789 - INFO - Gpu Mem Used Bytes Peak  : 22581280768.0000
2025-11-28 23:41:17,789 - INFO - Gpu Vram Used Bytes      : 22581280768.0000
2025-11-28 23:41:17,789 - INFO - Accuracy                 : 0.6688
2025-11-28 23:41:17,789 - INFO - Precision                : 0.6706
2025-11-28 23:41:17,789 - INFO - Recall                   : 0.6688
2025-11-28 23:41:17,789 - INFO - F1 Score                 : 0.6668
2025-11-28 23:41:17,789 - INFO - ==================================================
2025-11-28 23:42:54,923 - INFO - Época 71 concluída. Loss média: 1.6211
2025-11-28 23:42:54,923 - INFO - Taxa de aprendizado ajustada para: 0.001000
2025-11-28 23:42:54,927 - INFO - Iniciando inferência com o modelo Xception...
2025-11-28 23:42:59,209 - INFO - ==================================================
2025-11-28 23:42:59,209 - INFO - EXPERIMENT RESULTS
2025-11-28 23:42:59,209 - INFO - ==================================================
2025-11-28 23:42:59,209 - INFO - Elapsed Time Seconds     : 4.2605
2025-11-28 23:42:59,209 - INFO - Cpu Usage Percent        : 3.8656
2025-11-28 23:42:59,209 - INFO - Ram Peak Usage Bytes     : 10496016384.0000
2025-11-28 23:42:59,209 - INFO - Disk Read Bytes          : 0.0000
2025-11-28 23:42:59,209 - INFO - Disk Write Bytes         : 290816.0000
2025-11-28 23:42:59,209 - INFO - Vram Peak Usage Bytes    : 3290121708.0000
2025-11-28 23:42:59,209 - INFO - Gpu Power Watts Avg      : 264.5195
2025-11-28 23:42:59,209 - INFO - Gpu Power Watts Peak     : 374.9350
2025-11-28 23:42:59,209 - INFO - Gpu Temp Celsius Avg     : 61.4762
2025-11-28 23:42:59,209 - INFO - Gpu Temp Celsius Peak    : 68.0000
2025-11-28 23:42:59,209 - INFO - Gpu Utilization Percent Avg: 65.2619
2025-11-28 23:42:59,209 - INFO - Gpu Utilization Percent Peak: 100.0000
2025-11-28 23:42:59,209 - INFO - Gpu Mem Used Bytes Avg   : 22581280768.0000
2025-11-28 23:42:59,210 - INFO - Gpu Mem Used Bytes Peak  : 22581280768.0000
2025-11-28 23:42:59,210 - INFO - Gpu Vram Used Bytes      : 22581280768.0000
2025-11-28 23:42:59,210 - INFO - Accuracy                 : 0.6653
2025-11-28 23:42:59,210 - INFO - Precision                : 0.6677
2025-11-28 23:42:59,210 - INFO - Recall                   : 0.6653
2025-11-28 23:42:59,210 - INFO - F1 Score                 : 0.6634
2025-11-28 23:42:59,210 - INFO - ==================================================
2025-11-28 23:44:36,216 - INFO - Época 72 concluída. Loss média: 1.6131
2025-11-28 23:44:36,217 - INFO - Taxa de aprendizado ajustada para: 0.001000
2025-11-28 23:44:36,220 - INFO - Iniciando inferência com o modelo Xception...
2025-11-28 23:44:40,418 - INFO - ==================================================
2025-11-28 23:44:40,418 - INFO - EXPERIMENT RESULTS
2025-11-28 23:44:40,418 - INFO - ==================================================
2025-11-28 23:44:40,419 - INFO - Elapsed Time Seconds     : 4.1763
2025-11-28 23:44:40,419 - INFO - Cpu Usage Percent        : 3.9344
2025-11-28 23:44:40,419 - INFO - Ram Peak Usage Bytes     : 10496110592.0000
2025-11-28 23:44:40,419 - INFO - Disk Read Bytes          : 0.0000
2025-11-28 23:44:40,419 - INFO - Disk Write Bytes         : 421888.0000
2025-11-28 23:44:40,419 - INFO - Vram Peak Usage Bytes    : 3290121708.0000
2025-11-28 23:44:40,419 - INFO - Gpu Power Watts Avg      : 278.1484
2025-11-28 23:44:40,419 - INFO - Gpu Power Watts Peak     : 374.6910
2025-11-28 23:44:40,419 - INFO - Gpu Temp Celsius Avg     : 61.4878
2025-11-28 23:44:40,419 - INFO - Gpu Temp Celsius Peak    : 68.0000
2025-11-28 23:44:40,419 - INFO - Gpu Utilization Percent Avg: 68.2683
2025-11-28 23:44:40,419 - INFO - Gpu Utilization Percent Peak: 100.0000
2025-11-28 23:44:40,419 - INFO - Gpu Mem Used Bytes Avg   : 22581280768.0000
2025-11-28 23:44:40,419 - INFO - Gpu Mem Used Bytes Peak  : 22581280768.0000
2025-11-28 23:44:40,419 - INFO - Gpu Vram Used Bytes      : 22581280768.0000
2025-11-28 23:44:40,419 - INFO - Accuracy                 : 0.6677
2025-11-28 23:44:40,419 - INFO - Precision                : 0.6701
2025-11-28 23:44:40,419 - INFO - Recall                   : 0.6677
2025-11-28 23:44:40,419 - INFO - F1 Score                 : 0.6662
2025-11-28 23:44:40,419 - INFO - ==================================================
2025-11-28 23:46:17,588 - INFO - Época 73 concluída. Loss média: 1.6082
2025-11-28 23:46:17,589 - INFO - Taxa de aprendizado ajustada para: 0.001000
2025-11-28 23:46:17,592 - INFO - Iniciando inferência com o modelo Xception...
2025-11-28 23:46:21,793 - INFO - ==================================================
2025-11-28 23:46:21,793 - INFO - EXPERIMENT RESULTS
2025-11-28 23:46:21,793 - INFO - ==================================================
2025-11-28 23:46:21,793 - INFO - Elapsed Time Seconds     : 4.1791
2025-11-28 23:46:21,793 - INFO - Cpu Usage Percent        : 3.8969
2025-11-28 23:46:21,793 - INFO - Ram Peak Usage Bytes     : 10496180224.0000
2025-11-28 23:46:21,793 - INFO - Disk Read Bytes          : 0.0000
2025-11-28 23:46:21,793 - INFO - Disk Write Bytes         : 286720.0000
2025-11-28 23:46:21,793 - INFO - Vram Peak Usage Bytes    : 3290121708.0000
2025-11-28 23:46:21,793 - INFO - Gpu Power Watts Avg      : 278.2310
2025-11-28 23:46:21,793 - INFO - Gpu Power Watts Peak     : 374.3790
2025-11-28 23:46:21,793 - INFO - Gpu Temp Celsius Avg     : 61.5366
2025-11-28 23:46:21,793 - INFO - Gpu Temp Celsius Peak    : 67.0000
2025-11-28 23:46:21,793 - INFO - Gpu Utilization Percent Avg: 69.0732
2025-11-28 23:46:21,793 - INFO - Gpu Utilization Percent Peak: 100.0000
2025-11-28 23:46:21,793 - INFO - Gpu Mem Used Bytes Avg   : 22581280768.0000
2025-11-28 23:46:21,793 - INFO - Gpu Mem Used Bytes Peak  : 22581280768.0000
2025-11-28 23:46:21,793 - INFO - Gpu Vram Used Bytes      : 22581280768.0000
2025-11-28 23:46:21,793 - INFO - Accuracy                 : 0.6646
2025-11-28 23:46:21,793 - INFO - Precision                : 0.6694
2025-11-28 23:46:21,793 - INFO - Recall                   : 0.6646
2025-11-28 23:46:21,793 - INFO - F1 Score                 : 0.6639
2025-11-28 23:46:21,793 - INFO - ==================================================
2025-11-28 23:47:58,736 - INFO - Época 74 concluída. Loss média: 1.6032
2025-11-28 23:47:58,737 - INFO - Taxa de aprendizado ajustada para: 0.001000
2025-11-28 23:47:58,740 - INFO - Iniciando inferência com o modelo Xception...
2025-11-28 23:48:03,021 - INFO - ==================================================
2025-11-28 23:48:03,021 - INFO - EXPERIMENT RESULTS
2025-11-28 23:48:03,021 - INFO - ==================================================
2025-11-28 23:48:03,021 - INFO - Elapsed Time Seconds     : 4.2592
2025-11-28 23:48:03,021 - INFO - Cpu Usage Percent        : 3.8750
2025-11-28 23:48:03,021 - INFO - Ram Peak Usage Bytes     : 10496249856.0000
2025-11-28 23:48:03,021 - INFO - Disk Read Bytes          : 0.0000
2025-11-28 23:48:03,021 - INFO - Disk Write Bytes         : 565248.0000
2025-11-28 23:48:03,021 - INFO - Vram Peak Usage Bytes    : 3290121708.0000
2025-11-28 23:48:03,021 - INFO - Gpu Power Watts Avg      : 265.7495
2025-11-28 23:48:03,021 - INFO - Gpu Power Watts Peak     : 374.3140
2025-11-28 23:48:03,021 - INFO - Gpu Temp Celsius Avg     : 61.2381
2025-11-28 23:48:03,021 - INFO - Gpu Temp Celsius Peak    : 67.0000
2025-11-28 23:48:03,021 - INFO - Gpu Utilization Percent Avg: 65.6190
2025-11-28 23:48:03,022 - INFO - Gpu Utilization Percent Peak: 100.0000
2025-11-28 23:48:03,022 - INFO - Gpu Mem Used Bytes Avg   : 22581280768.0000
2025-11-28 23:48:03,022 - INFO - Gpu Mem Used Bytes Peak  : 22581280768.0000
2025-11-28 23:48:03,022 - INFO - Gpu Vram Used Bytes      : 22581280768.0000
2025-11-28 23:48:03,022 - INFO - Accuracy                 : 0.6661
2025-11-28 23:48:03,022 - INFO - Precision                : 0.6686
2025-11-28 23:48:03,022 - INFO - Recall                   : 0.6661
2025-11-28 23:48:03,022 - INFO - F1 Score                 : 0.6645
2025-11-28 23:48:03,022 - INFO - ==================================================
2025-11-28 23:49:39,718 - INFO - Época 75 concluída. Loss média: 1.5985
2025-11-28 23:49:39,719 - INFO - Taxa de aprendizado ajustada para: 0.001000
2025-11-28 23:49:39,722 - INFO - Iniciando inferência com o modelo Xception...
2025-11-28 23:49:43,524 - INFO - ==================================================
2025-11-28 23:49:43,524 - INFO - EXPERIMENT RESULTS
2025-11-28 23:49:43,524 - INFO - ==================================================
2025-11-28 23:49:43,524 - INFO - Elapsed Time Seconds     : 3.7801
2025-11-28 23:49:43,524 - INFO - Cpu Usage Percent        : 3.7031
2025-11-28 23:49:43,524 - INFO - Ram Peak Usage Bytes     : 10496331776.0000
2025-11-28 23:49:43,524 - INFO - Disk Read Bytes          : 0.0000
2025-11-28 23:49:43,524 - INFO - Disk Write Bytes         : 126976.0000
2025-11-28 23:49:43,524 - INFO - Vram Peak Usage Bytes    : 3290121708.0000
2025-11-28 23:49:43,524 - INFO - Gpu Power Watts Avg      : 296.9176
2025-11-28 23:49:43,524 - INFO - Gpu Power Watts Peak     : 374.3580
2025-11-28 23:49:43,524 - INFO - Gpu Temp Celsius Avg     : 62.8649
2025-11-28 23:49:43,524 - INFO - Gpu Temp Celsius Peak    : 68.0000
2025-11-28 23:49:43,524 - INFO - Gpu Utilization Percent Avg: 75.6486
2025-11-28 23:49:43,524 - INFO - Gpu Utilization Percent Peak: 100.0000
2025-11-28 23:49:43,524 - INFO - Gpu Mem Used Bytes Avg   : 22581280768.0000
2025-11-28 23:49:43,524 - INFO - Gpu Mem Used Bytes Peak  : 22581280768.0000
2025-11-28 23:49:43,524 - INFO - Gpu Vram Used Bytes      : 22581280768.0000
2025-11-28 23:49:43,524 - INFO - Accuracy                 : 0.6656
2025-11-28 23:49:43,525 - INFO - Precision                : 0.6682
2025-11-28 23:49:43,525 - INFO - Recall                   : 0.6656
2025-11-28 23:49:43,525 - INFO - F1 Score                 : 0.6642
2025-11-28 23:49:43,525 - INFO - ==================================================
2025-11-28 23:51:20,272 - INFO - Época 76 concluída. Loss média: 1.5955
2025-11-28 23:51:20,272 - INFO - Taxa de aprendizado ajustada para: 0.001000
2025-11-28 23:51:20,276 - INFO - Iniciando inferência com o modelo Xception...
2025-11-28 23:51:24,056 - INFO - ==================================================
2025-11-28 23:51:24,056 - INFO - EXPERIMENT RESULTS
2025-11-28 23:51:24,056 - INFO - ==================================================
2025-11-28 23:51:24,056 - INFO - Elapsed Time Seconds     : 3.7580
2025-11-28 23:51:24,056 - INFO - Cpu Usage Percent        : 3.7250
2025-11-28 23:51:24,056 - INFO - Ram Peak Usage Bytes     : 10496413696.0000
2025-11-28 23:51:24,056 - INFO - Disk Read Bytes          : 0.0000
2025-11-28 23:51:24,056 - INFO - Disk Write Bytes         : 270336.0000
2025-11-28 23:51:24,056 - INFO - Vram Peak Usage Bytes    : 3290121708.0000
2025-11-28 23:51:24,056 - INFO - Gpu Power Watts Avg      : 291.4014
2025-11-28 23:51:24,056 - INFO - Gpu Power Watts Peak     : 374.3260
2025-11-28 23:51:24,056 - INFO - Gpu Temp Celsius Avg     : 63.0270
2025-11-28 23:51:24,056 - INFO - Gpu Temp Celsius Peak    : 68.0000
2025-11-28 23:51:24,056 - INFO - Gpu Utilization Percent Avg: 75.4595
2025-11-28 23:51:24,056 - INFO - Gpu Utilization Percent Peak: 100.0000
2025-11-28 23:51:24,056 - INFO - Gpu Mem Used Bytes Avg   : 22581280768.0000
2025-11-28 23:51:24,056 - INFO - Gpu Mem Used Bytes Peak  : 22581280768.0000
2025-11-28 23:51:24,056 - INFO - Gpu Vram Used Bytes      : 22581280768.0000
2025-11-28 23:51:24,056 - INFO - Accuracy                 : 0.6652
2025-11-28 23:51:24,056 - INFO - Precision                : 0.6681
2025-11-28 23:51:24,056 - INFO - Recall                   : 0.6652
2025-11-28 23:51:24,056 - INFO - F1 Score                 : 0.6638
2025-11-28 23:51:24,056 - INFO - ==================================================
2025-11-28 23:53:01,106 - INFO - Época 77 concluída. Loss média: 1.5832
2025-11-28 23:53:01,106 - INFO - Taxa de aprendizado ajustada para: 0.001000
2025-11-28 23:53:01,110 - INFO - Iniciando inferência com o modelo Xception...
2025-11-28 23:53:05,404 - INFO - ==================================================
2025-11-28 23:53:05,405 - INFO - EXPERIMENT RESULTS
2025-11-28 23:53:05,405 - INFO - ==================================================
2025-11-28 23:53:05,405 - INFO - Elapsed Time Seconds     : 4.2727
2025-11-28 23:53:05,405 - INFO - Cpu Usage Percent        : 3.8312
2025-11-28 23:53:05,405 - INFO - Ram Peak Usage Bytes     : 10496495616.0000
2025-11-28 23:53:05,405 - INFO - Disk Read Bytes          : 0.0000
2025-11-28 23:53:05,405 - INFO - Disk Write Bytes         : 389120.0000
2025-11-28 23:53:05,405 - INFO - Vram Peak Usage Bytes    : 3290121708.0000
2025-11-28 23:53:05,405 - INFO - Gpu Power Watts Avg      : 263.2007
2025-11-28 23:53:05,405 - INFO - Gpu Power Watts Peak     : 373.4700
2025-11-28 23:53:05,405 - INFO - Gpu Temp Celsius Avg     : 61.4524
2025-11-28 23:53:05,405 - INFO - Gpu Temp Celsius Peak    : 68.0000
2025-11-28 23:53:05,405 - INFO - Gpu Utilization Percent Avg: 64.5476
2025-11-28 23:53:05,405 - INFO - Gpu Utilization Percent Peak: 100.0000
2025-11-28 23:53:05,405 - INFO - Gpu Mem Used Bytes Avg   : 22581280768.0000
2025-11-28 23:53:05,405 - INFO - Gpu Mem Used Bytes Peak  : 22581280768.0000
2025-11-28 23:53:05,405 - INFO - Gpu Vram Used Bytes      : 22581280768.0000
2025-11-28 23:53:05,405 - INFO - Accuracy                 : 0.6664
2025-11-28 23:53:05,405 - INFO - Precision                : 0.6692
2025-11-28 23:53:05,405 - INFO - Recall                   : 0.6664
2025-11-28 23:53:05,405 - INFO - F1 Score                 : 0.6650
2025-11-28 23:53:05,405 - INFO - ==================================================
2025-11-28 23:54:42,689 - INFO - Época 78 concluída. Loss média: 1.5829
2025-11-28 23:54:42,689 - INFO - Taxa de aprendizado ajustada para: 0.001000
2025-11-28 23:54:42,692 - INFO - Iniciando inferência com o modelo Xception...
2025-11-28 23:54:46,978 - INFO - ==================================================
2025-11-28 23:54:46,979 - INFO - EXPERIMENT RESULTS
2025-11-28 23:54:46,979 - INFO - ==================================================
2025-11-28 23:54:46,979 - INFO - Elapsed Time Seconds     : 4.2640
2025-11-28 23:54:46,979 - INFO - Cpu Usage Percent        : 3.8625
2025-11-28 23:54:46,979 - INFO - Ram Peak Usage Bytes     : 10496581632.0000
2025-11-28 23:54:46,979 - INFO - Disk Read Bytes          : 0.0000
2025-11-28 23:54:46,979 - INFO - Disk Write Bytes         : 4096.0000
2025-11-28 23:54:46,979 - INFO - Vram Peak Usage Bytes    : 3290121708.0000
2025-11-28 23:54:46,979 - INFO - Gpu Power Watts Avg      : 263.9782
2025-11-28 23:54:46,979 - INFO - Gpu Power Watts Peak     : 371.6910
2025-11-28 23:54:46,979 - INFO - Gpu Temp Celsius Avg     : 61.5476
2025-11-28 23:54:46,979 - INFO - Gpu Temp Celsius Peak    : 68.0000
2025-11-28 23:54:46,979 - INFO - Gpu Utilization Percent Avg: 65.0714
2025-11-28 23:54:46,979 - INFO - Gpu Utilization Percent Peak: 100.0000
2025-11-28 23:54:46,979 - INFO - Gpu Mem Used Bytes Avg   : 22581280768.0000
2025-11-28 23:54:46,979 - INFO - Gpu Mem Used Bytes Peak  : 22581280768.0000
2025-11-28 23:54:46,979 - INFO - Gpu Vram Used Bytes      : 22581280768.0000
2025-11-28 23:54:46,979 - INFO - Accuracy                 : 0.6663
2025-11-28 23:54:46,979 - INFO - Precision                : 0.6697
2025-11-28 23:54:46,979 - INFO - Recall                   : 0.6663
2025-11-28 23:54:46,979 - INFO - F1 Score                 : 0.6651
2025-11-28 23:54:46,979 - INFO - ==================================================
2025-11-28 23:56:23,667 - INFO - Época 79 concluída. Loss média: 1.5774
2025-11-28 23:56:23,667 - INFO - Taxa de aprendizado ajustada para: 0.001000
2025-11-28 23:56:23,670 - INFO - Iniciando inferência com o modelo Xception...
2025-11-28 23:56:27,586 - INFO - ==================================================
2025-11-28 23:56:27,586 - INFO - EXPERIMENT RESULTS
2025-11-28 23:56:27,586 - INFO - ==================================================
2025-11-28 23:56:27,586 - INFO - Elapsed Time Seconds     : 3.9012
2025-11-28 23:56:27,586 - INFO - Cpu Usage Percent        : 3.6125
2025-11-28 23:56:27,586 - INFO - Ram Peak Usage Bytes     : 10496659456.0000
2025-11-28 23:56:27,586 - INFO - Disk Read Bytes          : 0.0000
2025-11-28 23:56:27,586 - INFO - Disk Write Bytes         : 0.0000
2025-11-28 23:56:27,586 - INFO - Vram Peak Usage Bytes    : 3290121708.0000
2025-11-28 23:56:27,586 - INFO - Gpu Power Watts Avg      : 287.3132
2025-11-28 23:56:27,586 - INFO - Gpu Power Watts Peak     : 372.1020
2025-11-28 23:56:27,586 - INFO - Gpu Temp Celsius Avg     : 62.5263
2025-11-28 23:56:27,586 - INFO - Gpu Temp Celsius Peak    : 68.0000
2025-11-28 23:56:27,586 - INFO - Gpu Utilization Percent Avg: 73.3947
2025-11-28 23:56:27,586 - INFO - Gpu Utilization Percent Peak: 100.0000
2025-11-28 23:56:27,586 - INFO - Gpu Mem Used Bytes Avg   : 22581280768.0000
2025-11-28 23:56:27,586 - INFO - Gpu Mem Used Bytes Peak  : 22581280768.0000
2025-11-28 23:56:27,586 - INFO - Gpu Vram Used Bytes      : 22581280768.0000
2025-11-28 23:56:27,586 - INFO - Accuracy                 : 0.6621
2025-11-28 23:56:27,586 - INFO - Precision                : 0.6655
2025-11-28 23:56:27,586 - INFO - Recall                   : 0.6621
2025-11-28 23:56:27,586 - INFO - F1 Score                 : 0.6607
2025-11-28 23:56:27,586 - INFO - ==================================================
2025-11-28 23:58:04,088 - INFO - Época 80 concluída. Loss média: 1.5735
2025-11-28 23:58:04,088 - INFO - Taxa de aprendizado ajustada para: 0.001000
2025-11-28 23:58:04,091 - INFO - Iniciando inferência com o modelo Xception...
2025-11-28 23:58:07,899 - INFO - ==================================================
2025-11-28 23:58:07,899 - INFO - EXPERIMENT RESULTS
2025-11-28 23:58:07,899 - INFO - ==================================================
2025-11-28 23:58:07,899 - INFO - Elapsed Time Seconds     : 3.7852
2025-11-28 23:58:07,899 - INFO - Cpu Usage Percent        : 3.7313
2025-11-28 23:58:07,899 - INFO - Ram Peak Usage Bytes     : 10496737280.0000
2025-11-28 23:58:07,899 - INFO - Disk Read Bytes          : 0.0000
2025-11-28 23:58:07,899 - INFO - Disk Write Bytes         : 16384.0000
2025-11-28 23:58:07,900 - INFO - Vram Peak Usage Bytes    : 3290121708.0000
2025-11-28 23:58:07,900 - INFO - Gpu Power Watts Avg      : 288.2095
2025-11-28 23:58:07,900 - INFO - Gpu Power Watts Peak     : 374.0670
2025-11-28 23:58:07,900 - INFO - Gpu Temp Celsius Avg     : 62.7568
2025-11-28 23:58:07,900 - INFO - Gpu Temp Celsius Peak    : 68.0000
2025-11-28 23:58:07,900 - INFO - Gpu Utilization Percent Avg: 74.6216
2025-11-28 23:58:07,900 - INFO - Gpu Utilization Percent Peak: 100.0000
2025-11-28 23:58:07,900 - INFO - Gpu Mem Used Bytes Avg   : 22581280768.0000
2025-11-28 23:58:07,900 - INFO - Gpu Mem Used Bytes Peak  : 22581280768.0000
2025-11-28 23:58:07,900 - INFO - Gpu Vram Used Bytes      : 22581280768.0000
2025-11-28 23:58:07,900 - INFO - Accuracy                 : 0.6617
2025-11-28 23:58:07,900 - INFO - Precision                : 0.6650
2025-11-28 23:58:07,900 - INFO - Recall                   : 0.6617
2025-11-28 23:58:07,900 - INFO - F1 Score                 : 0.6601
2025-11-28 23:58:07,900 - INFO - ==================================================
2025-11-28 23:59:44,370 - INFO - Época 81 concluída. Loss média: 1.5717
2025-11-28 23:59:44,371 - INFO - Taxa de aprendizado ajustada para: 0.001000
2025-11-28 23:59:44,374 - INFO - Iniciando inferência com o modelo Xception...
2025-11-28 23:59:48,469 - INFO - ==================================================
2025-11-28 23:59:48,469 - INFO - EXPERIMENT RESULTS
2025-11-28 23:59:48,469 - INFO - ==================================================
2025-11-28 23:59:48,469 - INFO - Elapsed Time Seconds     : 4.0731
2025-11-28 23:59:48,469 - INFO - Cpu Usage Percent        : 3.4375
2025-11-28 23:59:48,469 - INFO - Ram Peak Usage Bytes     : 10496802816.0000
2025-11-28 23:59:48,469 - INFO - Disk Read Bytes          : 0.0000
2025-11-28 23:59:48,469 - INFO - Disk Write Bytes         : 4096.0000
2025-11-28 23:59:48,470 - INFO - Vram Peak Usage Bytes    : 3290121708.0000
2025-11-28 23:59:48,470 - INFO - Gpu Power Watts Avg      : 275.0384
2025-11-28 23:59:48,470 - INFO - Gpu Power Watts Peak     : 371.9440
2025-11-28 23:59:48,470 - INFO - Gpu Temp Celsius Avg     : 61.3250
2025-11-28 23:59:48,470 - INFO - Gpu Temp Celsius Peak    : 67.0000
2025-11-28 23:59:48,470 - INFO - Gpu Utilization Percent Avg: 69.1000
2025-11-28 23:59:48,470 - INFO - Gpu Utilization Percent Peak: 100.0000
2025-11-28 23:59:48,470 - INFO - Gpu Mem Used Bytes Avg   : 22581280768.0000
2025-11-28 23:59:48,470 - INFO - Gpu Mem Used Bytes Peak  : 22581280768.0000
2025-11-28 23:59:48,470 - INFO - Gpu Vram Used Bytes      : 22581280768.0000
2025-11-28 23:59:48,470 - INFO - Accuracy                 : 0.6658
2025-11-28 23:59:48,470 - INFO - Precision                : 0.6681
2025-11-28 23:59:48,470 - INFO - Recall                   : 0.6658
2025-11-28 23:59:48,470 - INFO - F1 Score                 : 0.6643
2025-11-28 23:59:48,470 - INFO - ==================================================
2025-11-29 00:01:25,717 - INFO - Época 82 concluída. Loss média: 1.5680
2025-11-29 00:01:25,717 - INFO - Taxa de aprendizado ajustada para: 0.001000
2025-11-29 00:01:25,721 - INFO - Iniciando inferência com o modelo Xception...
2025-11-29 00:01:29,808 - INFO - ==================================================
2025-11-29 00:01:29,808 - INFO - EXPERIMENT RESULTS
2025-11-29 00:01:29,808 - INFO - ==================================================
2025-11-29 00:01:29,808 - INFO - Elapsed Time Seconds     : 4.0642
2025-11-29 00:01:29,808 - INFO - Cpu Usage Percent        : 4.0656
2025-11-29 00:01:29,808 - INFO - Ram Peak Usage Bytes     : 10497089536.0000
2025-11-29 00:01:29,808 - INFO - Disk Read Bytes          : 0.0000
2025-11-29 00:01:29,808 - INFO - Disk Write Bytes         : 122880.0000
2025-11-29 00:01:29,808 - INFO - Vram Peak Usage Bytes    : 3290121708.0000
2025-11-29 00:01:29,808 - INFO - Gpu Power Watts Avg      : 277.9197
2025-11-29 00:01:29,808 - INFO - Gpu Power Watts Peak     : 371.2990
2025-11-29 00:01:29,808 - INFO - Gpu Temp Celsius Avg     : 61.4250
2025-11-29 00:01:29,808 - INFO - Gpu Temp Celsius Peak    : 67.0000
2025-11-29 00:01:29,808 - INFO - Gpu Utilization Percent Avg: 68.9500
2025-11-29 00:01:29,808 - INFO - Gpu Utilization Percent Peak: 100.0000
2025-11-29 00:01:29,808 - INFO - Gpu Mem Used Bytes Avg   : 22581280768.0000
2025-11-29 00:01:29,808 - INFO - Gpu Mem Used Bytes Peak  : 22581280768.0000
2025-11-29 00:01:29,808 - INFO - Gpu Vram Used Bytes      : 22581280768.0000
2025-11-29 00:01:29,808 - INFO - Accuracy                 : 0.6614
2025-11-29 00:01:29,808 - INFO - Precision                : 0.6637
2025-11-29 00:01:29,808 - INFO - Recall                   : 0.6614
2025-11-29 00:01:29,808 - INFO - F1 Score                 : 0.6600
2025-11-29 00:01:29,808 - INFO - ==================================================
2025-11-29 00:03:07,231 - INFO - Época 83 concluída. Loss média: 1.5613
2025-11-29 00:03:07,232 - INFO - Taxa de aprendizado ajustada para: 0.001000
2025-11-29 00:03:07,235 - INFO - Iniciando inferência com o modelo Xception...
2025-11-29 00:03:11,273 - INFO - ==================================================
2025-11-29 00:03:11,274 - INFO - EXPERIMENT RESULTS
2025-11-29 00:03:11,274 - INFO - ==================================================
2025-11-29 00:03:11,274 - INFO - Elapsed Time Seconds     : 4.0166
2025-11-29 00:03:11,274 - INFO - Cpu Usage Percent        : 4.1063
2025-11-29 00:03:11,274 - INFO - Ram Peak Usage Bytes     : 10497105920.0000
2025-11-29 00:03:11,274 - INFO - Disk Read Bytes          : 0.0000
2025-11-29 00:03:11,274 - INFO - Disk Write Bytes         : 0.0000
2025-11-29 00:03:11,274 - INFO - Vram Peak Usage Bytes    : 3290121708.0000
2025-11-29 00:03:11,274 - INFO - Gpu Power Watts Avg      : 283.0149
2025-11-29 00:03:11,274 - INFO - Gpu Power Watts Peak     : 374.8280
2025-11-29 00:03:11,274 - INFO - Gpu Temp Celsius Avg     : 62.1538
2025-11-29 00:03:11,274 - INFO - Gpu Temp Celsius Peak    : 68.0000
2025-11-29 00:03:11,274 - INFO - Gpu Utilization Percent Avg: 69.7436
2025-11-29 00:03:11,274 - INFO - Gpu Utilization Percent Peak: 100.0000
2025-11-29 00:03:11,274 - INFO - Gpu Mem Used Bytes Avg   : 22581280768.0000
2025-11-29 00:03:11,274 - INFO - Gpu Mem Used Bytes Peak  : 22581280768.0000
2025-11-29 00:03:11,274 - INFO - Gpu Vram Used Bytes      : 22581280768.0000
2025-11-29 00:03:11,274 - INFO - Accuracy                 : 0.6618
2025-11-29 00:03:11,274 - INFO - Precision                : 0.6633
2025-11-29 00:03:11,274 - INFO - Recall                   : 0.6618
2025-11-29 00:03:11,274 - INFO - F1 Score                 : 0.6600
2025-11-29 00:03:11,274 - INFO - ==================================================
2025-11-29 00:04:47,918 - INFO - Época 84 concluída. Loss média: 1.5608
2025-11-29 00:04:47,919 - INFO - Taxa de aprendizado ajustada para: 0.001000
2025-11-29 00:04:47,922 - INFO - Iniciando inferência com o modelo Xception...
2025-11-29 00:04:51,835 - INFO - ==================================================
2025-11-29 00:04:51,835 - INFO - EXPERIMENT RESULTS
2025-11-29 00:04:51,835 - INFO - ==================================================
2025-11-29 00:04:51,835 - INFO - Elapsed Time Seconds     : 3.8901
2025-11-29 00:04:51,835 - INFO - Cpu Usage Percent        : 3.6063
2025-11-29 00:04:51,835 - INFO - Ram Peak Usage Bytes     : 10497114112.0000
2025-11-29 00:04:51,835 - INFO - Disk Read Bytes          : 0.0000
2025-11-29 00:04:51,835 - INFO - Disk Write Bytes         : 196608.0000
2025-11-29 00:04:51,835 - INFO - Vram Peak Usage Bytes    : 3290121708.0000
2025-11-29 00:04:51,835 - INFO - Gpu Power Watts Avg      : 285.9905
2025-11-29 00:04:51,835 - INFO - Gpu Power Watts Peak     : 374.4880
2025-11-29 00:04:51,835 - INFO - Gpu Temp Celsius Avg     : 62.2632
2025-11-29 00:04:51,835 - INFO - Gpu Temp Celsius Peak    : 68.0000
2025-11-29 00:04:51,835 - INFO - Gpu Utilization Percent Avg: 72.3158
2025-11-29 00:04:51,835 - INFO - Gpu Utilization Percent Peak: 100.0000
2025-11-29 00:04:51,835 - INFO - Gpu Mem Used Bytes Avg   : 22581280768.0000
2025-11-29 00:04:51,835 - INFO - Gpu Mem Used Bytes Peak  : 22581280768.0000
2025-11-29 00:04:51,835 - INFO - Gpu Vram Used Bytes      : 22581280768.0000
2025-11-29 00:04:51,835 - INFO - Accuracy                 : 0.6621
2025-11-29 00:04:51,835 - INFO - Precision                : 0.6636
2025-11-29 00:04:51,835 - INFO - Recall                   : 0.6621
2025-11-29 00:04:51,835 - INFO - F1 Score                 : 0.6600
2025-11-29 00:04:51,835 - INFO - ==================================================
2025-11-29 00:06:28,813 - INFO - Época 85 concluída. Loss média: 1.5536
2025-11-29 00:06:28,814 - INFO - Taxa de aprendizado ajustada para: 0.001000
2025-11-29 00:06:28,817 - INFO - Iniciando inferência com o modelo Xception...
2025-11-29 00:06:32,818 - INFO - ==================================================
2025-11-29 00:06:32,818 - INFO - EXPERIMENT RESULTS
2025-11-29 00:06:32,818 - INFO - ==================================================
2025-11-29 00:06:32,818 - INFO - Elapsed Time Seconds     : 3.9792
2025-11-29 00:06:32,818 - INFO - Cpu Usage Percent        : 3.4937
2025-11-29 00:06:32,818 - INFO - Ram Peak Usage Bytes     : 10497138688.0000
2025-11-29 00:06:32,818 - INFO - Disk Read Bytes          : 0.0000
2025-11-29 00:06:32,818 - INFO - Disk Write Bytes         : 278528.0000
2025-11-29 00:06:32,818 - INFO - Vram Peak Usage Bytes    : 3290121708.0000
2025-11-29 00:06:32,818 - INFO - Gpu Power Watts Avg      : 282.1024
2025-11-29 00:06:32,818 - INFO - Gpu Power Watts Peak     : 375.8550
2025-11-29 00:06:32,818 - INFO - Gpu Temp Celsius Avg     : 62.2051
2025-11-29 00:06:32,818 - INFO - Gpu Temp Celsius Peak    : 68.0000
2025-11-29 00:06:32,818 - INFO - Gpu Utilization Percent Avg: 71.9744
2025-11-29 00:06:32,819 - INFO - Gpu Utilization Percent Peak: 100.0000
2025-11-29 00:06:32,819 - INFO - Gpu Mem Used Bytes Avg   : 22581280768.0000
2025-11-29 00:06:32,819 - INFO - Gpu Mem Used Bytes Peak  : 22581280768.0000
2025-11-29 00:06:32,819 - INFO - Gpu Vram Used Bytes      : 22581280768.0000
2025-11-29 00:06:32,819 - INFO - Accuracy                 : 0.6632
2025-11-29 00:06:32,819 - INFO - Precision                : 0.6654
2025-11-29 00:06:32,819 - INFO - Recall                   : 0.6632
2025-11-29 00:06:32,819 - INFO - F1 Score                 : 0.6614
2025-11-29 00:06:32,819 - INFO - ==================================================
2025-11-29 00:08:09,481 - INFO - Época 86 concluída. Loss média: 1.5524
2025-11-29 00:08:09,482 - INFO - Taxa de aprendizado ajustada para: 0.001000
2025-11-29 00:08:09,485 - INFO - Iniciando inferência com o modelo Xception...
2025-11-29 00:08:13,571 - INFO - ==================================================
2025-11-29 00:08:13,571 - INFO - EXPERIMENT RESULTS
2025-11-29 00:08:13,571 - INFO - ==================================================
2025-11-29 00:08:13,571 - INFO - Elapsed Time Seconds     : 4.0635
2025-11-29 00:08:13,571 - INFO - Cpu Usage Percent        : 3.6063
2025-11-29 00:08:13,571 - INFO - Ram Peak Usage Bytes     : 10497167360.0000
2025-11-29 00:08:13,571 - INFO - Disk Read Bytes          : 0.0000
2025-11-29 00:08:13,571 - INFO - Disk Write Bytes         : 299008.0000
2025-11-29 00:08:13,571 - INFO - Vram Peak Usage Bytes    : 3290121708.0000
2025-11-29 00:08:13,571 - INFO - Gpu Power Watts Avg      : 275.9010
2025-11-29 00:08:13,571 - INFO - Gpu Power Watts Peak     : 374.2070
2025-11-29 00:08:13,571 - INFO - Gpu Temp Celsius Avg     : 61.9000
2025-11-29 00:08:13,571 - INFO - Gpu Temp Celsius Peak    : 68.0000
2025-11-29 00:08:13,571 - INFO - Gpu Utilization Percent Avg: 69.8750
2025-11-29 00:08:13,571 - INFO - Gpu Utilization Percent Peak: 100.0000
2025-11-29 00:08:13,571 - INFO - Gpu Mem Used Bytes Avg   : 22581280768.0000
2025-11-29 00:08:13,571 - INFO - Gpu Mem Used Bytes Peak  : 22581280768.0000
2025-11-29 00:08:13,571 - INFO - Gpu Vram Used Bytes      : 22581280768.0000
2025-11-29 00:08:13,571 - INFO - Accuracy                 : 0.6626
2025-11-29 00:08:13,571 - INFO - Precision                : 0.6647
2025-11-29 00:08:13,571 - INFO - Recall                   : 0.6626
2025-11-29 00:08:13,571 - INFO - F1 Score                 : 0.6605
2025-11-29 00:08:13,571 - INFO - ==================================================
2025-11-29 00:09:50,483 - INFO - Época 87 concluída. Loss média: 1.5468
2025-11-29 00:09:50,483 - INFO - Taxa de aprendizado ajustada para: 0.001000
2025-11-29 00:09:50,486 - INFO - Iniciando inferência com o modelo Xception...
2025-11-29 00:09:54,683 - INFO - ==================================================
2025-11-29 00:09:54,683 - INFO - EXPERIMENT RESULTS
2025-11-29 00:09:54,683 - INFO - ==================================================
2025-11-29 00:09:54,683 - INFO - Elapsed Time Seconds     : 4.1741
2025-11-29 00:09:54,683 - INFO - Cpu Usage Percent        : 3.9438
2025-11-29 00:09:54,683 - INFO - Ram Peak Usage Bytes     : 10497224704.0000
2025-11-29 00:09:54,683 - INFO - Disk Read Bytes          : 0.0000
2025-11-29 00:09:54,683 - INFO - Disk Write Bytes         : 274432.0000
2025-11-29 00:09:54,683 - INFO - Vram Peak Usage Bytes    : 3290121708.0000
2025-11-29 00:09:54,683 - INFO - Gpu Power Watts Avg      : 268.9626
2025-11-29 00:09:54,683 - INFO - Gpu Power Watts Peak     : 371.0610
2025-11-29 00:09:54,683 - INFO - Gpu Temp Celsius Avg     : 61.4146
2025-11-29 00:09:54,684 - INFO - Gpu Temp Celsius Peak    : 68.0000
2025-11-29 00:09:54,684 - INFO - Gpu Utilization Percent Avg: 67.6341
2025-11-29 00:09:54,684 - INFO - Gpu Utilization Percent Peak: 100.0000
2025-11-29 00:09:54,684 - INFO - Gpu Mem Used Bytes Avg   : 22581280768.0000
2025-11-29 00:09:54,684 - INFO - Gpu Mem Used Bytes Peak  : 22581280768.0000
2025-11-29 00:09:54,684 - INFO - Gpu Vram Used Bytes      : 22581280768.0000
2025-11-29 00:09:54,684 - INFO - Accuracy                 : 0.6603
2025-11-29 00:09:54,684 - INFO - Precision                : 0.6617
2025-11-29 00:09:54,684 - INFO - Recall                   : 0.6603
2025-11-29 00:09:54,684 - INFO - F1 Score                 : 0.6580
2025-11-29 00:09:54,684 - INFO - ==================================================
2025-11-29 00:11:31,310 - INFO - Época 88 concluída. Loss média: 1.5546
2025-11-29 00:11:31,311 - INFO - Taxa de aprendizado ajustada para: 0.001000
2025-11-29 00:11:31,314 - INFO - Iniciando inferência com o modelo Xception...
2025-11-29 00:11:35,091 - INFO - ==================================================
2025-11-29 00:11:35,092 - INFO - EXPERIMENT RESULTS
2025-11-29 00:11:35,092 - INFO - ==================================================
2025-11-29 00:11:35,092 - INFO - Elapsed Time Seconds     : 3.7556
2025-11-29 00:11:35,092 - INFO - Cpu Usage Percent        : 3.8094
2025-11-29 00:11:35,092 - INFO - Ram Peak Usage Bytes     : 10497290240.0000
2025-11-29 00:11:35,092 - INFO - Disk Read Bytes          : 0.0000
2025-11-29 00:11:35,092 - INFO - Disk Write Bytes         : 147456.0000
2025-11-29 00:11:35,092 - INFO - Vram Peak Usage Bytes    : 3290121708.0000
2025-11-29 00:11:35,092 - INFO - Gpu Power Watts Avg      : 294.6952
2025-11-29 00:11:35,092 - INFO - Gpu Power Watts Peak     : 375.1100
2025-11-29 00:11:35,092 - INFO - Gpu Temp Celsius Avg     : 63.0541
2025-11-29 00:11:35,092 - INFO - Gpu Temp Celsius Peak    : 68.0000
2025-11-29 00:11:35,092 - INFO - Gpu Utilization Percent Avg: 76.2703
2025-11-29 00:11:35,092 - INFO - Gpu Utilization Percent Peak: 100.0000
2025-11-29 00:11:35,092 - INFO - Gpu Mem Used Bytes Avg   : 22581280768.0000
2025-11-29 00:11:35,092 - INFO - Gpu Mem Used Bytes Peak  : 22581280768.0000
2025-11-29 00:11:35,092 - INFO - Gpu Vram Used Bytes      : 22581280768.0000
2025-11-29 00:11:35,092 - INFO - Accuracy                 : 0.6603
2025-11-29 00:11:35,092 - INFO - Precision                : 0.6623
2025-11-29 00:11:35,092 - INFO - Recall                   : 0.6603
2025-11-29 00:11:35,092 - INFO - F1 Score                 : 0.6586
2025-11-29 00:11:35,092 - INFO - ==================================================
2025-11-29 00:13:11,711 - INFO - Época 89 concluída. Loss média: 1.5359
2025-11-29 00:13:11,711 - INFO - Taxa de aprendizado ajustada para: 0.001000
2025-11-29 00:13:11,714 - INFO - Iniciando inferência com o modelo Xception...
2025-11-29 00:13:15,841 - INFO - ==================================================
2025-11-29 00:13:15,841 - INFO - EXPERIMENT RESULTS
2025-11-29 00:13:15,841 - INFO - ==================================================
2025-11-29 00:13:15,841 - INFO - Elapsed Time Seconds     : 4.1048
2025-11-29 00:13:15,841 - INFO - Cpu Usage Percent        : 3.4188
2025-11-29 00:13:15,841 - INFO - Ram Peak Usage Bytes     : 10497359872.0000
2025-11-29 00:13:15,841 - INFO - Disk Read Bytes          : 0.0000
2025-11-29 00:13:15,841 - INFO - Disk Write Bytes         : 0.0000
2025-11-29 00:13:15,841 - INFO - Vram Peak Usage Bytes    : 3290121708.0000
2025-11-29 00:13:15,841 - INFO - Gpu Power Watts Avg      : 271.7754
2025-11-29 00:13:15,842 - INFO - Gpu Power Watts Peak     : 369.9070
2025-11-29 00:13:15,842 - INFO - Gpu Temp Celsius Avg     : 61.6250
2025-11-29 00:13:15,842 - INFO - Gpu Temp Celsius Peak    : 67.0000
2025-11-29 00:13:15,842 - INFO - Gpu Utilization Percent Avg: 68.8250
2025-11-29 00:13:15,842 - INFO - Gpu Utilization Percent Peak: 100.0000
2025-11-29 00:13:15,842 - INFO - Gpu Mem Used Bytes Avg   : 22581280768.0000
2025-11-29 00:13:15,842 - INFO - Gpu Mem Used Bytes Peak  : 22581280768.0000
2025-11-29 00:13:15,842 - INFO - Gpu Vram Used Bytes      : 22581280768.0000
2025-11-29 00:13:15,842 - INFO - Accuracy                 : 0.6609
2025-11-29 00:13:15,842 - INFO - Precision                : 0.6636
2025-11-29 00:13:15,842 - INFO - Recall                   : 0.6609
2025-11-29 00:13:15,842 - INFO - F1 Score                 : 0.6594
2025-11-29 00:13:15,842 - INFO - ==================================================
2025-11-29 00:14:53,055 - INFO - Época 90 concluída. Loss média: 1.5397
2025-11-29 00:14:53,056 - INFO - Taxa de aprendizado ajustada para: 0.000100
2025-11-29 00:14:53,059 - INFO - Iniciando inferência com o modelo Xception...
2025-11-29 00:14:57,169 - INFO - ==================================================
2025-11-29 00:14:57,169 - INFO - EXPERIMENT RESULTS
2025-11-29 00:14:57,169 - INFO - ==================================================
2025-11-29 00:14:57,169 - INFO - Elapsed Time Seconds     : 4.0877
2025-11-29 00:14:57,169 - INFO - Cpu Usage Percent        : 4.0281
2025-11-29 00:14:57,169 - INFO - Ram Peak Usage Bytes     : 10498146304.0000
2025-11-29 00:14:57,169 - INFO - Disk Read Bytes          : 0.0000
2025-11-29 00:14:57,169 - INFO - Disk Write Bytes         : 12288.0000
2025-11-29 00:14:57,169 - INFO - Vram Peak Usage Bytes    : 3290121708.0000
2025-11-29 00:14:57,169 - INFO - Gpu Power Watts Avg      : 281.1454
2025-11-29 00:14:57,169 - INFO - Gpu Power Watts Peak     : 373.4130
2025-11-29 00:14:57,169 - INFO - Gpu Temp Celsius Avg     : 62.2750
2025-11-29 00:14:57,169 - INFO - Gpu Temp Celsius Peak    : 68.0000
2025-11-29 00:14:57,169 - INFO - Gpu Utilization Percent Avg: 72.1250
2025-11-29 00:14:57,169 - INFO - Gpu Utilization Percent Peak: 100.0000
2025-11-29 00:14:57,169 - INFO - Gpu Mem Used Bytes Avg   : 22581280768.0000
2025-11-29 00:14:57,169 - INFO - Gpu Mem Used Bytes Peak  : 22581280768.0000
2025-11-29 00:14:57,169 - INFO - Gpu Vram Used Bytes      : 22581280768.0000
2025-11-29 00:14:57,169 - INFO - Accuracy                 : 0.6607
2025-11-29 00:14:57,169 - INFO - Precision                : 0.6632
2025-11-29 00:14:57,169 - INFO - Recall                   : 0.6607
2025-11-29 00:14:57,169 - INFO - F1 Score                 : 0.6591
2025-11-29 00:14:57,170 - INFO - ==================================================
2025-11-29 00:16:33,571 - INFO - Época 91 concluída. Loss média: 1.5219
2025-11-29 00:16:33,571 - INFO - Taxa de aprendizado ajustada para: 0.000100
2025-11-29 00:16:33,572 - INFO - Iniciando inferência com o modelo Xception...
2025-11-29 00:16:37,254 - INFO - ==================================================
2025-11-29 00:16:37,254 - INFO - EXPERIMENT RESULTS
2025-11-29 00:16:37,254 - INFO - ==================================================
2025-11-29 00:16:37,254 - INFO - Elapsed Time Seconds     : 3.6592
2025-11-29 00:16:37,254 - INFO - Cpu Usage Percent        : 3.7906
2025-11-29 00:16:37,254 - INFO - Ram Peak Usage Bytes     : 10498220032.0000
2025-11-29 00:16:37,254 - INFO - Disk Read Bytes          : 0.0000
2025-11-29 00:16:37,254 - INFO - Disk Write Bytes         : 544768.0000
2025-11-29 00:16:37,254 - INFO - Vram Peak Usage Bytes    : 3290121708.0000
2025-11-29 00:16:37,254 - INFO - Gpu Power Watts Avg      : 298.1452
2025-11-29 00:16:37,254 - INFO - Gpu Power Watts Peak     : 374.9760
2025-11-29 00:16:37,254 - INFO - Gpu Temp Celsius Avg     : 63.3056
2025-11-29 00:16:37,254 - INFO - Gpu Temp Celsius Peak    : 68.0000
2025-11-29 00:16:37,254 - INFO - Gpu Utilization Percent Avg: 78.6389
2025-11-29 00:16:37,254 - INFO - Gpu Utilization Percent Peak: 100.0000
2025-11-29 00:16:37,255 - INFO - Gpu Mem Used Bytes Avg   : 22581280768.0000
2025-11-29 00:16:37,255 - INFO - Gpu Mem Used Bytes Peak  : 22581280768.0000
2025-11-29 00:16:37,255 - INFO - Gpu Vram Used Bytes      : 22581280768.0000
2025-11-29 00:16:37,255 - INFO - Accuracy                 : 0.6625
2025-11-29 00:16:37,255 - INFO - Precision                : 0.6640
2025-11-29 00:16:37,255 - INFO - Recall                   : 0.6625
2025-11-29 00:16:37,255 - INFO - F1 Score                 : 0.6608
2025-11-29 00:16:37,255 - INFO - ==================================================
2025-11-29 00:18:13,986 - INFO - Época 92 concluída. Loss média: 1.5176
2025-11-29 00:18:13,987 - INFO - Taxa de aprendizado ajustada para: 0.000100
2025-11-29 00:18:13,990 - INFO - Iniciando inferência com o modelo Xception...
2025-11-29 00:18:18,120 - INFO - ==================================================
2025-11-29 00:18:18,120 - INFO - EXPERIMENT RESULTS
2025-11-29 00:18:18,120 - INFO - ==================================================
2025-11-29 00:18:18,120 - INFO - Elapsed Time Seconds     : 4.1082
2025-11-29 00:18:18,120 - INFO - Cpu Usage Percent        : 3.4312
2025-11-29 00:18:18,120 - INFO - Ram Peak Usage Bytes     : 10498293760.0000
2025-11-29 00:18:18,120 - INFO - Disk Read Bytes          : 0.0000
2025-11-29 00:18:18,120 - INFO - Disk Write Bytes         : 266240.0000
2025-11-29 00:18:18,120 - INFO - Vram Peak Usage Bytes    : 3290121708.0000
2025-11-29 00:18:18,120 - INFO - Gpu Power Watts Avg      : 268.3908
2025-11-29 00:18:18,120 - INFO - Gpu Power Watts Peak     : 370.5840
2025-11-29 00:18:18,120 - INFO - Gpu Temp Celsius Avg     : 61.6250
2025-11-29 00:18:18,120 - INFO - Gpu Temp Celsius Peak    : 67.0000
2025-11-29 00:18:18,120 - INFO - Gpu Utilization Percent Avg: 69.4000
2025-11-29 00:18:18,120 - INFO - Gpu Utilization Percent Peak: 100.0000
2025-11-29 00:18:18,120 - INFO - Gpu Mem Used Bytes Avg   : 22581280768.0000
2025-11-29 00:18:18,120 - INFO - Gpu Mem Used Bytes Peak  : 22581280768.0000
2025-11-29 00:18:18,121 - INFO - Gpu Vram Used Bytes      : 22581280768.0000
2025-11-29 00:18:18,121 - INFO - Accuracy                 : 0.6632
2025-11-29 00:18:18,121 - INFO - Precision                : 0.6639
2025-11-29 00:18:18,121 - INFO - Recall                   : 0.6632
2025-11-29 00:18:18,121 - INFO - F1 Score                 : 0.6614
2025-11-29 00:18:18,121 - INFO - ==================================================
2025-11-29 00:19:55,051 - INFO - Época 93 concluída. Loss média: 1.5124
2025-11-29 00:19:55,052 - INFO - Taxa de aprendizado ajustada para: 0.000100
2025-11-29 00:19:55,055 - INFO - Iniciando inferência com o modelo Xception...
2025-11-29 00:19:59,124 - INFO - ==================================================
2025-11-29 00:19:59,124 - INFO - EXPERIMENT RESULTS
2025-11-29 00:19:59,124 - INFO - ==================================================
2025-11-29 00:19:59,124 - INFO - Elapsed Time Seconds     : 4.0463
2025-11-29 00:19:59,124 - INFO - Cpu Usage Percent        : 4.1156
2025-11-29 00:19:59,124 - INFO - Ram Peak Usage Bytes     : 10498412544.0000
2025-11-29 00:19:59,124 - INFO - Disk Read Bytes          : 0.0000
2025-11-29 00:19:59,124 - INFO - Disk Write Bytes         : 0.0000
2025-11-29 00:19:59,124 - INFO - Vram Peak Usage Bytes    : 3290121708.0000
2025-11-29 00:19:59,124 - INFO - Gpu Power Watts Avg      : 277.0215
2025-11-29 00:19:59,124 - INFO - Gpu Power Watts Peak     : 374.1350
2025-11-29 00:19:59,124 - INFO - Gpu Temp Celsius Avg     : 61.7750
2025-11-29 00:19:59,124 - INFO - Gpu Temp Celsius Peak    : 67.0000
2025-11-29 00:19:59,124 - INFO - Gpu Utilization Percent Avg: 69.6250
2025-11-29 00:19:59,124 - INFO - Gpu Utilization Percent Peak: 100.0000
2025-11-29 00:19:59,124 - INFO - Gpu Mem Used Bytes Avg   : 22581280768.0000
2025-11-29 00:19:59,124 - INFO - Gpu Mem Used Bytes Peak  : 22581280768.0000
2025-11-29 00:19:59,124 - INFO - Gpu Vram Used Bytes      : 22581280768.0000
2025-11-29 00:19:59,124 - INFO - Accuracy                 : 0.6624
2025-11-29 00:19:59,124 - INFO - Precision                : 0.6630
2025-11-29 00:19:59,124 - INFO - Recall                   : 0.6624
2025-11-29 00:19:59,124 - INFO - F1 Score                 : 0.6602
2025-11-29 00:19:59,124 - INFO - ==================================================
2025-11-29 00:21:36,150 - INFO - Época 94 concluída. Loss média: 1.5096
2025-11-29 00:21:36,150 - INFO - Taxa de aprendizado ajustada para: 0.000100
2025-11-29 00:21:36,154 - INFO - Iniciando inferência com o modelo Xception...
2025-11-29 00:21:40,444 - INFO - ==================================================
2025-11-29 00:21:40,444 - INFO - EXPERIMENT RESULTS
2025-11-29 00:21:40,444 - INFO - ==================================================
2025-11-29 00:21:40,444 - INFO - Elapsed Time Seconds     : 4.2679
2025-11-29 00:21:40,444 - INFO - Cpu Usage Percent        : 3.8813
2025-11-29 00:21:40,444 - INFO - Ram Peak Usage Bytes     : 10498482176.0000
2025-11-29 00:21:40,444 - INFO - Disk Read Bytes          : 0.0000
2025-11-29 00:21:40,444 - INFO - Disk Write Bytes         : 253952.0000
2025-11-29 00:21:40,444 - INFO - Vram Peak Usage Bytes    : 3290121708.0000
2025-11-29 00:21:40,444 - INFO - Gpu Power Watts Avg      : 268.5249
2025-11-29 00:21:40,444 - INFO - Gpu Power Watts Peak     : 375.9540
2025-11-29 00:21:40,444 - INFO - Gpu Temp Celsius Avg     : 61.2381
2025-11-29 00:21:40,444 - INFO - Gpu Temp Celsius Peak    : 68.0000
2025-11-29 00:21:40,444 - INFO - Gpu Utilization Percent Avg: 66.5000
2025-11-29 00:21:40,444 - INFO - Gpu Utilization Percent Peak: 100.0000
2025-11-29 00:21:40,444 - INFO - Gpu Mem Used Bytes Avg   : 22581280768.0000
2025-11-29 00:21:40,444 - INFO - Gpu Mem Used Bytes Peak  : 22581280768.0000
2025-11-29 00:21:40,444 - INFO - Gpu Vram Used Bytes      : 22581280768.0000
2025-11-29 00:21:40,444 - INFO - Accuracy                 : 0.6635
2025-11-29 00:21:40,444 - INFO - Precision                : 0.6639
2025-11-29 00:21:40,444 - INFO - Recall                   : 0.6635
2025-11-29 00:21:40,444 - INFO - F1 Score                 : 0.6614
2025-11-29 00:21:40,444 - INFO - ==================================================
2025-11-29 00:23:17,441 - INFO - Época 95 concluída. Loss média: 1.5090
2025-11-29 00:23:17,442 - INFO - Taxa de aprendizado ajustada para: 0.000100
2025-11-29 00:23:17,445 - INFO - Iniciando inferência com o modelo Xception...
2025-11-29 00:23:21,238 - INFO - ==================================================
2025-11-29 00:23:21,239 - INFO - EXPERIMENT RESULTS
2025-11-29 00:23:21,239 - INFO - ==================================================
2025-11-29 00:23:21,239 - INFO - Elapsed Time Seconds     : 3.7714
2025-11-29 00:23:21,239 - INFO - Cpu Usage Percent        : 3.7031
2025-11-29 00:23:21,239 - INFO - Ram Peak Usage Bytes     : 10498588672.0000
2025-11-29 00:23:21,239 - INFO - Disk Read Bytes          : 0.0000
2025-11-29 00:23:21,239 - INFO - Disk Write Bytes         : 487424.0000
2025-11-29 00:23:21,239 - INFO - Vram Peak Usage Bytes    : 3290121708.0000
2025-11-29 00:23:21,239 - INFO - Gpu Power Watts Avg      : 294.7448
2025-11-29 00:23:21,239 - INFO - Gpu Power Watts Peak     : 373.6630
2025-11-29 00:23:21,239 - INFO - Gpu Temp Celsius Avg     : 62.8919
2025-11-29 00:23:21,239 - INFO - Gpu Temp Celsius Peak    : 68.0000
2025-11-29 00:23:21,239 - INFO - Gpu Utilization Percent Avg: 76.7297
2025-11-29 00:23:21,239 - INFO - Gpu Utilization Percent Peak: 100.0000
2025-11-29 00:23:21,239 - INFO - Gpu Mem Used Bytes Avg   : 22581280768.0000
2025-11-29 00:23:21,239 - INFO - Gpu Mem Used Bytes Peak  : 22581280768.0000
2025-11-29 00:23:21,239 - INFO - Gpu Vram Used Bytes      : 22581280768.0000
2025-11-29 00:23:21,239 - INFO - Accuracy                 : 0.6625
2025-11-29 00:23:21,239 - INFO - Precision                : 0.6632
2025-11-29 00:23:21,239 - INFO - Recall                   : 0.6625
2025-11-29 00:23:21,239 - INFO - F1 Score                 : 0.6605
2025-11-29 00:23:21,239 - INFO - ==================================================
2025-11-29 00:24:58,227 - INFO - Época 96 concluída. Loss média: 1.5077
2025-11-29 00:24:58,228 - INFO - Taxa de aprendizado ajustada para: 0.000100
2025-11-29 00:24:58,231 - INFO - Iniciando inferência com o modelo Xception...
2025-11-29 00:25:02,451 - INFO - ==================================================
2025-11-29 00:25:02,451 - INFO - EXPERIMENT RESULTS
2025-11-29 00:25:02,451 - INFO - ==================================================
2025-11-29 00:25:02,451 - INFO - Elapsed Time Seconds     : 4.1979
2025-11-29 00:25:02,451 - INFO - Cpu Usage Percent        : 3.9375
2025-11-29 00:25:02,451 - INFO - Ram Peak Usage Bytes     : 10498646016.0000
2025-11-29 00:25:02,451 - INFO - Disk Read Bytes          : 0.0000
2025-11-29 00:25:02,451 - INFO - Disk Write Bytes         : 0.0000
2025-11-29 00:25:02,451 - INFO - Vram Peak Usage Bytes    : 3290121708.0000
2025-11-29 00:25:02,452 - INFO - Gpu Power Watts Avg      : 265.1844
2025-11-29 00:25:02,452 - INFO - Gpu Power Watts Peak     : 370.0330
2025-11-29 00:25:02,452 - INFO - Gpu Temp Celsius Avg     : 61.4390
2025-11-29 00:25:02,452 - INFO - Gpu Temp Celsius Peak    : 67.0000
2025-11-29 00:25:02,452 - INFO - Gpu Utilization Percent Avg: 65.9024
2025-11-29 00:25:02,452 - INFO - Gpu Utilization Percent Peak: 100.0000
2025-11-29 00:25:02,452 - INFO - Gpu Mem Used Bytes Avg   : 22581280768.0000
2025-11-29 00:25:02,452 - INFO - Gpu Mem Used Bytes Peak  : 22581280768.0000
2025-11-29 00:25:02,452 - INFO - Gpu Vram Used Bytes      : 22581280768.0000
2025-11-29 00:25:02,452 - INFO - Accuracy                 : 0.6635
2025-11-29 00:25:02,452 - INFO - Precision                : 0.6638
2025-11-29 00:25:02,452 - INFO - Recall                   : 0.6635
2025-11-29 00:25:02,452 - INFO - F1 Score                 : 0.6613
2025-11-29 00:25:02,452 - INFO - ==================================================
2025-11-29 00:26:39,295 - INFO - Época 97 concluída. Loss média: 1.5063
2025-11-29 00:26:39,295 - INFO - Taxa de aprendizado ajustada para: 0.000100
2025-11-29 00:26:39,299 - INFO - Iniciando inferência com o modelo Xception...
2025-11-29 00:26:43,485 - INFO - ==================================================
2025-11-29 00:26:43,485 - INFO - EXPERIMENT RESULTS
2025-11-29 00:26:43,485 - INFO - ==================================================
2025-11-29 00:26:43,485 - INFO - Elapsed Time Seconds     : 4.1645
2025-11-29 00:26:43,485 - INFO - Cpu Usage Percent        : 3.9906
2025-11-29 00:26:43,485 - INFO - Ram Peak Usage Bytes     : 10498703360.0000
2025-11-29 00:26:43,485 - INFO - Disk Read Bytes          : 0.0000
2025-11-29 00:26:43,485 - INFO - Disk Write Bytes         : 270336.0000
2025-11-29 00:26:43,485 - INFO - Vram Peak Usage Bytes    : 3290121708.0000
2025-11-29 00:26:43,485 - INFO - Gpu Power Watts Avg      : 270.2584
2025-11-29 00:26:43,485 - INFO - Gpu Power Watts Peak     : 371.9040
2025-11-29 00:26:43,486 - INFO - Gpu Temp Celsius Avg     : 61.4146
2025-11-29 00:26:43,486 - INFO - Gpu Temp Celsius Peak    : 67.0000
2025-11-29 00:26:43,486 - INFO - Gpu Utilization Percent Avg: 67.9268
2025-11-29 00:26:43,486 - INFO - Gpu Utilization Percent Peak: 100.0000
2025-11-29 00:26:43,486 - INFO - Gpu Mem Used Bytes Avg   : 22581280768.0000
2025-11-29 00:26:43,486 - INFO - Gpu Mem Used Bytes Peak  : 22581280768.0000
2025-11-29 00:26:43,486 - INFO - Gpu Vram Used Bytes      : 22581280768.0000
2025-11-29 00:26:43,486 - INFO - Accuracy                 : 0.6617
2025-11-29 00:26:43,486 - INFO - Precision                : 0.6623
2025-11-29 00:26:43,486 - INFO - Recall                   : 0.6617
2025-11-29 00:26:43,486 - INFO - F1 Score                 : 0.6595
2025-11-29 00:26:43,486 - INFO - ==================================================
2025-11-29 00:28:20,029 - INFO - Época 98 concluída. Loss média: 1.5061
2025-11-29 00:28:20,029 - INFO - Taxa de aprendizado ajustada para: 0.000100
2025-11-29 00:28:20,032 - INFO - Iniciando inferência com o modelo Xception...
2025-11-29 00:28:23,953 - INFO - ==================================================
2025-11-29 00:28:23,953 - INFO - EXPERIMENT RESULTS
2025-11-29 00:28:23,953 - INFO - ==================================================
2025-11-29 00:28:23,953 - INFO - Elapsed Time Seconds     : 3.8985
2025-11-29 00:28:23,953 - INFO - Cpu Usage Percent        : 3.5844
2025-11-29 00:28:23,953 - INFO - Ram Peak Usage Bytes     : 10498793472.0000
2025-11-29 00:28:23,953 - INFO - Disk Read Bytes          : 0.0000
2025-11-29 00:28:23,953 - INFO - Disk Write Bytes         : 278528.0000
2025-11-29 00:28:23,953 - INFO - Vram Peak Usage Bytes    : 3290121708.0000
2025-11-29 00:28:23,953 - INFO - Gpu Power Watts Avg      : 285.7921
2025-11-29 00:28:23,953 - INFO - Gpu Power Watts Peak     : 374.0180
2025-11-29 00:28:23,953 - INFO - Gpu Temp Celsius Avg     : 62.4474
2025-11-29 00:28:23,953 - INFO - Gpu Temp Celsius Peak    : 68.0000
2025-11-29 00:28:23,953 - INFO - Gpu Utilization Percent Avg: 72.6579
2025-11-29 00:28:23,953 - INFO - Gpu Utilization Percent Peak: 100.0000
2025-11-29 00:28:23,953 - INFO - Gpu Mem Used Bytes Avg   : 22581280768.0000
2025-11-29 00:28:23,953 - INFO - Gpu Mem Used Bytes Peak  : 22581280768.0000
2025-11-29 00:28:23,953 - INFO - Gpu Vram Used Bytes      : 22581280768.0000
2025-11-29 00:28:23,954 - INFO - Accuracy                 : 0.6628
2025-11-29 00:28:23,954 - INFO - Precision                : 0.6638
2025-11-29 00:28:23,954 - INFO - Recall                   : 0.6628
2025-11-29 00:28:23,954 - INFO - F1 Score                 : 0.6609
2025-11-29 00:28:23,954 - INFO - ==================================================
2025-11-29 00:30:00,668 - INFO - Época 99 concluída. Loss média: 1.5059
2025-11-29 00:30:00,669 - INFO - Taxa de aprendizado ajustada para: 0.000100
2025-11-29 00:30:00,672 - INFO - Iniciando inferência com o modelo Xception...
2025-11-29 00:30:04,855 - INFO - ==================================================
2025-11-29 00:30:04,855 - INFO - EXPERIMENT RESULTS
2025-11-29 00:30:04,855 - INFO - ==================================================
2025-11-29 00:30:04,855 - INFO - Elapsed Time Seconds     : 4.1605
2025-11-29 00:30:04,855 - INFO - Cpu Usage Percent        : 3.9875
2025-11-29 00:30:04,855 - INFO - Ram Peak Usage Bytes     : 10499010560.0000
2025-11-29 00:30:04,855 - INFO - Disk Read Bytes          : 0.0000
2025-11-29 00:30:04,855 - INFO - Disk Write Bytes         : 311296.0000
2025-11-29 00:30:04,855 - INFO - Vram Peak Usage Bytes    : 3290121708.0000
2025-11-29 00:30:04,855 - INFO - Gpu Power Watts Avg      : 272.3141
2025-11-29 00:30:04,855 - INFO - Gpu Power Watts Peak     : 374.1290
2025-11-29 00:30:04,855 - INFO - Gpu Temp Celsius Avg     : 61.3415
2025-11-29 00:30:04,855 - INFO - Gpu Temp Celsius Peak    : 68.0000
2025-11-29 00:30:04,855 - INFO - Gpu Utilization Percent Avg: 67.9756
2025-11-29 00:30:04,855 - INFO - Gpu Utilization Percent Peak: 100.0000
2025-11-29 00:30:04,855 - INFO - Gpu Mem Used Bytes Avg   : 22581280768.0000
2025-11-29 00:30:04,855 - INFO - Gpu Mem Used Bytes Peak  : 22581280768.0000
2025-11-29 00:30:04,855 - INFO - Gpu Vram Used Bytes      : 22581280768.0000
2025-11-29 00:30:04,855 - INFO - Accuracy                 : 0.6643
2025-11-29 00:30:04,855 - INFO - Precision                : 0.6642
2025-11-29 00:30:04,855 - INFO - Recall                   : 0.6643
2025-11-29 00:30:04,855 - INFO - F1 Score                 : 0.6618
2025-11-29 00:30:04,855 - INFO - ==================================================
2025-11-29 00:31:41,647 - INFO - Época 100 concluída. Loss média: 1.5027
2025-11-29 00:31:41,647 - INFO - Taxa de aprendizado ajustada para: 0.000100
2025-11-29 00:31:41,651 - INFO - Iniciando inferência com o modelo Xception...
2025-11-29 00:31:45,675 - INFO - ==================================================
2025-11-29 00:31:45,676 - INFO - EXPERIMENT RESULTS
2025-11-29 00:31:45,676 - INFO - ==================================================
2025-11-29 00:31:45,676 - INFO - Elapsed Time Seconds     : 4.0027
2025-11-29 00:31:45,676 - INFO - Cpu Usage Percent        : 3.4813
2025-11-29 00:31:45,676 - INFO - Ram Peak Usage Bytes     : 10499026944.0000
2025-11-29 00:31:45,676 - INFO - Disk Read Bytes          : 0.0000
2025-11-29 00:31:45,676 - INFO - Disk Write Bytes         : 286720.0000
2025-11-29 00:31:45,676 - INFO - Vram Peak Usage Bytes    : 3290121708.0000
2025-11-29 00:31:45,676 - INFO - Gpu Power Watts Avg      : 280.8133
2025-11-29 00:31:45,676 - INFO - Gpu Power Watts Peak     : 370.9080
2025-11-29 00:31:45,676 - INFO - Gpu Temp Celsius Avg     : 61.7692
2025-11-29 00:31:45,676 - INFO - Gpu Temp Celsius Peak    : 67.0000
2025-11-29 00:31:45,676 - INFO - Gpu Utilization Percent Avg: 72.6154
2025-11-29 00:31:45,676 - INFO - Gpu Utilization Percent Peak: 100.0000
2025-11-29 00:31:45,676 - INFO - Gpu Mem Used Bytes Avg   : 22581280768.0000
2025-11-29 00:31:45,676 - INFO - Gpu Mem Used Bytes Peak  : 22581280768.0000
2025-11-29 00:31:45,676 - INFO - Gpu Vram Used Bytes      : 22581280768.0000
2025-11-29 00:31:45,676 - INFO - Accuracy                 : 0.6611
2025-11-29 00:31:45,676 - INFO - Precision                : 0.6616
2025-11-29 00:31:45,676 - INFO - Recall                   : 0.6611
2025-11-29 00:31:45,676 - INFO - F1 Score                 : 0.6589
2025-11-29 00:31:45,676 - INFO - ==================================================
2025-11-29 00:31:45,701 - INFO - Métricas de performance do treinamento:
2025-11-29 00:31:45,701 - INFO - ==================================================
2025-11-29 00:31:45,701 - INFO - EXPERIMENT RESULTS
2025-11-29 00:31:45,701 - INFO - ==================================================
2025-11-29 00:31:45,701 - INFO - Elapsed Time Seconds     : 10095.8050
2025-11-29 00:31:45,701 - INFO - Cpu Usage Percent        : 3.5969
2025-11-29 00:31:45,701 - INFO - Ram Peak Usage Bytes     : 10498940928.0000
2025-11-29 00:31:45,702 - INFO - Disk Read Bytes          : 6164480.0000
2025-11-29 00:31:45,702 - INFO - Disk Write Bytes         : 885518336.0000
2025-11-29 00:31:45,702 - INFO - Vram Peak Usage Bytes    : 3290121708.0000
2025-11-29 00:31:45,702 - INFO - Gpu Power Watts Avg      : 357.9974
2025-11-29 00:31:45,702 - INFO - Gpu Power Watts Peak     : 377.8530
2025-11-29 00:31:45,702 - INFO - Gpu Temp Celsius Avg     : 65.8994
2025-11-29 00:31:45,702 - INFO - Gpu Temp Celsius Peak    : 69.0000
2025-11-29 00:31:45,702 - INFO - Gpu Utilization Percent Avg: 96.9889
2025-11-29 00:31:45,702 - INFO - Gpu Utilization Percent Peak: 100.0000
2025-11-29 00:31:45,702 - INFO - Gpu Mem Used Bytes Avg   : 22547353437.1633
2025-11-29 00:31:45,702 - INFO - Gpu Mem Used Bytes Peak  : 22581280768.0000
2025-11-29 00:31:45,702 - INFO - Gpu Vram Used Bytes      : 22581280768.0000
2025-11-29 00:31:45,702 - INFO - ==================================================
2025-11-29 00:31:53,124 - INFO - Modelo salvo em: trained_models/xception_final.pth
2025-11-29 00:31:53,138 - INFO - Pipeline de treinamento concluído. Modelo salvo em: trained_models/xception_final.pth
2025-11-29 00:31:53,138 - INFO - Iniciando pipeline de inferência para avaliação final no conjunto de validação...
2025-11-29 00:31:53,473 - INFO - Iniciando inferência com o modelo Xception...
2025-11-29 00:31:57,872 - INFO - ==================================================
2025-11-29 00:31:57,872 - INFO - EXPERIMENT RESULTS
2025-11-29 00:31:57,872 - INFO - ==================================================
2025-11-29 00:31:57,872 - INFO - Elapsed Time Seconds     : 4.3839
2025-11-29 00:31:57,872 - INFO - Cpu Usage Percent        : 3.4156
2025-11-29 00:31:57,872 - INFO - Ram Peak Usage Bytes     : 10562379776.0000
2025-11-29 00:31:57,872 - INFO - Disk Read Bytes          : 0.0000
2025-11-29 00:31:57,872 - INFO - Disk Write Bytes         : 16384.0000
2025-11-29 00:31:57,872 - INFO - Vram Peak Usage Bytes    : 3023984480.0000
2025-11-29 00:31:57,872 - INFO - Gpu Power Watts Avg      : 208.3067
2025-11-29 00:31:57,872 - INFO - Gpu Power Watts Peak     : 370.3300
2025-11-29 00:31:57,872 - INFO - Gpu Temp Celsius Avg     : 56.7907
2025-11-29 00:31:57,872 - INFO - Gpu Temp Celsius Peak    : 65.0000
2025-11-29 00:31:57,872 - INFO - Gpu Utilization Percent Avg: 61.5349
2025-11-29 00:31:57,872 - INFO - Gpu Utilization Percent Peak: 100.0000
2025-11-29 00:31:57,872 - INFO - Gpu Mem Used Bytes Avg   : 22581280768.0000
2025-11-29 00:31:57,872 - INFO - Gpu Mem Used Bytes Peak  : 22581280768.0000
2025-11-29 00:31:57,872 - INFO - Gpu Vram Used Bytes      : 22581280768.0000
2025-11-29 00:31:57,872 - INFO - Accuracy                 : 0.6611
2025-11-29 00:31:57,872 - INFO - Precision                : 0.6616
2025-11-29 00:31:57,872 - INFO - Recall                   : 0.6611
2025-11-29 00:31:57,872 - INFO - F1 Score                 : 0.6589
2025-11-29 00:31:57,872 - INFO - ==================================================
2025-11-29 00:31:57,872 - INFO - Projeto executado com sucesso!
